#Gate_Building_01_1138_16.obj

v 2.585892 -0.4228864 1.322376
v 2.585892 0.4228921 1.322376
v 2.585892 2.666726E-06 0.0523387
v 2.585884 -3.276616 1.322376
v 2.585892 -2.430837 1.322376
v 2.585892 -2.853726 0.05233871
v 2.585884 2.527906 1.322376
v 2.585892 3.373684 1.322376
v 2.585892 2.950795 0.0523377
v 2.585884 4.124574 1.322375
v 2.585892 4.970353 1.322375
v 2.585892 4.547463 0.05233718
v 2.585884 1.116799 1.322376
v 2.585892 1.962578 1.322376
v 2.585892 1.539688 0.05233722
v 2.585884 -1.783882 1.322376
v 2.585892 -0.9381035 1.322376
v 2.585892 -1.360993 0.05233724
v 2.585884 -4.808761 1.322376
v 2.585892 -3.962982 1.322376
v 2.585892 -4.385872 0.0523376
v -3.247696 -3.952348 22.42219
v -3.610619 -4.319057 21.31332
v -3.610619 -3.585638 21.31332
v -3.247696 -3.952348 22.42219
v -2.884773 -4.319057 21.31332
v -3.610619 -4.319057 21.31332
v -3.247696 -3.952348 22.42219
v -2.884773 -3.585638 21.31332
v -2.884773 -4.319057 21.31332
v -3.247696 -3.952348 22.42219
v -3.610619 -3.585638 21.31332
v -2.884773 -3.585638 21.31332
v -3.610619 -4.319057 21.31332
v -3.061935 -4.140045 21.10643
v -3.433456 -4.140045 21.10643
v -3.061935 -4.140045 21.10643
v -3.610619 -4.319057 21.31332
v -2.884773 -4.319057 21.31332
v -3.610619 -3.585638 21.31332
v -3.061935 -3.764652 21.10643
v -2.884773 -3.585638 21.31332
v -3.061935 -3.764652 21.10643
v -3.610619 -3.585638 21.31332
v -3.433456 -3.764652 21.10643
v -3.247696 3.928903 22.42219
v -3.610619 3.562194 21.31332
v -3.610619 4.295612 21.31332
v -3.247696 3.928903 22.42219
v -2.884773 3.562195 21.31332
v -3.610619 3.562194 21.31332
v -3.247696 3.928903 22.42219
v -2.884773 4.295612 21.31332
v -2.884773 3.562195 21.31332
v -3.247696 3.928903 22.42219
v -3.610619 4.295612 21.31332
v -2.884773 4.295612 21.31332
v -3.610619 3.562194 21.31332
v -3.061935 3.741206 21.10643
v -3.433449 3.741206 21.10643
v -3.061935 3.741206 21.10643
v -3.610619 3.562194 21.31332
v -2.884773 3.562195 21.31332
v -3.610619 4.295612 21.31332
v -3.061935 4.116599 21.10643
v -2.884773 4.295612 21.31332
v -3.061935 4.116599 21.10643
v -3.610619 4.295612 21.31332
v -3.433449 4.116599 21.10643
v -11.02982 -3.952348 22.42219
v -11.39274 -4.319057 21.31332
v -11.39274 -3.585639 21.31332
v -11.02982 -3.952348 22.42219
v -10.66689 -4.319057 21.31332
v -11.39274 -4.319057 21.31332
v -11.02982 -3.952348 22.42219
v -10.66689 -3.585639 21.31332
v -10.66689 -4.319057 21.31332
v -11.02982 -3.952348 22.42219
v -11.39274 -3.585639 21.31332
v -10.66689 -3.585639 21.31332
v -11.39274 -4.319057 21.31332
v -10.84406 -4.140045 21.10643
v -11.21558 -4.140045 21.10643
v -10.84406 -4.140045 21.10643
v -11.39274 -4.319057 21.31332
v -10.66689 -4.319057 21.31332
v -11.39274 -3.585639 21.31332
v -10.84406 -3.764652 21.10643
v -10.66689 -3.585639 21.31332
v -10.84406 -3.764652 21.10643
v -11.39274 -3.585639 21.31332
v -11.21558 -3.764652 21.10643
v -11.02982 3.928902 22.42219
v -11.39274 3.562193 21.31332
v -11.39274 4.295611 21.31332
v -11.02982 3.928902 22.42219
v -10.66689 3.562193 21.31332
v -11.39274 3.562193 21.31332
v -11.02982 3.928902 22.42219
v -10.66689 4.295611 21.31332
v -10.66689 3.562193 21.31332
v -11.02982 3.928902 22.42219
v -11.39274 4.295611 21.31332
v -10.66689 4.295611 21.31332
v -11.39274 3.562193 21.31332
v -10.84406 3.741205 21.10643
v -11.21558 3.741205 21.10643
v -10.84406 3.741205 21.10643
v -11.39274 3.562193 21.31332
v -10.66689 3.562193 21.31332
v -11.39274 4.295611 21.31332
v -10.84406 4.116597 21.10643
v -10.66689 4.295611 21.31332
v -10.84406 4.116597 21.10643
v -11.39274 4.295611 21.31332
v -11.21558 4.116597 21.10643
v -5.717316 -5.685063 9.801356
v 3.42878 -7.324844 9.801356
v -5.717316 -7.324842 9.801354
v 3.42878 -5.685063 9.801358
v 10.02682 -7.324842 1.436471
v 10.02682 -5.685062 1.436471
v -5.717316 -7.324842 9.801354
v 3.42878 -7.324844 8.731894E-07
v -5.717316 -7.324843 8.731893E-07
v 3.42878 -7.324844 9.801356
v 10.02681 -7.324843 8.731892E-07
v 10.02682 -7.324842 1.436471
v 10.02682 -7.324842 1.436471
v 10.02681 -5.685063 6.777123E-07
v 10.02681 -7.324843 8.731892E-07
v 10.02682 -5.685062 1.436471
v 10.02682 7.324845 1.436469
v 3.42878 7.324843 -8.731892E-07
v 10.02681 7.324844 -8.731893E-07
v 3.42878 7.324844 9.801354
v -5.717323 7.324843 -8.731893E-07
v -5.717316 7.324844 9.801353
v -5.717316 7.324844 9.801353
v -5.717316 5.685064 -6.777124E-07
v -5.717323 7.324843 -8.731893E-07
v -5.717316 5.685065 9.801354
v 3.42878 5.685067 9.801356
v 10.02682 7.324845 1.436469
v 10.02682 5.685066 1.43647
v 3.42878 7.324844 9.801354
v -5.717316 7.324844 9.801353
v -5.717316 5.685065 9.801354
v 10.02682 5.685066 1.43647
v 10.02681 7.324844 -8.731893E-07
v 10.02681 5.685066 -6.777126E-07
v 10.02682 7.324845 1.436469
v -5.717316 -5.685063 9.801356
v -5.717316 -7.324843 8.731893E-07
v -5.717316 -5.685064 6.777124E-07
v -5.717316 -7.324842 9.801354
v 2.885712 -5.904677 9.615908
v -5.524094 5.904679 9.61591
v 2.885712 5.904677 9.615906
v -5.524101 -5.904676 9.615911
v -5.717316 -5.685063 9.801356
v 10.02682 -5.685062 1.436471
v 3.42878 -5.685063 9.801358
v -5.717316 -5.685064 6.777124E-07
v 10.02681 -5.685063 6.777123E-07
v 10.02682 5.685066 1.43647
v -5.717316 5.685065 9.801354
v 3.42878 5.685067 9.801356
v -5.717316 5.685064 -6.777124E-07
v 10.02681 5.685066 -6.777126E-07
v 2.885712 -5.904677 8.516085
v 2.885712 5.904677 9.615906
v 2.885712 5.904676 8.516083
v 2.885712 -5.904677 9.615908
v -4.703865 -5.904675 8.516085
v 2.885712 5.904676 8.516083
v -4.703865 5.904678 8.516083
v 2.885712 -5.904677 8.516085
v -4.703865 -5.904677 7.038923E-07
v -4.703865 5.904678 8.516083
v -4.703865 5.904677 -7.038923E-07
v -4.703865 -5.904675 8.516085
v 2.797722 -5.541457 5.782518
v 2.797722 5.541464 6.51031
v 2.797722 5.541461 5.782517
v 2.797722 -5.541456 6.510311
v 2.797722 -5.541457 2.092305
v 2.797722 5.541463 2.820097
v 2.797722 5.541461 2.092304
v 2.797722 -5.541457 2.820099
v 2.585892 0.4228921 1.322376
v 2.585892 -0.4228856 8.618561
v 2.585892 0.422893 8.618561
v 2.585892 -0.4228864 1.322376
v 2.585892 -2.430837 1.322376
v 2.585884 -3.276615 8.618561
v 2.585892 -2.430836 8.618561
v 2.585884 -3.276616 1.322376
v 2.585892 3.373684 1.322376
v 2.585884 2.527906 8.618561
v 2.585892 3.373685 8.618561
v 2.585884 2.527906 1.322376
v 2.585892 4.970353 1.322375
v 2.585884 4.124575 8.61856
v 2.585892 4.970354 8.61856
v 2.585884 4.124574 1.322375
v 2.585892 1.962578 1.322376
v 2.585884 1.1168 8.618561
v 2.585892 1.962579 8.618561
v 2.585884 1.116799 1.322376
v 2.585892 -0.9381035 1.322376
v 2.585884 -1.783881 8.618561
v 2.585892 -0.9381027 8.618561
v 2.585884 -1.783882 1.322376
v 2.585892 -3.962982 1.322376
v 2.585884 -4.80876 8.618562
v 2.585892 -3.962981 8.618561
v 2.585884 -4.808761 1.322376
v 2.539032 5.541463 6.510311
v 2.797722 -5.541456 6.510311
v 2.539032 -5.541457 6.510312
v 2.797722 5.541464 6.51031
v 2.539032 5.541462 2.820098
v 2.797722 -5.541457 2.820099
v 2.539032 -5.541457 2.820099
v 2.797722 5.541463 2.820097
v 2.850487 -0.1229665 6.035818
v 2.850487 0.1229733 6.286759
v 2.850487 0.1229732 6.035818
v 2.850487 -0.1229664 6.286759
v 2.752235 0.1229733 6.286759
v 2.850487 -0.1229664 6.286759
v 2.752235 -0.1229665 6.286759
v 2.850487 0.1229733 6.286759
v 2.752235 -0.1229665 6.286759
v 2.850487 -0.1229665 6.035818
v 2.752235 -0.1229665 6.035818
v 2.850487 -0.1229664 6.286759
v 2.752235 0.1229732 6.035818
v 2.850487 0.1229733 6.286759
v 2.752235 0.1229733 6.286759
v 2.850487 0.1229732 6.035818
v 2.850487 -0.1229669 2.322237
v 2.850487 0.1229728 2.573178
v 2.850487 0.1229728 2.322237
v 2.850487 -0.1229669 2.573178
v 2.752235 0.1229728 2.573178
v 2.850487 -0.1229669 2.573178
v 2.752235 -0.1229669 2.573178
v 2.850487 0.1229728 2.573178
v 2.752235 -0.1229669 2.573178
v 2.850487 -0.1229669 2.322237
v 2.752235 -0.1229669 2.322237
v 2.850487 -0.1229669 2.573178
v 2.752235 0.1229728 2.322237
v 2.850487 0.1229728 2.573178
v 2.752235 0.1229728 2.573178
v 2.850487 0.1229728 2.322237
v 2.850487 2.787043 6.035818
v 2.850487 3.032982 6.286759
v 2.850487 3.032982 6.035818
v 2.850487 2.787043 6.286759
v 2.752235 3.032982 6.286759
v 2.850487 2.787043 6.286759
v 2.752235 2.787043 6.286759
v 2.850487 3.032982 6.286759
v 2.752235 2.787043 6.286759
v 2.850487 2.787043 6.035818
v 2.752235 2.787043 6.035818
v 2.850487 2.787043 6.286759
v 2.752235 3.032982 6.035818
v 2.850487 3.032982 6.286759
v 2.752235 3.032982 6.286759
v 2.850487 3.032982 6.035818
v 2.850487 2.787042 2.322237
v 2.850487 3.032982 2.573178
v 2.850487 3.032982 2.322237
v 2.850487 2.787042 2.573178
v 2.752235 3.032982 2.573178
v 2.850487 2.787042 2.573178
v 2.752235 2.787042 2.573178
v 2.850487 3.032982 2.573178
v 2.752235 2.787042 2.573178
v 2.850487 2.787042 2.322237
v 2.752235 2.787042 2.322237
v 2.850487 2.787042 2.573178
v 2.752235 3.032982 2.322237
v 2.850487 3.032982 2.573178
v 2.752235 3.032982 2.573178
v 2.850487 3.032982 2.322237
v 2.850487 -2.926871 6.03582
v 2.850487 -2.680931 6.286761
v 2.850487 -2.680931 6.03582
v 2.850487 -2.926871 6.286761
v 2.752235 -2.680931 6.286761
v 2.850487 -2.926871 6.286761
v 2.752235 -2.926871 6.286761
v 2.850487 -2.680931 6.286761
v 2.752235 -2.926871 6.286761
v 2.850487 -2.926871 6.03582
v 2.752235 -2.926871 6.03582
v 2.850487 -2.926871 6.286761
v 2.752235 -2.680931 6.03582
v 2.850487 -2.680931 6.286761
v 2.752235 -2.680931 6.286761
v 2.850487 -2.680931 6.03582
v 2.850487 -2.926871 2.322238
v 2.850487 -2.680932 2.573179
v 2.850487 -2.680932 2.322238
v 2.850487 -2.926871 2.573179
v 2.752235 -2.680932 2.573179
v 2.850487 -2.926871 2.573179
v 2.752235 -2.926871 2.573179
v 2.850487 -2.680932 2.573179
v 2.752235 -2.926871 2.573179
v 2.850487 -2.926871 2.322238
v 2.752235 -2.926871 2.322238
v 2.850487 -2.926871 2.573179
v 2.752235 -2.680932 2.322238
v 2.850487 -2.680932 2.573179
v 2.752235 -2.680932 2.573179
v 2.850487 -2.680932 2.322238
v 1.610321 -5.803564 12.21337
v -0.07727814 -4.098773 12.21337
v 1.610321 -4.098773 12.21337
v -0.07727814 -5.803564 12.21337
v -0.07727814 -5.803564 11.95099
v 1.610321 -5.803564 12.21337
v 1.610321 -5.803564 11.95099
v -0.07727814 -5.803564 12.21337
v 1.610321 -5.803564 11.95099
v 1.610321 -4.098773 12.21337
v 1.610321 -4.098773 11.95099
v 1.610321 -5.803564 12.21337
v 1.610321 -4.098773 11.95099
v -0.07727814 -4.098773 12.21337
v -0.07727814 -4.098773 11.95099
v 1.610321 -4.098773 12.21337
v -0.07727814 -4.098773 11.95099
v -0.07727814 -5.803564 12.21337
v -0.07727814 -5.803564 11.95099
v -0.07727814 -4.098773 12.21337
v 0.2157898 -5.507517 9.46443
v 1.317261 -5.507517 11.81079
v 1.317261 -5.507517 9.464432
v 0.2157898 -5.507517 11.81079
v 1.317261 -5.507517 9.464432
v 1.317261 -4.39482 11.81079
v 1.317261 -4.394821 9.464432
v 1.317261 -5.507517 11.81079
v 1.317261 -4.394821 9.464432
v 0.2157898 -4.39482 11.81079
v 0.2157898 -4.394821 9.46443
v 1.317261 -4.39482 11.81079
v 0.2157898 -4.394821 9.46443
v 0.2157898 -5.507517 11.81079
v 0.2157898 -5.507517 9.46443
v 0.2157898 -4.39482 11.81079
v 0.02965546 -5.695537 11.66438
v 1.50338 -5.695537 11.9682
v 1.50338 -5.695537 11.66438
v 0.02965546 -5.695537 11.9682
v 1.50338 -5.695537 11.66438
v 1.50338 -4.2068 11.9682
v 1.50338 -4.2068 11.66438
v 1.50338 -5.695537 11.9682
v 1.50338 -4.2068 11.66438
v 0.02965546 -4.2068 11.9682
v 0.02965546 -4.2068 11.66438
v 1.50338 -4.2068 11.9682
v 0.02965546 -4.2068 11.66438
v 0.02965546 -5.695537 11.9682
v 0.02965546 -5.695537 11.66438
v 0.02965546 -4.2068 11.9682
v 1.610321 4.099363 12.21336
v -0.07728577 5.804152 12.21336
v 1.610321 5.804152 12.21336
v -0.07728577 4.099362 12.21336
v -0.07728577 4.099362 11.95099
v 1.610321 4.099363 12.21336
v 1.610321 4.099363 11.95099
v -0.07728577 4.099362 12.21336
v 1.610321 4.099363 11.95099
v 1.610321 5.804152 12.21336
v 1.610321 5.804152 11.95099
v 1.610321 4.099363 12.21336
v 1.610321 5.804152 11.95099
v -0.07728577 5.804152 12.21336
v -0.07728577 5.804152 11.95099
v 1.610321 5.804152 12.21336
v -0.07728577 5.804152 11.95099
v -0.07728577 4.099362 12.21336
v -0.07728577 4.099362 11.95099
v -0.07728577 5.804152 12.21336
v 0.2157898 4.395409 9.464428
v 1.317261 4.395409 11.81079
v 1.317268 4.395409 9.46443
v 0.2157898 4.395409 11.81079
v 1.317268 4.395409 9.46443
v 1.317261 5.508103 11.81079
v 1.317268 5.508102 9.46443
v 1.317261 4.395409 11.81079
v 1.317268 5.508102 9.46443
v 0.2157898 5.508103 11.81079
v 0.2157898 5.508103 9.464428
v 1.317261 5.508103 11.81079
v 0.2157898 5.508103 9.464428
v 0.2157898 4.395409 11.81079
v 0.2157898 4.395409 9.464428
v 0.2157898 5.508103 11.81079
v 0.02965546 4.207387 11.66437
v 1.50338 4.207388 11.9682
v 1.50338 4.207388 11.66437
v 0.02965546 4.207387 11.9682
v 1.50338 4.207388 11.66437
v 1.50338 5.696125 11.9682
v 1.50338 5.696125 11.66437
v 1.50338 4.207388 11.9682
v 1.50338 5.696125 11.66437
v 0.02965546 5.696125 11.9682
v 0.02965546 5.696125 11.66437
v 1.50338 5.696125 11.9682
v 0.02965546 5.696125 11.66437
v 0.02965546 4.207387 11.9682
v 0.02965546 4.207387 11.66437
v 0.02965546 5.696125 11.9682
v -2.354958 -11.55707 15.39385
v -2.848869 -4.978487 15.39385
v -2.354958 -4.978487 15.39385
v -2.848869 -11.55707 15.39385
v -2.354958 -11.55707 14.95463
v -2.354958 -4.978487 15.39385
v -2.354958 -4.978487 14.95463
v -2.354958 -11.55707 15.39385
v -2.848869 -4.978487 14.95463
v -2.848869 -11.55707 15.39385
v -2.848869 -11.55707 14.95463
v -2.848869 -4.978487 15.39385
v -2.666374 -10.71611 14.96598
v -2.666374 -9.221176 11.64907
v -2.666374 -10.71612 11.64907
v -2.666374 -9.221175 14.96598
v -2.666374 -7.103275 14.96598
v -2.666374 -5.608338 11.64907
v -2.666374 -7.103277 11.64907
v -2.666374 -5.608336 14.96598
v -2.666374 -7.282588 14.96598
v -2.666374 -9.041864 11.64907
v -2.666374 -9.041863 14.96598
v -2.666374 -7.282589 11.64907
v -2.666374 -9.041863 14.96598
v -2.666374 -9.221176 11.64907
v -2.666374 -9.221175 14.96598
v -2.666374 -9.041864 11.64907
v -2.666374 -7.103275 14.96598
v -2.666374 -7.282589 11.64907
v -2.666374 -7.282588 14.96598
v -2.666374 -7.103277 11.64907
v -2.35495 4.765597 15.39385
v -2.848862 11.34418 15.39385
v -2.35495 11.34418 15.39385
v -2.848862 4.765597 15.39385
v -2.35495 4.765597 14.95463
v -2.35495 11.34418 15.39385
v -2.35495 11.34418 14.95463
v -2.35495 4.765597 15.39385
v -2.848862 11.34418 14.95463
v -2.848862 4.765597 15.39385
v -2.848862 4.765597 14.95463
v -2.848862 11.34418 15.39385
v -2.666374 5.606549 14.96598
v -2.666374 7.10149 11.64907
v -2.666374 5.606548 11.64907
v -2.666374 7.10149 14.96598
v -2.666374 9.219389 14.96598
v -2.666374 10.71433 11.64907
v -2.666374 9.219388 11.64907
v -2.666374 10.71433 14.96598
v -2.666374 9.040078 14.96598
v -2.666374 7.280802 11.64907
v -2.666374 7.280802 14.96598
v -2.666374 9.040075 11.64907
v -2.666374 7.280802 14.96598
v -2.666374 7.10149 11.64907
v -2.666374 7.10149 14.96598
v -2.666374 7.280802 11.64907
v -2.666374 9.219389 14.96598
v -2.666374 9.040075 11.64907
v -2.666374 9.040078 14.96598
v -2.666374 9.219388 11.64907
v -2.209137 4.898349 17.61157
v -2.209137 -4.897489 8.754846
v -2.209137 -4.897488 17.61157
v -2.209137 4.898348 8.754844
v -11.90379 4.898349 17.61157
v -2.209137 4.898348 8.754844
v -2.209137 4.898349 17.61157
v -11.90379 4.898348 8.754844
v -11.90379 -4.897489 17.61157
v -11.90379 4.898348 8.754844
v -11.90379 4.898349 17.61157
v -11.90379 -4.89749 8.754846
v -2.209137 -4.897488 17.61157
v -11.90379 -4.89749 8.754846
v -11.90379 -4.897489 17.61157
v -2.209137 -4.897489 8.754846
v -3.059822 -4.037924 17.61157
v -3.059822 4.038786 16.5938
v -3.059822 4.038786 17.61157
v -3.059822 -4.037923 16.5938
v -3.059822 4.038786 17.61157
v -11.0531 4.038785 16.5938
v -11.0531 4.038785 17.61157
v -3.059822 4.038786 16.5938
v -11.0531 4.038785 17.61157
v -11.0531 -4.037924 16.5938
v -11.0531 -4.037924 17.61157
v -11.0531 4.038785 16.5938
v -11.0531 -4.037924 17.61157
v -3.059822 -4.037923 16.5938
v -3.059822 -4.037924 17.61157
v -11.0531 -4.037924 16.5938
v -11.0531 4.038785 16.5938
v -3.059822 -4.037923 16.5938
v -11.0531 -4.037924 16.5938
v -3.059822 4.038786 16.5938
v -1.530342 5.584236 11.15867
v -1.530342 -5.583376 8.517824
v -1.530342 -5.583376 11.15867
v -1.530342 5.584235 8.517822
v -12.58259 5.584236 11.15867
v -1.530342 5.584235 8.517822
v -1.530342 5.584236 11.15867
v -12.58259 5.584235 8.517822
v -12.5826 -5.583376 11.15867
v -12.58259 5.584235 8.517822
v -12.58259 5.584236 11.15867
v -12.5826 -5.583376 8.517824
v -1.530342 -5.583376 11.15867
v -12.5826 -5.583376 8.517824
v -12.5826 -5.583376 11.15867
v -1.530342 -5.583376 8.517824
v -12.58259 5.584236 11.15867
v -1.530342 -5.583376 11.15867
v -12.5826 -5.583376 11.15867
v -1.530342 5.584236 11.15867
v -1.630486 5.483044 16.48953
v -1.630486 -5.482183 15.80282
v -1.630486 -5.482183 16.48953
v -1.630486 5.483044 15.80281
v -12.48244 5.483044 16.48953
v -1.630486 5.483044 15.80281
v -1.630486 5.483044 16.48953
v -12.48244 5.483044 15.80281
v -12.48244 -5.482183 16.48953
v -12.48244 5.483044 15.80281
v -12.48244 5.483044 16.48953
v -12.48244 -5.482183 15.80282
v -1.630486 -5.482183 16.48953
v -12.48244 -5.482183 15.80282
v -12.48244 -5.482183 16.48953
v -1.630486 -5.482183 15.80282
v -12.48244 5.483044 16.48953
v -1.630486 -5.482183 16.48953
v -12.48244 -5.482183 16.48953
v -1.630486 5.483044 16.48953
v -3.384834 5.363787 15.98409
v -1.738495 5.363787 10.79704
v -1.738495 5.363787 15.98409
v -3.384834 5.363787 10.79704
v -3.384834 3.700267 15.98409
v -3.384834 5.363787 10.79704
v -3.384834 5.363787 15.98409
v -3.384834 3.700266 10.79704
v -1.738495 3.700267 15.98409
v -3.384834 3.700266 10.79704
v -3.384834 3.700267 15.98409
v -1.738495 3.700266 10.79704
v -1.738495 5.363787 15.98409
v -1.738495 3.700266 10.79704
v -1.738495 3.700267 15.98409
v -1.738495 5.363787 10.79704
v -12.36291 5.363786 15.98409
v -10.71656 5.363787 10.79704
v -10.71656 5.363787 15.98409
v -12.36291 5.363786 10.79704
v -12.36291 3.700267 15.98409
v -12.36291 5.363786 10.79704
v -12.36291 5.363786 15.98409
v -12.36291 3.700266 10.79704
v -10.71656 3.700266 15.98409
v -12.36291 3.700266 10.79704
v -12.36291 3.700267 15.98409
v -10.71656 3.700265 10.79704
v -10.71656 5.363787 15.98409
v -10.71656 3.700265 10.79704
v -10.71656 3.700266 15.98409
v -10.71656 5.363787 10.79704
v -3.384834 -3.692521 15.98409
v -1.738495 -3.692523 10.79704
v -1.738495 -3.692522 15.98409
v -3.384834 -3.692522 10.79704
v -3.384834 -5.356043 15.98409
v -3.384834 -3.692522 10.79704
v -3.384834 -3.692521 15.98409
v -3.384834 -5.356043 10.79704
v -1.738495 -5.356043 15.98409
v -3.384834 -5.356043 10.79704
v -3.384834 -5.356043 15.98409
v -1.738495 -5.356044 10.79704
v -1.738495 -3.692522 15.98409
v -1.738495 -5.356044 10.79704
v -1.738495 -5.356043 15.98409
v -1.738495 -3.692523 10.79704
v -12.36291 -3.692523 15.98409
v -10.71656 -3.692524 10.79704
v -10.71656 -3.692524 15.98409
v -12.36291 -3.692524 10.79704
v -12.36291 -5.356044 15.98409
v -12.36291 -3.692524 10.79704
v -12.36291 -3.692523 15.98409
v -12.36291 -5.356044 10.79704
v -10.71656 -5.356044 15.98409
v -12.36291 -5.356044 10.79704
v -12.36291 -5.356044 15.98409
v -10.71656 -5.356044 10.79704
v -10.71656 -3.692524 15.98409
v -10.71656 -5.356044 10.79704
v -10.71656 -5.356044 15.98409
v -10.71656 -3.692524 10.79704
v -3.906609 -3.286552 17.9453
v -2.588776 -4.618144 17.9453
v -3.906609 -4.618144 17.9453
v -2.588776 -3.286552 17.9453
v -3.906609 -3.286553 16.30302
v -3.906609 -4.618144 17.9453
v -3.906609 -4.618144 16.30302
v -3.906609 -3.286552 17.9453
v -3.906609 -4.618144 16.30302
v -2.588776 -4.618144 17.9453
v -2.588776 -4.618144 16.30302
v -3.906609 -4.618144 17.9453
v -2.588776 -4.618144 16.30302
v -2.588776 -3.286552 17.9453
v -2.588776 -3.286552 16.30302
v -2.588776 -4.618144 17.9453
v -2.588776 -3.286552 16.30302
v -3.906609 -3.286552 17.9453
v -3.906609 -3.286553 16.30302
v -2.588776 -3.286552 17.9453
v -3.433456 -4.140045 21.10643
v -3.433456 -3.764652 17.8531
v -3.433456 -3.764652 21.10643
v -3.433456 -4.140045 17.8531
v -3.061935 -4.140045 21.10643
v -3.433456 -4.140045 17.8531
v -3.433456 -4.140045 21.10643
v -3.061935 -4.140045 17.8531
v -3.061935 -3.764652 21.10643
v -3.061935 -4.140045 17.8531
v -3.061935 -4.140045 21.10643
v -3.061935 -3.764652 17.8531
v -3.433456 -3.764652 21.10643
v -3.061935 -3.764652 17.8531
v -3.061935 -3.764652 21.10643
v -3.433456 -3.764652 17.8531
v -3.610619 -3.585638 21.31332
v -3.433456 -4.140045 21.10643
v -3.433456 -3.764652 21.10643
v -3.610619 -4.319057 21.31332
v -2.884773 -4.319057 21.31332
v -3.061935 -3.764652 21.10643
v -3.061935 -4.140045 21.10643
v -2.884773 -3.585638 21.31332
v -3.481972 -4.189075 18.40828
v -3.481972 -3.715621 17.87993
v -3.481972 -3.715621 18.40828
v -3.481972 -4.189075 17.87993
v -3.013405 -4.189075 18.40828
v -3.481972 -4.189075 17.87993
v -3.481972 -4.189075 18.40828
v -3.013405 -4.189075 17.87993
v -3.013405 -3.715621 18.40828
v -3.013405 -4.189075 17.87993
v -3.013405 -4.189075 18.40828
v -3.013405 -3.715621 17.87993
v -3.481972 -3.715621 18.40828
v -3.013405 -3.715621 17.87993
v -3.013405 -3.715621 18.40828
v -3.481972 -3.715621 17.87993
v -3.481972 -3.715621 18.40828
v -3.013405 -4.189075 18.40828
v -3.481972 -4.189075 18.40828
v -3.013405 -3.715621 18.40828
v -3.906609 4.594697 17.9453
v -2.588776 3.263106 17.9453
v -3.906609 3.263106 17.9453
v -2.588776 4.594697 17.9453
v -3.906609 4.594697 16.30302
v -3.906609 3.263106 17.9453
v -3.906609 3.263106 16.30302
v -3.906609 4.594697 17.9453
v -3.906609 3.263106 16.30302
v -2.588776 3.263106 17.9453
v -2.588776 3.263106 16.30302
v -3.906609 3.263106 17.9453
v -2.588776 3.263106 16.30302
v -2.588776 4.594697 17.9453
v -2.588776 4.594697 16.30302
v -2.588776 3.263106 17.9453
v -2.588776 4.594697 16.30302
v -3.906609 4.594697 17.9453
v -3.906609 4.594697 16.30302
v -2.588776 4.594697 17.9453
v -3.433449 3.741206 21.10643
v -3.433456 4.116598 17.8531
v -3.433449 4.116599 21.10643
v -3.433456 3.741206 17.8531
v -3.061935 3.741206 21.10643
v -3.433456 3.741206 17.8531
v -3.433449 3.741206 21.10643
v -3.061935 3.741206 17.8531
v -3.061935 4.116599 21.10643
v -3.061935 3.741206 17.8531
v -3.061935 3.741206 21.10643
v -3.061935 4.116598 17.8531
v -3.433449 4.116599 21.10643
v -3.061935 4.116598 17.8531
v -3.061935 4.116599 21.10643
v -3.433456 4.116598 17.8531
v -3.610619 4.295612 21.31332
v -3.433449 3.741206 21.10643
v -3.433449 4.116599 21.10643
v -3.610619 3.562194 21.31332
v -2.884773 3.562195 21.31332
v -3.061935 4.116599 21.10643
v -3.061935 3.741206 21.10643
v -2.884773 4.295612 21.31332
v -3.481972 3.692174 18.40828
v -3.481972 4.165629 17.87993
v -3.481972 4.165629 18.40828
v -3.481972 3.692174 17.87993
v -3.013412 3.692174 18.40828
v -3.481972 3.692174 17.87993
v -3.481972 3.692174 18.40828
v -3.013412 3.692174 17.87993
v -3.013412 4.165629 18.40828
v -3.013412 3.692174 17.87993
v -3.013412 3.692174 18.40828
v -3.013412 4.165629 17.87993
v -3.481972 4.165629 18.40828
v -3.013412 4.165629 17.87993
v -3.013412 4.165629 18.40828
v -3.481972 4.165629 17.87993
v -3.481972 4.165629 18.40828
v -3.013412 3.692174 18.40828
v -3.481972 3.692174 18.40828
v -3.013412 4.165629 18.40828
v -11.68874 -3.286553 17.9453
v -10.3709 -4.618144 17.9453
v -11.68874 -4.618145 17.9453
v -10.3709 -3.286552 17.9453
v -11.68874 -3.286553 16.30302
v -11.68874 -4.618145 17.9453
v -11.68874 -4.618145 16.30302
v -11.68874 -3.286553 17.9453
v -11.68874 -4.618145 16.30302
v -10.3709 -4.618144 17.9453
v -10.3709 -4.618144 16.30302
v -11.68874 -4.618145 17.9453
v -10.3709 -4.618144 16.30302
v -10.3709 -3.286552 17.9453
v -10.3709 -3.286552 16.30302
v -10.3709 -4.618144 17.9453
v -10.3709 -3.286552 16.30302
v -11.68874 -3.286553 17.9453
v -11.68874 -3.286553 16.30302
v -10.3709 -3.286552 17.9453
v -11.21558 -4.140045 21.10643
v -11.21558 -3.764653 17.8531
v -11.21558 -3.764652 21.10643
v -11.21558 -4.140046 17.8531
v -10.84406 -4.140045 21.10643
v -11.21558 -4.140046 17.8531
v -11.21558 -4.140045 21.10643
v -10.84406 -4.140046 17.8531
v -10.84406 -3.764652 21.10643
v -10.84406 -4.140046 17.8531
v -10.84406 -4.140045 21.10643
v -10.84406 -3.764653 17.8531
v -11.21558 -3.764652 21.10643
v -10.84406 -3.764653 17.8531
v -10.84406 -3.764652 21.10643
v -11.21558 -3.764653 17.8531
v -11.39274 -3.585639 21.31332
v -11.21558 -4.140045 21.10643
v -11.21558 -3.764652 21.10643
v -11.39274 -4.319057 21.31332
v -10.66689 -4.319057 21.31332
v -10.84406 -3.764652 21.10643
v -10.84406 -4.140045 21.10643
v -10.66689 -3.585639 21.31332
v -11.2641 -4.189076 18.40828
v -11.2641 -3.715621 17.87993
v -11.2641 -3.715621 18.40828
v -11.2641 -4.189076 17.87993
v -10.79553 -4.189076 18.40828
v -11.2641 -4.189076 17.87993
v -11.2641 -4.189076 18.40828
v -10.79553 -4.189076 17.87993
v -10.79553 -3.715621 18.40828
v -10.79553 -4.189076 17.87993
v -10.79553 -4.189076 18.40828
v -10.79553 -3.715621 17.87993
v -11.2641 -3.715621 18.40828
v -10.79553 -3.715621 17.87993
v -10.79553 -3.715621 18.40828
v -11.2641 -3.715621 17.87993
v -11.2641 -3.715621 18.40828
v -10.79553 -4.189076 18.40828
v -11.2641 -4.189076 18.40828
v -10.79553 -3.715621 18.40828
v -11.68874 4.594697 17.9453
v -10.3709 3.263106 17.9453
v -11.68874 3.263105 17.9453
v -10.3709 4.594697 17.9453
v -11.68874 4.594697 16.30302
v -11.68874 3.263105 17.9453
v -11.68874 3.263105 16.30302
v -11.68874 4.594697 17.9453
v -11.68874 3.263105 16.30302
v -10.3709 3.263106 17.9453
v -10.3709 3.263106 16.30302
v -11.68874 3.263105 17.9453
v -10.3709 3.263106 16.30302
v -10.3709 4.594697 17.9453
v -10.3709 4.594697 16.30302
v -10.3709 3.263106 17.9453
v -10.3709 4.594697 16.30302
v -11.68874 4.594697 17.9453
v -11.68874 4.594697 16.30302
v -10.3709 4.594697 17.9453
v -11.21558 3.741205 21.10643
v -11.21558 4.116597 17.8531
v -11.21558 4.116597 21.10643
v -11.21558 3.741204 17.8531
v -10.84406 3.741205 21.10643
v -11.21558 3.741204 17.8531
v -11.21558 3.741205 21.10643
v -10.84406 3.741204 17.8531
v -10.84406 4.116597 21.10643
v -10.84406 3.741204 17.8531
v -10.84406 3.741205 21.10643
v -10.84406 4.116597 17.8531
v -11.21558 4.116597 21.10643
v -10.84406 4.116597 17.8531
v -10.84406 4.116597 21.10643
v -11.21558 4.116597 17.8531
v -11.39274 4.295611 21.31332
v -11.21558 3.741205 21.10643
v -11.21558 4.116597 21.10643
v -11.39274 3.562193 21.31332
v -10.66689 3.562193 21.31332
v -10.84406 4.116597 21.10643
v -10.84406 3.741205 21.10643
v -10.66689 4.295611 21.31332
v -11.2641 3.692173 18.40828
v -11.2641 4.165628 17.87993
v -11.2641 4.165629 18.40828
v -11.2641 3.692173 17.87993
v -10.79553 3.692173 18.40828
v -11.2641 3.692173 17.87993
v -11.2641 3.692173 18.40828
v -10.79553 3.692173 17.87993
v -10.79553 4.165629 18.40828
v -10.79553 3.692173 17.87993
v -10.79553 3.692173 18.40828
v -10.79553 4.165628 17.87993
v -11.2641 4.165629 18.40828
v -10.79553 4.165628 17.87993
v -10.79553 4.165629 18.40828
v -11.2641 4.165628 17.87993
v -11.2641 4.165629 18.40828
v -10.79553 3.692173 18.40828
v -11.2641 3.692173 18.40828
v -10.79553 4.165629 18.40828
v -2.321167 0.6581165 14.75661
v -1.972099 0.2846644 15.24334
v -2.321167 0.3308801 15.3234
v -1.972099 0.56568 14.75661
v -2.321167 0.3308801 15.3234
v -1.972099 -0.2773718 15.24334
v -2.321167 -0.3235877 15.3234
v -1.972099 0.2846644 15.24334
v -2.321167 -0.3235877 15.3234
v -1.972099 -0.5583874 14.75661
v -2.321167 -0.650824 14.75661
v -1.972099 -0.2773718 15.24334
v -2.321167 -0.650824 14.75661
v -1.972099 -0.2773719 14.26988
v -2.321167 -0.3235878 14.18982
v -1.972099 -0.5583874 14.75661
v -2.321167 -0.3235878 14.18982
v -1.972099 0.2846643 14.26988
v -2.321167 0.33088 14.18982
v -1.972099 -0.2773719 14.26988
v -2.321167 0.33088 14.18982
v -1.972099 0.56568 14.75661
v -2.321167 0.6581165 14.75661
v -1.972099 0.2846643 14.26988
v -1.972099 0.2846644 15.24334
v -1.972099 -0.1948132 15.10034
v -1.972099 -0.2773718 15.24334
v -1.972099 0.2021058 15.10034
v -1.972099 0.56568 14.75661
v -1.972099 0.4005531 14.75661
v -1.972099 0.2846643 14.26988
v -1.972099 0.2021057 14.41288
v -1.972099 -0.2773719 14.26988
v -1.972099 -0.1948133 14.41288
v -1.972099 -0.5583874 14.75661
v -1.972099 -0.3932605 14.75661
v -1.972099 -0.2773718 15.24334
v -1.972099 -0.1948132 15.10034
v -1.972099 0.4005531 14.75661
v -1.82338 0.1712806 15.04697
v -1.972099 0.2021058 15.10034
v -1.82338 0.3389172 14.75661
v -1.972099 0.2021058 15.10034
v -1.82338 -0.163988 15.04697
v -1.972099 -0.1948132 15.10034
v -1.82338 0.1712806 15.04697
v -1.972099 -0.1948132 15.10034
v -1.82338 -0.3316248 14.75661
v -1.972099 -0.3932605 14.75661
v -1.82338 -0.163988 15.04697
v -1.972099 -0.3932605 14.75661
v -1.82338 -0.1639881 14.46625
v -1.972099 -0.1948133 14.41288
v -1.82338 -0.3316248 14.75661
v -1.972099 -0.1948133 14.41288
v -1.82338 0.1712805 14.46625
v -1.972099 0.2021057 14.41288
v -1.82338 -0.1639881 14.46625
v -1.972099 0.2021057 14.41288
v -1.82338 0.3389172 14.75661
v -1.972099 0.4005531 14.75661
v -1.82338 0.1712805 14.46625
v -1.82338 0.1712806 15.04697
v -1.82338 -0.3316248 14.75661
v -1.82338 -0.163988 15.04697
v -1.82338 0.3389172 14.75661
v -1.82338 -0.1639881 14.46625
v -1.82338 0.1712805 14.46625
v -2.321167 -1.348422 14.75661
v -1.972099 -1.721874 15.24334
v -2.321167 -1.675658 15.3234
v -1.972099 -1.440858 14.75661
v -2.321167 -1.675658 15.3234
v -1.972099 -2.28391 15.24334
v -2.321167 -2.330126 15.3234
v -1.972099 -1.721874 15.24334
v -2.321167 -2.330126 15.3234
v -1.972099 -2.564926 14.75661
v -2.321167 -2.657362 14.75661
v -1.972099 -2.28391 15.24334
v -2.321167 -2.657362 14.75661
v -1.972099 -2.283911 14.26988
v -2.321167 -2.330126 14.18982
v -1.972099 -2.564926 14.75661
v -2.321167 -2.330126 14.18982
v -1.972099 -1.721874 14.26988
v -2.321167 -1.675658 14.18982
v -1.972099 -2.283911 14.26988
v -2.321167 -1.675658 14.18982
v -1.972099 -1.440858 14.75661
v -2.321167 -1.348422 14.75661
v -1.972099 -1.721874 14.26988
v -1.972099 -1.721874 15.24334
v -1.972099 -2.201352 15.10034
v -1.972099 -2.28391 15.24334
v -1.972099 -1.804433 15.10034
v -1.972099 -1.440858 14.75661
v -1.972099 -1.605985 14.75661
v -1.972099 -1.721874 14.26988
v -1.972099 -1.804433 14.41288
v -1.972099 -2.283911 14.26988
v -1.972099 -2.201352 14.41288
v -1.972099 -2.564926 14.75661
v -1.972099 -2.399799 14.75661
v -1.972099 -2.28391 15.24334
v -1.972099 -2.201352 15.10034
v -1.972099 -1.605985 14.75661
v -1.82338 -1.835258 15.04697
v -1.972099 -1.804433 15.10034
v -1.82338 -1.667621 14.75661
v -1.972099 -1.804433 15.10034
v -1.82338 -2.170526 15.04697
v -1.972099 -2.201352 15.10034
v -1.82338 -1.835258 15.04697
v -1.972099 -2.201352 15.10034
v -1.82338 -2.338163 14.75661
v -1.972099 -2.399799 14.75661
v -1.82338 -2.170526 15.04697
v -1.972099 -2.399799 14.75661
v -1.82338 -2.170527 14.46625
v -1.972099 -2.201352 14.41288
v -1.82338 -2.338163 14.75661
v -1.972099 -2.201352 14.41288
v -1.82338 -1.835258 14.46625
v -1.972099 -1.804433 14.41288
v -1.82338 -2.170527 14.46625
v -1.972099 -1.804433 14.41288
v -1.82338 -1.667621 14.75661
v -1.972099 -1.605985 14.75661
v -1.82338 -1.835258 14.46625
v -1.82338 -1.835258 15.04697
v -1.82338 -2.338163 14.75661
v -1.82338 -2.170526 15.04697
v -1.82338 -1.667621 14.75661
v -1.82338 -2.170527 14.46625
v -1.82338 -1.835258 14.46625
v -2.321167 2.605694 14.75661
v -1.972099 2.232238 15.24334
v -2.321167 2.278454 15.3234
v -1.972099 2.513253 14.75661
v -2.321167 2.278454 15.3234
v -1.972099 1.670201 15.24334
v -2.321167 1.623991 15.3234
v -1.972099 2.232238 15.24334
v -2.321167 1.623991 15.3234
v -1.972099 1.389186 14.75661
v -2.321167 1.296754 14.75661
v -1.972099 1.670201 15.24334
v -2.321167 1.296754 14.75661
v -1.972099 1.670201 14.26988
v -2.321167 1.62399 14.18982
v -1.972099 1.389186 14.75661
v -2.321167 1.62399 14.18982
v -1.972099 2.232238 14.26988
v -2.321167 2.278453 14.18982
v -1.972099 1.670201 14.26988
v -2.321167 2.278453 14.18982
v -1.972099 2.513253 14.75661
v -2.321167 2.605694 14.75661
v -1.972099 2.232238 14.26988
v -1.972099 2.232238 15.24334
v -1.972099 1.75276 15.10034
v -1.972099 1.670201 15.24334
v -1.972099 2.149679 15.10034
v -1.972099 2.513253 14.75661
v -1.972099 2.348126 14.75661
v -1.972099 2.232238 14.26988
v -1.972099 2.149679 14.41288
v -1.972099 1.670201 14.26988
v -1.972099 1.75276 14.41288
v -1.972099 1.389186 14.75661
v -1.972099 1.554313 14.75661
v -1.972099 1.670201 15.24334
v -1.972099 1.75276 15.10034
v -1.972099 2.348126 14.75661
v -1.82338 2.118854 15.04697
v -1.972099 2.149679 15.10034
v -1.82338 2.286495 14.75661
v -1.972099 2.149679 15.10034
v -1.82338 1.78359 15.04697
v -1.972099 1.75276 15.10034
v -1.82338 2.118854 15.04697
v -1.972099 1.75276 15.10034
v -1.82338 1.615954 14.75661
v -1.972099 1.554313 14.75661
v -1.82338 1.78359 15.04697
v -1.972099 1.554313 14.75661
v -1.82338 1.78359 14.46625
v -1.972099 1.75276 14.41288
v -1.82338 1.615954 14.75661
v -1.972099 1.75276 14.41288
v -1.82338 2.118854 14.46625
v -1.972099 2.149679 14.41288
v -1.82338 1.78359 14.46625
v -1.972099 2.149679 14.41288
v -1.82338 2.286495 14.75661
v -1.972099 2.348126 14.75661
v -1.82338 2.118854 14.46625
v -1.82338 2.118854 15.04697
v -1.82338 1.615954 14.75661
v -1.82338 1.78359 15.04697
v -1.82338 2.286495 14.75661
v -1.82338 1.78359 14.46625
v -1.82338 2.118854 14.46625
v -7.24041 2.243248 16.42867
v -9.009499 1.076413 17.23315
v -9.13546 1.149121 16.42867
v -7.24041 2.097801 17.23315
v -9.13546 1.149121 16.42867
v -9.009499 -0.9663804 17.23315
v -9.13546 -1.039073 16.42867
v -9.009499 1.076413 17.23315
v -9.13546 -1.039073 16.42867
v -7.24041 -1.987768 17.23315
v -7.24041 -2.133185 16.42867
v -9.009499 -0.9663804 17.23315
v -7.24041 -2.133185 16.42867
v -5.471321 -0.9663805 17.23314
v -5.34536 -1.039073 16.42867
v -7.24041 -1.987768 17.23315
v -5.34536 -1.039073 16.42867
v -5.471321 1.076413 17.23314
v -5.34536 1.14912 16.42867
v -5.471321 -0.9663805 17.23314
v -5.34536 1.14912 16.42867
v -7.24041 2.097801 17.23315
v -7.24041 2.243248 16.42867
v -5.471321 1.076413 17.23314
v -9.009499 1.076413 17.23315
v -8.237648 -0.5207432 17.23315
v -9.009499 -0.9663804 17.23315
v -8.237648 0.630775 17.23315
v -7.24041 2.097801 17.23315
v -7.24041 1.206529 17.23315
v -5.471321 1.076413 17.23314
v -6.243179 0.630775 17.23314
v -5.471321 -0.9663805 17.23314
v -6.243179 -0.5207431 17.23314
v -7.24041 -1.987768 17.23315
v -7.24041 -1.096497 17.23315
v -9.009499 -0.9663804 17.23315
v -8.237648 -0.5207432 17.23315
v -7.24041 1.206529 17.23315
v -8.233208 0.6307749 17.72939
v -8.237648 0.630775 17.23315
v -7.235985 1.20653 17.72939
v -8.237648 0.630775 17.23315
v -8.233208 -0.5207433 17.72939
v -8.237648 -0.5207432 17.23315
v -8.233208 0.6307749 17.72939
v -8.237648 -0.5207432 17.23315
v -7.235985 -1.096497 17.72939
v -7.24041 -1.096497 17.23315
v -8.233208 -0.5207433 17.72939
v -7.24041 -1.096497 17.23315
v -6.238747 -0.5207431 17.72939
v -6.243179 -0.5207431 17.23314
v -7.235985 -1.096497 17.72939
v -6.243179 -0.5207431 17.23314
v -6.238747 0.6307749 17.72939
v -6.243179 0.630775 17.23314
v -6.238747 -0.5207431 17.72939
v -6.243179 0.630775 17.23314
v -7.235985 1.20653 17.72939
v -7.24041 1.206529 17.23315
v -6.238747 0.6307749 17.72939
v -7.235985 1.20653 17.72939
v -8.498932 0.7867481 18.25122
v -8.233208 0.6307749 17.72939
v -7.231552 1.518474 18.25122
v -8.233208 0.6307749 17.72939
v -8.498932 -0.6767161 18.25122
v -8.233208 -0.5207433 17.72939
v -8.498932 0.7867481 18.25122
v -8.233208 -0.5207433 17.72939
v -7.231552 -1.408442 18.25122
v -7.235985 -1.096497 17.72939
v -8.498932 -0.6767161 18.25122
v -7.235985 -1.096497 17.72939
v -5.964165 -0.676716 18.25121
v -6.238747 -0.5207431 17.72939
v -7.231552 -1.408442 18.25122
v -6.238747 -0.5207431 17.72939
v -5.964165 0.7867483 18.25121
v -6.238747 0.6307749 17.72939
v -5.964165 -0.676716 18.25121
v -6.238747 0.6307749 17.72939
v -7.231552 1.518474 18.25122
v -7.235985 1.20653 17.72939
v -5.964165 0.7867483 18.25121
v -7.231552 1.518474 18.25122
v -9.648415 1.450411 18.87328
v -8.498932 0.7867481 18.25122
v -7.231552 2.845794 18.87328
v -8.498932 0.7867481 18.25122
v -9.648415 -1.340378 18.87328
v -8.498932 -0.6767161 18.25122
v -9.648415 1.450411 18.87328
v -8.498932 -0.6767161 18.25122
v -7.231552 -2.735762 18.87328
v -7.231552 -1.408442 18.25122
v -9.648415 -1.340378 18.87328
v -7.231552 -1.408442 18.25122
v -4.81469 -1.340378 18.87327
v -5.964165 -0.676716 18.25121
v -7.231552 -2.735762 18.87328
v -5.964165 -0.676716 18.25121
v -4.81469 1.450411 18.87327
v -5.964165 0.7867483 18.25121
v -4.81469 -1.340378 18.87327
v -5.964165 0.7867483 18.25121
v -7.231552 2.845794 18.87328
v -7.231552 1.518474 18.25122
v -4.81469 1.450411 18.87327
v -7.231552 2.845794 18.87328
v -10.06931 1.693419 20.07478
v -9.648415 1.450411 18.87328
v -7.231552 3.33181 20.07478
v -9.648415 1.450411 18.87328
v -10.06931 -1.583387 20.07478
v -9.648415 -1.340378 18.87328
v -10.06931 1.693419 20.07478
v -9.648415 -1.340378 18.87328
v -7.231552 -3.221776 20.07478
v -7.231552 -2.735762 18.87328
v -10.06931 -1.583387 20.07478
v -7.231552 -2.735762 18.87328
v -4.393784 -1.583386 20.07477
v -4.81469 -1.340378 18.87327
v -7.231552 -3.221776 20.07478
v -4.81469 -1.340378 18.87327
v -4.393784 1.69342 20.07477
v -4.81469 1.450411 18.87327
v -4.393784 -1.583386 20.07477
v -4.81469 1.450411 18.87327
v -7.231552 3.33181 20.07478
v -7.231552 2.845794 18.87328
v -4.393784 1.69342 20.07477
v -10.06931 1.693419 20.07478
v -9.668495 -1.351972 20.07478
v -10.06931 -1.583387 20.07478
v -9.668495 1.462005 20.07478
v -7.231552 3.33181 20.07478
v -7.231552 2.868983 20.07478
v -4.393784 1.69342 20.07477
v -4.794609 1.462005 20.07477
v -4.393784 -1.583386 20.07477
v -4.794609 -1.351972 20.07477
v -7.231552 -3.221776 20.07478
v -7.231552 -2.758949 20.07478
v -10.06931 -1.583387 20.07478
v -9.668495 -1.351972 20.07478
v -7.231552 2.868983 20.07478
v -8.42894 0.7463346 18.96261
v -9.668495 1.462005 20.07478
v -7.231552 1.437648 18.96261
v -9.668495 1.462005 20.07478
v -8.42894 -0.6363023 18.96261
v -9.668495 -1.351972 20.07478
v -8.42894 0.7463346 18.96261
v -9.668495 -1.351972 20.07478
v -7.231552 -1.327615 18.96261
v -7.231552 -2.758949 20.07478
v -8.42894 -0.6363023 18.96261
v -7.231552 -2.758949 20.07478
v -6.034172 -0.6363023 18.9626
v -4.794609 -1.351972 20.07477
v -7.231552 -1.327615 18.96261
v -4.794609 -1.351972 20.07477
v -6.034172 0.7463347 18.9626
v -4.794609 1.462005 20.07477
v -6.034172 -0.6363023 18.9626
v -4.794609 1.462005 20.07477
v -7.231552 1.437648 18.96261
v -7.231552 2.868983 20.07478
v -6.034172 0.7463347 18.9626
v -6.034172 -0.6363023 18.9626
v -7.231552 1.437648 18.96261
v -6.034172 0.7463347 18.9626
v -7.231552 -1.327615 18.96261
v -8.42894 0.7463346 18.96261
v -8.42894 -0.6363023 18.96261
v 0.892868 4.772563 16.32098
v 0.5734634 5.095305 16.32098
v 0.892868 5.095305 16.32098
v 0.5734634 4.772563 16.32098
v 0.5734634 4.772562 12.34745
v 0.892868 4.772563 16.32098
v 0.892868 4.772562 12.34745
v 0.5734634 4.772563 16.32098
v 0.892868 4.772562 12.34745
v 0.892868 5.095305 16.32098
v 0.892868 5.095305 12.34745
v 0.892868 4.772563 16.32098
v 0.892868 5.095305 12.34745
v 0.5734634 5.095305 16.32098
v 0.5734634 5.095305 12.34745
v 0.892868 5.095305 16.32098
v 0.5734634 5.095305 12.34745
v 0.5734634 4.772563 16.32098
v 0.5734634 4.772562 12.34745
v 0.5734634 5.095305 16.32098
v 1.131409 4.294426 16.08593
v 0.90271 5.573443 16.08593
v 1.131409 5.573443 16.08593
v 0.90271 4.294425 16.08593
v 0.90271 4.294425 15.91671
v 1.131409 4.294426 16.08593
v 1.131409 4.294426 15.91671
v 0.90271 4.294425 16.08593
v 1.131409 4.294426 15.91671
v 1.131409 5.573443 16.08593
v 1.131409 5.573443 15.91671
v 1.131409 4.294426 16.08593
v 1.131409 5.573443 15.91671
v 0.90271 5.573443 16.08593
v 0.90271 5.573443 15.91671
v 1.131409 5.573443 16.08593
v 0.90271 5.573443 15.91671
v 0.90271 4.294425 16.08593
v 0.90271 4.294425 15.91671
v 0.90271 5.573443 16.08593
v 1.030388 4.633609 12.34745
v 0.4359512 4.633609 12.14692
v 0.4359512 4.633609 12.34745
v 1.030388 4.633609 12.14692
v 0.4359512 4.633609 12.34745
v 0.4359512 5.234258 12.14692
v 0.4359512 5.234258 12.34745
v 0.4359512 4.633609 12.14692
v 0.4359512 5.234258 12.34745
v 1.030388 5.234258 12.14692
v 1.030388 5.234258 12.34745
v 0.4359512 5.234258 12.14692
v 1.030388 5.234258 12.34745
v 1.030388 4.633609 12.14692
v 1.030388 4.633609 12.34745
v 1.030388 5.234258 12.14692
v 1.043922 4.933935 12.85255
v 1.043922 4.365873 15.9819
v 1.043922 4.933935 15.9819
v 1.043922 4.365873 13.49029
v 1.043922 5.501995 13.49029
v 1.043922 4.933935 15.9819
v 1.043922 5.501996 15.9819
v 1.043922 4.933935 12.85255
v 0.892868 -5.105712 16.32098
v 0.5734634 -4.782969 16.32098
v 0.892868 -4.782969 16.32098
v 0.5734634 -5.105712 16.32098
v 0.5734634 -5.105713 12.34745
v 0.892868 -5.105712 16.32098
v 0.892868 -5.105713 12.34745
v 0.5734634 -5.105712 16.32098
v 0.892868 -5.105713 12.34745
v 0.892868 -4.782969 16.32098
v 0.892868 -4.782969 12.34745
v 0.892868 -5.105712 16.32098
v 0.892868 -4.782969 12.34745
v 0.5734634 -4.782969 16.32098
v 0.5734634 -4.782969 12.34745
v 0.892868 -4.782969 16.32098
v 0.5734634 -4.782969 12.34745
v 0.5734634 -5.105712 16.32098
v 0.5734634 -5.105713 12.34745
v 0.5734634 -4.782969 16.32098
v 1.131401 -5.583851 16.08593
v 0.90271 -4.304831 16.08593
v 1.131401 -4.304831 16.08593
v 0.90271 -5.583851 16.08593
v 0.90271 -5.583851 15.91672
v 1.131401 -5.583851 16.08593
v 1.131401 -5.583851 15.91672
v 0.90271 -5.583851 16.08593
v 1.131401 -5.583851 15.91672
v 1.131401 -4.304831 16.08593
v 1.131401 -4.304831 15.91672
v 1.131401 -5.583851 16.08593
v 1.131401 -4.304831 15.91672
v 0.90271 -4.304831 16.08593
v 0.90271 -4.304831 15.91672
v 1.131401 -4.304831 16.08593
v 0.90271 -4.304831 15.91672
v 0.90271 -5.583851 16.08593
v 0.90271 -5.583851 15.91672
v 0.90271 -4.304831 16.08593
v 1.030396 -5.244666 12.34746
v 0.4359512 -5.244666 12.14692
v 0.4359512 -5.244666 12.34746
v 1.030396 -5.244666 12.14692
v 0.4359512 -5.244666 12.34746
v 0.4359512 -4.644017 12.14692
v 0.4359512 -4.644017 12.34746
v 0.4359512 -5.244666 12.14692
v 0.4359512 -4.644017 12.34746
v 1.030396 -4.644017 12.14692
v 1.030396 -4.644017 12.34746
v 0.4359512 -4.644017 12.14692
v 1.030396 -4.644017 12.34746
v 1.030396 -5.244666 12.14692
v 1.030396 -5.244666 12.34746
v 1.030396 -4.644017 12.14692
v 1.043922 -4.94434 12.85255
v 1.043922 -5.512403 15.9819
v 1.043922 -4.94434 15.9819
v 1.043922 -5.512403 13.49029
v 1.043922 -4.376279 13.49029
v 1.043922 -4.94434 15.9819
v 1.043922 -4.376279 15.9819
v 1.043922 -4.94434 12.85255
v 8.312057 -6.129853 0.1287385
v 0.7348328 6.129852 0.1287401
v 8.312057 6.129851 0.1287371
v 0.7348251 -6.129852 0.1287416
v 8.312057 6.129851 0.1287371
v 8.312057 -6.129853 -0.525578
v 8.312057 -6.129853 0.1287385
v 8.312057 6.129851 -0.5255794
v 0.7348251 -6.129852 0.1287416
v 0.7348328 6.129852 0.3758495
v 0.7348328 6.129852 0.1287401
v 0.7348251 -6.129852 0.375851
v 0.7348251 -6.129852 0.375851
v -3.574562 6.129852 0.3758495
v 0.7348328 6.129852 0.3758495
v -3.57457 -6.129852 0.375851
v -3.57457 -6.129852 0.375851
v -3.574562 6.129852 0.6520214
v -3.574562 6.129852 0.3758495
v -3.57457 -6.129852 0.6520228
v -3.57457 -6.129852 0.6520228
v -5.447845 6.129852 0.6520214
v -3.574562 6.129852 0.6520214
v -5.447845 -6.129852 0.6520228
v -4.887779 -5.904677 7.038923E-07
v -4.887779 5.904678 9.789697
v -4.887779 -5.904676 9.789699
v -4.887779 5.904677 -7.038923E-07
v -3.059822 4.038786 17.61157
v -2.209137 -4.897488 17.61157
v -3.059822 -4.037924 17.61157
v -2.209137 4.898349 17.61157
v -11.90379 -4.897489 17.61157
v -11.0531 4.038785 17.61157
v -11.0531 -4.037924 17.61157
v -11.90379 4.898349 17.61157
v 0.4359512 4.633609 12.34745
v 0.892868 4.772562 12.34745
v 1.030388 4.633609 12.34745
v 0.5734634 4.772562 12.34745
v 0.892868 5.095305 12.34745
v 0.4359512 5.234258 12.34745
v 1.030388 5.234258 12.34745
v 0.5734634 5.095305 12.34745
v 0.4359512 -5.244666 12.34746
v 0.892868 -5.105713 12.34745
v 1.030396 -5.244666 12.34746
v 0.5734634 -5.105713 12.34745
v 0.892868 -4.782969 12.34745
v 0.4359512 -4.644017 12.34746
v 1.030396 -4.644017 12.34746
v 0.5734634 -4.782969 12.34745

vn 1 0 1.430511E-06
vn 1 0 1.430511E-06
vn 1 0 1.430511E-06
vn 1 1.192093E-07 1.788139E-06
vn 1 1.192093E-07 1.788139E-06
vn 1 1.192093E-07 1.788139E-06
vn 1 1.192093E-07 1.788139E-06
vn 1 1.192093E-07 1.788139E-06
vn 1 1.192093E-07 1.788139E-06
vn 1 2.384186E-07 2.145767E-06
vn 1 2.384186E-07 2.145767E-06
vn 1 2.384186E-07 2.145767E-06
vn 1 2.384186E-07 2.145767E-06
vn 1 2.384186E-07 2.145767E-06
vn 1 2.384186E-07 2.145767E-06
vn 1 3.576279E-07 2.503395E-06
vn 1 3.576279E-07 2.503395E-06
vn 1 3.576279E-07 2.503395E-06
vn 1 4.768372E-07 2.861023E-06
vn 1 4.768372E-07 2.861023E-06
vn 1 4.768372E-07 2.861023E-06
vn -0.9501953 0.3110352 -5.960464E-08
vn -0.9501953 0.3110352 -5.960464E-08
vn -0.9501953 0.3110352 -5.960464E-08
vn 4.172325E-07 0.3139648 0.9492188
vn 4.172325E-07 0.3139648 0.9492188
vn 4.172325E-07 0.3139648 0.9492188
vn 0.9501953 0.3110352 -5.960464E-08
vn 0.9501953 0.3110352 -5.960464E-08
vn 0.9501953 0.3110352 -5.960464E-08
vn -4.172325E-07 0.3139648 -0.9492188
vn -4.172325E-07 0.3139648 -0.9492188
vn -4.172325E-07 0.3139648 -0.9492188
vn 0 -0.6542969 0.7563477
vn 0 -0.6542969 0.7563477
vn 0 -0.6542969 0.7563477
vn 2.980232E-07 -0.6542969 0.7563477
vn 2.980232E-07 -0.6542969 0.7563477
vn 2.980232E-07 -0.6542969 0.7563477
vn -2.980232E-07 -0.6542969 -0.7563477
vn -2.980232E-07 -0.6542969 -0.7563477
vn -2.980232E-07 -0.6542969 -0.7563477
vn 0 -0.6542969 -0.7563477
vn 0 -0.6542969 -0.7563477
vn 0 -0.6542969 -0.7563477
vn -0.9501953 0.3110352 -5.960464E-08
vn -0.9501953 0.3110352 -5.960464E-08
vn -0.9501953 0.3110352 -5.960464E-08
vn 4.172325E-07 0.3139648 0.9492188
vn 4.172325E-07 0.3139648 0.9492188
vn 4.172325E-07 0.3139648 0.9492188
vn 0.9501953 0.3110352 -5.960464E-08
vn 0.9501953 0.3110352 -5.960464E-08
vn 0.9501953 0.3110352 -5.960464E-08
vn -4.172325E-07 0.3139648 -0.9492188
vn -4.172325E-07 0.3139648 -0.9492188
vn -4.172325E-07 0.3139648 -0.9492188
vn 0 -0.6542969 0.7563477
vn 0 -0.6542969 0.7563477
vn 0 -0.6542969 0.7563477
vn 2.980232E-07 -0.6542969 0.7563477
vn 2.980232E-07 -0.6542969 0.7563477
vn 2.980232E-07 -0.6542969 0.7563477
vn -2.980232E-07 -0.6542969 -0.7563477
vn -2.980232E-07 -0.6542969 -0.7563477
vn -2.980232E-07 -0.6542969 -0.7563477
vn 0 -0.6542969 -0.7563477
vn 0 -0.6542969 -0.7563477
vn 0 -0.6542969 -0.7563477
vn -0.9501953 0.3110352 -5.960464E-08
vn -0.9501953 0.3110352 -5.960464E-08
vn -0.9501953 0.3110352 -5.960464E-08
vn 0 0.3139648 0.9492188
vn 0 0.3139648 0.9492188
vn 0 0.3139648 0.9492188
vn 0.9501953 0.3110352 -5.960464E-08
vn 0.9501953 0.3110352 -5.960464E-08
vn 0.9501953 0.3110352 -5.960464E-08
vn 0 0.3139648 -0.9492188
vn 0 0.3139648 -0.9492188
vn 0 0.3139648 -0.9492188
vn 0 -0.6542969 0.7563477
vn 0 -0.6542969 0.7563477
vn 0 -0.6542969 0.7563477
vn 0 -0.6542969 0.7563477
vn 0 -0.6542969 0.7563477
vn 0 -0.6542969 0.7563477
vn 0 -0.6542969 -0.7563477
vn 0 -0.6542969 -0.7563477
vn 0 -0.6542969 -0.7563477
vn 0 -0.6542969 -0.7563477
vn 0 -0.6542969 -0.7563477
vn 0 -0.6542969 -0.7563477
vn -0.9501953 0.3110352 -5.960464E-08
vn -0.9501953 0.3110352 -5.960464E-08
vn -0.9501953 0.3110352 -5.960464E-08
vn -4.172325E-07 0.3139648 0.9492188
vn -4.172325E-07 0.3139648 0.9492188
vn -4.172325E-07 0.3139648 0.9492188
vn 0.9501953 0.3110352 -5.960464E-08
vn 0.9501953 0.3110352 -5.960464E-08
vn 0.9501953 0.3110352 -5.960464E-08
vn 0 0.3139648 -0.9492188
vn 0 0.3139648 -0.9492188
vn 0 0.3139648 -0.9492188
vn 0 -0.6542969 0.7563477
vn 0 -0.6542969 0.7563477
vn 0 -0.6542969 0.7563477
vn -2.980232E-07 -0.6542969 0.7563477
vn -2.980232E-07 -0.6542969 0.7563477
vn -2.980232E-07 -0.6542969 0.7563477
vn 0 -0.6542969 -0.7563477
vn 0 -0.6542969 -0.7563477
vn 0 -0.6542969 -0.7563477
vn 0 -0.6542969 -0.7563477
vn 0 -0.6542969 -0.7563477
vn 0 -0.6542969 -0.7563477
vn -1.192093E-07 1 7.152557E-07
vn 0.4362793 0.8999023 1.132488E-06
vn -1.192093E-07 1 5.960464E-07
vn 0.4362793 0.8999023 1.072884E-06
vn 0.7851563 0.6191406 -2.980232E-07
vn 0.7851563 0.6191406 -4.172325E-07
vn -1.192093E-07 1.192093E-07 1
vn -1.192093E-07 1.192093E-07 1
vn -1.192093E-07 1.192093E-07 1
vn -1.788139E-07 1.192093E-07 1
vn 2.980232E-07 1.192093E-07 1
vn 1.013279E-06 5.364418E-07 1
vn 1 -3.397465E-06 -7.152557E-07
vn 1 -3.397465E-06 -7.152557E-07
vn 1 -3.397465E-06 -7.152557E-07
vn 1 -3.397465E-06 -7.152557E-07
vn -1.788139E-07 -9.536743E-07 -1
vn -1.788139E-07 -9.536743E-07 -1
vn -1.788139E-07 -9.536743E-07 -1
vn -3.576279E-07 -1.192093E-07 -1
vn 0 -1.192093E-07 -1
vn 0 -1.192093E-07 -1
vn -1 3.576279E-07 3.576279E-07
vn -1 3.576279E-07 3.576279E-07
vn -1 3.576279E-07 3.576279E-07
vn -1 4.172325E-07 7.152557E-07
vn 0.4362793 0.8999023 -1.251698E-06
vn 0.7851563 0.6191406 -8.940697E-07
vn 0.7851563 0.6191406 -8.940697E-07
vn 0.4362793 0.8999023 -1.311302E-06
vn -2.384186E-07 1 -9.536743E-07
vn -2.384186E-07 1 -8.34465E-07
vn 1 -3.814697E-06 -3.576279E-07
vn 1 -3.814697E-06 -3.576279E-07
vn 1 -3.814697E-06 -3.576279E-07
vn 1 -3.397465E-06 -7.152557E-07
vn -1 2.980232E-07 3.576279E-07
vn -1 2.980232E-07 3.576279E-07
vn -1 2.980232E-07 3.576279E-07
vn -1 4.172325E-07 1.132488E-06
vn 3.576279E-07 1 -1.192093E-07
vn 3.576279E-07 1 -1.192093E-07
vn 3.576279E-07 1 -1.192093E-07
vn 3.576279E-07 1 -1.192093E-07
vn -1.192093E-07 -1.192093E-07 -1
vn -1.192093E-07 -1.192093E-07 -1
vn 0 1.192093E-07 -1
vn -1.192093E-07 -1.192093E-07 -1
vn 0 -5.364418E-07 -1
vn 1.192093E-07 1.192093E-07 1
vn 1.192093E-07 1.192093E-07 1
vn 1.192093E-07 1.192093E-07 1
vn 1.192093E-07 1.192093E-07 1
vn 1.192093E-07 1.192093E-07 1
vn 1 0 0
vn 1 0 0
vn 1 0 0
vn 1 0 0
vn 0 -1 1.192093E-07
vn 0 -1 1.192093E-07
vn 0 -1 1.192093E-07
vn 0 -1 1.192093E-07
vn 1 0 0
vn 1 0 0
vn 1 0 0
vn 1 0 0
vn 1 0 1.192093E-07
vn 1 0 1.192093E-07
vn 1 0 1.192093E-07
vn 1 0 1.192093E-07
vn 1 0 1.192093E-07
vn 1 0 1.192093E-07
vn 1 0 1.192093E-07
vn 1 0 1.192093E-07
vn 1 0 1.430511E-06
vn 1 0 1.430511E-06
vn 1 0 1.430511E-06
vn 1 0 1.430511E-06
vn 1 0 1.788139E-06
vn 1 0 1.788139E-06
vn 1 0 1.788139E-06
vn 1 0 1.788139E-06
vn 1 0 1.788139E-06
vn 1 0 1.788139E-06
vn 1 0 1.788139E-06
vn 1 0 1.788139E-06
vn 1 0 2.145767E-06
vn 1 0 2.145767E-06
vn 1 0 2.145767E-06
vn 1 0 2.145767E-06
vn 1 0 2.145767E-06
vn 1 0 2.145767E-06
vn 1 0 2.145767E-06
vn 1 0 2.145767E-06
vn 1 0 2.503395E-06
vn 1 0 2.503395E-06
vn 1 0 2.503395E-06
vn 1 0 2.503395E-06
vn 1 0 2.861023E-06
vn 1 0 2.861023E-06
vn 1 0 2.861023E-06
vn 1 0 2.861023E-06
vn 2.384186E-06 1 -1.192093E-07
vn 2.384186E-06 1 -1.192093E-07
vn 2.384186E-06 1 -1.192093E-07
vn 2.384186E-06 1 -1.192093E-07
vn 1.192093E-06 1 -1.192093E-07
vn 1.192093E-06 1 -1.192093E-07
vn 1.192093E-06 1 -1.192093E-07
vn 1.192093E-06 1 -1.192093E-07
vn 1 0 0
vn 1 0 0
vn 1 0 0
vn 1 0 0
vn 0 1 -1.192093E-07
vn 0 1 -1.192093E-07
vn 0 1 -1.192093E-07
vn 0 1 -1.192093E-07
vn 1.788139E-07 1.192093E-07 1
vn 1.788139E-07 1.192093E-07 1
vn 1.788139E-07 1.192093E-07 1
vn 1.788139E-07 1.192093E-07 1
vn 0 -1.192093E-07 -1
vn 0 -1.192093E-07 -1
vn 0 -1.192093E-07 -1
vn 0 -1.192093E-07 -1
vn 1 0 0
vn 1 0 0
vn 1 0 0
vn 1 0 0
vn 0 1 -1.192093E-07
vn 0 1 -1.192093E-07
vn 0 1 -1.192093E-07
vn 0 1 -1.192093E-07
vn 1.788139E-07 1.192093E-07 1
vn 1.788139E-07 1.192093E-07 1
vn 1.788139E-07 1.192093E-07 1
vn 1.788139E-07 1.192093E-07 1
vn 0 -1.192093E-07 -1
vn 0 -1.192093E-07 -1
vn 0 -1.192093E-07 -1
vn 0 -1.192093E-07 -1
vn 1 0 0
vn 1 0 0
vn 1 0 0
vn 1 0 0
vn 0 1 -1.192093E-07
vn 0 1 -1.192093E-07
vn 0 1 -1.192093E-07
vn 0 1 -1.192093E-07
vn 0 1.192093E-07 1
vn 0 1.192093E-07 1
vn 0 1.192093E-07 1
vn 0 1.192093E-07 1
vn 0 -1.192093E-07 -1
vn 0 -1.192093E-07 -1
vn 0 -1.192093E-07 -1
vn 0 -1.192093E-07 -1
vn 1 0 0
vn 1 0 0
vn 1 0 0
vn 1 0 0
vn 0 1 -1.192093E-07
vn 0 1 -1.192093E-07
vn 0 1 -1.192093E-07
vn 0 1 -1.192093E-07
vn 0 1.192093E-07 1
vn 0 1.192093E-07 1
vn 0 1.192093E-07 1
vn 0 1.192093E-07 1
vn 0 -1.192093E-07 -1
vn 0 -1.192093E-07 -1
vn 0 -1.192093E-07 -1
vn 0 -1.192093E-07 -1
vn 1 0 1.251698E-06
vn 1 0 1.251698E-06
vn 1 0 1.251698E-06
vn 1 0 1.251698E-06
vn 0 1 -1.192093E-07
vn 0 1 -1.192093E-07
vn 0 1 -1.192093E-07
vn 0 1 -1.192093E-07
vn 0 1.192093E-07 1
vn 0 1.192093E-07 1
vn 0 1.192093E-07 1
vn 0 1.192093E-07 1
vn 0 -1.192093E-07 -1
vn 0 -1.192093E-07 -1
vn 0 -1.192093E-07 -1
vn 0 -1.192093E-07 -1
vn 1 0 1.251698E-06
vn 1 0 1.251698E-06
vn 1 0 1.251698E-06
vn 1 0 1.251698E-06
vn 0 1 -1.192093E-07
vn 0 1 -1.192093E-07
vn 0 1 -1.192093E-07
vn 0 1 -1.192093E-07
vn 0 1.192093E-07 1
vn 0 1.192093E-07 1
vn 0 1.192093E-07 1
vn 0 1.192093E-07 1
vn 0 -1.192093E-07 -1
vn 0 -1.192093E-07 -1
vn 0 -1.192093E-07 -1
vn 0 -1.192093E-07 -1
vn 0 1 -1.192093E-07
vn 0 1 -1.192093E-07
vn 0 1 -1.192093E-07
vn 0 1 -1.192093E-07
vn 0 1.192093E-07 1
vn 0 1.192093E-07 1
vn 0 1.192093E-07 1
vn 0 1.192093E-07 1
vn 1 0 0
vn 1 0 0
vn 1 0 0
vn 1 0 0
vn -1.788139E-07 -1.192093E-07 -1
vn -1.788139E-07 -1.192093E-07 -1
vn -1.788139E-07 -1.192093E-07 -1
vn -1.788139E-07 -1.192093E-07 -1
vn -1 0 0
vn -1 0 0
vn -1 0 0
vn -1 0 0
vn 0 1.192093E-07 1
vn 0 1.192093E-07 1
vn 0 1.192093E-07 1
vn 0 1.192093E-07 1
vn 1 0 -1.192093E-07
vn 1 0 -1.192093E-07
vn 1 0 -1.192093E-07
vn 1 0 -1.192093E-07
vn 0 -1.192093E-07 -1
vn 0 -1.192093E-07 -1
vn 0 -1.192093E-07 -1
vn -5.364418E-07 -3.576279E-07 -1
vn -1 0 0
vn -1 0 0
vn -1 0 0
vn -1 0 0
vn 0 1.192093E-07 1
vn 0 1.192093E-07 1
vn 0 1.192093E-07 1
vn 0 1.192093E-07 1
vn 1 0 -1.192093E-07
vn 1 0 -1.192093E-07
vn 1 0 -1.192093E-07
vn 1 0 -1.192093E-07
vn 0 -1.192093E-07 -1
vn 0 -1.192093E-07 -1
vn 0 -1.192093E-07 -1
vn 0 -1.192093E-07 -1
vn -1 1.108646E-05 0
vn -1 1.108646E-05 0
vn -1 1.108646E-05 0
vn -1 1.108646E-05 0
vn 0 1 -1.192093E-07
vn 0 1 -1.192093E-07
vn 0 1 -1.192093E-07
vn 0 1 -1.192093E-07
vn 1.788139E-07 1.192093E-07 1
vn 1.788139E-07 1.192093E-07 1
vn 1.788139E-07 1.192093E-07 1
vn 1.788139E-07 1.192093E-07 1
vn 1 0 0
vn 1 0 0
vn 1 0 0
vn 1 0 0
vn 0 -1.192093E-07 -1
vn 0 -1.192093E-07 -1
vn 0 -1.192093E-07 -1
vn 0 -1.192093E-07 -1
vn -1 0 0
vn -1 0 0
vn -1 0 0
vn -1 0 0
vn 0 1.192093E-07 1
vn 0 1.192093E-07 1
vn 0 1.192093E-07 1
vn 0 1.192093E-07 1
vn 1 1.430511E-06 -1.192093E-07
vn 1 1.430511E-06 -1.192093E-07
vn 1 1.430511E-06 -1.192093E-07
vn 1 1.430511E-06 -1.192093E-07
vn 5.364418E-07 -1.192093E-07 -1
vn 5.364418E-07 -1.192093E-07 -1
vn 5.364418E-07 -1.192093E-07 -1
vn 0 -3.576279E-07 -1
vn -1 0 0
vn -1 0 0
vn -1 0 0
vn -1 0 0
vn 1.788139E-07 1.192093E-07 1
vn 1.788139E-07 1.192093E-07 1
vn 1.788139E-07 1.192093E-07 1
vn 1.788139E-07 1.192093E-07 1
vn 1 0 -1.192093E-07
vn 1 0 -1.192093E-07
vn 1 0 -1.192093E-07
vn 1 0 -1.192093E-07
vn 0 -1.192093E-07 -1
vn 0 -1.192093E-07 -1
vn 0 -1.192093E-07 -1
vn 0 -1.192093E-07 -1
vn -1 0 0
vn -1 0 0
vn -1 0 0
vn -1 0 0
vn 0 1 -1.192093E-07
vn 0 1 -1.192093E-07
vn 0 1 -1.192093E-07
vn 0 1 -1.192093E-07
vn 1 0 0
vn 1 0 0
vn 1 0 0
vn 1 0 0
vn -1 0 0
vn -1 0 0
vn -1 0 0
vn -1 0 0
vn 1 0 -1.788139E-07
vn 1 0 -1.788139E-07
vn 1 0 -1.788139E-07
vn 1 0 -1.788139E-07
vn 1 0 2.264977E-06
vn 1 0 2.264977E-06
vn 1 0 2.264977E-06
vn 1 0 2.264977E-06
vn 1 0 0
vn 1 0 0
vn 1 0 0
vn 1 0 0
vn 1 0 0
vn 1 0 0
vn 1 0 0
vn 1 0 0
vn 1 0 0
vn 1 0 0
vn 1 0 0
vn 1 0 0
vn 0 1 -1.192093E-07
vn 0 1 -1.192093E-07
vn 0 1 -1.192093E-07
vn 0 1 -1.192093E-07
vn 1 0 0
vn 1 0 0
vn 1 0 0
vn 1 0 0
vn -1 0 0
vn -1 0 0
vn -1 0 0
vn -1 0 0
vn 1 0 0
vn 1 0 0
vn 1 0 0
vn 1 0 0
vn 1 0 2.026558E-06
vn 1 0 2.026558E-06
vn 1 0 2.026558E-06
vn 1 0 2.026558E-06
vn 1 0 0
vn 1 0 0
vn 1 0 0
vn 1 0 0
vn 1 0 0
vn 1 0 0
vn 1 0 0
vn 1 0 0
vn 1 0 0
vn 1 0 0
vn 1 0 0
vn 1 0 0
vn 1 0 0
vn 1 0 0
vn 1 0 0
vn 1 0 0
vn 0 -1.192093E-07 -1
vn 0 -1.192093E-07 -1
vn 0 -1.192093E-07 -1
vn 0 -1.192093E-07 -1
vn -1 0 -1.192093E-07
vn -1 0 -1.192093E-07
vn -1 0 -1.192093E-07
vn -1 0 -1.192093E-07
vn 0 1.192093E-07 1
vn 0 1.192093E-07 1
vn 0 1.192093E-07 1
vn 0 1.192093E-07 1
vn -1 0 0
vn -1 0 0
vn -1 0 0
vn -1 0 0
vn 0 4.172325E-07 1
vn 0 4.172325E-07 1
vn 0 4.172325E-07 1
vn 1.192093E-07 1.192093E-07 1
vn 1 0 0
vn 1 0 0
vn 1 0 0
vn 1 0 0
vn 0 7.748604E-07 -1
vn 0 7.748604E-07 -1
vn 0 7.748604E-07 -1
vn -1.192093E-07 -1.192093E-07 -1
vn 0 1 -1.192093E-07
vn 0 1 -1.192093E-07
vn 0 1 -1.192093E-07
vn 0 1 -1.192093E-07
vn 1 0 0
vn 1 0 0
vn 1 0 0
vn 1 0 0
vn 0 -1.192093E-07 -1
vn 0 -1.192093E-07 -1
vn 0 -1.192093E-07 -1
vn 0 -1.192093E-07 -1
vn -1 -9.536743E-07 -1.192093E-07
vn -1 -9.536743E-07 -1.192093E-07
vn -1 -9.536743E-07 -1.192093E-07
vn -1 0 -3.576279E-07
vn 0 1.192093E-07 1
vn 0 1.192093E-07 1
vn 0 1.192093E-07 1
vn 0 1.192093E-07 1
vn 0 1 -1.192093E-07
vn 0 1 -1.192093E-07
vn 0 1 -1.192093E-07
vn 0 1 -1.192093E-07
vn 1 0 0
vn 1 0 0
vn 1 0 0
vn 1 0 0
vn 0 -1.192093E-07 -1
vn 0 -1.192093E-07 -1
vn 0 -1.192093E-07 -1
vn 0 -1.192093E-07 -1
vn -1 0 -2.384186E-07
vn -1 0 -2.384186E-07
vn -1 0 -2.384186E-07
vn -1 0 -2.384186E-07
vn 0 1.192093E-07 1
vn 0 1.192093E-07 1
vn 0 1.192093E-07 1
vn 0 1.192093E-07 1
vn 0 1 -1.192093E-07
vn 0 1 -1.192093E-07
vn 0 1 -1.192093E-07
vn 0 1 -1.192093E-07
vn 0 -1.192093E-07 -1
vn 0 -1.192093E-07 -1
vn 0 -1.192093E-07 -1
vn 0 -1.192093E-07 -1
vn -1 0 0
vn -1 0 0
vn -1 0 0
vn -1 0 0
vn -1.788139E-07 1.192093E-07 1
vn -1.788139E-07 1.192093E-07 1
vn -1.788139E-07 1.192093E-07 1
vn -1.788139E-07 1.192093E-07 1
vn 1 0 0
vn 1 0 0
vn 1 0 0
vn 1 0 0
vn -3.576279E-07 -1.192093E-07 -1
vn -3.576279E-07 -1.192093E-07 -1
vn -3.576279E-07 -1.192093E-07 -1
vn -3.576279E-07 -1.192093E-07 -1
vn -1 0 0
vn -1 0 0
vn -1 0 0
vn -1 0 0
vn -5.364418E-07 1.192093E-07 1
vn -5.364418E-07 1.192093E-07 1
vn -5.364418E-07 1.192093E-07 1
vn -5.364418E-07 1.192093E-07 1
vn 1 0 0
vn 1 0 0
vn 1 0 0
vn 1 0 0
vn 3.576279E-07 -1.192093E-07 -1
vn 3.576279E-07 -1.192093E-07 -1
vn 3.576279E-07 -1.192093E-07 -1
vn 3.576279E-07 -1.192093E-07 -1
vn -1 0 0
vn -1 0 0
vn -1 0 0
vn -1 0 0
vn -3.576279E-07 1.192093E-07 1
vn -3.576279E-07 1.192093E-07 1
vn -3.576279E-07 1.192093E-07 1
vn -3.576279E-07 1.192093E-07 1
vn 1 0 0
vn 1 0 0
vn 1 0 0
vn 1 0 0
vn 5.364418E-07 -1.192093E-07 -1
vn 5.364418E-07 -1.192093E-07 -1
vn 5.364418E-07 -1.192093E-07 -1
vn 5.364418E-07 -1.192093E-07 -1
vn -1 0 0
vn -1 0 0
vn -1 0 0
vn -1 0 0
vn 0 1.192093E-07 1
vn 0 1.192093E-07 1
vn 0 1.192093E-07 1
vn 0 1.192093E-07 1
vn 1 0 0
vn 1 0 0
vn 1 0 0
vn 1 0 0
vn 0 1 -1.192093E-07
vn 0 1 -1.192093E-07
vn 0 1 -1.192093E-07
vn 0 1 -1.192093E-07
vn -1 0 2.384186E-07
vn -1 0 2.384186E-07
vn -1 0 2.384186E-07
vn -1 0 2.384186E-07
vn 4.768372E-07 1.192093E-07 1
vn 4.768372E-07 1.192093E-07 1
vn 4.768372E-07 1.192093E-07 1
vn 4.768372E-07 1.192093E-07 1
vn 1 0 -2.384186E-07
vn 1 0 -2.384186E-07
vn 1 0 -2.384186E-07
vn 1 0 -2.384186E-07
vn -4.768372E-07 -1.192093E-07 -1
vn -4.768372E-07 -1.192093E-07 -1
vn -4.768372E-07 -1.192093E-07 -1
vn -4.768372E-07 -1.192093E-07 -1
vn -1 0 0
vn -1 0 0
vn -1 0 0
vn -1 0 0
vn 0 1.192093E-07 1
vn 0 1.192093E-07 1
vn 0 1.192093E-07 1
vn 0 1.192093E-07 1
vn 1 0 0
vn 1 0 0
vn 1 0 0
vn 1 0 0
vn 0 -1.192093E-07 -1
vn 0 -1.192093E-07 -1
vn 0 -1.192093E-07 -1
vn 0 -1.192093E-07 -1
vn -0.7597656 -0.6503906 5.960464E-08
vn -0.7597656 -0.6503906 5.960464E-08
vn -0.7597656 -0.6503906 5.960464E-08
vn -0.7597656 -0.6503906 5.960464E-08
vn 0.7597656 -0.6503906 5.960464E-08
vn 0.7597656 -0.6503906 5.960464E-08
vn 0.7597656 -0.6503906 5.960464E-08
vn 0.7597656 -0.6503906 5.960464E-08
vn -1 0 0
vn -1 0 0
vn -1 0 0
vn -1 0 0
vn 0 1.192093E-07 1
vn 0 1.192093E-07 1
vn 0 1.192093E-07 1
vn 0 1.192093E-07 1
vn 1 0 0
vn 1 0 0
vn 1 0 0
vn 1 0 0
vn 0 -1.192093E-07 -1
vn 0 -1.192093E-07 -1
vn 0 -1.192093E-07 -1
vn 0 -1.192093E-07 -1
vn 0 1 -1.192093E-07
vn 0 1 -1.192093E-07
vn 0 1 -1.192093E-07
vn 0 1 -1.192093E-07
vn 0 1 -1.192093E-07
vn 0 1 -1.192093E-07
vn 0 1 -1.192093E-07
vn 0 1 -1.192093E-07
vn -1 0 2.384186E-07
vn -1 0 2.384186E-07
vn -1 0 2.384186E-07
vn -1 0 2.384186E-07
vn 2.384186E-07 1.192093E-07 1
vn 2.384186E-07 1.192093E-07 1
vn 2.384186E-07 1.192093E-07 1
vn 2.384186E-07 1.192093E-07 1
vn 1 0 -2.384186E-07
vn 1 0 -2.384186E-07
vn 1 0 -2.384186E-07
vn 1 0 -2.384186E-07
vn -2.384186E-07 -1.192093E-07 -1
vn -2.384186E-07 -1.192093E-07 -1
vn -2.384186E-07 -1.192093E-07 -1
vn -2.384186E-07 -1.192093E-07 -1
vn -1 3.218651E-06 0
vn -1 3.218651E-06 0
vn -1 3.218651E-06 0
vn -1 3.218651E-06 0
vn 0 1.192093E-07 1
vn 0 1.192093E-07 1
vn 0 1.192093E-07 1
vn 0 1.192093E-07 1
vn 1 0 0
vn 1 0 0
vn 1 0 0
vn 1 0 0
vn 0 -1.192093E-07 -1
vn 0 -1.192093E-07 -1
vn 0 -1.192093E-07 -1
vn 0 -1.192093E-07 -1
vn -0.7597656 -0.6503906 5.960464E-08
vn -0.7597656 -0.6503906 5.960464E-08
vn -0.7597656 -0.6503906 5.960464E-08
vn -0.7597656 -0.6503906 5.960464E-08
vn 0.7597656 -0.6503906 5.960464E-08
vn 0.7597656 -0.6503906 5.960464E-08
vn 0.7597656 -0.6503906 5.960464E-08
vn 0.7597656 -0.6503906 5.960464E-08
vn -1 0 0
vn -1 0 0
vn -1 0 0
vn -1 0 0
vn 0 1.192093E-07 1
vn 0 1.192093E-07 1
vn 0 1.192093E-07 1
vn 0 1.192093E-07 1
vn 1 0 0
vn 1 0 0
vn 1 0 0
vn 1 0 0
vn 0 -1.192093E-07 -1
vn 0 -1.192093E-07 -1
vn 0 -1.192093E-07 -1
vn 0 -1.192093E-07 -1
vn 0 1 -1.192093E-07
vn 0 1 -1.192093E-07
vn 0 1 -1.192093E-07
vn 0 1 -1.192093E-07
vn 0 1 -1.192093E-07
vn 0 1 -1.192093E-07
vn 0 1 -1.192093E-07
vn 0 1 -1.192093E-07
vn -1 0 0
vn -1 0 0
vn -1 0 0
vn -1 0 0
vn 4.768372E-07 1.192093E-07 1
vn 4.768372E-07 1.192093E-07 1
vn 4.768372E-07 1.192093E-07 1
vn 4.768372E-07 1.192093E-07 1
vn 1 0 0
vn 1 0 0
vn 1 0 0
vn 1 0 0
vn -4.768372E-07 -1.192093E-07 -1
vn -4.768372E-07 -1.192093E-07 -1
vn -4.768372E-07 -1.192093E-07 -1
vn -4.768372E-07 -1.192093E-07 -1
vn -1 0 0
vn -1 0 0
vn -1 0 0
vn -1 0 0
vn 0 1.192093E-07 1
vn 0 1.192093E-07 1
vn 0 1.192093E-07 1
vn 0 1.192093E-07 1
vn 1 0 0
vn 1 0 0
vn 1 0 0
vn 1 0 0
vn 0 -1.192093E-07 -1
vn 0 -1.192093E-07 -1
vn 0 -1.192093E-07 -1
vn 0 -1.192093E-07 -1
vn -0.7597656 -0.6503906 5.960464E-08
vn -0.7597656 -0.6503906 5.960464E-08
vn -0.7597656 -0.6503906 5.960464E-08
vn -0.7597656 -0.6503906 5.960464E-08
vn 0.7597656 -0.6503906 5.960464E-08
vn 0.7597656 -0.6503906 5.960464E-08
vn 0.7597656 -0.6503906 5.960464E-08
vn 0.7597656 -0.6503906 5.960464E-08
vn -1 0 0
vn -1 0 0
vn -1 0 0
vn -1 0 0
vn 0 1.192093E-07 1
vn 0 1.192093E-07 1
vn 0 1.192093E-07 1
vn 0 1.192093E-07 1
vn 1 0 0
vn 1 0 0
vn 1 0 0
vn 1 0 0
vn 0 -1.192093E-07 -1
vn 0 -1.192093E-07 -1
vn 0 -1.192093E-07 -1
vn 0 -1.192093E-07 -1
vn 0 1 -1.192093E-07
vn 0 1 -1.192093E-07
vn 0 1 -1.192093E-07
vn 0 1 -1.192093E-07
vn 0 1 -1.192093E-07
vn 0 1 -1.192093E-07
vn 0 1 -1.192093E-07
vn 0 1 -1.192093E-07
vn -1 0 0
vn -1 0 0
vn -1 0 0
vn -1 0 0
vn 4.768372E-07 1.192093E-07 1
vn 4.768372E-07 1.192093E-07 1
vn 4.768372E-07 1.192093E-07 1
vn 4.768372E-07 1.192093E-07 1
vn 1 0 0
vn 1 0 0
vn 1 0 0
vn 1 0 0
vn -2.384186E-07 -1.192093E-07 -1
vn -2.384186E-07 -1.192093E-07 -1
vn -2.384186E-07 -1.192093E-07 -1
vn -2.384186E-07 -1.192093E-07 -1
vn -1 0 0
vn -1 0 0
vn -1 0 0
vn -1 0 0
vn 0 1.192093E-07 1
vn 0 1.192093E-07 1
vn 0 1.192093E-07 1
vn 0 1.192093E-07 1
vn 1 0 0
vn 1 0 0
vn 1 0 0
vn 1 0 0
vn 0 -1.192093E-07 -1
vn 0 -1.192093E-07 -1
vn 0 -1.192093E-07 -1
vn 0 -1.192093E-07 -1
vn -0.7597656 -0.6503906 5.960464E-08
vn -0.7597656 -0.6503906 5.960464E-08
vn -0.7597656 -0.6503906 5.960464E-08
vn -0.7597656 -0.6503906 5.960464E-08
vn 0.7597656 -0.6503906 5.960464E-08
vn 0.7597656 -0.6503906 5.960464E-08
vn 0.7597656 -0.6503906 5.960464E-08
vn 0.7597656 -0.6503906 5.960464E-08
vn -1 0 0
vn -1 0 0
vn -1 0 0
vn -1 0 0
vn 0 1.192093E-07 1
vn 0 1.192093E-07 1
vn 0 1.192093E-07 1
vn 0 1.192093E-07 1
vn 1 0 0
vn 1 0 0
vn 1 0 0
vn 1 0 0
vn 0 -1.192093E-07 -1
vn 0 -1.192093E-07 -1
vn 0 -1.192093E-07 -1
vn 0 -1.192093E-07 -1
vn 0 1 -1.192093E-07
vn 0 1 -1.192093E-07
vn 0 1 -1.192093E-07
vn 0 1 -1.192093E-07
vn 0.2561035 -7.152557E-07 -0.9667969
vn 0.2561035 0.8374023 -0.4833984
vn 0.2561035 0.8374023 -0.4833984
vn 0.2561035 -3.576279E-07 -0.9667969
vn 0.2561035 0.8374023 -0.4833984
vn 0.2561035 0.8374023 0.4833984
vn 0.2561035 0.8374023 0.4833984
vn 0.2561035 0.8374023 -0.4833984
vn 0.2561035 0.8374023 0.4833984
vn 0.2561035 3.576279E-07 0.9667969
vn 0.2561035 -1.192093E-07 0.9667969
vn 0.2561035 0.8374023 0.4833984
vn 0.2561035 -1.192093E-07 0.9667969
vn 0.2561035 -0.8374023 0.4833984
vn 0.2561035 -0.8374023 0.4833984
vn 0.2561035 3.576279E-07 0.9667969
vn 0.2561035 -0.8374023 0.4833984
vn 0.2561035 -0.8374023 -0.4833984
vn 0.2561035 -0.8374023 -0.4833984
vn 0.2561035 -0.8374023 0.4833984
vn 0.2561035 -0.8374023 -0.4833984
vn 0.2561035 -3.576279E-07 -0.9667969
vn 0.2561035 -7.152557E-07 -0.9667969
vn 0.2561035 -0.8374023 -0.4833984
vn 1 0 0
vn 1 0 0
vn 1 0 0
vn 1 0 0
vn 1 0 0
vn 1 0 0
vn 1 0 0
vn 1 0 0
vn 1 0 0
vn 1 0 0
vn 1 0 0
vn 1 0 0
vn 1 0 0
vn 1 0 0
vn 0.3378906 0.4707031 -0.8149414
vn 0.3378906 0.4707031 -0.8149414
vn 0.3378906 0.4707031 -0.8149414
vn 0.3378906 0.4707031 -0.8149414
vn 0.3378906 0.9414063 -1.192093E-07
vn 0.3378906 0.9414063 -1.192093E-07
vn 0.3378906 0.9414063 -1.192093E-07
vn 0.3378906 0.9414063 -1.192093E-07
vn 0.3378906 0.4707031 0.8149414
vn 0.3378906 0.4707031 0.8149414
vn 0.3378906 0.4707031 0.8149414
vn 0.3378906 0.4707031 0.8149414
vn 0.3378906 -0.4707031 0.8149414
vn 0.3378906 -0.4707031 0.8149414
vn 0.3378906 -0.4707031 0.8149414
vn 0.3378906 -0.4707031 0.8149414
vn 0.3378906 -0.9414063 1.192093E-07
vn 0.3378906 -0.9414063 1.192093E-07
vn 0.3378906 -0.9414063 1.192093E-07
vn 0.3378906 -0.9414063 1.192093E-07
vn 0.3378906 -0.4707031 -0.8149414
vn 0.3378906 -0.4707031 -0.8149414
vn 0.3378906 -0.4707031 -0.8149414
vn 0.3378906 -0.4707031 -0.8149414
vn 1 0 0
vn 1 0 0
vn 1 0 0
vn 1 0 0
vn 1 0 0
vn 1 0 0
vn 0.2561035 -6.556511E-07 -0.9667969
vn 0.2561035 0.8374023 -0.4833984
vn 0.2561035 0.8374023 -0.4833984
vn 0.2561035 -2.980232E-07 -0.9667969
vn 0.2561035 0.8374023 -0.4833984
vn 0.2561035 0.8374023 0.4833984
vn 0.2561035 0.8374023 0.4833984
vn 0.2561035 0.8374023 -0.4833984
vn 0.2561035 0.8374023 0.4833984
vn 0.2561035 2.384186E-07 0.9667969
vn 0.2561035 -2.980232E-07 0.9667969
vn 0.2561035 0.8374023 0.4833984
vn 0.2561035 -2.980232E-07 0.9667969
vn 0.2561035 -0.8374023 0.4833984
vn 0.2561035 -0.8374023 0.4833984
vn 0.2561035 2.384186E-07 0.9667969
vn 0.2561035 -0.8374023 0.4833984
vn 0.2561035 -0.8374023 -0.4833984
vn 0.2561035 -0.8374023 -0.4833984
vn 0.2561035 -0.8374023 0.4833984
vn 0.2561035 -0.8374023 -0.4833984
vn 0.2561035 -2.980232E-07 -0.9667969
vn 0.2561035 -6.556511E-07 -0.9667969
vn 0.2561035 -0.8374023 -0.4833984
vn 1 5.364418E-07 -9.536743E-07
vn 1 1.788139E-07 -2.980232E-07
vn 1 1.788139E-07 -2.980232E-07
vn 1 5.364418E-07 -9.536743E-07
vn 1 5.364418E-07 -9.536743E-07
vn 1 -4.172325E-07 0
vn 1 -8.940697E-07 -2.980232E-07
vn 1 -8.940697E-07 -2.980232E-07
vn 1 0 0
vn 1 0 0
vn 1 0 0
vn 1 0 0
vn 1 0 0
vn 1 0 0
vn 0.3378906 0.4707031 -0.8149414
vn 0.3378906 0.4707031 -0.8149414
vn 0.3378906 0.4707031 -0.8149414
vn 0.3378906 0.4707031 -0.8149414
vn 0.3378906 0.9414063 -1.192093E-07
vn 0.3378906 0.9414063 -1.192093E-07
vn 0.3378906 0.9414063 -1.192093E-07
vn 0.3378906 0.9414063 -1.192093E-07
vn 0.3378906 0.4707031 0.8149414
vn 0.3378906 0.4707031 0.8149414
vn 0.3378906 0.4707031 0.8149414
vn 0.3378906 0.4707031 0.8149414
vn 0.3378906 -0.4707031 0.8149414
vn 0.3378906 -0.4707031 0.8149414
vn 0.3378906 -0.4707031 0.8149414
vn 0.3378906 -0.4707031 0.8149414
vn 0.3378906 -0.9414063 1.192093E-07
vn 0.3378906 -0.9414063 1.192093E-07
vn 0.3378906 -0.9414063 1.192093E-07
vn 0.3378906 -0.9414063 1.192093E-07
vn 0.3378906 -0.4707031 -0.8149414
vn 0.3378906 -0.4707031 -0.8149414
vn 0.3378906 -0.4707031 -0.8149414
vn 0.3378906 -0.4707031 -0.8149414
vn 1 0 0
vn 1 0 0
vn 1 0 0
vn 1 -4.172325E-07 -2.384186E-07
vn 1 5.364418E-07 0
vn 1 5.364418E-07 0
vn 0.2561035 -2.563E-06 -0.9667969
vn 0.2561035 0.8374023 -0.4833984
vn 0.2561035 0.8374023 -0.4833984
vn 0.2561035 -2.801418E-06 -0.9667969
vn 0.2561035 0.8374023 -0.4833984
vn 0.2561035 0.8374023 0.4833984
vn 0.2561035 0.8374023 0.4833984
vn 0.2561035 0.8374023 -0.4833984
vn 0.2561035 0.8374023 0.4833984
vn 0.2558594 2.980232E-07 0.9667969
vn 0.2558594 -1.788139E-07 0.9667969
vn 0.2561035 0.8374023 0.4833984
vn 0.2558594 -1.788139E-07 0.9667969
vn 0.2561035 -0.8374023 0.4833984
vn 0.2561035 -0.8374023 0.4833984
vn 0.2558594 2.980232E-07 0.9667969
vn 0.2561035 -0.8374023 0.4833984
vn 0.2561035 -0.8374023 -0.4833984
vn 0.2561035 -0.8374023 -0.4833984
vn 0.2561035 -0.8374023 0.4833984
vn 0.2561035 -0.8374023 -0.4833984
vn 0.2561035 -2.801418E-06 -0.9667969
vn 0.2561035 -2.563E-06 -0.9667969
vn 0.2561035 -0.8374023 -0.4833984
vn 1 0 0
vn 1 -8.940697E-07 -2.980232E-07
vn 1 -8.940697E-07 -2.980232E-07
vn 1 0 0
vn 1 0 0
vn 1 0 0
vn 1 1.788139E-07 -2.980232E-07
vn 1 1.788139E-07 -2.980232E-07
vn 1 5.364418E-07 -9.536743E-07
vn 1 5.364418E-07 -9.536743E-07
vn 1 0 0
vn 1 0 0
vn 1 0 0
vn 1 -2.980232E-07 -1.311302E-06
vn 0.3378906 0.4707031 -0.8149414
vn 0.3378906 0.4707031 -0.8149414
vn 0.3378906 0.4707031 -0.8149414
vn 0.3378906 0.4707031 -0.8149414
vn 0.3378906 0.9414063 -1.192093E-07
vn 0.3378906 0.9414063 -1.192093E-07
vn 0.3378906 0.9414063 -1.192093E-07
vn 0.3378906 0.9414063 -1.192093E-07
vn 0.3378906 0.4707031 0.8149414
vn 0.3378906 0.4707031 0.8149414
vn 0.3378906 0.4707031 0.8149414
vn 0.3378906 0.4707031 0.8149414
vn 0.3378906 -0.4707031 0.8149414
vn 0.3378906 -0.4707031 0.8149414
vn 0.3378906 -0.4707031 0.8149414
vn 0.3378906 -0.4707031 0.8149414
vn 0.3378906 -0.9414063 1.192093E-07
vn 0.3378906 -0.9414063 1.192093E-07
vn 0.3378906 -0.9414063 1.192093E-07
vn 0.3378906 -0.9414063 1.192093E-07
vn 0.3378906 -0.4707031 -0.8149414
vn 0.3378906 -0.4707031 -0.8149414
vn 0.3378906 -0.4707031 -0.8149414
vn 0.3378906 -0.4707031 -0.8149414
vn 1 5.364418E-07 0
vn 1 5.364418E-07 0
vn 1 5.364418E-07 0
vn 1 1.192093E-07 -2.384186E-07
vn 1 0 0
vn 1 0 0
vn 2.384186E-06 0.1778564 -0.9838867
vn -0.8520508 0.1778564 -0.4919434
vn -0.8520508 0.1778564 -0.4919434
vn 2.264977E-06 0.1778564 -0.9838867
vn -0.8520508 0.1778564 -0.4919434
vn -0.8520508 0.1778564 0.4919434
vn -0.8520508 0.1778564 0.4919434
vn -0.8520508 0.1778564 -0.4919434
vn -0.8520508 0.1778564 0.4919434
vn 0 0.1778564 0.9838867
vn 4.768372E-07 0.1778564 0.9838867
vn -0.8520508 0.1778564 0.4919434
vn 4.768372E-07 0.1778564 0.9838867
vn 0.8520508 0.1778564 0.4919434
vn 0.8520508 0.1778564 0.4919434
vn 0 0.1778564 0.9838867
vn 0.8520508 0.1778564 0.4919434
vn 0.8520508 0.1778564 -0.4919434
vn 0.8520508 0.1778564 -0.4919434
vn 0.8520508 0.1778564 0.4919434
vn 0.8520508 0.1778564 -0.4919434
vn 2.264977E-06 0.1778564 -0.9838867
vn 2.384186E-06 0.1778564 -0.9838867
vn 0.8520508 0.1778564 -0.4919434
vn -4.172325E-07 1 -2.086163E-06
vn -1.609325E-06 1 -1.192093E-07
vn -1.609325E-06 1 -1.192093E-07
vn -4.172325E-07 1 -2.086163E-06
vn -4.172325E-07 1 -2.086163E-06
vn -1.609325E-06 1 -2.861023E-06
vn 4.768372E-06 1 -1.192093E-07
vn 4.768372E-06 1 -1.192093E-07
vn 4.470348E-06 1 4.172325E-07
vn 4.470348E-06 1 4.172325E-07
vn -8.940697E-07 1 2.622604E-06
vn -8.940697E-07 1 2.622604E-06
vn -8.940697E-07 1 2.622604E-06
vn -7.748604E-07 1 1.251698E-06
vn -0.5 0.00446701 -0.8662109
vn -0.5 0.00446701 -0.8662109
vn -0.5 0.00446701 -0.8662109
vn -0.5 0.004463196 -0.8662109
vn -1 0.008934021 0
vn -1 0.008934021 0
vn -1 0.008934021 0
vn -1 0.008934021 0
vn -0.5 0.004463196 0.8662109
vn -0.5 0.004463196 0.8662109
vn -0.5 0.004463196 0.8662109
vn -0.5 0.00446701 0.8662109
vn 0.5 -0.004463196 0.8662109
vn 0.5 -0.004463196 0.8662109
vn 0.5 -0.004463196 0.8662109
vn 0.5 -0.004463196 0.8662109
vn 1 -0.008926392 0
vn 1 -0.008926392 0
vn 1 -0.008926392 0
vn 1 -0.008926392 0
vn 0.5 -0.004463196 -0.8662109
vn 0.5 -0.004463196 -0.8662109
vn 0.5 -0.004463196 -0.8662109
vn 0.5 -0.004463196 -0.8662109
vn -0.4448242 -0.4567871 -0.7705078
vn -0.4448242 -0.4567871 -0.7705078
vn -0.4448242 -0.4567871 -0.7705078
vn -0.4448242 -0.4567871 -0.7705078
vn -0.8911133 -0.4538574 5.960464E-08
vn -0.8911133 -0.4538574 5.960464E-08
vn -0.8911133 -0.4538574 5.960464E-08
vn -0.8911133 -0.4538574 5.960464E-08
vn -0.4448242 -0.4567871 0.7705078
vn -0.4448242 -0.4567871 0.7705078
vn -0.4448242 -0.4567871 0.7705078
vn -0.4448242 -0.4567871 0.7705078
vn 0.4433594 -0.4626465 0.7675781
vn 0.4433594 -0.4626465 0.7675781
vn 0.4433594 -0.4626465 0.7675781
vn 0.4433594 -0.4626465 0.7675781
vn 0.8847656 -0.4655762 5.960464E-08
vn 0.8847656 -0.4655762 5.960464E-08
vn 0.8847656 -0.4655762 5.960464E-08
vn 0.8847656 -0.4655762 5.960464E-08
vn 0.4433594 -0.4626465 -0.7675781
vn 0.4433594 -0.4626465 -0.7675781
vn 0.4433594 -0.4626465 -0.7675781
vn 0.4433594 -0.4626465 -0.7675781
vn -0.237915 -0.8793945 -0.4121094
vn -0.237915 -0.8793945 -0.4121094
vn -0.237915 -0.8793945 -0.4121094
vn -0.237915 -0.8793945 -0.4121094
vn -0.4758301 -0.8793945 1.192093E-07
vn -0.4758301 -0.8793945 1.192093E-07
vn -0.4758301 -0.8793945 1.192093E-07
vn -0.4758301 -0.8793945 1.192093E-07
vn -0.237915 -0.8793945 0.4121094
vn -0.237915 -0.8793945 0.4121094
vn -0.237915 -0.8793945 0.4121094
vn -0.237915 -0.8793945 0.4121094
vn 0.237915 -0.8793945 0.4121094
vn 0.237915 -0.8793945 0.4121094
vn 0.237915 -0.8793945 0.4121094
vn 0.237915 -0.8793945 0.4121094
vn 0.4758301 -0.8793945 1.192093E-07
vn 0.4758301 -0.8793945 1.192093E-07
vn 0.4758301 -0.8793945 1.192093E-07
vn 0.4758301 -0.8793945 1.192093E-07
vn 0.237915 -0.8793945 -0.4121094
vn 0.237915 -0.8793945 -0.4121094
vn 0.237915 -0.8793945 -0.4121094
vn 0.237915 -0.8793945 -0.4121094
vn -0.4719238 -0.3305664 -0.8173828
vn -0.4719238 -0.3305664 -0.8173828
vn -0.4719238 -0.3305664 -0.8173828
vn -0.4719238 -0.3305664 -0.8173828
vn -0.9438477 -0.3305664 5.960464E-08
vn -0.9438477 -0.3305664 5.960464E-08
vn -0.9438477 -0.3305664 5.960464E-08
vn -0.9438477 -0.3305664 5.960464E-08
vn -0.4719238 -0.3305664 0.8173828
vn -0.4719238 -0.3305664 0.8173828
vn -0.4719238 -0.3305664 0.8173828
vn -0.4719238 -0.3305664 0.8173828
vn 0.4719238 -0.3305664 0.8173828
vn 0.4719238 -0.3305664 0.8173828
vn 0.4719238 -0.3305664 0.8173828
vn 0.4719238 -0.3305664 0.8173828
vn 0.9438477 -0.3305664 5.960464E-08
vn 0.9438477 -0.3305664 5.960464E-08
vn 0.9438477 -0.3305664 5.960464E-08
vn 0.9438477 -0.3305664 5.960464E-08
vn 0.4719238 -0.3305664 -0.8173828
vn 0.4719238 -0.3305664 -0.8173828
vn 0.4719238 -0.3305664 -0.8173828
vn 0.4719238 -0.3305664 -0.8173828
vn 0 1 -1.192093E-07
vn 0 1 -1.192093E-07
vn 0 1 -1.192093E-07
vn 0 1 -1.192093E-07
vn 0 1 -1.192093E-07
vn 0 1 -1.192093E-07
vn 0 1 -1.192093E-07
vn 0 1 -1.192093E-07
vn 1.490116E-06 1 -2.741814E-06
vn 1.490116E-06 1 -2.741814E-06
vn 0 1 -1.192093E-07
vn 0 1 -1.192093E-07
vn 0 1 -1.192093E-07
vn 0 1 -1.192093E-07
vn 0.3339844 0.7441406 0.578125
vn 0.3339844 0.7441406 0.578125
vn 0.3339844 0.7441406 0.578125
vn 0.3339844 0.7441406 0.578125
vn 0.6679688 0.7441406 -5.960464E-08
vn 0.6679688 0.7441406 -5.960464E-08
vn 0.6679688 0.7441406 -5.960464E-08
vn 0.6679688 0.7441406 -5.960464E-08
vn 0.3339844 0.7441406 -0.578125
vn 0.3339844 0.7441406 -0.578125
vn 0.3339844 0.7441406 -0.578125
vn 0.3339844 0.7441406 -0.578125
vn -0.3339844 0.7441406 -0.578125
vn -0.3339844 0.7441406 -0.578125
vn -0.3339844 0.7441406 -0.578125
vn -0.3339844 0.7441406 -0.578125
vn -0.6679688 0.7441406 -5.960464E-08
vn -0.6679688 0.7441406 -5.960464E-08
vn -0.6679688 0.7441406 -5.960464E-08
vn -0.6679688 0.7441406 -5.960464E-08
vn -0.3339844 0.7441406 0.578125
vn -0.3339844 0.7441406 0.578125
vn -0.3339844 0.7441406 0.578125
vn -0.3339844 0.7441406 0.578125
vn 4.053116E-06 1 -1.192093E-07
vn 4.053116E-06 1 -1.192093E-07
vn 4.053116E-06 1 -1.192093E-07
vn 4.053116E-06 1 -1.192093E-07
vn 0 1 -1.192093E-07
vn 0 1 -1.192093E-07
vn 0 1 -1.192093E-07
vn 0 1 -1.192093E-07
vn 0 1 -1.192093E-07
vn 0 1 -1.192093E-07
vn 0 1.192093E-07 1
vn 0 1.192093E-07 1
vn 0 1.192093E-07 1
vn 0 1.192093E-07 1
vn 1 0 0
vn 1 0 0
vn 1 0 0
vn 1 0 0
vn 0 -1.192093E-07 -1
vn 0 -1.192093E-07 -1
vn 0 -1.192093E-07 -1
vn 0 -1.192093E-07 -1
vn -1 0 1.192093E-07
vn -1 0 1.192093E-07
vn -1 0 1.192093E-07
vn -1 0 1.192093E-07
vn 0 1 -1.192093E-07
vn 0 1 -1.192093E-07
vn 0 1 -1.192093E-07
vn 0 1 -1.192093E-07
vn 1.311302E-06 1.192093E-07 1
vn 1.311302E-06 1.192093E-07 1
vn 1.311302E-06 1.192093E-07 1
vn 1.311302E-06 1.192093E-07 1
vn 1 0 0
vn 1 0 0
vn 1 0 0
vn 1 0 0
vn 0 -1.192093E-07 -1
vn 0 -1.192093E-07 -1
vn 0 -1.192093E-07 -1
vn 0 -1.192093E-07 -1
vn -1 0 0
vn -1 0 0
vn -1 0 0
vn -1 0 0
vn 0 1.192093E-07 1
vn 0 1.192093E-07 1
vn 0 1.192093E-07 1
vn 0 1.192093E-07 1
vn -1 0 0
vn -1 0 0
vn -1 0 0
vn -1 0 0
vn 0 -1.192093E-07 -1
vn 0 -1.192093E-07 -1
vn 0 -1.192093E-07 -1
vn 0 -1.192093E-07 -1
vn 1 0 0
vn 1 0 0
vn 1 0 0
vn 1 0 0
vn 1 0 0
vn 1 0 0
vn 1 0 0
vn 1 0 0
vn 1 0 0
vn 1 0 0
vn 1 0 0
vn 1 0 0
vn 0 1 -1.192093E-07
vn 0 1 -1.192093E-07
vn 0 1 -1.192093E-07
vn 0 1 -1.192093E-07
vn 0 1.192093E-07 1
vn 0 1.192093E-07 1
vn 0 1.192093E-07 1
vn 0 1.192093E-07 1
vn 1 0 0
vn 1 0 0
vn 1 0 0
vn 1 0 0
vn 1.907349E-06 -1.192093E-07 -1
vn 1.907349E-06 -1.192093E-07 -1
vn 1.907349E-06 -1.192093E-07 -1
vn 1.907349E-06 -1.192093E-07 -1
vn -1 0 1.192093E-07
vn -1 0 1.192093E-07
vn -1 0 1.192093E-07
vn -1 0 1.192093E-07
vn 0 1 -1.192093E-07
vn 0 1 -1.192093E-07
vn 0 1 -1.192093E-07
vn 0 1 -1.192093E-07
vn 0 1.192093E-07 1
vn 0 1.192093E-07 1
vn 0 1.192093E-07 1
vn 0 1.192093E-07 1
vn 1 0 0
vn 1 0 0
vn 1 0 0
vn 1 0 0
vn 0 -1.192093E-07 -1
vn 0 -1.192093E-07 -1
vn 0 -1.192093E-07 -1
vn 0 -1.192093E-07 -1
vn -1 0 0
vn -1 0 0
vn -1 0 0
vn -1 0 0
vn 0 1.192093E-07 1
vn 0 1.192093E-07 1
vn 0 1.192093E-07 1
vn 0 1.192093E-07 1
vn -1 0 0
vn -1 0 0
vn -1 0 0
vn -1 0 0
vn 0 -1.192093E-07 -1
vn 0 -1.192093E-07 -1
vn 0 -1.192093E-07 -1
vn 0 -1.192093E-07 -1
vn 1 0 0
vn 1 0 0
vn 1 0 0
vn 1 0 0
vn 1 0 0
vn 1 0 0
vn 1 0 0
vn 1 0 0
vn 1 0 0
vn 1 0 0
vn 1 0 0
vn 1 0 0
vn 4.172325E-07 1 -1.192093E-07
vn 4.172325E-07 1 -1.192093E-07
vn 4.172325E-07 1 -1.192093E-07
vn 4.172325E-07 1 -1.192093E-07
vn 1 0 0
vn 1 0 0
vn 1 0 0
vn 1 0 0
vn 1 0 1.788139E-07
vn 1 0 1.788139E-07
vn 1 0 1.788139E-07
vn 1 0 1.788139E-07
vn 0 1 -1.192093E-07
vn 0 1 -1.192093E-07
vn 0 1 -1.192093E-07
vn 0 1 -1.192093E-07
vn 1 0 1.788139E-07
vn 1 0 1.788139E-07
vn 1 0 1.788139E-07
vn 1 0 1.788139E-07
vn 0 1 -1.192093E-07
vn 0 1 -1.192093E-07
vn 0 1 -1.192093E-07
vn 0 1 -1.192093E-07
vn -1 0 0
vn -1 0 0
vn -1 0 0
vn -1 0 0
vn 0 1 -1.192093E-07
vn 0 1 -1.192093E-07
vn 0 1 -1.192093E-07
vn 0 1 -1.192093E-07
vn 0 1 -1.192093E-07
vn 0 1 -1.192093E-07
vn 0 1 -1.192093E-07
vn 0 1 -1.192093E-07
vn 0 1 -8.881092E-06
vn 0 1 -8.881092E-06
vn 0 1 -8.881092E-06
vn 0 1 -8.881092E-06
vn 0 1 8.642673E-06
vn 8.881092E-06 1 -1.192093E-07
vn 0 1 8.642673E-06
vn 8.881092E-06 1 -1.192093E-07
vn 0 1 -8.881092E-06
vn 0 1 -8.881092E-06
vn 0 1 -8.881092E-06
vn 0 1 -8.881092E-06
vn 0 1 8.642673E-06
vn 8.881092E-06 1 -1.192093E-07
vn 0 1 8.642673E-06
vn 8.881092E-06 1 -1.192093E-07

vt 0.7509766 0.6533203
vt 0.7509766 0.6533203
vt 0.7509766 0.6533203
vt 0.7509766 0.6533203
vt 0.7509766 0.6533203
vt 0.7509766 0.6533203
vt 0.7509766 0.6533203
vt 0.7509766 0.6533203
vt 0.7509766 0.6533203
vt 0.7509766 0.6533203
vt 0.7509766 0.6533203
vt 0.7509766 0.6533203
vt 0.7509766 0.6533203
vt 0.7509766 0.6533203
vt 0.7509766 0.6533203
vt 0.7509766 0.6533203
vt 0.7509766 0.6533203
vt 0.7509766 0.6533203
vt 0.7509766 0.6533203
vt 0.7509766 0.6533203
vt 0.7509766 0.6533203
vt 0.7485352 0.5771484
vt 0.7485352 0.5771484
vt 0.7485352 0.5771484
vt 0.7485352 0.5771484
vt 0.7485352 0.5771484
vt 0.7485352 0.5771484
vt 0.7485352 0.5771484
vt 0.7485352 0.5771484
vt 0.7485352 0.5771484
vt 0.7485352 0.5771484
vt 0.7485352 0.5771484
vt 0.7485352 0.5771484
vt 0.7485352 0.5771484
vt 0.7485352 0.5776367
vt 0.7485352 0.5771484
vt 0.7485352 0.5776367
vt 0.7485352 0.5771484
vt 0.7485352 0.5771484
vt 0.7485352 0.5771484
vt 0.7485352 0.5776367
vt 0.7485352 0.5771484
vt 0.7485352 0.5776367
vt 0.7485352 0.5771484
vt 0.7485352 0.5771484
vt 0.7485352 0.5771484
vt 0.7485352 0.5771484
vt 0.7485352 0.5771484
vt 0.7485352 0.5771484
vt 0.7485352 0.5771484
vt 0.7485352 0.5771484
vt 0.7485352 0.5771484
vt 0.7485352 0.5771484
vt 0.7485352 0.5771484
vt 0.7485352 0.5771484
vt 0.7485352 0.5771484
vt 0.7485352 0.5771484
vt 0.7485352 0.5771484
vt 0.7485352 0.5776367
vt 0.7485352 0.5771484
vt 0.7485352 0.5776367
vt 0.7485352 0.5771484
vt 0.7485352 0.5771484
vt 0.7485352 0.5771484
vt 0.7485352 0.5776367
vt 0.7485352 0.5771484
vt 0.7485352 0.5776367
vt 0.7485352 0.5771484
vt 0.7485352 0.5771484
vt 0.7485352 0.5771484
vt 0.7485352 0.5771484
vt 0.7485352 0.5771484
vt 0.7485352 0.5771484
vt 0.7485352 0.5771484
vt 0.7485352 0.5771484
vt 0.7485352 0.5771484
vt 0.7485352 0.5771484
vt 0.7485352 0.5771484
vt 0.7485352 0.5771484
vt 0.7485352 0.5771484
vt 0.7485352 0.5771484
vt 0.7485352 0.5771484
vt 0.7485352 0.5776367
vt 0.7485352 0.5771484
vt 0.7485352 0.5776367
vt 0.7485352 0.5771484
vt 0.7485352 0.5771484
vt 0.7485352 0.5771484
vt 0.7485352 0.5776367
vt 0.7485352 0.5771484
vt 0.7485352 0.5776367
vt 0.7485352 0.5771484
vt 0.7485352 0.5771484
vt 0.7485352 0.5771484
vt 0.7485352 0.5771484
vt 0.7485352 0.5771484
vt 0.7485352 0.5771484
vt 0.7485352 0.5771484
vt 0.7485352 0.5771484
vt 0.7485352 0.5771484
vt 0.7485352 0.5771484
vt 0.7485352 0.5771484
vt 0.7485352 0.5771484
vt 0.7485352 0.5771484
vt 0.7485352 0.5771484
vt 0.7485352 0.5771484
vt 0.7485352 0.5776367
vt 0.7485352 0.5771484
vt 0.7485352 0.5776367
vt 0.7485352 0.5771484
vt 0.7485352 0.5771484
vt 0.7485352 0.5771484
vt 0.7485352 0.5776367
vt 0.7485352 0.5771484
vt 0.7485352 0.5776367
vt 0.7485352 0.5771484
vt 0.7485352 0.5771484
vt 0.8505859 0.5029297
vt 0.8505859 0.5029297
vt 0.8505859 0.5029297
vt 0.8505859 0.5029297
vt 0.8505859 0.5029297
vt 0.8505859 0.5029297
vt 0.8505859 0.5029297
vt 0.8505859 0.5029297
vt 0.8505859 0.5029297
vt 0.8505859 0.5029297
vt 0.8505859 0.5029297
vt 0.8505859 0.5029297
vt 0.8505859 0.5029297
vt 0.8505859 0.5029297
vt 0.8505859 0.5029297
vt 0.8505859 0.5029297
vt 0.8505859 0.5029297
vt 0.8505859 0.5029297
vt 0.8505859 0.5029297
vt 0.8505859 0.5029297
vt 0.8505859 0.5029297
vt 0.8505859 0.5029297
vt 0.8505859 0.5029297
vt 0.8505859 0.5029297
vt 0.8505859 0.5029297
vt 0.8505859 0.5029297
vt 0.8505859 0.5029297
vt 0.8505859 0.5029297
vt 0.8505859 0.5029297
vt 0.8505859 0.5029297
vt 0.8505859 0.5029297
vt 0.8505859 0.5029297
vt 0.8505859 0.5029297
vt 0.8505859 0.5029297
vt 0.8505859 0.5029297
vt 0.8505859 0.5029297
vt 0.8505859 0.5029297
vt 0.8505859 0.5029297
vt 0.8505859 0.5029297
vt 0.8505859 0.5029297
vt 0.8505859 0.5029297
vt 0.8505859 0.5029297
vt 0.8505859 0.5029297
vt 0.8505859 0.5029297
vt 0.8505859 0.5029297
vt 0.8505859 0.5029297
vt 0.8505859 0.5029297
vt 0.8505859 0.5029297
vt 0.8505859 0.5029297
vt 0.8505859 0.5029297
vt 0.8505859 0.5029297
vt 0.8505859 0.5029297
vt 0.8505859 0.5029297
vt 0.8505859 0.5029297
vt 0.8505859 0.5029297
vt 0.8505859 0.5029297
vt 0.8505859 0.5029297
vt 0.8505859 0.5029297
vt 0.8505859 0.5029297
vt 0.8505859 0.5029297
vt 0.8505859 0.5029297
vt 0.8505859 0.5029297
vt 0.6811523 0.496582
vt 0.6811523 0.496582
vt 0.6811523 0.496582
vt 0.6811523 0.496582
vt 0.7514648 0.5712891
vt 0.7514648 0.5712891
vt 0.7514648 0.5712891
vt 0.7514648 0.5712891
vt 0.7514648 0.5712891
vt 0.7514648 0.5712891
vt 0.7514648 0.5712891
vt 0.7514648 0.5712891
vt 0.7514648 0.5712891
vt 0.7514648 0.5712891
vt 0.7514648 0.5712891
vt 0.7514648 0.5712891
vt 0.7514648 0.5712891
vt 0.7514648 0.5712891
vt 0.7514648 0.5712891
vt 0.7514648 0.5712891
vt 0.7514648 0.5712891
vt 0.7514648 0.5712891
vt 0.7514648 0.5712891
vt 0.7514648 0.5712891
vt 0.7514648 0.5712891
vt 0.7514648 0.5712891
vt 0.7514648 0.5712891
vt 0.7514648 0.5712891
vt 0.7514648 0.5712891
vt 0.7514648 0.5712891
vt 0.7514648 0.5712891
vt 0.7514648 0.5712891
vt 0.7514648 0.5712891
vt 0.7514648 0.5712891
vt 0.7514648 0.5712891
vt 0.7514648 0.5712891
vt 0.7514648 0.5712891
vt 0.7514648 0.5712891
vt 0.7514648 0.5712891
vt 0.7514648 0.5712891
vt 0.7514648 0.5712891
vt 0.7514648 0.5712891
vt 0.7514648 0.5712891
vt 0.7514648 0.5712891
vt 0.7514648 0.5712891
vt 0.7514648 0.5712891
vt 0.7514648 0.5712891
vt 0.7514648 0.5712891
vt 0.8183594 0.5727539
vt 0.8183594 0.5727539
vt 0.8183594 0.5727539
vt 0.8183594 0.5727539
vt 0.8183594 0.5727539
vt 0.8183594 0.5727539
vt 0.8183594 0.5727539
vt 0.8183594 0.5727539
vt 0.8183594 0.5727539
vt 0.8183594 0.5727539
vt 0.8183594 0.5727539
vt 0.8183594 0.5727539
vt 0.8183594 0.5727539
vt 0.8183594 0.5727539
vt 0.8183594 0.5727539
vt 0.8183594 0.5727539
vt 0.8183594 0.5727539
vt 0.8183594 0.5727539
vt 0.8183594 0.5727539
vt 0.8183594 0.5727539
vt 0.8183594 0.5727539
vt 0.8183594 0.5727539
vt 0.8183594 0.5727539
vt 0.8183594 0.5727539
vt 0.8183594 0.5727539
vt 0.8183594 0.5727539
vt 0.8183594 0.5727539
vt 0.8183594 0.5727539
vt 0.8183594 0.5727539
vt 0.8183594 0.5727539
vt 0.8183594 0.5727539
vt 0.8183594 0.5727539
vt 0.8183594 0.5727539
vt 0.8183594 0.5727539
vt 0.8183594 0.5727539
vt 0.8183594 0.5727539
vt 0.8183594 0.5727539
vt 0.8183594 0.5727539
vt 0.8183594 0.5727539
vt 0.8183594 0.5727539
vt 0.8183594 0.5727539
vt 0.8183594 0.5727539
vt 0.8183594 0.5727539
vt 0.8183594 0.5727539
vt 0.8183594 0.5727539
vt 0.8183594 0.5727539
vt 0.8183594 0.5727539
vt 0.8183594 0.5727539
vt 0.8183594 0.5727539
vt 0.8183594 0.5727539
vt 0.8183594 0.5727539
vt 0.8183594 0.5727539
vt 0.8183594 0.5727539
vt 0.8183594 0.5727539
vt 0.8183594 0.5727539
vt 0.8183594 0.5727539
vt 0.8183594 0.5727539
vt 0.8183594 0.5727539
vt 0.8183594 0.5727539
vt 0.8183594 0.5727539
vt 0.8183594 0.5727539
vt 0.8183594 0.5727539
vt 0.8183594 0.5727539
vt 0.8183594 0.5727539
vt 0.8183594 0.5727539
vt 0.8183594 0.5727539
vt 0.8183594 0.5727539
vt 0.8183594 0.5727539
vt 0.8183594 0.5727539
vt 0.8183594 0.5727539
vt 0.8183594 0.5727539
vt 0.8183594 0.5727539
vt 0.8183594 0.5727539
vt 0.8183594 0.5727539
vt 0.8183594 0.5727539
vt 0.8183594 0.5727539
vt 0.8183594 0.5727539
vt 0.8183594 0.5727539
vt 0.8183594 0.5727539
vt 0.8183594 0.5727539
vt 0.8183594 0.5727539
vt 0.8183594 0.5727539
vt 0.8183594 0.5727539
vt 0.8183594 0.5727539
vt 0.8183594 0.5727539
vt 0.8183594 0.5727539
vt 0.8183594 0.5727539
vt 0.8183594 0.5727539
vt 0.8183594 0.5727539
vt 0.8183594 0.5727539
vt 0.8183594 0.5727539
vt 0.8183594 0.5727539
vt 0.8183594 0.5727539
vt 0.8183594 0.5727539
vt 0.8183594 0.5727539
vt 0.8183594 0.5727539
vt 0.8193359 0.5019531
vt 0.8193359 0.5019531
vt 0.8193359 0.5019531
vt 0.8193359 0.5019531
vt 0.8193359 0.5019531
vt 0.8193359 0.5019531
vt 0.8193359 0.5019531
vt 0.8193359 0.5019531
vt 0.8193359 0.5019531
vt 0.8193359 0.5019531
vt 0.8193359 0.5019531
vt 0.8193359 0.5019531
vt 0.8193359 0.5019531
vt 0.8193359 0.5019531
vt 0.8193359 0.5019531
vt 0.8193359 0.5019531
vt 0.8193359 0.5019531
vt 0.8193359 0.5019531
vt 0.8193359 0.5019531
vt 0.8193359 0.5019531
vt 0.8813477 0.5019531
vt 0.8813477 0.5019531
vt 0.8813477 0.5019531
vt 0.8813477 0.5019531
vt 0.8813477 0.5019531
vt 0.8813477 0.5019531
vt 0.8813477 0.5019531
vt 0.8813477 0.5019531
vt 0.8813477 0.5019531
vt 0.8813477 0.5019531
vt 0.8813477 0.5019531
vt 0.8813477 0.5019531
vt 0.8813477 0.5019531
vt 0.8813477 0.5019531
vt 0.8813477 0.5019531
vt 0.8813477 0.5019531
vt 0.5146484 0.04016113
vt 0.5146484 0.04022217
vt 0.5146484 0.04022217
vt 0.5146484 0.04016113
vt 0.5146484 0.04022217
vt 0.5146484 0.04022217
vt 0.5146484 0.04022217
vt 0.5146484 0.04022217
vt 0.5146484 0.04022217
vt 0.5146484 0.04016113
vt 0.5146484 0.04016113
vt 0.5146484 0.04022217
vt 0.5146484 0.04016113
vt 0.5146484 0.04016113
vt 0.5146484 0.04016113
vt 0.5146484 0.04016113
vt 0.8168945 0.5019531
vt 0.8168945 0.5019531
vt 0.8168945 0.5019531
vt 0.8168945 0.5019531
vt 0.8168945 0.5019531
vt 0.8168945 0.5019531
vt 0.8168945 0.5019531
vt 0.8168945 0.5019531
vt 0.8168945 0.5019531
vt 0.8168945 0.5019531
vt 0.8168945 0.5019531
vt 0.8168945 0.5019531
vt 0.8168945 0.5019531
vt 0.8168945 0.5019531
vt 0.8168945 0.5019531
vt 0.8168945 0.5019531
vt 0.8168945 0.5019531
vt 0.8168945 0.5019531
vt 0.8168945 0.5019531
vt 0.8168945 0.5019531
vt 0.8813477 0.5019531
vt 0.8813477 0.5019531
vt 0.8813477 0.5019531
vt 0.8813477 0.5019531
vt 0.8813477 0.5019531
vt 0.8813477 0.5019531
vt 0.8813477 0.5019531
vt 0.8813477 0.5019531
vt 0.8813477 0.5019531
vt 0.8813477 0.5019531
vt 0.8813477 0.5019531
vt 0.8813477 0.5019531
vt 0.8813477 0.5019531
vt 0.8813477 0.5019531
vt 0.8813477 0.5019531
vt 0.8813477 0.5019531
vt 0.5146484 0.04016113
vt 0.5146484 0.04022217
vt 0.5146484 0.04022217
vt 0.5146484 0.04016113
vt 0.5146484 0.04022217
vt 0.5146484 0.04022217
vt 0.5146484 0.04022217
vt 0.5146484 0.04022217
vt 0.5146484 0.04022217
vt 0.5146484 0.04016113
vt 0.5146484 0.04016113
vt 0.5146484 0.04022217
vt 0.5146484 0.04016113
vt 0.5146484 0.04016113
vt 0.5146484 0.04016113
vt 0.5146484 0.04016113
vt 0.78125 0.498291
vt 0.7807617 0.498291
vt 0.7807617 0.498291
vt 0.78125 0.498291
vt 0.78125 0.498291
vt 0.7807617 0.498291
vt 0.7807617 0.498291
vt 0.78125 0.498291
vt 0.7807617 0.498291
vt 0.78125 0.498291
vt 0.78125 0.498291
vt 0.7807617 0.498291
vt 0.1173706 0.8876953
vt 0.1173096 0.8876953
vt 0.1173706 0.8876953
vt 0.1173096 0.8876953
vt 0.1173096 0.8876953
vt 0.1172485 0.8876953
vt 0.1173096 0.8876953
vt 0.1172485 0.8876953
vt 0.1173096 0.8876953
vt 0.1173096 0.8876953
vt 0.1173096 0.8876953
vt 0.1173096 0.8876953
vt 0.1816406 0.03594971
vt 0.1816406 0.03594971
vt 0.1816406 0.03594971
vt 0.1816406 0.03594971
vt 0.1816406 0.03594971
vt 0.1816406 0.03594971
vt 0.1816406 0.03594971
vt 0.1816406 0.03594971
vt 0.78125 0.498291
vt 0.7807617 0.498291
vt 0.7807617 0.498291
vt 0.78125 0.498291
vt 0.78125 0.498291
vt 0.7807617 0.498291
vt 0.7807617 0.498291
vt 0.78125 0.498291
vt 0.7807617 0.498291
vt 0.78125 0.498291
vt 0.78125 0.498291
vt 0.7807617 0.498291
vt 0.1173706 0.8876953
vt 0.1173096 0.8876953
vt 0.1173706 0.8876953
vt 0.1173096 0.8876953
vt 0.1173096 0.8876953
vt 0.1172485 0.8876953
vt 0.1173096 0.8876953
vt 0.1172485 0.8876953
vt 0.1173096 0.8876953
vt 0.1173096 0.8876953
vt 0.1173096 0.8876953
vt 0.1173096 0.8876953
vt 0.1816406 0.03594971
vt 0.1816406 0.03594971
vt 0.1816406 0.03594971
vt 0.1816406 0.03594971
vt 0.1816406 0.03594971
vt 0.1816406 0.03594971
vt 0.1816406 0.03594971
vt 0.1816406 0.03594971
vt 0.8505859 0.5019531
vt 0.8505859 0.5019531
vt 0.8505859 0.5019531
vt 0.8505859 0.5019531
vt 0.8505859 0.5019531
vt 0.8505859 0.5019531
vt 0.8505859 0.5019531
vt 0.8505859 0.5019531
vt 0.8505859 0.5019531
vt 0.8505859 0.5019531
vt 0.8505859 0.5019531
vt 0.8505859 0.5019531
vt 0.8505859 0.5019531
vt 0.8505859 0.5019531
vt 0.8505859 0.5019531
vt 0.8505859 0.5019531
vt 0.8505859 0.5019531
vt 0.8505859 0.5019531
vt 0.8505859 0.5019531
vt 0.8505859 0.5019531
vt 0.8505859 0.5019531
vt 0.8505859 0.5019531
vt 0.8505859 0.5019531
vt 0.8505859 0.5019531
vt 0.8505859 0.5019531
vt 0.8505859 0.5019531
vt 0.8505859 0.5019531
vt 0.8505859 0.5019531
vt 0.8505859 0.5019531
vt 0.8505859 0.5019531
vt 0.8505859 0.5019531
vt 0.8505859 0.5019531
vt 0.8505859 0.5019531
vt 0.8505859 0.5019531
vt 0.8505859 0.5019531
vt 0.8505859 0.5019531
vt 0.8164063 0.5019531
vt 0.8164063 0.5019531
vt 0.8164063 0.5019531
vt 0.8164063 0.5019531
vt 0.8164063 0.5019531
vt 0.8164063 0.5019531
vt 0.8164063 0.5019531
vt 0.8164063 0.5019531
vt 0.8164063 0.5019531
vt 0.8164063 0.5019531
vt 0.8164063 0.5019531
vt 0.8164063 0.5019531
vt 0.8164063 0.5019531
vt 0.8164063 0.5019531
vt 0.8164063 0.5019531
vt 0.8164063 0.5019531
vt 0.8164063 0.5019531
vt 0.8164063 0.5019531
vt 0.8164063 0.5019531
vt 0.8164063 0.5019531
vt 0.8164063 0.5019531
vt 0.8164063 0.5019531
vt 0.8164063 0.5019531
vt 0.8164063 0.5019531
vt 0.8164063 0.5019531
vt 0.8164063 0.5019531
vt 0.8164063 0.5019531
vt 0.8164063 0.5019531
vt 0.8164063 0.5019531
vt 0.8164063 0.5019531
vt 0.8164063 0.5019531
vt 0.8164063 0.5019531
vt 0.8164063 0.5019531
vt 0.8164063 0.5019531
vt 0.8164063 0.5019531
vt 0.8164063 0.5019531
vt 0.8164063 0.5019531
vt 0.8164063 0.5019531
vt 0.8164063 0.5019531
vt 0.8164063 0.5019531
vt 0.8803711 0.5019531
vt 0.8803711 0.5019531
vt 0.8803711 0.5019531
vt 0.8803711 0.5019531
vt 0.8808594 0.5019531
vt 0.8803711 0.5019531
vt 0.8803711 0.5019531
vt 0.8808594 0.5019531
vt 0.8808594 0.5019531
vt 0.8808594 0.5019531
vt 0.8808594 0.5019531
vt 0.8808594 0.5019531
vt 0.8803711 0.5019531
vt 0.8808594 0.5019531
vt 0.8808594 0.5019531
vt 0.8803711 0.5019531
vt 0.8803711 0.5019531
vt 0.8803711 0.5019531
vt 0.8803711 0.5019531
vt 0.8803711 0.5019531
vt 0.8808594 0.5019531
vt 0.8803711 0.5019531
vt 0.8803711 0.5019531
vt 0.8808594 0.5019531
vt 0.8808594 0.5019531
vt 0.8808594 0.5019531
vt 0.8808594 0.5019531
vt 0.8808594 0.5019531
vt 0.8803711 0.5019531
vt 0.8808594 0.5019531
vt 0.8808594 0.5019531
vt 0.8803711 0.5019531
vt 0.8803711 0.5019531
vt 0.8803711 0.5019531
vt 0.8803711 0.5019531
vt 0.8803711 0.5019531
vt 0.8808594 0.5019531
vt 0.8803711 0.5019531
vt 0.8803711 0.5019531
vt 0.8808594 0.5019531
vt 0.8808594 0.5019531
vt 0.8808594 0.5019531
vt 0.8808594 0.5019531
vt 0.8808594 0.5019531
vt 0.8803711 0.5019531
vt 0.8808594 0.5019531
vt 0.8808594 0.5019531
vt 0.8803711 0.5019531
vt 0.8803711 0.5019531
vt 0.8803711 0.5019531
vt 0.8803711 0.5019531
vt 0.8803711 0.5019531
vt 0.8808594 0.5019531
vt 0.8803711 0.5019531
vt 0.8803711 0.5019531
vt 0.8808594 0.5019531
vt 0.8808594 0.5019531
vt 0.8808594 0.5019531
vt 0.8808594 0.5019531
vt 0.8808594 0.5019531
vt 0.8803711 0.5019531
vt 0.8808594 0.5019531
vt 0.8808594 0.5019531
vt 0.8803711 0.5019531
vt 0.8173828 0.5019531
vt 0.8173828 0.5019531
vt 0.8173828 0.5019531
vt 0.8173828 0.5019531
vt 0.8173828 0.5019531
vt 0.8173828 0.5019531
vt 0.8173828 0.5019531
vt 0.8173828 0.5019531
vt 0.8173828 0.5019531
vt 0.8173828 0.5019531
vt 0.8173828 0.5019531
vt 0.8173828 0.5019531
vt 0.8173828 0.5019531
vt 0.8173828 0.5019531
vt 0.8173828 0.5019531
vt 0.8173828 0.5019531
vt 0.8173828 0.5019531
vt 0.8173828 0.5019531
vt 0.8173828 0.5019531
vt 0.8173828 0.5019531
vt 0.7485352 0.5771484
vt 0.7485352 0.5771484
vt 0.7485352 0.5771484
vt 0.7485352 0.5771484
vt 0.7485352 0.5776367
vt 0.7485352 0.5771484
vt 0.7485352 0.5771484
vt 0.7485352 0.5776367
vt 0.7485352 0.5776367
vt 0.7485352 0.5776367
vt 0.7485352 0.5776367
vt 0.7485352 0.5776367
vt 0.7485352 0.5771484
vt 0.7485352 0.5776367
vt 0.7485352 0.5776367
vt 0.7485352 0.5771484
vt 0.7485352 0.5771484
vt 0.7485352 0.5771484
vt 0.7485352 0.5771484
vt 0.7485352 0.5771484
vt 0.7485352 0.5771484
vt 0.7485352 0.5776367
vt 0.7485352 0.5776367
vt 0.7485352 0.5771484
vt 0.515625 0.03945923
vt 0.515625 0.03945923
vt 0.515625 0.03945923
vt 0.515625 0.03945923
vt 0.515625 0.03952026
vt 0.515625 0.03945923
vt 0.515625 0.03945923
vt 0.515625 0.03952026
vt 0.515625 0.03952026
vt 0.515625 0.03952026
vt 0.515625 0.03952026
vt 0.515625 0.03952026
vt 0.515625 0.03945923
vt 0.515625 0.03952026
vt 0.515625 0.03952026
vt 0.515625 0.03945923
vt 0.515625 0.03945923
vt 0.515625 0.03952026
vt 0.515625 0.03945923
vt 0.515625 0.03952026
vt 0.8173828 0.5019531
vt 0.8173828 0.5019531
vt 0.8173828 0.5019531
vt 0.8173828 0.5019531
vt 0.8173828 0.5019531
vt 0.8173828 0.5019531
vt 0.8173828 0.5019531
vt 0.8173828 0.5019531
vt 0.8173828 0.5019531
vt 0.8173828 0.5019531
vt 0.8173828 0.5019531
vt 0.8173828 0.5019531
vt 0.8173828 0.5019531
vt 0.8173828 0.5019531
vt 0.8173828 0.5019531
vt 0.8173828 0.5019531
vt 0.8173828 0.5019531
vt 0.8173828 0.5019531
vt 0.8173828 0.5019531
vt 0.8173828 0.5019531
vt 0.7485352 0.5771484
vt 0.7485352 0.5771484
vt 0.7485352 0.5771484
vt 0.7485352 0.5771484
vt 0.7485352 0.5776367
vt 0.7485352 0.5771484
vt 0.7485352 0.5771484
vt 0.7485352 0.5776367
vt 0.7485352 0.5776367
vt 0.7485352 0.5776367
vt 0.7485352 0.5776367
vt 0.7485352 0.5776367
vt 0.7485352 0.5771484
vt 0.7485352 0.5776367
vt 0.7485352 0.5776367
vt 0.7485352 0.5771484
vt 0.7485352 0.5771484
vt 0.7485352 0.5771484
vt 0.7485352 0.5771484
vt 0.7485352 0.5771484
vt 0.7485352 0.5771484
vt 0.7485352 0.5776367
vt 0.7485352 0.5776367
vt 0.7485352 0.5771484
vt 0.515625 0.03945923
vt 0.515625 0.03945923
vt 0.515625 0.03945923
vt 0.515625 0.03945923
vt 0.515625 0.03952026
vt 0.515625 0.03945923
vt 0.515625 0.03945923
vt 0.515625 0.03952026
vt 0.515625 0.03952026
vt 0.515625 0.03952026
vt 0.515625 0.03952026
vt 0.515625 0.03952026
vt 0.515625 0.03945923
vt 0.515625 0.03952026
vt 0.515625 0.03952026
vt 0.515625 0.03945923
vt 0.515625 0.03945923
vt 0.515625 0.03952026
vt 0.515625 0.03945923
vt 0.515625 0.03952026
vt 0.8173828 0.5019531
vt 0.8173828 0.5019531
vt 0.8173828 0.5019531
vt 0.8173828 0.5019531
vt 0.8173828 0.5019531
vt 0.8173828 0.5019531
vt 0.8173828 0.5019531
vt 0.8173828 0.5019531
vt 0.8173828 0.5019531
vt 0.8173828 0.5019531
vt 0.8173828 0.5019531
vt 0.8173828 0.5019531
vt 0.8173828 0.5019531
vt 0.8173828 0.5019531
vt 0.8173828 0.5019531
vt 0.8173828 0.5019531
vt 0.8173828 0.5019531
vt 0.8173828 0.5019531
vt 0.8173828 0.5019531
vt 0.8173828 0.5019531
vt 0.7485352 0.5771484
vt 0.7485352 0.5771484
vt 0.7485352 0.5771484
vt 0.7485352 0.5771484
vt 0.7485352 0.5776367
vt 0.7485352 0.5771484
vt 0.7485352 0.5771484
vt 0.7485352 0.5776367
vt 0.7485352 0.5776367
vt 0.7485352 0.5776367
vt 0.7485352 0.5776367
vt 0.7485352 0.5776367
vt 0.7485352 0.5771484
vt 0.7485352 0.5776367
vt 0.7485352 0.5776367
vt 0.7485352 0.5771484
vt 0.7485352 0.5771484
vt 0.7485352 0.5771484
vt 0.7485352 0.5771484
vt 0.7485352 0.5771484
vt 0.7485352 0.5771484
vt 0.7485352 0.5776367
vt 0.7485352 0.5776367
vt 0.7485352 0.5771484
vt 0.515625 0.03945923
vt 0.515625 0.03945923
vt 0.515625 0.03945923
vt 0.515625 0.03945923
vt 0.515625 0.03952026
vt 0.515625 0.03945923
vt 0.515625 0.03945923
vt 0.515625 0.03952026
vt 0.515625 0.03952026
vt 0.515625 0.03952026
vt 0.515625 0.03952026
vt 0.515625 0.03952026
vt 0.515625 0.03945923
vt 0.515625 0.03952026
vt 0.515625 0.03952026
vt 0.515625 0.03945923
vt 0.515625 0.03945923
vt 0.515625 0.03952026
vt 0.515625 0.03945923
vt 0.515625 0.03952026
vt 0.8173828 0.5019531
vt 0.8173828 0.5019531
vt 0.8173828 0.5019531
vt 0.8173828 0.5019531
vt 0.8173828 0.5019531
vt 0.8173828 0.5019531
vt 0.8173828 0.5019531
vt 0.8173828 0.5019531
vt 0.8173828 0.5019531
vt 0.8173828 0.5019531
vt 0.8173828 0.5019531
vt 0.8173828 0.5019531
vt 0.8173828 0.5019531
vt 0.8173828 0.5019531
vt 0.8173828 0.5019531
vt 0.8173828 0.5019531
vt 0.8173828 0.5019531
vt 0.8173828 0.5019531
vt 0.8173828 0.5019531
vt 0.8173828 0.5019531
vt 0.7485352 0.5771484
vt 0.7485352 0.5771484
vt 0.7485352 0.5771484
vt 0.7485352 0.5771484
vt 0.7485352 0.5776367
vt 0.7485352 0.5771484
vt 0.7485352 0.5771484
vt 0.7485352 0.5776367
vt 0.7485352 0.5776367
vt 0.7485352 0.5776367
vt 0.7485352 0.5776367
vt 0.7485352 0.5776367
vt 0.7485352 0.5771484
vt 0.7485352 0.5776367
vt 0.7485352 0.5776367
vt 0.7485352 0.5771484
vt 0.7485352 0.5771484
vt 0.7485352 0.5771484
vt 0.7485352 0.5771484
vt 0.7485352 0.5771484
vt 0.7485352 0.5771484
vt 0.7485352 0.5776367
vt 0.7485352 0.5776367
vt 0.7485352 0.5771484
vt 0.515625 0.03945923
vt 0.515625 0.03945923
vt 0.515625 0.03945923
vt 0.515625 0.03945923
vt 0.515625 0.03952026
vt 0.515625 0.03945923
vt 0.515625 0.03945923
vt 0.515625 0.03952026
vt 0.515625 0.03952026
vt 0.515625 0.03952026
vt 0.515625 0.03952026
vt 0.515625 0.03952026
vt 0.515625 0.03945923
vt 0.515625 0.03952026
vt 0.515625 0.03952026
vt 0.515625 0.03945923
vt 0.515625 0.03945923
vt 0.515625 0.03952026
vt 0.515625 0.03945923
vt 0.515625 0.03952026
vt 0.5170898 0.02876282
vt 0.5180664 0.04058838
vt 0.5180664 0.02876282
vt 0.5170898 0.04058838
vt 0.5180664 0.02876282
vt 0.5185547 0.04058838
vt 0.5185547 0.02876282
vt 0.5180664 0.04058838
vt 0.5141602 0.02876282
vt 0.5151367 0.04058838
vt 0.5151367 0.02876282
vt 0.5141602 0.04058838
vt 0.5151367 0.02876282
vt 0.515625 0.04058838
vt 0.515625 0.02876282
vt 0.5151367 0.04058838
vt 0.515625 0.02876282
vt 0.5166016 0.04058838
vt 0.5166016 0.02876282
vt 0.515625 0.04058838
vt 0.5166016 0.02876282
vt 0.5170898 0.04058838
vt 0.5170898 0.02876282
vt 0.5166016 0.04058838
vt 0.5180664 0.04058838
vt 0.5185547 0.04058838
vt 0.5185547 0.04058838
vt 0.5180664 0.04058838
vt 0.5170898 0.04058838
vt 0.5170898 0.04058838
vt 0.5166016 0.04058838
vt 0.5166016 0.04058838
vt 0.515625 0.04058838
vt 0.515625 0.04058838
vt 0.5151367 0.04058838
vt 0.5151367 0.04058838
vt 0.5141602 0.04058838
vt 0.5141602 0.04058838
vt 0.8837891 0.4963379
vt 0.8852539 0.4963379
vt 0.8852539 0.4963379
vt 0.8837891 0.4963379
vt 0.8852539 0.4963379
vt 0.887207 0.4963379
vt 0.887207 0.4963379
vt 0.8852539 0.4963379
vt 0.8769531 0.4963379
vt 0.8789063 0.4963379
vt 0.8789063 0.4963379
vt 0.8769531 0.4963379
vt 0.8789063 0.4963379
vt 0.8803711 0.4963379
vt 0.8803711 0.4963379
vt 0.8789063 0.4963379
vt 0.8803711 0.4963379
vt 0.8818359 0.4963379
vt 0.8818359 0.4963379
vt 0.8803711 0.4963379
vt 0.8818359 0.4963379
vt 0.8837891 0.4963379
vt 0.8837891 0.4963379
vt 0.8818359 0.4963379
vt 0.8852539 0.4963379
vt 0.8789063 0.4963379
vt 0.887207 0.4963379
vt 0.8837891 0.4963379
vt 0.8803711 0.4963379
vt 0.8818359 0.4963379
vt 0.5170898 0.02876282
vt 0.5180664 0.04058838
vt 0.5180664 0.02876282
vt 0.5170898 0.04058838
vt 0.5180664 0.02876282
vt 0.5185547 0.04058838
vt 0.5185547 0.02876282
vt 0.5180664 0.04058838
vt 0.5141602 0.02876282
vt 0.5151367 0.04058838
vt 0.5151367 0.02876282
vt 0.5141602 0.04058838
vt 0.5151367 0.02876282
vt 0.515625 0.04058838
vt 0.515625 0.02876282
vt 0.5151367 0.04058838
vt 0.515625 0.02876282
vt 0.5166016 0.04058838
vt 0.5166016 0.02876282
vt 0.515625 0.04058838
vt 0.5166016 0.02876282
vt 0.5170898 0.04058838
vt 0.5170898 0.02876282
vt 0.5166016 0.04058838
vt 0.5180664 0.04058838
vt 0.5185547 0.04058838
vt 0.5185547 0.04058838
vt 0.5180664 0.04058838
vt 0.5170898 0.04058838
vt 0.5170898 0.04058838
vt 0.5166016 0.04058838
vt 0.5166016 0.04058838
vt 0.515625 0.04058838
vt 0.515625 0.04058838
vt 0.5151367 0.04058838
vt 0.5151367 0.04058838
vt 0.5141602 0.04058838
vt 0.5141602 0.04058838
vt 0.8837891 0.4963379
vt 0.8852539 0.4963379
vt 0.8852539 0.4963379
vt 0.8837891 0.4963379
vt 0.8852539 0.4963379
vt 0.887207 0.4963379
vt 0.887207 0.4963379
vt 0.8852539 0.4963379
vt 0.8769531 0.4963379
vt 0.8789063 0.4963379
vt 0.8789063 0.4963379
vt 0.8769531 0.4963379
vt 0.8789063 0.4963379
vt 0.8803711 0.4963379
vt 0.8803711 0.4963379
vt 0.8789063 0.4963379
vt 0.8803711 0.4963379
vt 0.8818359 0.4963379
vt 0.8818359 0.4963379
vt 0.8803711 0.4963379
vt 0.8818359 0.4963379
vt 0.8837891 0.4963379
vt 0.8837891 0.4963379
vt 0.8818359 0.4963379
vt 0.8852539 0.4963379
vt 0.8789063 0.4963379
vt 0.887207 0.4963379
vt 0.8837891 0.4963379
vt 0.8803711 0.4963379
vt 0.8818359 0.4963379
vt 0.5170898 0.02876282
vt 0.5180664 0.04058838
vt 0.5180664 0.02876282
vt 0.5170898 0.04058838
vt 0.5180664 0.02876282
vt 0.5185547 0.04058838
vt 0.5185547 0.02876282
vt 0.5180664 0.04058838
vt 0.5141602 0.02876282
vt 0.5151367 0.04058838
vt 0.5151367 0.02876282
vt 0.5141602 0.04058838
vt 0.5151367 0.02876282
vt 0.515625 0.04058838
vt 0.515625 0.02876282
vt 0.5151367 0.04058838
vt 0.515625 0.02876282
vt 0.5166016 0.04058838
vt 0.5166016 0.02876282
vt 0.515625 0.04058838
vt 0.5166016 0.02876282
vt 0.5170898 0.04058838
vt 0.5170898 0.02876282
vt 0.5166016 0.04058838
vt 0.5180664 0.04058838
vt 0.5185547 0.04058838
vt 0.5185547 0.04058838
vt 0.5180664 0.04058838
vt 0.5170898 0.04058838
vt 0.5170898 0.04058838
vt 0.5166016 0.04058838
vt 0.5166016 0.04058838
vt 0.515625 0.04058838
vt 0.515625 0.04058838
vt 0.5151367 0.04058838
vt 0.5151367 0.04058838
vt 0.5141602 0.04058838
vt 0.5141602 0.04058838
vt 0.8837891 0.4963379
vt 0.8852539 0.4963379
vt 0.8852539 0.4963379
vt 0.8837891 0.4963379
vt 0.8852539 0.4963379
vt 0.887207 0.4963379
vt 0.887207 0.4963379
vt 0.8852539 0.4963379
vt 0.8769531 0.4963379
vt 0.8789063 0.4963379
vt 0.8789063 0.4963379
vt 0.8769531 0.4963379
vt 0.8789063 0.4963379
vt 0.8803711 0.4963379
vt 0.8803711 0.4963379
vt 0.8789063 0.4963379
vt 0.8803711 0.4963379
vt 0.8818359 0.4963379
vt 0.8818359 0.4963379
vt 0.8803711 0.4963379
vt 0.8818359 0.4963379
vt 0.8837891 0.4963379
vt 0.8837891 0.4963379
vt 0.8818359 0.4963379
vt 0.8852539 0.4963379
vt 0.8789063 0.4963379
vt 0.887207 0.4963379
vt 0.8837891 0.4963379
vt 0.8803711 0.4963379
vt 0.8818359 0.4963379
vt 0.5170898 0.02876282
vt 0.5180664 0.04058838
vt 0.5180664 0.02876282
vt 0.5170898 0.04058838
vt 0.5180664 0.02876282
vt 0.5185547 0.04058838
vt 0.5185547 0.02876282
vt 0.5180664 0.04058838
vt 0.5141602 0.02876282
vt 0.5151367 0.04058838
vt 0.5151367 0.02876282
vt 0.5141602 0.04058838
vt 0.5151367 0.02876282
vt 0.515625 0.04058838
vt 0.515625 0.02876282
vt 0.5151367 0.04058838
vt 0.515625 0.02876282
vt 0.5166016 0.04058838
vt 0.5166016 0.02876282
vt 0.515625 0.04058838
vt 0.5166016 0.02876282
vt 0.5170898 0.04058838
vt 0.5170898 0.02876282
vt 0.5166016 0.04058838
vt 0.5180664 0.04058838
vt 0.5185547 0.04058838
vt 0.5185547 0.04058838
vt 0.5180664 0.04058838
vt 0.5170898 0.04058838
vt 0.5170898 0.04058838
vt 0.5166016 0.04058838
vt 0.5166016 0.04058838
vt 0.515625 0.04058838
vt 0.515625 0.04058838
vt 0.5151367 0.04058838
vt 0.5151367 0.04058838
vt 0.5141602 0.04058838
vt 0.5141602 0.04058838
vt 0.5170898 0.04058838
vt 0.5180664 0.04058838
vt 0.5180664 0.04058838
vt 0.5170898 0.04058838
vt 0.5180664 0.04058838
vt 0.5185547 0.04058838
vt 0.5185547 0.04058838
vt 0.5180664 0.04058838
vt 0.5141602 0.04058838
vt 0.5151367 0.04058838
vt 0.5151367 0.04058838
vt 0.5141602 0.04058838
vt 0.5151367 0.04058838
vt 0.515625 0.04058838
vt 0.515625 0.04058838
vt 0.5151367 0.04058838
vt 0.515625 0.04058838
vt 0.5166016 0.04058838
vt 0.5166016 0.04058838
vt 0.515625 0.04058838
vt 0.5166016 0.04058838
vt 0.5170898 0.04058838
vt 0.5170898 0.04058838
vt 0.5166016 0.04058838
vt 0.5170898 0.04058838
vt 0.5180664 0.04058838
vt 0.5180664 0.04058838
vt 0.5170898 0.04058838
vt 0.5180664 0.04058838
vt 0.5185547 0.04058838
vt 0.5185547 0.04058838
vt 0.5180664 0.04058838
vt 0.5141602 0.04058838
vt 0.5151367 0.04058838
vt 0.5151367 0.04058838
vt 0.5141602 0.04058838
vt 0.5151367 0.04058838
vt 0.515625 0.04058838
vt 0.515625 0.04058838
vt 0.5151367 0.04058838
vt 0.515625 0.04058838
vt 0.5166016 0.04058838
vt 0.5166016 0.04058838
vt 0.515625 0.04058838
vt 0.5166016 0.04058838
vt 0.5170898 0.04058838
vt 0.5170898 0.04058838
vt 0.5166016 0.04058838
vt 0.5170898 0.04058838
vt 0.5180664 0.04058838
vt 0.5180664 0.04058838
vt 0.5170898 0.04058838
vt 0.5180664 0.04058838
vt 0.5185547 0.04058838
vt 0.5185547 0.04058838
vt 0.5180664 0.04058838
vt 0.5141602 0.04058838
vt 0.5151367 0.04058838
vt 0.5151367 0.04058838
vt 0.5141602 0.04058838
vt 0.5151367 0.04058838
vt 0.515625 0.04058838
vt 0.515625 0.04058838
vt 0.5151367 0.04058838
vt 0.515625 0.04058838
vt 0.5166016 0.04058838
vt 0.5166016 0.04058838
vt 0.515625 0.04058838
vt 0.5166016 0.04058838
vt 0.5170898 0.04058838
vt 0.5170898 0.04058838
vt 0.5166016 0.04058838
vt 0.5170898 0.04058838
vt 0.5180664 0.04058838
vt 0.5180664 0.04058838
vt 0.5170898 0.04058838
vt 0.5180664 0.04058838
vt 0.5185547 0.04058838
vt 0.5185547 0.04058838
vt 0.5180664 0.04058838
vt 0.5141602 0.04058838
vt 0.5151367 0.04058838
vt 0.5151367 0.04058838
vt 0.5141602 0.04058838
vt 0.5151367 0.04058838
vt 0.515625 0.04058838
vt 0.515625 0.04058838
vt 0.5151367 0.04058838
vt 0.515625 0.04058838
vt 0.5166016 0.04058838
vt 0.5166016 0.04058838
vt 0.515625 0.04058838
vt 0.5166016 0.04058838
vt 0.5170898 0.04058838
vt 0.5170898 0.04058838
vt 0.5166016 0.04058838
vt 0.5180664 0.04058838
vt 0.5185547 0.04058838
vt 0.5185547 0.04058838
vt 0.5180664 0.04058838
vt 0.5170898 0.04058838
vt 0.5170898 0.04058838
vt 0.5166016 0.04058838
vt 0.5166016 0.04058838
vt 0.515625 0.04058838
vt 0.515625 0.04058838
vt 0.5151367 0.04058838
vt 0.5151367 0.04058838
vt 0.5141602 0.04058838
vt 0.5141602 0.04058838
vt 0.5170898 0.04058838
vt 0.5180664 0.04058838
vt 0.5180664 0.04058838
vt 0.5170898 0.04058838
vt 0.5180664 0.04058838
vt 0.5185547 0.04058838
vt 0.5185547 0.04058838
vt 0.5180664 0.04058838
vt 0.5141602 0.04058838
vt 0.5151367 0.04058838
vt 0.5151367 0.04058838
vt 0.5141602 0.04058838
vt 0.5151367 0.04058838
vt 0.515625 0.04058838
vt 0.515625 0.04058838
vt 0.5151367 0.04058838
vt 0.515625 0.04058838
vt 0.5166016 0.04058838
vt 0.5166016 0.04058838
vt 0.515625 0.04058838
vt 0.5166016 0.04058838
vt 0.5170898 0.04058838
vt 0.5170898 0.04058838
vt 0.5166016 0.04058838
vt 0.515625 0.04058838
vt 0.5170898 0.04058838
vt 0.5166016 0.04058838
vt 0.5151367 0.04058838
vt 0.5180664 0.04058838
vt 0.5185547 0.04058838
vt 0.7529297 0.5820313
vt 0.7529297 0.5820313
vt 0.7529297 0.5820313
vt 0.7529297 0.5820313
vt 0.7529297 0.5820313
vt 0.7529297 0.5820313
vt 0.7529297 0.5820313
vt 0.7529297 0.5820313
vt 0.7529297 0.5820313
vt 0.7529297 0.5820313
vt 0.7529297 0.5820313
vt 0.7529297 0.5820313
vt 0.7529297 0.5820313
vt 0.7529297 0.5820313
vt 0.7529297 0.5820313
vt 0.7529297 0.5820313
vt 0.7529297 0.5820313
vt 0.7529297 0.5820313
vt 0.7529297 0.5820313
vt 0.7529297 0.5820313
vt 0.7529297 0.5820313
vt 0.7529297 0.5820313
vt 0.7529297 0.5820313
vt 0.7529297 0.5820313
vt 0.7529297 0.5820313
vt 0.7529297 0.5820313
vt 0.7529297 0.5820313
vt 0.7529297 0.5820313
vt 0.7529297 0.5820313
vt 0.7529297 0.5820313
vt 0.7529297 0.5820313
vt 0.7529297 0.5820313
vt 0.7529297 0.5820313
vt 0.7529297 0.5820313
vt 0.7529297 0.5820313
vt 0.7529297 0.5820313
vt 0.7529297 0.5820313
vt 0.7529297 0.5820313
vt 0.7529297 0.5820313
vt 0.7529297 0.5820313
vt 0.7529297 0.5820313
vt 0.7529297 0.5820313
vt 0.7529297 0.5820313
vt 0.7529297 0.5820313
vt 0.7529297 0.5820313
vt 0.7529297 0.5820313
vt 0.7529297 0.5820313
vt 0.7529297 0.5820313
vt 0.7529297 0.5820313
vt 0.7529297 0.5820313
vt 0.7529297 0.5820313
vt 0.7529297 0.5820313
vt 0.7529297 0.5820313
vt 0.7529297 0.5820313
vt 0.7529297 0.5820313
vt 0.7529297 0.5820313
vt 0.5141602 0.03701782
vt 0.5141602 0.03701782
vt 0.5141602 0.03701782
vt 0.5141602 0.03701782
vt 0.1490479 0.887207
vt 0.1491699 0.887207
vt 0.1490479 0.887207
vt 0.1491699 0.887207
vt 0.7529297 0.5820313
vt 0.7529297 0.5820313
vt 0.7529297 0.5820313
vt 0.7529297 0.5820313
vt 0.7529297 0.5820313
vt 0.7529297 0.5820313
vt 0.7529297 0.5820313
vt 0.7529297 0.5820313
vt 0.7529297 0.5820313
vt 0.7529297 0.5820313
vt 0.7529297 0.5820313
vt 0.7529297 0.5820313
vt 0.7529297 0.5820313
vt 0.7529297 0.5820313
vt 0.7529297 0.5820313
vt 0.7529297 0.5820313
vt 0.7529297 0.5820313
vt 0.7529297 0.5820313
vt 0.7529297 0.5820313
vt 0.7529297 0.5820313
vt 0.7529297 0.5820313
vt 0.7529297 0.5820313
vt 0.7529297 0.5820313
vt 0.7529297 0.5820313
vt 0.7529297 0.5820313
vt 0.7529297 0.5820313
vt 0.7529297 0.5820313
vt 0.7529297 0.5820313
vt 0.7529297 0.5820313
vt 0.7529297 0.5820313
vt 0.7529297 0.5820313
vt 0.7529297 0.5820313
vt 0.7529297 0.5820313
vt 0.7529297 0.5820313
vt 0.7529297 0.5820313
vt 0.7529297 0.5820313
vt 0.7529297 0.5820313
vt 0.7529297 0.5820313
vt 0.7529297 0.5820313
vt 0.7529297 0.5820313
vt 0.7529297 0.5820313
vt 0.7529297 0.5820313
vt 0.7529297 0.5820313
vt 0.7529297 0.5820313
vt 0.7529297 0.5820313
vt 0.7529297 0.5820313
vt 0.7529297 0.5820313
vt 0.7529297 0.5820313
vt 0.7529297 0.5820313
vt 0.7529297 0.5820313
vt 0.7529297 0.5820313
vt 0.7529297 0.5820313
vt 0.7529297 0.5820313
vt 0.7529297 0.5820313
vt 0.7529297 0.5820313
vt 0.7529297 0.5820313
vt 0.5141602 0.03701782
vt 0.5141602 0.03701782
vt 0.5141602 0.03701782
vt 0.5141602 0.03701782
vt 0.1490479 0.887207
vt 0.1491699 0.887207
vt 0.1490479 0.887207
vt 0.1491699 0.887207
vt 0.8505859 0.5029297
vt 0.8505859 0.5029297
vt 0.8505859 0.5029297
vt 0.8505859 0.5029297
vt 0.8505859 0.5029297
vt 0.8505859 0.5029297
vt 0.8505859 0.5029297
vt 0.8505859 0.5029297
vt 0.8505859 0.5029297
vt 0.8505859 0.5029297
vt 0.8505859 0.5029297
vt 0.8505859 0.5029297
vt 0.8505859 0.5029297
vt 0.8505859 0.5029297
vt 0.8505859 0.5029297
vt 0.8505859 0.5029297
vt 0.8505859 0.5029297
vt 0.8505859 0.5029297
vt 0.8505859 0.5029297
vt 0.8505859 0.5029297
vt 0.8505859 0.5029297
vt 0.8505859 0.5029297
vt 0.8505859 0.5029297
vt 0.8505859 0.5029297
vt 0.6811523 0.496582
vt 0.6811523 0.496582
vt 0.6811523 0.496582
vt 0.6811523 0.496582
vt 0.8505859 0.5019531
vt 0.8505859 0.5019531
vt 0.8505859 0.5019531
vt 0.8505859 0.5019531
vt 0.8505859 0.5019531
vt 0.8505859 0.5019531
vt 0.8505859 0.5019531
vt 0.8505859 0.5019531
vt 0.7529297 0.5820313
vt 0.7529297 0.5820313
vt 0.7529297 0.5820313
vt 0.7529297 0.5820313
vt 0.7529297 0.5820313
vt 0.7529297 0.5820313
vt 0.7529297 0.5820313
vt 0.7529297 0.5820313
vt 0.7529297 0.5820313
vt 0.7529297 0.5820313
vt 0.7529297 0.5820313
vt 0.7529297 0.5820313
vt 0.7529297 0.5820313
vt 0.7529297 0.5820313
vt 0.7529297 0.5820313
vt 0.7529297 0.5820313

g Gate_Building_01_1138_16
usemtl Gate_Building_01_1138_16
usemap Gate_Building_01_1138_16
f 1/1/1 3/3/3 2/2/2
f 4/4/4 6/6/6 5/5/5
f 7/7/7 9/9/9 8/8/8
f 10/10/10 12/12/12 11/11/11
f 13/13/13 15/15/15 14/14/14
f 16/16/16 18/18/18 17/17/17
f 19/19/19 21/21/21 20/20/20
f 22/22/22 24/24/24 23/23/23
f 25/25/25 27/27/27 26/26/26
f 28/28/28 30/30/30 29/29/29
f 31/31/31 33/33/33 32/32/32
f 34/34/34 36/36/36 35/35/35
f 37/37/37 39/39/39 38/38/38
f 40/40/40 42/42/42 41/41/41
f 43/43/43 45/45/45 44/44/44
f 46/46/46 48/48/48 47/47/47
f 49/49/49 51/51/51 50/50/50
f 52/52/52 54/54/54 53/53/53
f 55/55/55 57/57/57 56/56/56
f 58/58/58 60/60/60 59/59/59
f 61/61/61 63/63/63 62/62/62
f 64/64/64 66/66/66 65/65/65
f 67/67/67 69/69/69 68/68/68
f 70/70/70 72/72/72 71/71/71
f 73/73/73 75/75/75 74/74/74
f 76/76/76 78/78/78 77/77/77
f 79/79/79 81/81/81 80/80/80
f 82/82/82 84/84/84 83/83/83
f 85/85/85 87/87/87 86/86/86
f 88/88/88 90/90/90 89/89/89
f 91/91/91 93/93/93 92/92/92
f 94/94/94 96/96/96 95/95/95
f 97/97/97 99/99/99 98/98/98
f 100/100/100 102/102/102 101/101/101
f 103/103/103 105/105/105 104/104/104
f 106/106/106 108/108/108 107/107/107
f 109/109/109 111/111/111 110/110/110
f 112/112/112 114/114/114 113/113/113
f 115/115/115 117/117/117 116/116/116
f 118/118/118 120/120/120 119/119/119
f 119/119/119 121/121/121 118/118/118
f 121/121/121 119/119/119 122/122/122
f 122/122/122 123/123/123 121/121/121
f 124/124/124 126/126/126 125/125/125
f 125/125/125 127/127/127 124/124/124
f 127/127/127 125/125/125 128/128/128
f 128/128/128 129/129/129 127/127/127
f 130/130/130 132/132/132 131/131/131
f 131/131/131 133/133/133 130/130/130
f 134/134/134 136/136/136 135/135/135
f 135/135/135 137/137/137 134/134/134
f 137/137/137 135/135/135 138/138/138
f 138/138/138 139/139/139 137/137/137
f 140/140/140 142/142/142 141/141/141
f 141/141/141 143/143/143 140/140/140
f 144/144/144 146/146/146 145/145/145
f 145/145/145 147/147/147 144/144/144
f 144/144/144 147/147/147 148/148/148
f 148/148/148 149/149/149 144/144/144
f 150/150/150 152/152/152 151/151/151
f 151/151/151 153/153/153 150/150/150
f 154/154/154 156/156/156 155/155/155
f 155/155/155 157/157/157 154/154/154
f 158/158/158 160/160/160 159/159/159
f 159/159/159 161/161/161 158/158/158
f 162/162/162 164/164/164 163/163/163
f 163/163/163 165/165/165 162/162/162
f 163/163/163 166/166/166 165/165/165
f 167/167/167 169/169/169 168/168/168
f 168/168/168 170/170/170 167/167/167
f 171/171/171 167/167/167 170/170/170
f 172/172/172 174/174/174 173/173/173
f 173/173/173 175/175/175 172/172/172
f 176/176/176 178/178/178 177/177/177
f 177/177/177 179/179/179 176/176/176
f 180/180/180 182/182/182 181/181/181
f 181/181/181 183/183/183 180/180/180
f 184/184/184 186/186/186 185/185/185
f 185/185/185 187/187/187 184/184/184
f 188/188/188 190/190/190 189/189/189
f 189/189/189 191/191/191 188/188/188
f 192/192/192 194/194/194 193/193/193
f 193/193/193 195/195/195 192/192/192
f 196/196/196 198/198/198 197/197/197
f 197/197/197 199/199/199 196/196/196
f 200/200/200 202/202/202 201/201/201
f 201/201/201 203/203/203 200/200/200
f 204/204/204 206/206/206 205/205/205
f 205/205/205 207/207/207 204/204/204
f 208/208/208 210/210/210 209/209/209
f 209/209/209 211/211/211 208/208/208
f 212/212/212 214/214/214 213/213/213
f 213/213/213 215/215/215 212/212/212
f 216/216/216 218/218/218 217/217/217
f 217/217/217 219/219/219 216/216/216
f 220/220/220 222/222/222 221/221/221
f 221/221/221 223/223/223 220/220/220
f 224/224/224 226/226/226 225/225/225
f 225/225/225 227/227/227 224/224/224
f 228/228/228 230/230/230 229/229/229
f 229/229/229 231/231/231 228/228/228
f 232/232/232 234/234/234 233/233/233
f 233/233/233 235/235/235 232/232/232
f 236/236/236 238/238/238 237/237/237
f 237/237/237 239/239/239 236/236/236
f 240/240/240 242/242/242 241/241/241
f 241/241/241 243/243/243 240/240/240
f 244/244/244 246/246/246 245/245/245
f 245/245/245 247/247/247 244/244/244
f 248/248/248 250/250/250 249/249/249
f 249/249/249 251/251/251 248/248/248
f 252/252/252 254/254/254 253/253/253
f 253/253/253 255/255/255 252/252/252
f 256/256/256 258/258/258 257/257/257
f 257/257/257 259/259/259 256/256/256
f 260/260/260 262/262/262 261/261/261
f 261/261/261 263/263/263 260/260/260
f 264/264/264 266/266/266 265/265/265
f 265/265/265 267/267/267 264/264/264
f 268/268/268 270/270/270 269/269/269
f 269/269/269 271/271/271 268/268/268
f 272/272/272 274/274/274 273/273/273
f 273/273/273 275/275/275 272/272/272
f 276/276/276 278/278/278 277/277/277
f 277/277/277 279/279/279 276/276/276
f 280/280/280 282/282/282 281/281/281
f 281/281/281 283/283/283 280/280/280
f 284/284/284 286/286/286 285/285/285
f 285/285/285 287/287/287 284/284/284
f 288/288/288 290/290/290 289/289/289
f 289/289/289 291/291/291 288/288/288
f 292/292/292 294/294/294 293/293/293
f 293/293/293 295/295/295 292/292/292
f 296/296/296 298/298/298 297/297/297
f 297/297/297 299/299/299 296/296/296
f 300/300/300 302/302/302 301/301/301
f 301/301/301 303/303/303 300/300/300
f 304/304/304 306/306/306 305/305/305
f 305/305/305 307/307/307 304/304/304
f 308/308/308 310/310/310 309/309/309
f 309/309/309 311/311/311 308/308/308
f 312/312/312 314/314/314 313/313/313
f 313/313/313 315/315/315 312/312/312
f 316/316/316 318/318/318 317/317/317
f 317/317/317 319/319/319 316/316/316
f 320/320/320 322/322/322 321/321/321
f 321/321/321 323/323/323 320/320/320
f 324/324/324 326/326/326 325/325/325
f 325/325/325 327/327/327 324/324/324
f 328/328/328 330/330/330 329/329/329
f 329/329/329 331/331/331 328/328/328
f 332/332/332 334/334/334 333/333/333
f 333/333/333 335/335/335 332/332/332
f 336/336/336 338/338/338 337/337/337
f 337/337/337 339/339/339 336/336/336
f 340/340/340 342/342/342 341/341/341
f 341/341/341 343/343/343 340/340/340
f 344/344/344 346/346/346 345/345/345
f 345/345/345 347/347/347 344/344/344
f 348/348/348 350/350/350 349/349/349
f 349/349/349 351/351/351 348/348/348
f 352/352/352 354/354/354 353/353/353
f 353/353/353 355/355/355 352/352/352
f 356/356/356 358/358/358 357/357/357
f 357/357/357 359/359/359 356/356/356
f 360/360/360 362/362/362 361/361/361
f 361/361/361 363/363/363 360/360/360
f 364/364/364 366/366/366 365/365/365
f 365/365/365 367/367/367 364/364/364
f 368/368/368 370/370/370 369/369/369
f 369/369/369 371/371/371 368/368/368
f 372/372/372 374/374/374 373/373/373
f 373/373/373 375/375/375 372/372/372
f 376/376/376 378/378/378 377/377/377
f 377/377/377 379/379/379 376/376/376
f 380/380/380 382/382/382 381/381/381
f 381/381/381 383/383/383 380/380/380
f 384/384/384 386/386/386 385/385/385
f 385/385/385 387/387/387 384/384/384
f 388/388/388 390/390/390 389/389/389
f 389/389/389 391/391/391 388/388/388
f 392/392/392 394/394/394 393/393/393
f 393/393/393 395/395/395 392/392/392
f 396/396/396 398/398/398 397/397/397
f 397/397/397 399/399/399 396/396/396
f 400/400/400 402/402/402 401/401/401
f 401/401/401 403/403/403 400/400/400
f 404/404/404 406/406/406 405/405/405
f 405/405/405 407/407/407 404/404/404
f 408/408/408 410/410/410 409/409/409
f 409/409/409 411/411/411 408/408/408
f 412/412/412 414/414/414 413/413/413
f 413/413/413 415/415/415 412/412/412
f 416/416/416 418/418/418 417/417/417
f 417/417/417 419/419/419 416/416/416
f 420/420/420 422/422/422 421/421/421
f 421/421/421 423/423/423 420/420/420
f 424/424/424 426/426/426 425/425/425
f 425/425/425 427/427/427 424/424/424
f 428/428/428 430/430/430 429/429/429
f 429/429/429 431/431/431 428/428/428
f 432/432/432 434/434/434 433/433/433
f 433/433/433 435/435/435 432/432/432
f 436/436/436 438/438/438 437/437/437
f 437/437/437 439/439/439 436/436/436
f 440/440/440 442/442/442 441/441/441
f 441/441/441 443/443/443 440/440/440
f 444/444/444 446/446/446 445/445/445
f 445/445/445 447/447/447 444/444/444
f 448/448/448 450/450/450 449/449/449
f 449/449/449 451/451/451 448/448/448
f 452/452/452 454/454/454 453/453/453
f 453/453/453 455/455/455 452/452/452
f 456/456/456 458/458/458 457/457/457
f 457/457/457 459/459/459 456/456/456
f 460/460/460 462/462/462 461/461/461
f 461/461/461 463/463/463 460/460/460
f 464/464/464 466/466/466 465/465/465
f 465/465/465 467/467/467 464/464/464
f 468/468/468 470/470/470 469/469/469
f 469/469/469 471/471/471 468/468/468
f 472/472/472 474/474/474 473/473/473
f 473/473/473 475/475/475 472/472/472
f 476/476/476 478/478/478 477/477/477
f 477/477/477 479/479/479 476/476/476
f 480/480/480 482/482/482 481/481/481
f 481/481/481 483/483/483 480/480/480
f 484/484/484 486/486/486 485/485/485
f 485/485/485 487/487/487 484/484/484
f 488/488/488 490/490/490 489/489/489
f 489/489/489 491/491/491 488/488/488
f 492/492/492 494/494/494 493/493/493
f 493/493/493 495/495/495 492/492/492
f 496/496/496 498/498/498 497/497/497
f 497/497/497 499/499/499 496/496/496
f 500/500/500 502/502/502 501/501/501
f 501/501/501 503/503/503 500/500/500
f 504/504/504 506/506/506 505/505/505
f 505/505/505 507/507/507 504/504/504
f 508/508/508 510/510/510 509/509/509
f 509/509/509 511/511/511 508/508/508
f 512/512/512 514/514/514 513/513/513
f 513/513/513 515/515/515 512/512/512
f 516/516/516 518/518/518 517/517/517
f 517/517/517 519/519/519 516/516/516
f 520/520/520 522/522/522 521/521/521
f 521/521/521 523/523/523 520/520/520
f 524/524/524 526/526/526 525/525/525
f 525/525/525 527/527/527 524/524/524
f 528/528/528 530/530/530 529/529/529
f 529/529/529 531/531/531 528/528/528
f 532/532/532 534/534/534 533/533/533
f 533/533/533 535/535/535 532/532/532
f 536/536/536 538/538/538 537/537/537
f 537/537/537 539/539/539 536/536/536
f 540/540/540 542/542/542 541/541/541
f 541/541/541 543/543/543 540/540/540
f 544/544/544 546/546/546 545/545/545
f 545/545/545 547/547/547 544/544/544
f 548/548/548 550/550/550 549/549/549
f 549/549/549 551/551/551 548/548/548
f 552/552/552 554/554/554 553/553/553
f 553/553/553 555/555/555 552/552/552
f 556/556/556 558/558/558 557/557/557
f 557/557/557 559/559/559 556/556/556
f 560/560/560 562/562/562 561/561/561
f 561/561/561 563/563/563 560/560/560
f 564/564/564 566/566/566 565/565/565
f 565/565/565 567/567/567 564/564/564
f 568/568/568 570/570/570 569/569/569
f 569/569/569 571/571/571 568/568/568
f 572/572/572 574/574/574 573/573/573
f 573/573/573 575/575/575 572/572/572
f 576/576/576 578/578/578 577/577/577
f 577/577/577 579/579/579 576/576/576
f 580/580/580 582/582/582 581/581/581
f 581/581/581 583/583/583 580/580/580
f 584/584/584 586/586/586 585/585/585
f 585/585/585 587/587/587 584/584/584
f 588/588/588 590/590/590 589/589/589
f 589/589/589 591/591/591 588/588/588
f 592/592/592 594/594/594 593/593/593
f 593/593/593 595/595/595 592/592/592
f 596/596/596 598/598/598 597/597/597
f 597/597/597 599/599/599 596/596/596
f 600/600/600 602/602/602 601/601/601
f 601/601/601 603/603/603 600/600/600
f 604/604/604 606/606/606 605/605/605
f 605/605/605 607/607/607 604/604/604
f 608/608/608 610/610/610 609/609/609
f 609/609/609 611/611/611 608/608/608
f 612/612/612 614/614/614 613/613/613
f 613/613/613 615/615/615 612/612/612
f 616/616/616 618/618/618 617/617/617
f 617/617/617 619/619/619 616/616/616
f 620/620/620 622/622/622 621/621/621
f 621/621/621 623/623/623 620/620/620
f 624/624/624 626/626/626 625/625/625
f 625/625/625 627/627/627 624/624/624
f 628/628/628 630/630/630 629/629/629
f 629/629/629 631/631/631 628/628/628
f 632/632/632 634/634/634 633/633/633
f 633/633/633 635/635/635 632/632/632
f 636/636/636 638/638/638 637/637/637
f 637/637/637 639/639/639 636/636/636
f 640/640/640 642/642/642 641/641/641
f 641/641/641 643/643/643 640/640/640
f 644/644/644 646/646/646 645/645/645
f 645/645/645 647/647/647 644/644/644
f 648/648/648 650/650/650 649/649/649
f 649/649/649 651/651/651 648/648/648
f 652/652/652 654/654/654 653/653/653
f 653/653/653 655/655/655 652/652/652
f 656/656/656 658/658/658 657/657/657
f 657/657/657 659/659/659 656/656/656
f 660/660/660 662/662/662 661/661/661
f 661/661/661 663/663/663 660/660/660
f 664/664/664 666/666/666 665/665/665
f 665/665/665 667/667/667 664/664/664
f 668/668/668 670/670/670 669/669/669
f 669/669/669 671/671/671 668/668/668
f 672/672/672 674/674/674 673/673/673
f 673/673/673 675/675/675 672/672/672
f 676/676/676 678/678/678 677/677/677
f 677/677/677 679/679/679 676/676/676
f 680/680/680 682/682/682 681/681/681
f 681/681/681 683/683/683 680/680/680
f 684/684/684 686/686/686 685/685/685
f 685/685/685 687/687/687 684/684/684
f 688/688/688 690/690/690 689/689/689
f 689/689/689 691/691/691 688/688/688
f 692/692/692 694/694/694 693/693/693
f 693/693/693 695/695/695 692/692/692
f 696/696/696 698/698/698 697/697/697
f 697/697/697 699/699/699 696/696/696
f 700/700/700 702/702/702 701/701/701
f 701/701/701 703/703/703 700/700/700
f 704/704/704 706/706/706 705/705/705
f 705/705/705 707/707/707 704/704/704
f 708/708/708 710/710/710 709/709/709
f 709/709/709 711/711/711 708/708/708
f 712/712/712 714/714/714 713/713/713
f 713/713/713 715/715/715 712/712/712
f 716/716/716 718/718/718 717/717/717
f 717/717/717 719/719/719 716/716/716
f 720/720/720 722/722/722 721/721/721
f 721/721/721 723/723/723 720/720/720
f 724/724/724 726/726/726 725/725/725
f 725/725/725 727/727/727 724/724/724
f 728/728/728 730/730/730 729/729/729
f 729/729/729 731/731/731 728/728/728
f 732/732/732 734/734/734 733/733/733
f 733/733/733 735/735/735 732/732/732
f 736/736/736 738/738/738 737/737/737
f 737/737/737 739/739/739 736/736/736
f 740/740/740 742/742/742 741/741/741
f 741/741/741 743/743/743 740/740/740
f 744/744/744 746/746/746 745/745/745
f 745/745/745 747/747/747 744/744/744
f 748/748/748 750/750/750 749/749/749
f 749/749/749 751/751/751 748/748/748
f 752/752/752 754/754/754 753/753/753
f 753/753/753 755/755/755 752/752/752
f 756/756/756 758/758/758 757/757/757
f 757/757/757 759/759/759 756/756/756
f 760/760/760 762/762/762 761/761/761
f 761/761/761 763/763/763 760/760/760
f 764/764/764 766/766/766 765/765/765
f 765/765/765 767/767/767 764/764/764
f 768/768/768 770/770/770 769/769/769
f 769/769/769 771/771/771 768/768/768
f 772/772/772 774/774/774 773/773/773
f 773/773/773 775/775/775 772/772/772
f 776/776/776 778/778/778 777/777/777
f 777/777/777 779/779/779 776/776/776
f 780/780/780 782/782/782 781/781/781
f 781/781/781 783/783/783 780/780/780
f 784/784/784 786/786/786 785/785/785
f 785/785/785 787/787/787 784/784/784
f 788/788/788 790/790/790 789/789/789
f 789/789/789 791/791/791 788/788/788
f 792/792/792 794/794/794 793/793/793
f 793/793/793 795/795/795 792/792/792
f 796/796/796 798/798/798 797/797/797
f 797/797/797 799/799/799 796/796/796
f 800/800/800 802/802/802 801/801/801
f 801/801/801 803/803/803 800/800/800
f 804/804/804 806/806/806 805/805/805
f 805/805/805 807/807/807 804/804/804
f 808/808/808 810/810/810 809/809/809
f 809/809/809 811/811/811 808/808/808
f 812/812/812 814/814/814 813/813/813
f 813/813/813 815/815/815 812/812/812
f 816/816/816 818/818/818 817/817/817
f 817/817/817 819/819/819 816/816/816
f 820/820/820 822/822/822 821/821/821
f 821/821/821 823/823/823 820/820/820
f 824/824/824 826/826/826 825/825/825
f 825/825/825 827/827/827 824/824/824
f 828/828/828 830/830/830 829/829/829
f 829/829/829 831/831/831 828/828/828
f 832/832/832 834/834/834 833/833/833
f 833/833/833 835/835/835 832/832/832
f 836/836/836 838/838/838 837/837/837
f 837/837/837 839/839/839 836/836/836
f 840/840/840 842/842/842 841/841/841
f 841/841/841 843/843/843 840/840/840
f 844/844/844 846/846/846 845/845/845
f 845/845/845 847/847/847 844/844/844
f 848/848/848 850/850/850 849/849/849
f 849/849/849 851/851/851 848/848/848
f 852/852/852 854/854/854 853/853/853
f 853/853/853 855/855/855 852/852/852
f 856/856/856 858/858/858 857/857/857
f 857/857/857 859/859/859 856/856/856
f 860/860/860 862/862/862 861/861/861
f 861/861/861 863/863/863 860/860/860
f 864/864/864 866/866/866 865/865/865
f 865/865/865 867/867/867 864/864/864
f 868/868/868 870/870/870 869/869/869
f 869/869/869 871/871/871 868/868/868
f 872/872/872 874/874/874 873/873/873
f 873/873/873 875/875/875 872/872/872
f 876/876/876 878/878/878 877/877/877
f 877/877/877 879/879/879 876/876/876
f 880/880/880 882/882/882 881/881/881
f 881/881/881 883/883/883 880/880/880
f 884/884/884 886/886/886 885/885/885
f 885/885/885 887/887/887 884/884/884
f 888/888/888 890/890/890 889/889/889
f 889/889/889 891/891/891 888/888/888
f 892/892/892 894/894/894 893/893/893
f 893/893/893 895/895/895 892/892/892
f 896/896/896 898/898/898 897/897/897
f 897/897/897 899/899/899 896/896/896
f 900/900/900 902/902/902 901/901/901
f 901/901/901 903/903/903 900/900/900
f 904/904/904 906/906/906 905/905/905
f 905/905/905 907/907/907 904/904/904
f 908/908/908 910/910/910 909/909/909
f 909/909/909 911/911/911 908/908/908
f 912/912/912 914/914/914 913/913/913
f 913/913/913 915/915/915 912/912/912
f 916/916/916 912/912/912 915/915/915
f 915/915/915 917/917/917 916/916/916
f 918/918/918 916/916/916 917/917/917
f 917/917/917 919/919/919 918/918/918
f 920/920/920 918/918/918 919/919/919
f 919/919/919 921/921/921 920/920/920
f 922/922/922 920/920/920 921/921/921
f 921/921/921 923/923/923 922/922/922
f 924/924/924 922/922/922 923/923/923
f 923/923/923 925/925/925 924/924/924
f 926/926/926 928/928/928 927/927/927
f 927/927/927 929/929/929 926/926/926
f 930/930/930 932/932/932 931/931/931
f 931/931/931 933/933/933 930/930/930
f 934/934/934 936/936/936 935/935/935
f 935/935/935 937/937/937 934/934/934
f 938/938/938 940/940/940 939/939/939
f 939/939/939 941/941/941 938/938/938
f 942/942/942 944/944/944 943/943/943
f 943/943/943 945/945/945 942/942/942
f 946/946/946 948/948/948 947/947/947
f 947/947/947 949/949/949 946/946/946
f 950/950/950 952/952/952 951/951/951
f 951/951/951 953/953/953 950/950/950
f 953/953/953 951/951/951 954/954/954
f 954/954/954 955/955/955 953/953/953
f 956/956/956 958/958/958 957/957/957
f 957/957/957 959/959/959 956/956/956
f 960/960/960 962/962/962 961/961/961
f 961/961/961 963/963/963 960/960/960
f 964/964/964 966/966/966 965/965/965
f 965/965/965 967/967/967 964/964/964
f 968/968/968 970/970/970 969/969/969
f 969/969/969 971/971/971 968/968/968
f 972/972/972 974/974/974 973/973/973
f 973/973/973 975/975/975 972/972/972
f 976/976/976 978/978/978 977/977/977
f 977/977/977 979/979/979 976/976/976
f 980/980/980 982/982/982 981/981/981
f 981/981/981 983/983/983 980/980/980
f 984/984/984 980/980/980 983/983/983
f 983/983/983 985/985/985 984/984/984
f 986/986/986 984/984/984 985/985/985
f 985/985/985 987/987/987 986/986/986
f 988/988/988 986/986/986 987/987/987
f 987/987/987 989/989/989 988/988/988
f 990/990/990 988/988/988 989/989/989
f 989/989/989 991/991/991 990/990/990
f 992/992/992 990/990/990 991/991/991
f 991/991/991 993/993/993 992/992/992
f 994/994/994 996/996/996 995/995/995
f 995/995/995 997/997/997 994/994/994
f 998/998/998 1000/1000/1000 999/999/999
f 999/999/999 1001/1001/1001 998/998/998
f 1002/1002/1002 1004/1004/1004 1003/1003/1003
f 1003/1003/1003 1005/1005/1005 1002/1002/1002
f 1006/1006/1006 1008/1008/1008 1007/1007/1007
f 1007/1007/1007 1009/1009/1009 1006/1006/1006
f 1010/1010/1010 1012/1012/1012 1011/1011/1011
f 1011/1011/1011 1013/1013/1013 1010/1010/1010
f 1014/1014/1014 1016/1016/1016 1015/1015/1015
f 1015/1015/1015 1017/1017/1017 1014/1014/1014
f 1018/1018/1018 1020/1020/1020 1019/1019/1019
f 1019/1019/1019 1021/1021/1021 1018/1018/1018
f 1021/1021/1021 1019/1019/1019 1022/1022/1022
f 1022/1022/1022 1023/1023/1023 1021/1021/1021
f 1024/1024/1024 1026/1026/1026 1025/1025/1025
f 1025/1025/1025 1027/1027/1027 1024/1024/1024
f 1028/1028/1028 1030/1030/1030 1029/1029/1029
f 1029/1029/1029 1031/1031/1031 1028/1028/1028
f 1032/1032/1032 1034/1034/1034 1033/1033/1033
f 1033/1033/1033 1035/1035/1035 1032/1032/1032
f 1036/1036/1036 1038/1038/1038 1037/1037/1037
f 1037/1037/1037 1039/1039/1039 1036/1036/1036
f 1040/1040/1040 1042/1042/1042 1041/1041/1041
f 1041/1041/1041 1043/1043/1043 1040/1040/1040
f 1044/1044/1044 1046/1046/1046 1045/1045/1045
f 1045/1045/1045 1047/1047/1047 1044/1044/1044
f 1048/1048/1048 1050/1050/1050 1049/1049/1049
f 1049/1049/1049 1051/1051/1051 1048/1048/1048
f 1052/1052/1052 1048/1048/1048 1051/1051/1051
f 1051/1051/1051 1053/1053/1053 1052/1052/1052
f 1054/1054/1054 1052/1052/1052 1053/1053/1053
f 1053/1053/1053 1055/1055/1055 1054/1054/1054
f 1056/1056/1056 1054/1054/1054 1055/1055/1055
f 1055/1055/1055 1057/1057/1057 1056/1056/1056
f 1058/1058/1058 1056/1056/1056 1057/1057/1057
f 1057/1057/1057 1059/1059/1059 1058/1058/1058
f 1060/1060/1060 1058/1058/1058 1059/1059/1059
f 1059/1059/1059 1061/1061/1061 1060/1060/1060
f 1062/1062/1062 1064/1064/1064 1063/1063/1063
f 1063/1063/1063 1065/1065/1065 1062/1062/1062
f 1066/1066/1066 1068/1068/1068 1067/1067/1067
f 1067/1067/1067 1069/1069/1069 1066/1066/1066
f 1070/1070/1070 1072/1072/1072 1071/1071/1071
f 1071/1071/1071 1073/1073/1073 1070/1070/1070
f 1074/1074/1074 1076/1076/1076 1075/1075/1075
f 1075/1075/1075 1077/1077/1077 1074/1074/1074
f 1078/1078/1078 1080/1080/1080 1079/1079/1079
f 1079/1079/1079 1081/1081/1081 1078/1078/1078
f 1082/1082/1082 1084/1084/1084 1083/1083/1083
f 1083/1083/1083 1085/1085/1085 1082/1082/1082
f 1086/1086/1086 1088/1088/1088 1087/1087/1087
f 1087/1087/1087 1089/1089/1089 1086/1086/1086
f 1089/1089/1089 1087/1087/1087 1090/1090/1090
f 1090/1090/1090 1091/1091/1091 1089/1089/1089
f 1092/1092/1092 1094/1094/1094 1093/1093/1093
f 1093/1093/1093 1095/1095/1095 1092/1092/1092
f 1096/1096/1096 1098/1098/1098 1097/1097/1097
f 1097/1097/1097 1099/1099/1099 1096/1096/1096
f 1100/1100/1100 1102/1102/1102 1101/1101/1101
f 1101/1101/1101 1103/1103/1103 1100/1100/1100
f 1104/1104/1104 1106/1106/1106 1105/1105/1105
f 1105/1105/1105 1107/1107/1107 1104/1104/1104
f 1108/1108/1108 1110/1110/1110 1109/1109/1109
f 1109/1109/1109 1111/1111/1111 1108/1108/1108
f 1112/1112/1112 1114/1114/1114 1113/1113/1113
f 1113/1113/1113 1115/1115/1115 1112/1112/1112
f 1116/1116/1116 1118/1118/1118 1117/1117/1117
f 1117/1117/1117 1119/1119/1119 1116/1116/1116
f 1120/1120/1120 1116/1116/1116 1119/1119/1119
f 1119/1119/1119 1121/1121/1121 1120/1120/1120
f 1122/1122/1122 1120/1120/1120 1121/1121/1121
f 1121/1121/1121 1123/1123/1123 1122/1122/1122
f 1124/1124/1124 1122/1122/1122 1123/1123/1123
f 1123/1123/1123 1125/1125/1125 1124/1124/1124
f 1126/1126/1126 1124/1124/1124 1125/1125/1125
f 1125/1125/1125 1127/1127/1127 1126/1126/1126
f 1128/1128/1128 1126/1126/1126 1127/1127/1127
f 1127/1127/1127 1129/1129/1129 1128/1128/1128
f 1130/1130/1130 1132/1132/1132 1131/1131/1131
f 1131/1131/1131 1133/1133/1133 1130/1130/1130
f 1134/1134/1134 1136/1136/1136 1135/1135/1135
f 1135/1135/1135 1137/1137/1137 1134/1134/1134
f 1138/1138/1138 1140/1140/1140 1139/1139/1139
f 1139/1139/1139 1141/1141/1141 1138/1138/1138
f 1142/1142/1142 1144/1144/1144 1143/1143/1143
f 1143/1143/1143 1145/1145/1145 1142/1142/1142
f 1146/1146/1146 1148/1148/1148 1147/1147/1147
f 1147/1147/1147 1149/1149/1149 1146/1146/1146
f 1150/1150/1150 1152/1152/1152 1151/1151/1151
f 1151/1151/1151 1153/1153/1153 1150/1150/1150
f 1154/1154/1154 1156/1156/1156 1155/1155/1155
f 1155/1155/1155 1157/1157/1157 1154/1154/1154
f 1158/1158/1158 1160/1160/1160 1159/1159/1159
f 1159/1159/1159 1161/1161/1161 1158/1158/1158
f 1162/1162/1162 1164/1164/1164 1163/1163/1163
f 1163/1163/1163 1165/1165/1165 1162/1162/1162
f 1166/1166/1166 1168/1168/1168 1167/1167/1167
f 1167/1167/1167 1169/1169/1169 1166/1166/1166
f 1170/1170/1170 1172/1172/1172 1171/1171/1171
f 1171/1171/1171 1173/1173/1173 1170/1170/1170
f 1174/1174/1174 1176/1176/1176 1175/1175/1175
f 1175/1175/1175 1177/1177/1177 1174/1174/1174
f 1178/1178/1178 1180/1180/1180 1179/1179/1179
f 1179/1179/1179 1181/1181/1181 1178/1178/1178
f 1182/1182/1182 1184/1184/1184 1183/1183/1183
f 1183/1183/1183 1185/1185/1185 1182/1182/1182
f 1186/1186/1186 1188/1188/1188 1187/1187/1187
f 1187/1187/1187 1189/1189/1189 1186/1186/1186
f 1190/1190/1190 1192/1192/1192 1191/1191/1191
f 1191/1191/1191 1193/1193/1193 1190/1190/1190
f 1194/1194/1194 1196/1196/1196 1195/1195/1195
f 1195/1195/1195 1197/1197/1197 1194/1194/1194
f 1198/1198/1198 1200/1200/1200 1199/1199/1199
f 1199/1199/1199 1201/1201/1201 1198/1198/1198
f 1202/1202/1202 1204/1204/1204 1203/1203/1203
f 1203/1203/1203 1205/1205/1205 1202/1202/1202
f 1206/1206/1206 1208/1208/1208 1207/1207/1207
f 1207/1207/1207 1209/1209/1209 1206/1206/1206
f 1210/1210/1210 1212/1212/1212 1211/1211/1211
f 1211/1211/1211 1213/1213/1213 1210/1210/1210
f 1214/1214/1214 1216/1216/1216 1215/1215/1215
f 1215/1215/1215 1217/1217/1217 1214/1214/1214
f 1218/1218/1218 1220/1220/1220 1219/1219/1219
f 1219/1219/1219 1221/1221/1221 1218/1218/1218
f 1222/1222/1222 1224/1224/1224 1223/1223/1223
f 1223/1223/1223 1225/1225/1225 1222/1222/1222
f 1226/1226/1226 1228/1228/1228 1227/1227/1227
f 1227/1227/1227 1229/1229/1229 1226/1226/1226
f 1230/1230/1230 1226/1226/1226 1229/1229/1229
f 1229/1229/1229 1231/1231/1231 1230/1230/1230
f 1232/1232/1232 1230/1230/1230 1231/1231/1231
f 1231/1231/1231 1233/1233/1233 1232/1232/1232
f 1234/1234/1234 1232/1232/1232 1233/1233/1233
f 1233/1233/1233 1235/1235/1235 1234/1234/1234
f 1236/1236/1236 1234/1234/1234 1235/1235/1235
f 1235/1235/1235 1237/1237/1237 1236/1236/1236
f 1238/1238/1238 1236/1236/1236 1237/1237/1237
f 1237/1237/1237 1239/1239/1239 1238/1238/1238
f 1240/1240/1240 1242/1242/1242 1241/1241/1241
f 1241/1241/1241 1243/1243/1243 1240/1240/1240
f 1244/1244/1244 1246/1246/1246 1245/1245/1245
f 1245/1245/1245 1247/1247/1247 1244/1244/1244
f 1248/1248/1248 1250/1250/1250 1249/1249/1249
f 1249/1249/1249 1251/1251/1251 1248/1248/1248
f 1252/1252/1252 1254/1254/1254 1253/1253/1253
f 1253/1253/1253 1255/1255/1255 1252/1252/1252
f 1256/1256/1256 1258/1258/1258 1257/1257/1257
f 1257/1257/1257 1259/1259/1259 1256/1256/1256
f 1260/1260/1260 1262/1262/1262 1261/1261/1261
f 1261/1261/1261 1263/1263/1263 1260/1260/1260
f 1264/1264/1264 1266/1266/1266 1265/1265/1265
f 1265/1265/1265 1267/1267/1267 1264/1264/1264
f 1267/1267/1267 1265/1265/1265 1268/1268/1268
f 1268/1268/1268 1269/1269/1269 1267/1267/1267
f 1270/1270/1270 1272/1272/1272 1271/1271/1271
f 1271/1271/1271 1273/1273/1273 1270/1270/1270
f 1274/1274/1274 1276/1276/1276 1275/1275/1275
f 1275/1275/1275 1277/1277/1277 1274/1274/1274
f 1278/1278/1278 1280/1280/1280 1279/1279/1279
f 1279/1279/1279 1281/1281/1281 1278/1278/1278
f 1282/1282/1282 1284/1284/1284 1283/1283/1283
f 1283/1283/1283 1285/1285/1285 1282/1282/1282
f 1286/1286/1286 1288/1288/1288 1287/1287/1287
f 1287/1287/1287 1289/1289/1289 1286/1286/1286
f 1290/1290/1290 1292/1292/1292 1291/1291/1291
f 1291/1291/1291 1293/1293/1293 1290/1290/1290
f 1294/1294/1294 1296/1296/1296 1295/1295/1295
f 1295/1295/1295 1297/1297/1297 1294/1294/1294
f 1298/1298/1298 1300/1300/1300 1299/1299/1299
f 1299/1299/1299 1301/1301/1301 1298/1298/1298
f 1302/1302/1302 1304/1304/1304 1303/1303/1303
f 1303/1303/1303 1305/1305/1305 1302/1302/1302
f 1306/1306/1306 1308/1308/1308 1307/1307/1307
f 1307/1307/1307 1309/1309/1309 1306/1306/1306
f 1310/1310/1310 1312/1312/1312 1311/1311/1311
f 1311/1311/1311 1313/1313/1313 1310/1310/1310
f 1314/1314/1314 1316/1316/1316 1315/1315/1315
f 1315/1315/1315 1317/1317/1317 1314/1314/1314
f 1318/1318/1318 1320/1320/1320 1319/1319/1319
f 1319/1319/1319 1321/1321/1321 1318/1318/1318
f 1322/1322/1322 1324/1324/1324 1323/1323/1323
f 1323/1323/1323 1325/1325/1325 1322/1322/1322
f 1326/1326/1326 1328/1328/1328 1327/1327/1327
f 1327/1327/1327 1329/1329/1329 1326/1326/1326
f 1330/1330/1330 1332/1332/1332 1331/1331/1331
f 1331/1331/1331 1333/1333/1333 1330/1330/1330
f 1334/1334/1334 1336/1336/1336 1335/1335/1335
f 1335/1335/1335 1337/1337/1337 1334/1334/1334
f 1338/1338/1338 1340/1340/1340 1339/1339/1339
f 1339/1339/1339 1341/1341/1341 1338/1338/1338
f 1342/1342/1342 1344/1344/1344 1343/1343/1343
f 1343/1343/1343 1345/1345/1345 1342/1342/1342
f 1346/1346/1346 1348/1348/1348 1347/1347/1347
f 1347/1347/1347 1349/1349/1349 1346/1346/1346
f 1350/1350/1350 1352/1352/1352 1351/1351/1351
f 1351/1351/1351 1353/1353/1353 1350/1350/1350
f 1354/1354/1354 1356/1356/1356 1355/1355/1355
f 1355/1355/1355 1357/1357/1357 1354/1354/1354
f 1358/1358/1358 1360/1360/1360 1359/1359/1359
f 1359/1359/1359 1361/1361/1361 1358/1358/1358
f 1362/1362/1362 1364/1364/1364 1363/1363/1363
f 1363/1363/1363 1365/1365/1365 1362/1362/1362
f 1366/1366/1366 1368/1368/1368 1367/1367/1367
f 1367/1367/1367 1369/1369/1369 1366/1366/1366
f 1370/1370/1370 1372/1372/1372 1371/1371/1371
f 1371/1371/1371 1373/1373/1373 1370/1370/1370
f 1374/1374/1374 1376/1376/1376 1375/1375/1375
f 1375/1375/1375 1377/1377/1377 1374/1374/1374
f 1378/1378/1378 1380/1380/1380 1379/1379/1379
f 1379/1379/1379 1381/1381/1381 1378/1378/1378
f 1382/1382/1382 1384/1384/1384 1383/1383/1383
f 1383/1383/1383 1385/1385/1385 1382/1382/1382
f 1386/1386/1386 1388/1388/1388 1387/1387/1387
f 1387/1387/1387 1389/1389/1389 1386/1386/1386
f 1390/1390/1390 1392/1392/1392 1391/1391/1391
f 1391/1391/1391 1393/1393/1393 1390/1390/1390
f 1394/1394/1394 1396/1396/1396 1395/1395/1395
f 1395/1395/1395 1397/1397/1397 1394/1394/1394
f 1398/1398/1398 1400/1400/1400 1399/1399/1399
f 1399/1399/1399 1401/1401/1401 1398/1398/1398
f 1402/1402/1402 1404/1404/1404 1403/1403/1403
f 1403/1403/1403 1405/1405/1405 1402/1402/1402
f 1406/1406/1406 1408/1408/1408 1407/1407/1407
f 1407/1407/1407 1409/1409/1409 1406/1406/1406
f 1410/1410/1410 1412/1412/1412 1411/1411/1411
f 1411/1411/1411 1413/1413/1413 1410/1410/1410
f 1414/1414/1414 1416/1416/1416 1415/1415/1415
f 1415/1415/1415 1417/1417/1417 1414/1414/1414
f 1418/1418/1418 1420/1420/1420 1419/1419/1419
f 1419/1419/1419 1421/1421/1421 1418/1418/1418
f 1422/1422/1422 1424/1424/1424 1423/1423/1423
f 1423/1423/1423 1425/1425/1425 1422/1422/1422
f 1426/1426/1426 1428/1428/1428 1427/1427/1427
f 1427/1427/1427 1429/1429/1429 1426/1426/1426
f 1430/1430/1430 1427/1427/1427 1428/1428/1428
f 1431/1431/1431 1426/1426/1426 1429/1429/1429
f 1428/1428/1428 1432/1432/1432 1430/1430/1430
f 1429/1429/1429 1433/1433/1433 1431/1431/1431
f 1433/1433/1433 1430/1430/1430 1432/1432/1432
f 1432/1432/1432 1431/1431/1431 1433/1433/1433
f 1434/1434/1434 1436/1436/1436 1435/1435/1435
f 1435/1435/1435 1437/1437/1437 1434/1434/1434
f 1438/1438/1438 1435/1435/1435 1436/1436/1436
f 1439/1439/1439 1434/1434/1434 1437/1437/1437
f 1436/1436/1436 1440/1440/1440 1438/1438/1438
f 1437/1437/1437 1441/1441/1441 1439/1439/1439
f 1441/1441/1441 1438/1438/1438 1440/1440/1440
f 1440/1440/1440 1439/1439/1439 1441/1441/1441
f 1442/1442/1442 1444/1444/1444 1443/1443/1443
f 1443/1443/1443 1445/1445/1445 1442/1442/1442
f 1446/1446/1446 1443/1443/1443 1444/1444/1444
f 1447/1447/1447 1442/1442/1442 1445/1445/1445
f 1444/1444/1444 1448/1448/1448 1446/1446/1446
f 1445/1445/1445 1449/1449/1449 1447/1447/1447
f 1449/1449/1449 1446/1446/1446 1448/1448/1448
f 1448/1448/1448 1447/1447/1447 1449/1449/1449
