#Main_Building_01_(1)_1156_2.obj

v -7.32484 -5.717323 7.16014
v -7.324844 -5.717323 7.16014
v 7.324844 -5.717323 7.16014
v -3.952351 3.111443 22.42218
v -4.319059 3.474365 21.31332
v -3.585641 3.474365 21.31332
v -3.952351 3.111443 22.42218
v -4.319059 2.74852 21.31332
v -4.319059 3.474365 21.31332
v -3.952351 3.111443 22.42218
v -3.585641 2.74852 21.31332
v -4.319059 2.74852 21.31332
v -3.952351 3.111443 22.42218
v -3.585641 3.474365 21.31332
v -3.585641 2.74852 21.31332
v -4.319059 3.474365 21.31332
v -4.140047 2.92569 21.10642
v -4.140047 3.297203 21.10642
v -4.140047 2.92569 21.10642
v -4.319059 3.474365 21.31332
v -4.319059 2.74852 21.31332
v -3.585641 3.474365 21.31332
v -3.764654 2.92569 21.10642
v -3.585641 2.74852 21.31332
v -3.764654 2.92569 21.10642
v -3.585641 3.474365 21.31332
v -3.764654 3.297203 21.10642
v 3.928901 3.111443 22.42218
v 3.562192 3.474365 21.31332
v 4.29561 3.474365 21.31332
v 3.928901 3.111443 22.42218
v 3.562192 2.748528 21.31332
v 3.562192 3.474365 21.31332
v 3.928901 3.111443 22.42218
v 4.29561 2.748528 21.31332
v 3.562192 2.748528 21.31332
v 3.928901 3.111443 22.42218
v 4.29561 3.474365 21.31332
v 4.29561 2.748528 21.31332
v 3.562192 3.474365 21.31332
v 3.741204 2.92569 21.10642
v 3.741204 3.297203 21.10642
v 3.741204 2.92569 21.10642
v 3.562192 3.474365 21.31332
v 3.562192 2.748528 21.31332
v 4.29561 3.474365 21.31332
v 4.116597 2.92569 21.10642
v 4.29561 2.748528 21.31332
v 4.116597 2.92569 21.10642
v 4.29561 3.474365 21.31332
v 4.116597 3.297203 21.10642
v -3.952351 10.89357 22.42218
v -4.319059 11.25649 21.31332
v -3.585641 11.25649 21.31332
v -3.952351 10.89357 22.42218
v -4.319059 10.53065 21.31332
v -4.319059 11.25649 21.31332
v -3.952351 10.89357 22.42218
v -3.585641 10.53065 21.31332
v -4.319059 10.53065 21.31332
v -3.952351 10.89357 22.42218
v -3.585641 11.25649 21.31332
v -3.585641 10.53065 21.31332
v -4.319059 11.25649 21.31332
v -4.140047 10.70781 21.10642
v -4.140047 11.07933 21.10642
v -4.140047 10.70781 21.10642
v -4.319059 11.25649 21.31332
v -4.319059 10.53065 21.31332
v -3.585641 11.25649 21.31332
v -3.764654 10.70781 21.10642
v -3.585641 10.53065 21.31332
v -3.764654 10.70781 21.10642
v -3.585641 11.25649 21.31332
v -3.764654 11.07933 21.10642
v 3.928901 10.89357 22.42218
v 3.562192 11.25649 21.31332
v 4.29561 11.25649 21.31332
v 3.928901 10.89357 22.42218
v 3.562192 10.53065 21.31332
v 3.562192 11.25649 21.31332
v 3.928901 10.89357 22.42218
v 4.29561 10.53065 21.31332
v 3.562192 10.53065 21.31332
v 3.928901 10.89357 22.42218
v 4.29561 11.25649 21.31332
v 4.29561 10.53065 21.31332
v 3.562192 11.25649 21.31332
v 3.741204 10.70781 21.10642
v 3.741204 11.07933 21.10642
v 3.741204 10.70781 21.10642
v 3.562192 11.25649 21.31332
v 3.562192 10.53065 21.31332
v 4.29561 11.25649 21.31332
v 4.116597 10.70781 21.10642
v 4.29561 10.53065 21.31332
v 4.116597 10.70781 21.10642
v 4.29561 11.25649 21.31332
v 4.116597 11.07933 21.10642
v -1.408444 7.095306 18.25122
v -1.340381 4.678436 18.87327
v -0.676718 5.827919 18.25121
v -1.340381 4.678436 18.87327
v -1.408444 7.095306 18.25122
v -2.735765 7.095306 18.87327
v -0.3120022 -6.428986 2.30243
v -0.4235403 -6.137802 2.193352
v -0.4235403 -6.137802 2.411508
v -0.3120022 -6.428986 2.30243
v -0.2004636 -6.137802 2.411508
v -0.2004636 -6.137802 2.193352
v -0.3120022 -6.428986 2.30243
v -0.4235403 -6.137802 2.411508
v -0.2004636 -6.137802 2.411508
v -0.3120022 -6.428986 2.30243
v -0.2004636 -6.137802 2.193352
v -0.4235403 -6.137802 2.193352
v -0.3120022 -6.428986 3.824836
v -0.4235403 -6.137802 3.715757
v -0.4235403 -6.137802 3.933914
v -0.3120022 -6.428986 3.824836
v -0.2004636 -6.137802 3.933914
v -0.2004636 -6.137802 3.715757
v -0.3120022 -6.428986 3.824836
v -0.4235403 -6.137802 3.933914
v -0.2004636 -6.137802 3.933914
v -0.3120022 -6.428986 3.824836
v -0.2004636 -6.137802 3.715757
v -0.4235403 -6.137802 3.715757
v -0.3120022 -6.428986 0.6047059
v -0.4235403 -6.137802 0.4956271
v -0.4235403 -6.137802 0.7137836
v -0.3120022 -6.428986 0.6047059
v -0.2004636 -6.137802 0.7137836
v -0.2004636 -6.137802 0.4956271
v -0.3120022 -6.428986 0.6047059
v -0.4235403 -6.137802 0.7137836
v -0.2004636 -6.137802 0.7137836
v -0.3120022 -6.428986 0.6047059
v -0.2004636 -6.137802 0.4956271
v -0.4235403 -6.137802 0.4956271
v -1.315897 -6.428986 2.30243
v -1.427436 -6.137802 2.193352
v -1.427436 -6.137802 2.411508
v -1.315897 -6.428986 2.30243
v -1.204359 -6.137802 2.411508
v -1.204359 -6.137802 2.193352
v -1.315897 -6.428986 2.30243
v -1.427436 -6.137802 2.411508
v -1.204359 -6.137802 2.411508
v -1.315897 -6.428986 2.30243
v -1.204359 -6.137802 2.193352
v -1.427436 -6.137802 2.193352
v -1.315897 -6.428986 3.824836
v -1.427436 -6.137802 3.715757
v -1.427436 -6.137802 3.933914
v -1.315897 -6.428986 3.824836
v -1.204359 -6.137802 3.933914
v -1.204359 -6.137802 3.715757
v -1.315897 -6.428986 3.824836
v -1.427436 -6.137802 3.933914
v -1.204359 -6.137802 3.933914
v -1.315897 -6.428986 3.824836
v -1.204359 -6.137802 3.715757
v -1.427436 -6.137802 3.715757
v -1.315897 -6.428986 0.6047059
v -1.427436 -6.137802 0.4956271
v -1.427436 -6.137802 0.7137836
v -1.315897 -6.428986 0.6047059
v -1.204359 -6.137802 0.7137836
v -1.204359 -6.137802 0.4956271
v -1.315897 -6.428986 0.6047059
v -1.427436 -6.137802 0.7137836
v -1.204359 -6.137802 0.7137836
v -1.315897 -6.428986 0.6047059
v -1.204359 -6.137802 0.4956271
v -1.427436 -6.137802 0.4956271
v -2.264883 -6.428986 2.30243
v -2.376421 -6.137802 2.193352
v -2.376421 -6.137802 2.411508
v -2.264883 -6.428986 2.30243
v -2.153344 -6.137802 2.411508
v -2.153344 -6.137802 2.193352
v -2.264883 -6.428986 2.30243
v -2.376421 -6.137802 2.411508
v -2.153344 -6.137802 2.411508
v -2.264883 -6.428986 2.30243
v -2.153344 -6.137802 2.193352
v -2.376421 -6.137802 2.193352
v -2.264883 -6.428986 3.824836
v -2.376421 -6.137802 3.715757
v -2.376421 -6.137802 3.933914
v -2.264883 -6.428986 3.824836
v -2.153344 -6.137802 3.933914
v -2.153344 -6.137802 3.715757
v -2.264883 -6.428986 3.824836
v -2.376421 -6.137802 3.933914
v -2.153344 -6.137802 3.933914
v -2.264883 -6.428986 3.824836
v -2.153344 -6.137802 3.715757
v -2.376421 -6.137802 3.715757
v -2.264883 -6.428986 0.6047059
v -2.376421 -6.137802 0.4956271
v -2.376421 -6.137802 0.7137836
v -2.264883 -6.428986 0.6047059
v -2.153344 -6.137802 0.7137836
v -2.153344 -6.137802 0.4956271
v -2.264883 -6.428986 0.6047059
v -2.376421 -6.137802 0.7137836
v -2.153344 -6.137802 0.7137836
v -2.264883 -6.428986 0.6047059
v -2.153344 -6.137802 0.4956271
v -2.376421 -6.137802 0.4956271
v -1.820988 -6.428986 2.30243
v -1.932526 -6.137802 2.193352
v -1.932526 -6.137802 2.411508
v -1.820988 -6.428986 2.30243
v -1.709449 -6.137802 2.411508
v -1.709449 -6.137802 2.193352
v -1.820988 -6.428986 2.30243
v -1.932526 -6.137802 2.411508
v -1.709449 -6.137802 2.411508
v -1.820988 -6.428986 2.30243
v -1.709449 -6.137802 2.193352
v -1.932526 -6.137802 2.193352
v -1.820988 -6.428986 3.824836
v -1.932526 -6.137802 3.715757
v -1.932526 -6.137802 3.933914
v -1.820988 -6.428986 3.824836
v -1.709449 -6.137802 3.933914
v -1.709449 -6.137802 3.715757
v -1.820988 -6.428986 3.824836
v -1.932526 -6.137802 3.933914
v -1.709449 -6.137802 3.933914
v -1.820988 -6.428986 3.824836
v -1.709449 -6.137802 3.715757
v -1.932526 -6.137802 3.715757
v -1.820988 -6.428986 0.6047059
v -1.932526 -6.137802 0.4956271
v -1.932526 -6.137802 0.7137836
v -1.820988 -6.428986 0.6047059
v -1.709449 -6.137802 0.7137836
v -1.709449 -6.137802 0.4956271
v -1.820988 -6.428986 0.6047059
v -1.932526 -6.137802 0.7137836
v -1.709449 -6.137802 0.7137836
v -1.820988 -6.428986 0.6047059
v -1.709449 -6.137802 0.4956271
v -1.932526 -6.137802 0.4956271
v -0.8349508 -6.428986 2.30243
v -0.9464892 -6.137802 2.193352
v -0.9464892 -6.137802 2.411508
v -0.8349508 -6.428986 2.30243
v -0.7234123 -6.137802 2.411508
v -0.7234123 -6.137802 2.193352
v -0.8349508 -6.428986 2.30243
v -0.9464892 -6.137802 2.411508
v -0.7234123 -6.137802 2.411508
v -0.8349508 -6.428986 2.30243
v -0.7234123 -6.137802 2.193352
v -0.9464892 -6.137802 2.193352
v -0.8349508 -6.428986 3.824836
v -0.9464892 -6.137802 3.715757
v -0.9464892 -6.137802 3.933914
v -0.8349508 -6.428986 3.824836
v -0.7234123 -6.137802 3.933914
v -0.7234123 -6.137802 3.715757
v -0.8349508 -6.428986 3.824836
v -0.9464892 -6.137802 3.933914
v -0.7234123 -6.137802 3.933914
v -0.8349508 -6.428986 3.824836
v -0.7234123 -6.137802 3.715757
v -0.9464892 -6.137802 3.715757
v -0.8349508 -6.428986 0.6047059
v -0.9464892 -6.137802 0.4956271
v -0.9464892 -6.137802 0.7137836
v -0.8349508 -6.428986 0.6047059
v -0.7234123 -6.137802 0.7137836
v -0.7234123 -6.137802 0.4956271
v -0.8349508 -6.428986 0.6047059
v -0.9464892 -6.137802 0.7137836
v -0.7234123 -6.137802 0.7137836
v -0.8349508 -6.428986 0.6047059
v -0.7234123 -6.137802 0.4956271
v -0.9464892 -6.137802 0.4956271
v 0.3027551 -6.428986 2.30243
v 0.414293 -6.137802 2.411508
v 0.414293 -6.137802 2.193352
v 0.3027551 -6.428986 2.30243
v 0.1912167 -6.137802 2.193352
v 0.1912167 -6.137802 2.411508
v 0.3027551 -6.428986 2.30243
v 0.1912167 -6.137802 2.411508
v 0.414293 -6.137802 2.411508
v 0.3027551 -6.428986 2.30243
v 0.414293 -6.137802 2.193352
v 0.1912167 -6.137802 2.193352
v 0.3027551 -6.428986 3.824836
v 0.414293 -6.137802 3.933914
v 0.414293 -6.137802 3.715757
v 0.3027551 -6.428986 3.824836
v 0.1912167 -6.137802 3.715757
v 0.1912167 -6.137802 3.933914
v 0.3027551 -6.428986 3.824836
v 0.1912167 -6.137802 3.933914
v 0.414293 -6.137802 3.933914
v 0.3027551 -6.428986 3.824836
v 0.414293 -6.137802 3.715757
v 0.1912167 -6.137802 3.715757
v 0.3027551 -6.428986 0.6047059
v 0.414293 -6.137802 0.7137836
v 0.414293 -6.137802 0.4956271
v 0.3027551 -6.428986 0.6047059
v 0.1912167 -6.137802 0.4956271
v 0.1912167 -6.137802 0.7137836
v 0.3027551 -6.428986 0.6047059
v 0.1912167 -6.137802 0.7137836
v 0.414293 -6.137802 0.7137836
v 0.3027551 -6.428986 0.6047059
v 0.414293 -6.137802 0.4956271
v 0.1912167 -6.137802 0.4956271
v 1.30665 -6.428986 2.30243
v 1.418188 -6.137802 2.411508
v 1.418188 -6.137802 2.193352
v 1.30665 -6.428986 2.30243
v 1.195112 -6.137802 2.193352
v 1.195112 -6.137802 2.411508
v 1.30665 -6.428986 2.30243
v 1.195112 -6.137802 2.411508
v 1.418188 -6.137802 2.411508
v 1.30665 -6.428986 2.30243
v 1.418188 -6.137802 2.193352
v 1.195112 -6.137802 2.193352
v 1.30665 -6.428986 3.824836
v 1.418188 -6.137802 3.933914
v 1.418188 -6.137802 3.715757
v 1.30665 -6.428986 3.824836
v 1.195112 -6.137802 3.715757
v 1.195112 -6.137802 3.933914
v 1.30665 -6.428986 3.824836
v 1.195112 -6.137802 3.933914
v 1.418188 -6.137802 3.933914
v 1.30665 -6.428986 3.824836
v 1.418188 -6.137802 3.715757
v 1.195112 -6.137802 3.715757
v 1.30665 -6.428986 0.6047059
v 1.418188 -6.137802 0.7137836
v 1.418188 -6.137802 0.4956271
v 1.30665 -6.428986 0.6047059
v 1.195112 -6.137802 0.4956271
v 1.195112 -6.137802 0.7137836
v 1.30665 -6.428986 0.6047059
v 1.195112 -6.137802 0.7137836
v 1.418188 -6.137802 0.7137836
v 1.30665 -6.428986 0.6047059
v 1.418188 -6.137802 0.4956271
v 1.195112 -6.137802 0.4956271
v 2.255636 -6.428986 2.30243
v 2.367174 -6.137802 2.411508
v 2.367174 -6.137802 2.193352
v 2.255636 -6.428986 2.30243
v 2.144097 -6.137802 2.193352
v 2.144097 -6.137802 2.411508
v 2.255636 -6.428986 2.30243
v 2.144097 -6.137802 2.411508
v 2.367174 -6.137802 2.411508
v 2.255636 -6.428986 2.30243
v 2.367174 -6.137802 2.193352
v 2.144097 -6.137802 2.193352
v 2.255636 -6.428986 3.824836
v 2.367174 -6.137802 3.933914
v 2.367174 -6.137802 3.715757
v 2.255636 -6.428986 3.824836
v 2.144097 -6.137802 3.715757
v 2.144097 -6.137802 3.933914
v 2.255636 -6.428986 3.824836
v 2.144097 -6.137802 3.933914
v 2.367174 -6.137802 3.933914
v 2.255636 -6.428986 3.824836
v 2.367174 -6.137802 3.715757
v 2.144097 -6.137802 3.715757
v 2.255636 -6.428986 0.6047059
v 2.367174 -6.137802 0.7137836
v 2.367174 -6.137802 0.4956271
v 2.255636 -6.428986 0.6047059
v 2.144097 -6.137802 0.4956271
v 2.144097 -6.137802 0.7137836
v 2.255636 -6.428986 0.6047059
v 2.144097 -6.137802 0.7137836
v 2.367174 -6.137802 0.7137836
v 2.255636 -6.428986 0.6047059
v 2.367174 -6.137802 0.4956271
v 2.144097 -6.137802 0.4956271
v 1.81174 -6.428986 2.30243
v 1.923279 -6.137802 2.411508
v 1.923279 -6.137802 2.193352
v 1.81174 -6.428986 2.30243
v 1.700202 -6.137802 2.193352
v 1.700202 -6.137802 2.411508
v 1.81174 -6.428986 2.30243
v 1.700202 -6.137802 2.411508
v 1.923279 -6.137802 2.411508
v 1.81174 -6.428986 2.30243
v 1.923279 -6.137802 2.193352
v 1.700202 -6.137802 2.193352
v 1.81174 -6.428986 3.824836
v 1.923279 -6.137802 3.933914
v 1.923279 -6.137802 3.715757
v 1.81174 -6.428986 3.824836
v 1.700202 -6.137802 3.715757
v 1.700202 -6.137802 3.933914
v 1.81174 -6.428986 3.824836
v 1.700202 -6.137802 3.933914
v 1.923279 -6.137802 3.933914
v 1.81174 -6.428986 3.824836
v 1.923279 -6.137802 3.715757
v 1.700202 -6.137802 3.715757
v 1.81174 -6.428986 0.6047059
v 1.923279 -6.137802 0.7137836
v 1.923279 -6.137802 0.4956271
v 1.81174 -6.428986 0.6047059
v 1.700202 -6.137802 0.4956271
v 1.700202 -6.137802 0.7137836
v 1.81174 -6.428986 0.6047059
v 1.700202 -6.137802 0.7137836
v 1.923279 -6.137802 0.7137836
v 1.81174 -6.428986 0.6047059
v 1.923279 -6.137802 0.4956271
v 1.700202 -6.137802 0.4956271
v 0.8257037 -6.428986 2.30243
v 0.9372421 -6.137802 2.411508
v 0.9372421 -6.137802 2.193352
v 0.8257037 -6.428986 2.30243
v 0.7141653 -6.137802 2.193352
v 0.7141653 -6.137802 2.411508
v 0.8257037 -6.428986 2.30243
v 0.7141653 -6.137802 2.411508
v 0.9372421 -6.137802 2.411508
v 0.8257037 -6.428986 2.30243
v 0.9372421 -6.137802 2.193352
v 0.7141653 -6.137802 2.193352
v 0.8257037 -6.428986 3.824836
v 0.9372421 -6.137802 3.933914
v 0.9372421 -6.137802 3.715757
v 0.8257037 -6.428986 3.824836
v 0.7141653 -6.137802 3.715757
v 0.7141653 -6.137802 3.933914
v 0.8257037 -6.428986 3.824836
v 0.7141653 -6.137802 3.933914
v 0.9372421 -6.137802 3.933914
v 0.8257037 -6.428986 3.824836
v 0.9372421 -6.137802 3.715757
v 0.7141653 -6.137802 3.715757
v 0.8257037 -6.428986 0.6047059
v 0.9372421 -6.137802 0.7137836
v 0.9372421 -6.137802 0.4956271
v 0.8257037 -6.428986 0.6047059
v 0.7141653 -6.137802 0.4956271
v 0.7141653 -6.137802 0.7137836
v 0.8257037 -6.428986 0.6047059
v 0.7141653 -6.137802 0.7137836
v 0.9372421 -6.137802 0.7137836
v 0.8257037 -6.428986 0.6047059
v 0.9372421 -6.137802 0.4956271
v 0.7141653 -6.137802 0.4956271
v -7.324844 -5.717316 6.815575E-07
v -7.324844 5.55323 4.178985
v -7.324844 -5.717323 4.178986
v -7.324844 5.55323 -6.619968E-07
v -2.876271 -5.717316 6.815575E-07
v -7.324844 -5.717323 4.178986
v -2.876271 -5.717323 4.178986
v -7.324844 -5.717316 6.815575E-07
v 7.324844 5.55323 -6.619966E-07
v 7.324844 -5.717323 4.178986
v 7.324844 5.55323 4.178985
v 7.324844 -5.717316 6.815575E-07
v -7.324844 -5.717323 8.540956
v -7.324844 5.55323 7.160139
v -7.324844 5.55323 8.540954
v -7.324844 -5.717323 7.16014
v -7.324844 5.55323 4.178985
v -7.324844 -5.717323 4.178986
v 7.324844 -5.717323 8.540956
v -7.324844 -5.717323 7.16014
v -7.324844 -5.717323 8.540956
v 7.324844 -5.717323 7.16014
v 2.876271 -5.717323 4.178986
v 7.324844 -5.717323 4.178986
v 1.898425 -5.717323 5.757668
v -7.001471E-16 -5.717323 6.31411
v -7.32484 -5.717323 7.16014
v -1.898425 -5.717323 5.757668
v -7.324844 -5.717323 4.178986
v -2.876271 -5.717323 4.178986
v 7.324844 5.55323 8.540954
v 7.324844 -5.717323 7.16014
v 7.324844 -5.717323 8.540956
v 7.324844 5.55323 7.160139
v 7.324844 -5.717323 4.178986
v 7.324844 5.55323 4.178985
v -6.79863 -5.306595 8.540956
v -7.324844 5.55323 8.540954
v -6.79863 5.552711 8.540955
v -7.324844 -5.717323 8.540956
v 6.79863 -5.306595 8.540956
v 7.324844 -5.717323 8.540956
v 6.79863 5.552711 8.540955
v 7.324844 5.55323 8.540954
v -6.79863 5.552711 8.540955
v -6.79863 -5.306595 7.378687
v -6.79863 -5.306595 8.540956
v -6.79863 5.552711 7.378685
v -6.79863 -5.306595 8.540956
v 6.79863 -5.306595 7.378687
v 6.79863 -5.306595 8.540956
v -6.79863 -5.306595 7.378687
v 6.79863 -5.306595 8.540956
v 6.79863 5.552711 7.378685
v 6.79863 5.552711 8.540955
v 6.79863 -5.306595 7.378687
v 6.79863 -5.306595 7.378687
v -6.79863 5.552711 7.378685
v 6.79863 5.552711 7.378685
v -6.79863 -5.306595 7.378687
v 7.324844 -5.717316 6.815575E-07
v 2.876271 -5.717323 4.178986
v 7.324844 -5.717323 4.178986
v 2.876271 -5.717316 6.815575E-07
v -2.876271 -5.717323 4.178986
v -2.876271 -6.067513 7.233038E-07
v -2.876271 -5.717316 6.815575E-07
v -2.876271 -6.067513 4.178987
v 2.876271 -5.717316 6.815575E-07
v 2.876271 -6.067513 4.178987
v 2.876271 -5.717323 4.178986
v 2.876271 -6.067513 7.233038E-07
v -1.898425 -5.717323 5.757668
v -2.876271 -6.067513 4.178987
v -2.876271 -5.717323 4.178986
v -1.898425 -6.067513 5.757668
v 2.876271 -5.717323 4.178986
v 1.898425 -6.067513 5.757668
v 1.898425 -5.717323 5.757668
v 2.876271 -6.067513 4.178987
v -7.001471E-16 -5.717323 6.31411
v -1.898425 -6.067513 5.757668
v -1.898425 -5.717323 5.757668
v -7.430324E-16 -6.06752 6.31411
v 1.898425 -5.717323 5.757668
v -7.430324E-16 -6.06752 6.31411
v -7.001471E-16 -5.717323 6.31411
v 1.898425 -6.067513 5.757668
v -2.876271 -6.067513 4.178987
v -2.554925 -6.067513 7.233038E-07
v -2.876271 -6.067513 7.233038E-07
v -2.554925 -6.067513 4.104048
v -1.898425 -6.067513 5.757668
v -1.686327 -6.067513 5.506355
v -7.430324E-16 -6.06752 6.31411
v 1.958777E-09 -6.06752 6.00063
v 1.898425 -6.067513 5.757668
v 1.686327 -6.067513 5.506355
v 2.876271 -6.067513 4.178987
v 2.554925 -6.067513 4.104048
v 2.876271 -6.067513 7.233038E-07
v 2.554925 -6.067513 7.233038E-07
v -2.554925 -6.067513 4.104048
v -2.554925 -5.56469 6.63363E-07
v -2.554925 -6.067513 7.233038E-07
v -2.554925 -5.564697 4.104048
v 2.554925 -6.067513 7.233038E-07
v 2.554925 -5.564697 4.104048
v 2.554925 -6.067513 4.104048
v 2.554925 -5.56469 6.63363E-07
v -1.686327 -6.067513 5.506355
v -2.554925 -5.564697 4.104048
v -2.554925 -6.067513 4.104048
v -1.686327 -5.564697 5.506355
v 2.554925 -6.067513 4.104048
v 1.686327 -5.564697 5.506355
v 1.686327 -6.067513 5.506355
v 2.554925 -5.564697 4.104048
v 1.958777E-09 -6.06752 6.00063
v -1.686327 -5.564697 5.506355
v -1.686327 -6.067513 5.506355
v 1.958777E-09 -5.564697 6.000629
v 1.686327 -6.067513 5.506355
v 1.958777E-09 -5.564697 6.000629
v 1.958777E-09 -6.06752 6.00063
v 1.686327 -5.564697 5.506355
v -4.969112 -3.424454 10.42064
v 4.969112 3.737198 10.42064
v 4.969112 -3.424454 10.42064
v -4.969112 3.737198 10.42064
v -4.969112 3.737206 10.01323
v -4.969112 -3.424454 10.42064
v -4.969112 -3.424454 10.01323
v -4.969112 3.737198 10.42064
v -4.969112 -3.424454 10.01323
v 4.969112 -3.424454 10.42064
v 4.969112 -3.424454 10.01323
v -4.969112 -3.424454 10.42064
v 4.969112 -3.424454 10.01323
v 4.969112 3.737198 10.42064
v 4.969112 3.737206 10.01323
v 4.969112 -3.424454 10.42064
v 4.969112 3.737206 10.01323
v -4.969112 3.737198 10.42064
v -4.969112 3.737206 10.01323
v 4.969112 3.737198 10.42064
v 4.020865E-16 3.283394 12.64839
v -4.339365 -2.970642 11.14131
v -4.339365 3.283394 11.14131
v -3.637867E-16 -2.970642 12.64839
v 4.339365 -2.970642 11.14131
v 4.339365 3.283394 11.14131
v -4.339365 3.283394 10.78552
v -4.339365 -2.970642 11.14131
v -4.339365 -2.970642 10.78552
v -4.339365 3.283394 11.14131
v -3.637867E-16 -2.970642 12.29261
v -4.339365 -2.970642 11.14131
v -3.637867E-16 -2.970642 12.64839
v -4.339365 -2.970642 10.78552
v 4.339365 -2.970642 10.78552
v 4.339365 3.283394 11.14131
v 4.339365 3.283394 10.78552
v 4.339365 -2.970642 11.14131
v 4.020865E-16 3.283394 12.29261
v 4.339365 3.283394 11.14131
v 4.020865E-16 3.283394 12.64839
v 4.339365 3.283394 10.78552
v 4.339365 -2.970642 10.78552
v -3.637867E-16 -2.970642 12.64839
v 4.339365 -2.970642 11.14131
v -3.637867E-16 -2.970642 12.29261
v -4.339365 3.283394 10.78552
v 4.020865E-16 3.283394 12.64839
v -4.339365 3.283394 11.14131
v 4.020865E-16 3.283394 12.29261
v -3.953312 1.52005 10.35744
v -3.953312 -2.804428 11.13982
v -3.953312 -2.804428 10.35744
v -3.953312 1.52005 11.13982
v -3.953312 -2.804428 11.13982
v -3.43432E-16 -2.804428 10.35744
v -3.953312 -2.804428 10.35744
v -3.43432E-16 -2.804428 12.4173
v 3.953312 -2.804428 10.35744
v 3.953312 -2.804428 11.13982
v 3.953312 -2.804428 10.35744
v 3.953312 1.52005 11.13982
v 3.953312 1.52005 10.35744
v 3.953312 -2.804428 11.13982
v 3.953312 1.52005 11.13982
v 1.861463E-16 1.52005 10.35744
v 3.953312 1.52005 10.35744
v 1.861463E-16 1.52005 12.4173
v -3.953312 1.52005 10.35744
v -3.953312 1.52005 11.13982
v -5.803565 -4.155945 10.48008
v -4.098774 -2.468346 10.48008
v -4.098774 -4.155945 10.48008
v -5.803565 -2.468346 10.48008
v -5.803565 -2.468346 10.21771
v -5.803565 -4.155945 10.48008
v -5.803565 -4.155945 10.21771
v -5.803565 -2.468346 10.48008
v -5.803565 -4.155945 10.21771
v -4.098774 -4.155945 10.48008
v -4.098774 -4.155945 10.21771
v -5.803565 -4.155945 10.48008
v -4.098774 -4.155945 10.21771
v -4.098774 -2.468346 10.48008
v -4.098774 -2.468346 10.21771
v -4.098774 -4.155945 10.48008
v -4.098774 -2.468346 10.21771
v -5.803565 -2.468346 10.48008
v -5.803565 -2.468346 10.21771
v -4.098774 -2.468346 10.48008
v -5.507518 -2.761406 6.656728
v -5.507518 -3.862885 10.07751
v -5.507518 -3.862885 6.656729
v -5.507518 -2.761406 10.07751
v -5.507518 -3.862885 6.656729
v -4.394821 -3.862885 10.07751
v -4.394822 -3.862885 6.656729
v -5.507518 -3.862885 10.07751
v -4.394822 -3.862885 6.656729
v -4.394821 -2.761406 10.07751
v -4.394822 -2.761406 6.656728
v -4.394821 -3.862885 10.07751
v -4.394822 -2.761406 6.656728
v -5.507518 -2.761406 10.07751
v -5.507518 -2.761406 6.656728
v -4.394821 -2.761406 10.07751
v -5.695539 -2.575287 9.931091
v -5.695539 -4.049011 10.23492
v -5.695539 -4.049011 9.931093
v -5.695539 -2.575287 10.23492
v -5.695539 -4.049011 9.931093
v -4.206801 -4.049011 10.23492
v -4.206801 -4.049011 9.931093
v -5.695539 -4.049011 10.23492
v -4.206801 -4.049011 9.931093
v -4.206801 -2.575287 10.23492
v -4.206801 -2.575287 9.931091
v -4.206801 -4.049011 10.23492
v -4.206801 -2.575287 9.931091
v -5.695539 -2.575287 10.23492
v -5.695539 -2.575287 9.931091
v -4.206801 -2.575287 10.23492
v 4.099362 -4.155945 10.48008
v 5.804152 -2.468346 10.48008
v 5.804152 -4.155945 10.48008
v 4.099362 -2.468346 10.48008
v 4.099362 -2.468346 10.21771
v 4.099362 -4.155945 10.48008
v 4.099362 -4.155945 10.21771
v 4.099362 -2.468346 10.48008
v 4.099362 -4.155945 10.21771
v 5.804152 -4.155945 10.48008
v 5.804152 -4.155945 10.21771
v 4.099362 -4.155945 10.48008
v 5.804152 -4.155945 10.21771
v 5.804152 -2.468346 10.48008
v 5.804152 -2.468346 10.21771
v 5.804152 -4.155945 10.48008
v 5.804152 -2.468346 10.21771
v 4.099362 -2.468346 10.48008
v 4.099362 -2.468346 10.21771
v 5.804152 -2.468346 10.48008
v 4.395408 -2.761406 6.656728
v 4.395408 -3.862885 10.07751
v 4.395408 -3.862885 6.656729
v 4.395408 -2.761406 10.07751
v 4.395408 -3.862885 6.656729
v 5.508104 -3.862885 10.07751
v 5.508104 -3.862885 6.656729
v 4.395408 -3.862885 10.07751
v 5.508104 -3.862885 6.656729
v 5.508104 -2.761406 10.07751
v 5.508104 -2.761406 6.656728
v 5.508104 -3.862885 10.07751
v 5.508104 -2.761406 6.656728
v 4.395408 -2.761406 10.07751
v 4.395408 -2.761406 6.656728
v 5.508104 -2.761406 10.07751
v 4.207387 -2.575287 9.931091
v 4.207387 -4.049011 10.23492
v 4.207387 -4.049011 9.931093
v 4.207387 -2.575287 10.23492
v 4.207387 -4.049011 9.931093
v 5.696125 -4.049011 10.23492
v 5.696125 -4.049011 9.931093
v 4.207387 -4.049011 10.23492
v 5.696125 -4.049011 9.931093
v 5.696125 -2.575287 10.23492
v 5.696125 -2.575287 9.931091
v 5.696125 -4.049011 10.23492
v 5.696125 -2.575287 9.931091
v 4.207387 -2.575287 10.23492
v 4.207387 -2.575287 9.931091
v 5.696125 -2.575287 10.23492
v -8.5277 -6.920113 9.170819
v -6.295107 -4.71003 9.170819
v -6.295107 -6.920113 9.170819
v -8.5277 -4.71003 9.170819
v -8.5277 -4.71003 8.827212
v -8.5277 -6.920113 9.170819
v -8.5277 -6.920113 8.827212
v -8.5277 -4.71003 9.170819
v -8.5277 -6.920113 8.827212
v -6.295107 -6.920113 9.170819
v -6.295107 -6.920113 8.827212
v -8.5277 -6.920113 9.170819
v -6.295107 -6.920113 8.827212
v -6.295107 -4.71003 9.170819
v -6.295107 -4.71003 8.827212
v -6.295107 -6.920113 9.170819
v -6.295107 -4.71003 8.827212
v -8.5277 -4.71003 9.170819
v -8.5277 -4.71003 8.827212
v -6.295107 -4.71003 9.170819
v -8.139997 -5.093826 -1.049725E-06
v -8.139997 -6.536316 9.265286
v -8.139997 -6.536316 1.883827E-06
v -8.139997 -5.093826 9.265286
v -8.139997 -6.536316 1.883827E-06
v -6.682809 -6.536316 9.265286
v -6.682809 -6.536316 1.883827E-06
v -8.139997 -6.536316 9.265286
v -6.682809 -6.536316 1.883827E-06
v -6.682809 -5.093826 9.265286
v -6.682809 -5.093826 -1.049725E-06
v -6.682809 -6.536316 9.265286
v -6.682809 -5.093826 -1.049725E-06
v -8.139997 -5.093826 9.265286
v -8.139997 -5.093826 -1.049725E-06
v -6.682809 -5.093826 9.265286
v -8.38623 -4.850075 8.542306
v -8.38623 -6.780067 8.940196
v -8.38623 -6.780067 8.542307
v -8.38623 -4.850075 8.940196
v -8.38623 -6.780067 8.542307
v -6.436578 -6.780067 8.940196
v -6.436578 -6.780067 8.542307
v -8.38623 -6.780067 8.940196
v -6.436578 -6.780067 8.542307
v -6.436578 -4.850075 8.940196
v -6.436578 -4.850075 8.542306
v -6.436578 -6.780067 8.940196
v -6.436578 -4.850075 8.542306
v -8.38623 -4.850075 8.940196
v -8.38623 -4.850075 8.542306
v -6.436578 -4.850075 8.940196
v -8.139997 -5.093826 9.265286
v -6.682809 -6.536316 9.265286
v -8.139997 -6.536316 9.265286
v -6.682809 -5.093826 9.265286
v -11.55707 2.218704 15.39385
v -4.978489 2.712616 15.39385
v -4.978489 2.218704 15.39385
v -11.55707 2.712616 15.39385
v -11.55707 2.218704 14.95463
v -4.978489 2.218704 15.39385
v -4.978489 2.218704 14.95463
v -11.55707 2.218704 15.39385
v -4.978489 2.712616 14.95463
v -11.55707 2.712616 15.39385
v -11.55707 2.712616 14.95463
v -4.978489 2.712616 15.39385
v -10.71612 2.530136 14.96597
v -9.221177 2.530136 11.64907
v -10.71612 2.530136 11.64907
v -9.221177 2.530136 14.96597
v -7.103277 2.530136 14.96597
v -5.608338 2.530136 11.64907
v -7.103278 2.530136 11.64907
v -5.608337 2.530136 14.96597
v -7.282589 2.530136 14.96597
v -9.041864 2.530136 11.64907
v -9.041864 2.530136 14.96597
v -7.282589 2.530136 11.64907
v -9.041864 2.530136 14.96597
v -9.221177 2.530136 11.64907
v -9.221177 2.530136 14.96597
v -9.041864 2.530136 11.64907
v -7.103277 2.530136 14.96597
v -7.282589 2.530136 11.64907
v -7.282589 2.530136 14.96597
v -7.103278 2.530136 11.64907
v -4.471788 -3.273399 10.12514
v -2.976848 -3.273399 8.422617
v -4.471788 -3.273399 8.422617
v -2.976848 -3.273399 10.12514
v -1.038259 -3.273399 10.12514
v -2.797535 -3.273399 8.422617
v -2.797535 -3.273399 10.12514
v -1.03826 -3.273399 8.422617
v -2.797535 -3.273399 10.12514
v -2.976848 -3.273399 8.422617
v -2.976848 -3.273399 10.12514
v -2.797535 -3.273399 8.422617
v -0.8329114 -3.273399 10.12514
v -1.03826 -3.273399 8.422617
v -1.038259 -3.273399 10.12514
v -0.8329114 -3.273399 8.422616
v -0.8322907 -3.273399 10.12514
v 0.688686 -3.273399 8.422617
v -0.8322907 -3.273399 8.422616
v 0.688686 -3.273399 10.12514
v 2.627275 -3.273399 10.12514
v 0.8679983 -3.273399 8.422617
v 0.8679983 -3.273399 10.12514
v 2.627274 -3.273399 8.422617
v 0.8679983 -3.273399 10.12514
v 0.688686 -3.273399 8.422617
v 0.688686 -3.273399 10.12514
v 0.8679983 -3.273399 8.422617
v 2.827988 -3.273399 10.12514
v 2.627274 -3.273399 8.422617
v 2.627275 -3.273399 10.12514
v 2.827988 -3.273399 8.422615
v 4.608771 -3.273399 10.12514
v 2.828093 -3.273399 8.422615
v 2.828093 -3.273399 10.12514
v 4.608771 -3.273399 8.422617
v 4.765595 2.218704 15.39385
v 11.34418 2.712616 15.39385
v 11.34418 2.218704 15.39385
v 4.765595 2.712616 15.39385
v 4.765595 2.218704 14.95463
v 11.34418 2.218704 15.39385
v 11.34418 2.218704 14.95463
v 4.765595 2.218704 15.39385
v 11.34418 2.712616 14.95463
v 4.765595 2.712616 15.39385
v 4.765595 2.712616 14.95463
v 11.34418 2.712616 15.39385
v 5.606549 2.530136 14.96598
v 7.10149 2.530136 11.64907
v 5.606549 2.530136 11.64907
v 7.10149 2.530136 14.96598
v 9.21939 2.530136 14.96598
v 10.71433 2.530136 11.64907
v 9.21939 2.530136 11.64907
v 10.71433 2.530136 14.96598
v 9.040078 2.530136 14.96598
v 7.280803 2.530136 11.64907
v 7.280803 2.530136 14.96598
v 9.040077 2.530136 11.64907
v 7.280803 2.530136 14.96598
v 7.10149 2.530136 11.64907
v 7.10149 2.530136 14.96598
v 7.280803 2.530136 11.64907
v 9.21939 2.530136 14.96598
v 9.040077 2.530136 11.64907
v 9.040078 2.530136 14.96598
v 9.21939 2.530136 11.64907
v -4.134848 -5.955368 6.408952E-07
v -2.876271 -5.955368 0.2516748
v -2.876271 -5.955368 7.09935E-07
v -4.134848 -5.955368 0.61571
v -5.571893 -5.955368 7.09935E-07
v -5.571892 -5.955368 1.483452
v -7.324844 -5.955368 7.09935E-07
v -7.324844 -5.955368 3.608342
v -7.324844 -5.702538 3.608342
v -5.571892 -5.955368 1.483452
v -7.324844 -5.955368 3.608342
v -5.571892 -5.702538 1.483452
v -5.571892 -5.702538 1.483452
v -4.134848 -5.955368 0.61571
v -5.571892 -5.955368 1.483452
v -4.134848 -5.702538 0.61571
v -4.134848 -5.702538 0.61571
v -2.876271 -5.955368 0.2516748
v -4.134848 -5.955368 0.61571
v -2.876271 -5.702538 0.2516747
v -4.134848 -5.846947 0.5908636
v -2.876271 -5.846947 0.7221424
v -2.876271 -5.846947 0.2269475
v -4.134848 -5.846947 1.284619
v -5.571892 -5.846947 1.32308
v -5.571892 -5.846947 2.702951
v -7.324844 -5.846947 1.508038
v -7.324844 -5.846947 5.650806
v -7.324844 -5.594116 5.650806
v -5.571892 -5.846947 2.702951
v -7.324844 -5.846947 5.650806
v -5.571892 -5.594116 2.702951
v -5.571892 -5.594116 2.702951
v -4.134848 -5.846947 1.284619
v -5.571892 -5.846947 2.702951
v -4.134848 -5.594116 1.284619
v -4.134848 -5.594116 1.284619
v -2.876271 -5.846947 0.7221424
v -4.134848 -5.846947 1.284619
v -2.876271 -5.594116 0.7221423
v 8.522787 -6.920113 9.170819
v 6.290194 -4.71003 9.17082
v 8.522787 -4.71003 9.17082
v 6.290194 -6.920113 9.170819
v 8.522787 -4.71003 8.827212
v 8.522787 -6.920113 9.170819
v 8.522787 -4.71003 9.17082
v 8.522787 -6.920113 8.827212
v 8.522787 -6.920113 8.827212
v 6.290194 -6.920113 9.170819
v 8.522787 -6.920113 9.170819
v 6.290194 -6.920113 8.827212
v 6.290194 -6.920113 8.827212
v 6.290194 -4.71003 9.17082
v 6.290194 -6.920113 9.170819
v 6.290194 -4.71003 8.827212
v 6.290194 -4.71003 8.827212
v 8.522787 -4.71003 9.17082
v 6.290194 -4.71003 9.17082
v 8.522787 -4.71003 8.827212
v 8.135081 -5.093826 -4.97406E-07
v 8.135081 -6.536316 9.265286
v 8.135081 -5.093826 9.265286
v 8.135081 -6.536316 1.883827E-06
v 8.135081 -6.536316 1.883827E-06
v 6.677894 -6.536316 9.265286
v 8.135081 -6.536316 9.265286
v 6.677894 -6.536316 1.883827E-06
v 6.677894 -6.536316 1.883827E-06
v 6.677894 -5.093826 9.265286
v 6.677894 -6.536316 9.265286
v 6.677894 -5.093826 -4.97406E-07
v 6.677894 -5.093826 -4.97406E-07
v 8.135081 -5.093826 9.265286
v 6.677894 -5.093826 9.265286
v 8.135081 -5.093826 -4.97406E-07
v 8.381318 -4.850075 8.542307
v 8.381318 -6.780067 8.940196
v 8.381318 -4.850075 8.940196
v 8.381318 -6.780067 8.542308
v 8.381318 -6.780067 8.542308
v 6.431666 -6.780067 8.940196
v 8.381318 -6.780067 8.940196
v 6.431666 -6.780067 8.542308
v 6.431666 -6.780067 8.542308
v 6.431666 -4.850075 8.940196
v 6.431666 -6.780067 8.940196
v 6.431666 -4.850075 8.542307
v 6.431666 -4.850075 8.542307
v 8.381318 -4.850075 8.940196
v 6.431666 -4.850075 8.940196
v 8.381318 -4.850075 8.542307
v 8.135081 -5.093826 9.265286
v 6.677894 -6.536316 9.265286
v 6.677894 -5.093826 9.265286
v 8.135081 -6.536316 9.265286
v 2.87136 -5.955368 0.2516747
v 4.129935 -5.955368 6.408952E-07
v 2.87136 -5.955368 6.408952E-07
v 4.129935 -5.955368 0.6157101
v 5.566981 -5.955368 6.408952E-07
v 5.566979 -5.955368 1.483452
v 7.319932 -5.955368 6.408952E-07
v 7.319932 -5.955368 3.608342
v 7.319932 -5.702538 3.608342
v 5.566979 -5.955368 1.483452
v 5.566979 -5.702538 1.483452
v 7.319932 -5.955368 3.608342
v 5.566979 -5.702538 1.483452
v 4.129935 -5.955368 0.6157101
v 4.129935 -5.702538 0.61571
v 5.566979 -5.955368 1.483452
v 4.129935 -5.702538 0.61571
v 2.87136 -5.955368 0.2516747
v 2.87136 -5.702538 0.2516747
v 4.129935 -5.955368 0.6157101
v 2.87136 -5.846947 0.7221424
v 4.129935 -5.846947 0.5908635
v 2.87136 -5.846947 0.2269474
v 4.129935 -5.846947 1.284619
v 5.566979 -5.846947 1.32308
v 5.566979 -5.846947 2.702951
v 7.319932 -5.846947 1.508038
v 7.319932 -5.846947 5.650806
v 7.319932 -5.594116 5.650806
v 5.566979 -5.846947 2.702951
v 5.566979 -5.594116 2.702951
v 7.319932 -5.846947 5.650806
v 5.566979 -5.594116 2.702951
v 4.129935 -5.846947 1.284619
v 4.129935 -5.594116 1.284619
v 5.566979 -5.846947 2.702951
v 4.129935 -5.594116 1.284619
v 2.87136 -5.846947 0.7221424
v 2.87136 -5.594116 0.7221423
v 4.129935 -5.846947 1.284619
v 4.898348 2.072891 17.61156
v -4.89749 2.072891 8.754844
v -4.89749 2.072891 17.61156
v 4.898348 2.072891 8.754844
v 4.898348 11.76754 17.61156
v 4.898348 2.072891 8.754844
v 4.898348 2.072891 17.61156
v 4.898348 11.76754 8.754843
v -4.89749 11.76754 17.61156
v 4.898348 11.76754 8.754843
v 4.898348 11.76754 17.61156
v -4.89749 11.76754 8.754843
v -4.89749 2.072891 17.61156
v -4.89749 11.76754 8.754843
v -4.89749 11.76754 17.61156
v -4.89749 2.072891 8.754844
v -4.037926 2.923576 17.61156
v 4.038784 2.923576 16.5938
v 4.038785 2.923576 17.61156
v -4.037926 2.923576 16.5938
v 4.038785 2.923576 17.61156
v 4.038784 10.91685 16.5938
v 4.038785 10.91685 17.61156
v 4.038784 2.923576 16.5938
v 4.038785 10.91685 17.61156
v -4.037926 10.91685 16.5938
v -4.037926 10.91685 17.61156
v 4.038784 10.91685 16.5938
v -4.037926 10.91685 17.61156
v -4.037926 2.923576 16.5938
v -4.037926 2.923576 17.61156
v -4.037926 10.91685 16.5938
v 4.038784 10.91685 16.5938
v -4.037926 2.923576 16.5938
v -4.037926 10.91685 16.5938
v 4.038784 2.923576 16.5938
v 5.584236 1.394089 11.15867
v -5.583378 1.394089 5.705725
v -5.583378 1.394089 11.15867
v 5.584236 1.394089 5.705725
v 5.584236 12.44635 11.15866
v 5.584236 1.394089 5.705725
v 5.584236 1.394089 11.15867
v 5.584236 12.44635 5.705723
v -5.583378 12.44635 11.15866
v 5.584236 12.44635 5.705723
v 5.584236 12.44635 11.15866
v -5.583378 12.44635 5.705723
v -5.583378 1.394089 11.15867
v -5.583378 12.44635 5.705723
v -5.583378 12.44635 11.15866
v -5.583378 1.394089 5.705725
v 5.584236 12.44635 11.15866
v -5.583378 1.394089 11.15867
v -5.583378 12.44635 11.15866
v 5.584236 1.394089 11.15867
v 5.483043 1.494232 16.48953
v -5.482185 1.494232 15.80281
v -5.482185 1.494232 16.48953
v 5.483043 1.494232 15.80281
v 5.483043 12.3462 16.48953
v 5.483043 1.494232 15.80281
v 5.483043 1.494232 16.48953
v 5.483043 12.3462 15.80281
v -5.482185 12.3462 16.48953
v 5.483043 12.3462 15.80281
v 5.483043 12.3462 16.48953
v -5.482185 12.3462 15.80281
v -5.482185 1.494232 16.48953
v -5.482185 12.3462 15.80281
v -5.482185 12.3462 16.48953
v -5.482185 1.494232 15.80281
v 5.483043 12.3462 16.48953
v -5.482185 1.494232 16.48953
v -5.482185 12.3462 16.48953
v 5.483043 1.494232 16.48953
v 5.363787 3.248589 15.98409
v 5.363787 1.602249 10.79704
v 5.363787 1.602249 15.98409
v 5.363787 3.248589 10.79704
v 3.700265 3.248589 15.98409
v 5.363787 3.248589 10.79704
v 5.363787 3.248589 15.98409
v 3.700265 3.248589 10.79704
v 3.700265 1.602249 15.98409
v 3.700265 3.248589 10.79704
v 3.700265 3.248589 15.98409
v 3.700265 1.602249 10.79704
v 5.363787 1.602249 15.98409
v 3.700265 1.602249 10.79704
v 3.700265 1.602249 15.98409
v 5.363787 1.602249 10.79704
v 5.363787 12.22666 15.98409
v 5.363787 10.58032 10.79704
v 5.363787 10.58032 15.98409
v 5.363787 12.22666 10.79704
v 3.700265 12.22666 15.98409
v 5.363787 12.22666 10.79704
v 5.363787 12.22666 15.98409
v 3.700265 12.22666 10.79704
v 3.700265 10.58032 15.98409
v 3.700265 12.22666 10.79704
v 3.700265 12.22666 15.98409
v 3.700265 10.58032 10.79704
v 5.363787 10.58032 15.98409
v 3.700265 10.58032 10.79704
v 3.700265 10.58032 15.98409
v 5.363787 10.58032 10.79704
v -3.692524 3.248589 15.98409
v -3.692524 1.602249 10.79704
v -3.692524 1.602249 15.98409
v -3.692524 3.248589 10.79704
v -5.356046 3.248589 15.98409
v -3.692524 3.248589 10.79704
v -3.692524 3.248589 15.98409
v -5.356046 3.248589 10.79704
v -5.356046 1.602249 15.98409
v -5.356046 3.248589 10.79704
v -5.356046 3.248589 15.98409
v -5.356046 1.602249 10.79704
v -3.692524 1.602249 15.98409
v -5.356046 1.602249 10.79704
v -5.356046 1.602249 15.98409
v -3.692524 1.602249 10.79704
v -3.692524 12.22666 15.98409
v -3.692524 10.58032 10.79704
v -3.692524 10.58032 15.98409
v -3.692524 12.22666 10.79704
v -5.356046 12.22666 15.98409
v -3.692524 12.22666 10.79704
v -3.692524 12.22666 15.98409
v -5.356046 12.22666 10.79704
v -5.356046 10.58032 15.98409
v -5.356046 12.22666 10.79704
v -5.356046 12.22666 15.98409
v -5.356046 10.58032 10.79704
v -3.692524 10.58032 15.98409
v -5.356046 10.58032 10.79704
v -5.356046 10.58032 15.98409
v -3.692524 10.58032 10.79704
v -3.286555 3.770363 17.9453
v -4.618146 2.45253 17.9453
v -4.618146 3.770363 17.9453
v -3.286555 2.45253 17.9453
v -3.286555 3.770363 16.30301
v -4.618146 3.770363 17.9453
v -4.618146 3.770363 16.30301
v -3.286555 3.770363 17.9453
v -4.618146 3.770363 16.30301
v -4.618146 2.45253 17.9453
v -4.618146 2.45253 16.30301
v -4.618146 3.770363 17.9453
v -4.618146 2.45253 16.30301
v -3.286555 2.45253 17.9453
v -3.286555 2.45253 16.30301
v -4.618146 2.45253 17.9453
v -3.286555 2.45253 16.30301
v -3.286555 3.770363 17.9453
v -3.286555 3.770363 16.30301
v -3.286555 2.45253 17.9453
v -4.140047 3.297203 21.10642
v -3.764654 3.297203 17.8531
v -3.764654 3.297203 21.10642
v -4.140047 3.297203 17.8531
v -4.140047 2.92569 21.10642
v -4.140047 3.297203 17.8531
v -4.140047 3.297203 21.10642
v -4.140047 2.92569 17.8531
v -3.764654 2.92569 21.10642
v -4.140047 2.92569 17.8531
v -4.140047 2.92569 21.10642
v -3.764654 2.92569 17.8531
v -3.764654 3.297203 21.10642
v -3.764654 2.92569 17.8531
v -3.764654 2.92569 21.10642
v -3.764654 3.297203 17.8531
v -3.585641 3.474365 21.31332
v -4.140047 3.297203 21.10642
v -3.764654 3.297203 21.10642
v -4.319059 3.474365 21.31332
v -4.319059 2.74852 21.31332
v -3.764654 2.92569 21.10642
v -4.140047 2.92569 21.10642
v -3.585641 2.74852 21.31332
v -4.189078 3.345726 18.40828
v -3.715623 3.345726 17.87993
v -3.715623 3.345726 18.40828
v -4.189078 3.345726 17.87993
v -4.189078 2.877167 18.40828
v -4.189078 3.345726 17.87993
v -4.189078 3.345726 18.40828
v -4.189078 2.877167 17.87993
v -3.715623 2.877167 18.40828
v -4.189078 2.877167 17.87993
v -4.189078 2.877167 18.40828
v -3.715623 2.877167 17.87993
v -3.715623 3.345726 18.40828
v -3.715623 2.877167 17.87993
v -3.715623 2.877167 18.40828
v -3.715623 3.345726 17.87993
v -3.715623 3.345726 18.40828
v -4.189078 2.877167 18.40828
v -4.189078 3.345726 18.40828
v -3.715623 2.877167 18.40828
v 4.594696 3.770363 17.9453
v 3.263104 2.45253 17.9453
v 3.263104 3.770363 17.9453
v 4.594696 2.45253 17.9453
v 4.594696 3.770363 16.30301
v 3.263104 3.770363 17.9453
v 3.263104 3.770363 16.30301
v 4.594696 3.770363 17.9453
v 3.263104 3.770363 16.30301
v 3.263104 2.45253 17.9453
v 3.263104 2.45253 16.30301
v 3.263104 3.770363 17.9453
v 3.263104 2.45253 16.30301
v 4.594696 2.45253 17.9453
v 4.594696 2.45253 16.30301
v 3.263104 2.45253 17.9453
v 4.594696 2.45253 16.30301
v 4.594696 3.770363 17.9453
v 4.594696 3.770363 16.30301
v 4.594696 2.45253 17.9453
v 3.741204 3.297203 21.10642
v 4.116597 3.297203 17.8531
v 4.116597 3.297203 21.10642
v 3.741204 3.297203 17.8531
v 3.741204 2.92569 21.10642
v 3.741204 3.297203 17.8531
v 3.741204 3.297203 21.10642
v 3.741204 2.92569 17.8531
v 4.116597 2.92569 21.10642
v 3.741204 2.92569 17.8531
v 3.741204 2.92569 21.10642
v 4.116597 2.92569 17.8531
v 4.116597 3.297203 21.10642
v 4.116597 2.92569 17.8531
v 4.116597 2.92569 21.10642
v 4.116597 3.297203 17.8531
v 4.29561 3.474365 21.31332
v 3.741204 3.297203 21.10642
v 4.116597 3.297203 21.10642
v 3.562192 3.474365 21.31332
v 3.562192 2.748528 21.31332
v 4.116597 2.92569 21.10642
v 3.741204 2.92569 21.10642
v 4.29561 2.748528 21.31332
v 3.692173 3.345726 18.40828
v 4.165627 3.345726 17.87993
v 4.165627 3.345726 18.40828
v 3.692173 3.345726 17.87993
v 3.692173 2.877167 18.40828
v 3.692173 3.345726 17.87993
v 3.692173 3.345726 18.40828
v 3.692173 2.877167 17.87993
v 4.165627 2.877167 18.40828
v 3.692173 2.877167 17.87993
v 3.692173 2.877167 18.40828
v 4.165627 2.877167 17.87993
v 4.165627 3.345726 18.40828
v 4.165627 2.877167 17.87993
v 4.165627 2.877167 18.40828
v 4.165627 3.345726 17.87993
v 4.165627 3.345726 18.40828
v 3.692173 2.877167 18.40828
v 3.692173 3.345726 18.40828
v 4.165627 2.877167 18.40828
v -3.286555 11.55249 17.9453
v -4.618146 10.23465 17.9453
v -4.618146 11.55249 17.9453
v -3.286555 10.23465 17.9453
v -3.286555 11.55249 16.30301
v -4.618146 11.55249 17.9453
v -4.618146 11.55249 16.30301
v -3.286555 11.55249 17.9453
v -4.618146 11.55249 16.30301
v -4.618146 10.23465 17.9453
v -4.618146 10.23465 16.30301
v -4.618146 11.55249 17.9453
v -4.618146 10.23465 16.30301
v -3.286555 10.23465 17.9453
v -3.286555 10.23465 16.30301
v -4.618146 10.23465 17.9453
v -3.286555 10.23465 16.30301
v -3.286555 11.55249 17.9453
v -3.286555 11.55249 16.30301
v -3.286555 10.23465 17.9453
v -4.140047 11.07933 21.10642
v -3.764654 11.07933 17.8531
v -3.764654 11.07933 21.10642
v -4.140047 11.07933 17.8531
v -4.140047 10.70781 21.10642
v -4.140047 11.07933 17.8531
v -4.140047 11.07933 21.10642
v -4.140047 10.70782 17.8531
v -3.764654 10.70781 21.10642
v -4.140047 10.70782 17.8531
v -4.140047 10.70781 21.10642
v -3.764654 10.70782 17.8531
v -3.764654 11.07933 21.10642
v -3.764654 10.70782 17.8531
v -3.764654 10.70781 21.10642
v -3.764654 11.07933 17.8531
v -3.585641 11.25649 21.31332
v -4.140047 11.07933 21.10642
v -3.764654 11.07933 21.10642
v -4.319059 11.25649 21.31332
v -4.319059 10.53065 21.31332
v -3.764654 10.70781 21.10642
v -4.140047 10.70781 21.10642
v -3.585641 10.53065 21.31332
v -4.189078 11.12785 18.40828
v -3.715623 11.12785 17.87993
v -3.715623 11.12785 18.40828
v -4.189078 11.12785 17.87993
v -4.189078 10.65929 18.40828
v -4.189078 11.12785 17.87993
v -4.189078 11.12785 18.40828
v -4.189078 10.65929 17.87992
v -3.715623 10.65929 18.40828
v -4.189078 10.65929 17.87992
v -4.189078 10.65929 18.40828
v -3.715623 10.65929 17.87992
v -3.715623 11.12785 18.40828
v -3.715623 10.65929 17.87992
v -3.715623 10.65929 18.40828
v -3.715623 11.12785 17.87993
v -3.715623 11.12785 18.40828
v -4.189078 10.65929 18.40828
v -4.189078 11.12785 18.40828
v -3.715623 10.65929 18.40828
v 4.594696 11.55249 17.9453
v 3.263104 10.23465 17.9453
v 3.263104 11.55249 17.9453
v 4.594696 10.23465 17.9453
v 4.594696 11.55249 16.30301
v 3.263104 11.55249 17.9453
v 3.263104 11.55249 16.30301
v 4.594696 11.55249 17.9453
v 3.263104 11.55249 16.30301
v 3.263104 10.23465 17.9453
v 3.263104 10.23465 16.30301
v 3.263104 11.55249 17.9453
v 3.263104 10.23465 16.30301
v 4.594696 10.23465 17.9453
v 4.594696 10.23465 16.30301
v 3.263104 10.23465 17.9453
v 4.594696 10.23465 16.30301
v 4.594696 11.55249 17.9453
v 4.594696 11.55249 16.30301
v 4.594696 10.23465 17.9453
v 3.741204 11.07933 21.10642
v 4.116597 11.07933 17.8531
v 4.116597 11.07933 21.10642
v 3.741204 11.07933 17.8531
v 3.741204 10.70781 21.10642
v 3.741204 11.07933 17.8531
v 3.741204 11.07933 21.10642
v 3.741204 10.70782 17.8531
v 4.116597 10.70781 21.10642
v 3.741204 10.70782 17.8531
v 3.741204 10.70781 21.10642
v 4.116597 10.70782 17.8531
v 4.116597 11.07933 21.10642
v 4.116597 10.70782 17.8531
v 4.116597 10.70781 21.10642
v 4.116597 11.07933 17.8531
v 4.29561 11.25649 21.31332
v 3.741204 11.07933 21.10642
v 4.116597 11.07933 21.10642
v 3.562192 11.25649 21.31332
v 3.562192 10.53065 21.31332
v 4.116597 10.70781 21.10642
v 3.741204 10.70781 21.10642
v 4.29561 10.53065 21.31332
v 3.692173 11.12785 18.40828
v 4.165627 11.12785 17.87993
v 4.165627 11.12785 18.40828
v 3.692173 11.12785 17.87993
v 3.692173 10.65929 18.40828
v 3.692173 11.12785 17.87993
v 3.692173 11.12785 18.40828
v 3.692173 10.65929 17.87992
v 4.165627 10.65929 18.40828
v 3.692173 10.65929 17.87992
v 3.692173 10.65929 18.40828
v 4.165627 10.65929 17.87992
v 4.165627 11.12785 18.40828
v 4.165627 10.65929 17.87992
v 4.165627 10.65929 18.40828
v 4.165627 11.12785 17.87993
v 4.165627 11.12785 18.40828
v 3.692173 10.65929 18.40828
v 3.692173 11.12785 18.40828
v 4.165627 10.65929 18.40828
v 0.658115 2.184914 14.75661
v 0.2846627 1.835861 15.24334
v 0.3308785 2.184914 15.32339
v 0.5656784 1.835861 14.75661
v 0.3308785 2.184914 15.32339
v -0.2773736 1.835861 15.24334
v -0.3235894 2.184914 15.32339
v 0.2846627 1.835861 15.24334
v -0.3235894 2.184914 15.32339
v -0.5583892 1.835861 14.75661
v -0.6508258 2.184914 14.75661
v -0.2773736 1.835861 15.24334
v -0.6508258 2.184914 14.75661
v -0.2773736 1.835861 14.26988
v -0.3235894 2.184914 14.18982
v -0.5583892 1.835861 14.75661
v -0.3235894 2.184914 14.18982
v 0.2846627 1.835861 14.26988
v 0.3308785 2.184914 14.18982
v -0.2773736 1.835861 14.26988
v 0.3308785 2.184914 14.18982
v 0.5656784 1.835861 14.75661
v 0.658115 2.184914 14.75661
v 0.2846627 1.835861 14.26988
v 0.2846627 1.835861 15.24334
v -0.194815 1.835861 15.10034
v -0.2773736 1.835861 15.24334
v 0.2021041 1.835861 15.10034
v 0.5656784 1.835861 14.75661
v 0.4005514 1.835861 14.75661
v 0.2846627 1.835861 14.26988
v 0.2021041 1.835861 14.41288
v -0.2773736 1.835861 14.26988
v -0.194815 1.835861 14.41288
v -0.5583892 1.835861 14.75661
v -0.3932623 1.835861 14.75661
v -0.2773736 1.835861 15.24334
v -0.194815 1.835861 15.10034
v 0.4005514 1.835861 14.75661
v 0.1712789 1.687134 15.04696
v 0.2021041 1.835861 15.10034
v 0.3389156 1.687134 14.75661
v 0.2021041 1.835861 15.10034
v -0.1639898 1.687134 15.04696
v -0.194815 1.835861 15.10034
v 0.1712789 1.687134 15.04696
v -0.194815 1.835861 15.10034
v -0.3316265 1.687134 14.75661
v -0.3932623 1.835861 14.75661
v -0.1639898 1.687134 15.04696
v -0.3932623 1.835861 14.75661
v -0.1639898 1.687134 14.46625
v -0.194815 1.835861 14.41288
v -0.3316265 1.687134 14.75661
v -0.194815 1.835861 14.41288
v 0.1712789 1.687134 14.46625
v 0.2021041 1.835861 14.41288
v -0.1639898 1.687134 14.46625
v 0.2021041 1.835861 14.41288
v 0.3389156 1.687134 14.75661
v 0.4005514 1.835861 14.75661
v 0.1712789 1.687134 14.46625
v 0.1712789 1.687134 15.04696
v -0.3316265 1.687134 14.75661
v -0.1639898 1.687134 15.04696
v 0.3389156 1.687134 14.75661
v -0.1639898 1.687134 14.46625
v 0.1712789 1.687134 14.46625
v -1.348424 2.184914 14.75661
v -1.721876 1.835861 15.24334
v -1.67566 2.184914 15.32339
v -1.44086 1.835861 14.75661
v -1.67566 2.184914 15.32339
v -2.283912 1.835861 15.24334
v -2.330128 2.184914 15.32339
v -1.721876 1.835861 15.24334
v -2.330128 2.184914 15.32339
v -2.564928 1.835861 14.75661
v -2.657365 2.184914 14.75661
v -2.283912 1.835861 15.24334
v -2.657365 2.184914 14.75661
v -2.283912 1.835861 14.26988
v -2.330128 2.184914 14.18982
v -2.564928 1.835861 14.75661
v -2.330128 2.184914 14.18982
v -1.721876 1.835861 14.26988
v -1.67566 2.184914 14.18982
v -2.283912 1.835861 14.26988
v -1.67566 2.184914 14.18982
v -1.44086 1.835861 14.75661
v -1.348424 2.184914 14.75661
v -1.721876 1.835861 14.26988
v -1.721876 1.835861 15.24334
v -2.201353 1.835861 15.10034
v -2.283912 1.835861 15.24334
v -1.804435 1.835861 15.10034
v -1.44086 1.835861 14.75661
v -1.605987 1.835861 14.75661
v -1.721876 1.835861 14.26988
v -1.804435 1.835861 14.41288
v -2.283912 1.835861 14.26988
v -2.201353 1.835861 14.41288
v -2.564928 1.835861 14.75661
v -2.399801 1.835861 14.75661
v -2.283912 1.835861 15.24334
v -2.201353 1.835861 15.10034
v -1.605987 1.835861 14.75661
v -1.83526 1.687134 15.04696
v -1.804435 1.835861 15.10034
v -1.667623 1.687134 14.75661
v -1.804435 1.835861 15.10034
v -2.170528 1.687134 15.04696
v -2.201353 1.835861 15.10034
v -1.83526 1.687134 15.04696
v -2.201353 1.835861 15.10034
v -2.338165 1.687134 14.75661
v -2.399801 1.835861 14.75661
v -2.170528 1.687134 15.04696
v -2.399801 1.835861 14.75661
v -2.170528 1.687134 14.46625
v -2.201353 1.835861 14.41288
v -2.338165 1.687134 14.75661
v -2.201353 1.835861 14.41288
v -1.83526 1.687134 14.46625
v -1.804435 1.835861 14.41288
v -2.170528 1.687134 14.46625
v -1.804435 1.835861 14.41288
v -1.667623 1.687134 14.75661
v -1.605987 1.835861 14.75661
v -1.83526 1.687134 14.46625
v -1.83526 1.687134 15.04696
v -2.338165 1.687134 14.75661
v -2.170528 1.687134 15.04696
v -1.667623 1.687134 14.75661
v -2.170528 1.687134 14.46625
v -1.83526 1.687134 14.46625
v 2.605693 2.184914 14.75661
v 2.232236 1.835861 15.24334
v 2.278452 2.184914 15.32339
v 2.513252 1.835861 14.75661
v 2.278452 2.184914 15.32339
v 1.6702 1.835861 15.24334
v 1.623989 2.184914 15.32339
v 2.232236 1.835861 15.24334
v 1.623989 2.184914 15.32339
v 1.389184 1.835861 14.75661
v 1.296753 2.184914 14.75661
v 1.6702 1.835861 15.24334
v 1.296753 2.184914 14.75661
v 1.6702 1.835861 14.26988
v 1.623989 2.184914 14.18982
v 1.389184 1.835861 14.75661
v 1.623989 2.184914 14.18982
v 2.232236 1.835861 14.26988
v 2.278452 2.184914 14.18982
v 1.6702 1.835861 14.26988
v 2.278452 2.184914 14.18982
v 2.513252 1.835861 14.75661
v 2.605693 2.184914 14.75661
v 2.232236 1.835861 14.26988
v 2.232236 1.835861 15.24334
v 1.752759 1.835861 15.10034
v 1.6702 1.835861 15.24334
v 2.149678 1.835861 15.10034
v 2.513252 1.835861 14.75661
v 2.348125 1.835861 14.75661
v 2.232236 1.835861 14.26988
v 2.149678 1.835861 14.41288
v 1.6702 1.835861 14.26988
v 1.752759 1.835861 14.41288
v 1.389184 1.835861 14.75661
v 1.554311 1.835861 14.75661
v 1.6702 1.835861 15.24334
v 1.752759 1.835861 15.10034
v 2.348125 1.835861 14.75661
v 2.118853 1.687134 15.04696
v 2.149678 1.835861 15.10034
v 2.286494 1.687134 14.75661
v 2.149678 1.835861 15.10034
v 1.783589 1.687134 15.04696
v 1.752759 1.835861 15.10034
v 2.118853 1.687134 15.04696
v 1.752759 1.835861 15.10034
v 1.615952 1.687134 14.75661
v 1.554311 1.835861 14.75661
v 1.783589 1.687134 15.04696
v 1.554311 1.835861 14.75661
v 1.783589 1.687134 14.46625
v 1.752759 1.835861 14.41288
v 1.615952 1.687134 14.75661
v 1.752759 1.835861 14.41288
v 2.118853 1.687134 14.46625
v 2.149678 1.835861 14.41288
v 1.783589 1.687134 14.46625
v 2.149678 1.835861 14.41288
v 2.286494 1.687134 14.75661
v 2.348125 1.835861 14.75661
v 2.118853 1.687134 14.46625
v 2.118853 1.687134 15.04696
v 1.615952 1.687134 14.75661
v 1.783589 1.687134 15.04696
v 2.286494 1.687134 14.75661
v 1.783589 1.687134 14.46625
v 2.118853 1.687134 14.46625
v 2.243247 7.104164 16.42866
v 1.076411 8.873253 17.23314
v 1.149119 8.999214 16.42866
v 2.097799 7.104164 17.23314
v 1.149119 8.999214 16.42866
v -0.9663824 8.873253 17.23314
v -1.039074 8.999214 16.42866
v 1.076411 8.873253 17.23314
v -1.039074 8.999214 16.42866
v -1.98777 7.104164 17.23314
v -2.133187 7.104164 16.42866
v -0.9663824 8.873253 17.23314
v -2.133187 7.104164 16.42866
v -0.9663824 5.335075 17.23314
v -1.039074 5.209114 16.42866
v -1.98777 7.104164 17.23314
v -1.039074 5.209114 16.42866
v 1.076411 5.335075 17.23314
v 1.149119 5.209114 16.42866
v -0.9663824 5.335075 17.23314
v 1.149119 5.209114 16.42866
v 2.097799 7.104164 17.23314
v 2.243247 7.104164 16.42866
v 1.076411 5.335075 17.23314
v 1.076411 8.873253 17.23314
v -0.5207448 8.101395 17.23314
v -0.9663824 8.873253 17.23314
v 0.6307735 8.101395 17.23314
v 2.097799 7.104164 17.23314
v 1.206528 7.104164 17.23315
v 1.076411 5.335075 17.23314
v 0.6307735 6.106934 17.23314
v -0.9663824 5.335075 17.23314
v -0.5207448 6.106934 17.23314
v -1.98777 7.104164 17.23314
v -1.096499 7.104164 17.23315
v -0.9663824 8.873253 17.23314
v -0.5207448 8.101395 17.23314
v 1.206528 7.104164 17.23315
v 0.6307733 8.09697 17.72939
v 0.6307735 8.101395 17.23314
v 1.206528 7.099731 17.72939
v 0.6307735 8.101395 17.23314
v -0.5207449 8.09697 17.72939
v -0.5207448 8.101395 17.23314
v 0.6307733 8.09697 17.72939
v -0.5207448 8.101395 17.23314
v -1.096499 7.099731 17.72939
v -1.096499 7.104164 17.23315
v -0.5207449 8.09697 17.72939
v -1.096499 7.104164 17.23315
v -0.5207449 6.102501 17.72938
v -0.5207448 6.106934 17.23314
v -1.096499 7.099731 17.72939
v -0.5207448 6.106934 17.23314
v 0.6307733 6.102501 17.72938
v 0.6307735 6.106934 17.23314
v -0.5207449 6.102501 17.72938
v 0.6307735 6.106934 17.23314
v 1.206528 7.099731 17.72939
v 1.206528 7.104164 17.23315
v 0.6307733 6.102501 17.72938
v 1.206528 7.099731 17.72939
v 0.7867464 8.362686 18.25121
v 0.6307733 8.09697 17.72939
v 1.518473 7.095306 18.25122
v 0.6307733 8.09697 17.72939
v -0.676718 8.362686 18.25121
v -0.5207449 8.09697 17.72939
v 0.7867464 8.362686 18.25121
v -0.5207449 8.09697 17.72939
v -1.408444 7.095306 18.25122
v -1.096499 7.099731 17.72939
v -0.676718 8.362686 18.25121
v -1.096499 7.099731 17.72939
v -0.676718 5.827919 18.25121
v -0.5207449 6.102501 17.72938
v -1.408444 7.095306 18.25122
v -0.5207449 6.102501 17.72938
v 0.7867464 5.827919 18.25121
v 0.6307733 6.102501 17.72938
v -0.676718 5.827919 18.25121
v 0.6307733 6.102501 17.72938
v 1.518473 7.095306 18.25122
v 1.206528 7.099731 17.72939
v 0.7867464 5.827919 18.25121
v 1.518473 7.095306 18.25122
v 1.450409 9.512169 18.87327
v 0.7867464 8.362686 18.25121
v 2.845793 7.095306 18.87327
v 0.7867464 8.362686 18.25121
v -1.340381 9.512169 18.87327
v -0.676718 8.362686 18.25121
v 1.450409 9.512169 18.87327
v -0.676718 8.362686 18.25121
v -2.735765 7.095306 18.87327
v -1.408444 7.095306 18.25122
v -1.340381 9.512169 18.87327
v -0.676718 5.827919 18.25121
v 1.450409 4.678436 18.87327
v 0.7867464 5.827919 18.25121
v -1.340381 4.678436 18.87327
v 0.7867464 5.827919 18.25121
v 2.845793 7.095306 18.87327
v 1.518473 7.095306 18.25122
v 1.450409 4.678436 18.87327
v 2.845793 7.095306 18.87327
v 1.693418 9.933067 20.07477
v 1.450409 9.512169 18.87327
v 3.331807 7.095306 20.07477
v 1.450409 9.512169 18.87327
v -1.583389 9.933067 20.07477
v -1.340381 9.512169 18.87327
v 1.693418 9.933067 20.07477
v -1.340381 9.512169 18.87327
v -3.221779 7.095306 20.07477
v -2.735765 7.095306 18.87327
v -1.583389 9.933067 20.07477
v -2.735765 7.095306 18.87327
v -1.583389 4.257545 20.07477
v -1.340381 4.678436 18.87327
v -3.221779 7.095306 20.07477
v -1.340381 4.678436 18.87327
v 1.693418 4.257545 20.07477
v 1.450409 4.678436 18.87327
v -1.583389 4.257545 20.07477
v 1.450409 4.678436 18.87327
v 3.331807 7.095306 20.07477
v 2.845793 7.095306 18.87327
v 1.693418 4.257545 20.07477
v 1.693418 9.933067 20.07477
v -1.351974 9.532249 20.07477
v -1.583389 9.933067 20.07477
v 1.462003 9.532249 20.07477
v 3.331807 7.095306 20.07477
v 2.868981 7.095306 20.07477
v 1.693418 4.257545 20.07477
v 1.462003 4.658356 20.07477
v -1.583389 4.257545 20.07477
v -1.351974 4.658356 20.07477
v -3.221779 7.095306 20.07477
v -2.758952 7.095306 20.07477
v -1.583389 9.933067 20.07477
v -1.351974 9.532249 20.07477
v 2.868981 7.095306 20.07477
v 0.7463329 8.292694 18.96261
v 1.462003 9.532249 20.07477
v 1.437646 7.095306 18.96261
v 1.462003 9.532249 20.07477
v -0.6363043 8.292694 18.96261
v -1.351974 9.532249 20.07477
v 0.7463329 8.292694 18.96261
v -1.351974 9.532249 20.07477
v -1.327617 7.095306 18.96261
v -2.758952 7.095306 20.07477
v -0.6363043 8.292694 18.96261
v -2.758952 7.095306 20.07477
v -0.6363043 5.897926 18.9626
v -1.351974 4.658356 20.07477
v -1.327617 7.095306 18.96261
v -1.351974 4.658356 20.07477
v 0.7463329 5.897926 18.9626
v 1.462003 4.658356 20.07477
v -0.6363043 5.897926 18.9626
v 1.462003 4.658356 20.07477
v 1.437646 7.095306 18.96261
v 2.868981 7.095306 20.07477
v 0.7463329 5.897926 18.9626
v -0.6363043 5.897926 18.9626
v 1.437646 7.095306 18.96261
v 0.7463329 5.897926 18.9626
v -1.327617 7.095306 18.96261
v 0.7463329 8.292694 18.96261
v -0.6363043 8.292694 18.96261
v 4.772562 -3.438499 14.58769
v 5.095305 -3.119087 14.58769
v 5.095305 -3.438499 14.58769
v 4.772562 -3.119087 14.58769
v 4.772562 -3.119087 10.61417
v 4.772562 -3.438499 14.58769
v 4.772562 -3.438492 10.61417
v 4.772562 -3.119087 14.58769
v 4.772562 -3.438492 10.61417
v 5.095305 -3.438499 14.58769
v 5.095305 -3.438492 10.61417
v 4.772562 -3.438499 14.58769
v 5.095305 -3.438492 10.61417
v 5.095305 -3.119087 14.58769
v 5.095305 -3.119087 10.61417
v 5.095305 -3.438499 14.58769
v 5.095305 -3.119087 10.61417
v 4.772562 -3.119087 14.58769
v 4.772562 -3.119087 10.61417
v 5.095305 -3.119087 14.58769
v 4.294424 -3.677032 14.35265
v 5.573443 -3.448341 14.35265
v 5.573443 -3.677032 14.35265
v 4.294424 -3.448341 14.35265
v 4.294424 -3.448341 14.18343
v 4.294424 -3.677032 14.35265
v 4.294424 -3.677032 14.18343
v 4.294424 -3.448341 14.35265
v 4.294424 -3.677032 14.18343
v 5.573443 -3.677032 14.35265
v 5.573443 -3.677032 14.18343
v 4.294424 -3.677032 14.35265
v 5.573443 -3.677032 14.18343
v 5.573443 -3.448341 14.35265
v 5.573443 -3.448341 14.18343
v 5.573443 -3.677032 14.35265
v 5.573443 -3.448341 14.18343
v 4.294424 -3.448341 14.35265
v 4.294424 -3.448341 14.18343
v 5.573443 -3.448341 14.35265
v 4.633609 -3.576012 10.61417
v 4.633609 -2.981567 10.41363
v 4.633609 -2.981567 10.61417
v 4.633609 -3.576012 10.41363
v 4.633609 -2.981567 10.61417
v 5.234259 -2.981567 10.41363
v 5.234259 -2.981567 10.61417
v 4.633609 -2.981567 10.41363
v 5.234259 -2.981567 10.61417
v 5.234259 -3.576012 10.41363
v 5.234259 -3.576012 10.61417
v 5.234259 -2.981567 10.41363
v 5.234259 -3.576012 10.61417
v 4.633609 -3.576012 10.41363
v 4.633609 -3.576012 10.61417
v 5.234259 -3.576012 10.41363
v 4.933933 -3.589554 11.11927
v 4.365872 -3.589554 14.24862
v 4.933933 -3.589554 14.24862
v 4.365872 -3.589554 11.75701
v 5.501996 -3.589554 11.75701
v 4.933933 -3.589554 14.24862
v 5.501996 -3.589554 14.24862
v 4.933933 -3.589554 11.11927
v -5.105714 -3.438499 14.58769
v -4.78297 -3.119087 14.58769
v -4.78297 -3.438499 14.58769
v -5.105714 -3.119087 14.58769
v -5.105714 -3.119087 10.61417
v -5.105714 -3.438499 14.58769
v -5.105714 -3.438492 10.61417
v -5.105714 -3.119087 14.58769
v -5.105714 -3.438492 10.61417
v -4.78297 -3.438499 14.58769
v -4.78297 -3.438492 10.61417
v -5.105714 -3.438499 14.58769
v -4.78297 -3.438492 10.61417
v -4.78297 -3.119087 14.58769
v -4.78297 -3.119087 10.61417
v -4.78297 -3.438499 14.58769
v -4.78297 -3.119087 10.61417
v -5.105714 -3.119087 14.58769
v -5.105714 -3.119087 10.61417
v -4.78297 -3.119087 14.58769
v -5.583852 -3.677032 14.35265
v -4.304833 -3.448341 14.35265
v -4.304833 -3.677032 14.35265
v -5.583852 -3.448341 14.35265
v -5.583852 -3.448341 14.18343
v -5.583852 -3.677032 14.35265
v -5.583852 -3.677032 14.18343
v -5.583852 -3.448341 14.35265
v -5.583852 -3.677032 14.18343
v -4.304833 -3.677032 14.35265
v -4.304833 -3.677032 14.18343
v -5.583852 -3.677032 14.35265
v -4.304833 -3.677032 14.18343
v -4.304833 -3.448341 14.35265
v -4.304833 -3.448341 14.18343
v -4.304833 -3.677032 14.35265
v -4.304833 -3.448341 14.18343
v -5.583852 -3.448341 14.35265
v -5.583852 -3.448341 14.18343
v -4.304833 -3.448341 14.35265
v -5.244668 -3.576012 10.61417
v -5.244668 -2.981567 10.41363
v -5.244668 -2.981567 10.61417
v -5.244668 -3.576012 10.41363
v -5.244668 -2.981567 10.61417
v -4.644018 -2.981567 10.41363
v -4.644018 -2.981567 10.61417
v -5.244668 -2.981567 10.41363
v -4.644018 -2.981567 10.61417
v -4.644018 -3.576012 10.41363
v -4.644018 -3.576012 10.61417
v -4.644018 -2.981567 10.41363
v -4.644018 -3.576012 10.61417
v -5.244668 -3.576012 10.41363
v -5.244668 -3.576012 10.61417
v -4.644018 -3.576012 10.41363
v -4.944342 -3.589554 11.11927
v -5.512404 -3.589554 14.24862
v -4.944342 -3.589554 14.24862
v -5.512404 -3.589554 11.75701
v -4.376281 -3.589554 11.75701
v -4.944342 -3.589554 14.24862
v -4.376281 -3.589554 14.24862
v -4.944342 -3.589554 11.11927
v -2.554925 -6.024559 7.181831E-07
v -7.377713E-16 -6.024559 4.104049
v -7.377713E-16 -6.024559 7.181831E-07
v -2.554925 -6.024559 4.104049
v -1.686327 -6.024559 5.506356
v -7.377713E-16 -6.024559 6.00063
v -2.554925 -5.647186 4.104048
v -2.554925 -6.024559 7.181831E-07
v -2.554925 -5.647179 6.731964E-07
v -2.554925 -6.024559 4.104049
v -7.377713E-16 -6.024559 4.104049
v -6.915571E-16 -5.647179 6.731964E-07
v -7.377713E-16 -6.024559 7.181831E-07
v -6.91558E-16 -5.647186 4.104048
v -7.377713E-16 -6.024559 6.00063
v -6.91558E-16 -5.647186 6.000629
v -6.91558E-16 -5.647186 6.000629
v -1.686327 -6.024559 5.506356
v -1.686327 -5.647186 5.506355
v -7.377713E-16 -6.024559 6.00063
v -1.686327 -5.647186 5.506355
v -2.554925 -6.024559 4.104049
v -2.554925 -5.647186 4.104048
v -1.686327 -6.024559 5.506356
v -0.01726372 -6.155815 2.523373
v -2.537662 -6.155815 2.081485
v -2.537662 -6.155815 2.523373
v -0.01726372 -6.155815 2.081485
v -2.537662 -5.992439 2.523373
v -2.537662 -6.155815 2.081485
v -2.537662 -5.992439 2.081485
v -2.537662 -6.155815 2.523373
v -0.01726372 -5.992439 2.081485
v -0.01726372 -6.155815 2.523373
v -0.01726372 -5.992439 2.523373
v -0.01726372 -6.155815 2.081485
v -2.537662 -6.155815 2.523373
v -0.01726372 -5.992439 2.523373
v -0.01726372 -6.155815 2.523373
v -2.537662 -5.992439 2.523373
v -0.01726372 -6.155815 4.081677
v -2.537662 -6.155815 3.639789
v -2.537662 -6.155815 4.081677
v -0.01726372 -6.155815 3.639789
v -2.537662 -5.992439 4.081677
v -2.537662 -6.155815 3.639789
v -2.537662 -5.992439 3.639789
v -2.537662 -6.155815 4.081677
v -0.01726372 -5.992439 3.639789
v -0.01726372 -6.155815 4.081677
v -0.01726372 -5.992439 4.081677
v -0.01726372 -6.155815 3.639789
v -2.537662 -6.155815 4.081677
v -0.01726372 -5.992439 4.081677
v -0.01726372 -6.155815 4.081677
v -2.537662 -5.992439 4.081677
v -0.01726372 -6.155815 0.8144701
v -2.537662 -6.155815 0.3725814
v -2.537662 -6.155815 0.8144701
v -0.01726372 -6.155815 0.3725814
v -2.537662 -5.992439 0.8144701
v -2.537662 -6.155815 0.3725814
v -2.537662 -5.992439 0.3725814
v -2.537662 -6.155815 0.8144701
v -0.01726372 -5.992439 0.3725814
v -0.01726372 -6.155815 0.8144701
v -0.01726372 -5.992439 0.8144701
v -0.01726372 -6.155815 0.3725814
v -2.537662 -6.155815 0.8144701
v -0.01726372 -5.992439 0.8144701
v -0.01726372 -6.155815 0.8144701
v -2.537662 -5.992439 0.8144701
v -0.009247037 -6.024559 4.104049
v 2.545678 -6.024559 7.181831E-07
v -0.009247037 -6.024559 7.181831E-07
v 2.545678 -6.024559 4.104049
v 1.67708 -6.024559 5.506356
v -0.009247037 -6.024559 6.00063
v 2.545678 -5.647186 4.104048
v 2.545678 -6.024559 7.181831E-07
v 2.545678 -6.024559 4.104049
v 2.545678 -5.647179 6.731964E-07
v -0.009247037 -5.647179 6.731964E-07
v -0.009247037 -6.024559 4.104049
v -0.009247037 -6.024559 7.181831E-07
v -0.009247037 -5.647186 4.104048
v -0.009247037 -6.024559 6.00063
v -0.009247037 -5.647186 6.000629
v -0.009247037 -5.647186 6.000629
v 1.67708 -6.024559 5.506356
v -0.009247037 -6.024559 6.00063
v 1.67708 -5.647186 5.506355
v 1.67708 -5.647186 5.506355
v 2.545678 -6.024559 4.104049
v 1.67708 -6.024559 5.506356
v 2.545678 -5.647186 4.104048
v 0.008016679 -6.155815 2.523373
v 2.528415 -6.155815 2.081485
v 0.008016679 -6.155815 2.081485
v 2.528415 -6.155815 2.523373
v 2.528415 -5.992439 2.523373
v 2.528415 -6.155815 2.081485
v 2.528415 -6.155815 2.523373
v 2.528415 -5.992439 2.081485
v 0.008016679 -5.992439 2.081485
v 0.008016679 -6.155815 2.523373
v 0.008016679 -6.155815 2.081485
v 0.008016679 -5.992439 2.523373
v 2.528415 -6.155815 2.523373
v 0.008016679 -5.992439 2.523373
v 2.528415 -5.992439 2.523373
v 0.008016679 -6.155815 2.523373
v 0.008016679 -6.155815 4.081677
v 2.528415 -6.155815 3.639789
v 0.008016679 -6.155815 3.639789
v 2.528415 -6.155815 4.081677
v 2.528415 -5.992439 4.081677
v 2.528415 -6.155815 3.639789
v 2.528415 -6.155815 4.081677
v 2.528415 -5.992439 3.639789
v 0.008016679 -5.992439 3.639789
v 0.008016679 -6.155815 4.081677
v 0.008016679 -6.155815 3.639789
v 0.008016679 -5.992439 4.081677
v 2.528415 -6.155815 4.081677
v 0.008016679 -5.992439 4.081677
v 2.528415 -5.992439 4.081677
v 0.008016679 -6.155815 4.081677
v 0.008016679 -6.155815 0.8144701
v 2.528415 -6.155815 0.3725814
v 0.008016679 -6.155815 0.3725814
v 2.528415 -6.155815 0.8144701
v 2.528415 -5.992439 0.8144701
v 2.528415 -6.155815 0.3725814
v 2.528415 -6.155815 0.8144701
v 2.528415 -5.992439 0.3725814
v 0.008016679 -5.992439 0.3725814
v 0.008016679 -6.155815 0.8144701
v 0.008016679 -6.155815 0.3725814
v 0.008016679 -5.992439 0.8144701
v 2.528415 -6.155815 0.8144701
v 0.008016679 -5.992439 0.8144701
v 2.528415 -5.992439 0.8144701
v 0.008016679 -6.155815 0.8144701
v 4.038785 2.923576 17.61156
v -4.89749 2.072891 17.61156
v -4.037926 2.923576 17.61156
v 4.898348 2.072891 17.61156
v -4.89749 11.76754 17.61156
v 4.038785 10.91685 17.61156
v -4.037926 10.91685 17.61156
v 4.898348 11.76754 17.61156
v 4.633609 -2.981567 10.61417
v 4.772562 -3.438492 10.61417
v 4.633609 -3.576012 10.61417
v 4.772562 -3.119087 10.61417
v 5.095305 -3.438492 10.61417
v 5.234259 -2.981567 10.61417
v 5.234259 -3.576012 10.61417
v 5.095305 -3.119087 10.61417
v -5.244668 -2.981567 10.61417
v -5.105714 -3.438492 10.61417
v -5.244668 -3.576012 10.61417
v -5.105714 -3.119087 10.61417
v -4.78297 -3.438492 10.61417
v -4.644018 -2.981567 10.61417
v -4.644018 -3.576012 10.61417
v -4.78297 -3.119087 10.61417

vn -1 0 0
vn -1 0 0
vn -1 0 0
vn 0 0.3110352 0.9501953
vn 0 0.3110352 0.9501953
vn 0 0.3110352 0.9501953
vn 0.9492188 0.3139648 -5.960464E-08
vn 0.9492188 0.3139648 -5.960464E-08
vn 0.9492188 0.3139648 -5.960464E-08
vn 0 0.3110352 -0.9501953
vn 0 0.3110352 -0.9501953
vn 0 0.3110352 -0.9501953
vn -0.9492188 0.3139648 -5.960464E-08
vn -0.9492188 0.3139648 -5.960464E-08
vn -0.9492188 0.3139648 -5.960464E-08
vn 0.7563477 -0.6542969 5.960464E-08
vn 0.7563477 -0.6542969 5.960464E-08
vn 0.7563477 -0.6542969 5.960464E-08
vn 0.7563477 -0.6542969 5.960464E-08
vn 0.7563477 -0.6542969 5.960464E-08
vn 0.7563477 -0.6542969 5.960464E-08
vn -0.7563477 -0.6542969 5.960464E-08
vn -0.7563477 -0.6542969 5.960464E-08
vn -0.7563477 -0.6542969 5.960464E-08
vn -0.7563477 -0.6542969 5.960464E-08
vn -0.7563477 -0.6542969 5.960464E-08
vn -0.7563477 -0.6542969 5.960464E-08
vn 0 0.3110352 0.9501953
vn 0 0.3110352 0.9501953
vn 0 0.3110352 0.9501953
vn 0.9492188 0.3139648 -5.960464E-08
vn 0.9492188 0.3139648 -5.960464E-08
vn 0.9492188 0.3139648 -5.960464E-08
vn 0 0.3110352 -0.9501953
vn 0 0.3110352 -0.9501953
vn 0 0.3110352 -0.9501953
vn -0.9492188 0.3139648 -5.960464E-08
vn -0.9492188 0.3139648 -5.960464E-08
vn -0.9492188 0.3139648 -5.960464E-08
vn 0.7563477 -0.6542969 5.960464E-08
vn 0.7563477 -0.6542969 5.960464E-08
vn 0.7563477 -0.6542969 5.960464E-08
vn 0.7563477 -0.6542969 5.960464E-08
vn 0.7563477 -0.6542969 5.960464E-08
vn 0.7563477 -0.6542969 5.960464E-08
vn -0.7563477 -0.6542969 5.960464E-08
vn -0.7563477 -0.6542969 5.960464E-08
vn -0.7563477 -0.6542969 5.960464E-08
vn -0.7563477 -0.6542969 5.960464E-08
vn -0.7563477 -0.6542969 5.960464E-08
vn -0.7563477 -0.6542969 5.960464E-08
vn 0 0.3110352 0.9501953
vn 0 0.3110352 0.9501953
vn 0 0.3110352 0.9501953
vn 0.9492188 0.3139648 -5.960464E-08
vn 0.9492188 0.3139648 -5.960464E-08
vn 0.9492188 0.3139648 -5.960464E-08
vn 0 0.3110352 -0.9501953
vn 0 0.3110352 -0.9501953
vn 0 0.3110352 -0.9501953
vn -0.9492188 0.3139648 -5.960464E-08
vn -0.9492188 0.3139648 -5.960464E-08
vn -0.9492188 0.3139648 -5.960464E-08
vn 0.7563477 -0.6542969 5.960464E-08
vn 0.7563477 -0.6542969 5.960464E-08
vn 0.7563477 -0.6542969 5.960464E-08
vn 0.7563477 -0.6542969 5.960464E-08
vn 0.7563477 -0.6542969 5.960464E-08
vn 0.7563477 -0.6542969 5.960464E-08
vn -0.7563477 -0.6542969 5.960464E-08
vn -0.7563477 -0.6542969 5.960464E-08
vn -0.7563477 -0.6542969 5.960464E-08
vn -0.7563477 -0.6542969 5.960464E-08
vn -0.7563477 -0.6542969 5.960464E-08
vn -0.7563477 -0.6542969 5.960464E-08
vn 0 0.3110352 0.9501953
vn 0 0.3110352 0.9501953
vn 0 0.3110352 0.9501953
vn 0.9492188 0.3139648 -5.960464E-08
vn 0.9492188 0.3139648 -5.960464E-08
vn 0.9492188 0.3139648 -5.960464E-08
vn 0 0.3110352 -0.9501953
vn 0 0.3110352 -0.9501953
vn 0 0.3110352 -0.9501953
vn -0.9492188 0.3139648 -5.960464E-08
vn -0.9492188 0.3139648 -5.960464E-08
vn -0.9492188 0.3139648 -5.960464E-08
vn 0.7563477 -0.6542969 5.960464E-08
vn 0.7563477 -0.6542969 5.960464E-08
vn 0.7563477 -0.6542969 5.960464E-08
vn 0.7563477 -0.6542969 5.960464E-08
vn 0.7563477 -0.6542969 5.960464E-08
vn 0.7563477 -0.6542969 5.960464E-08
vn -0.7563477 -0.6542969 5.960464E-08
vn -0.7563477 -0.6542969 5.960464E-08
vn -0.7563477 -0.6542969 5.960464E-08
vn -0.7563477 -0.6542969 5.960464E-08
vn -0.7563477 -0.6542969 5.960464E-08
vn -0.7563477 -0.6542969 5.960464E-08
vn 0.4121094 -0.8793945 -0.237915
vn 0.4121094 -0.8793945 -0.237915
vn 0.4121094 -0.8793945 -0.237915
vn 0.4121094 -0.8793945 -0.237915
vn 0.4121094 -0.8793945 -0.237915
vn 0.4121094 -0.8793945 -0.237915
vn 0.9335938 5.960464E-08 -0.357666
vn 0.9335938 5.960464E-08 -0.357666
vn 0.9335938 5.960464E-08 -0.357666
vn -0.9335938 5.960464E-08 -0.357666
vn -0.9335938 5.960464E-08 -0.357666
vn -0.9335938 5.960464E-08 -0.357666
vn 0 0.9365234 -0.3508301
vn 0 0.9365234 -0.3508301
vn 0 0.9365234 -0.3508301
vn 0 -0.9365234 -0.3508301
vn 0 -0.9365234 -0.3508301
vn 0 -0.9365234 -0.3508301
vn 0.9335938 5.960464E-08 -0.357666
vn 0.9335938 5.960464E-08 -0.357666
vn 0.9335938 5.960464E-08 -0.357666
vn -0.9335938 5.960464E-08 -0.357666
vn -0.9335938 5.960464E-08 -0.357666
vn -0.9335938 5.960464E-08 -0.357666
vn 0 0.9365234 -0.3508301
vn 0 0.9365234 -0.3508301
vn 0 0.9365234 -0.3508301
vn 0 -0.9365234 -0.3508301
vn 0 -0.9365234 -0.3508301
vn 0 -0.9365234 -0.3508301
vn 0.9335938 5.960464E-08 -0.357666
vn 0.9335938 5.960464E-08 -0.357666
vn 0.9335938 5.960464E-08 -0.357666
vn -0.9335938 5.960464E-08 -0.357666
vn -0.9335938 5.960464E-08 -0.357666
vn -0.9335938 5.960464E-08 -0.357666
vn 0 0.9365234 -0.3508301
vn 0 0.9365234 -0.3508301
vn 0 0.9365234 -0.3508301
vn 0 -0.9365234 -0.3508301
vn 0 -0.9365234 -0.3508301
vn 0 -0.9365234 -0.3508301
vn 0.9335938 5.960464E-08 -0.357666
vn 0.9335938 5.960464E-08 -0.357666
vn 0.9335938 5.960464E-08 -0.357666
vn -0.9335938 5.960464E-08 -0.357666
vn -0.9335938 5.960464E-08 -0.357666
vn -0.9335938 5.960464E-08 -0.357666
vn 0 0.9365234 -0.3508301
vn 0 0.9365234 -0.3508301
vn 0 0.9365234 -0.3508301
vn 0 -0.9365234 -0.3508301
vn 0 -0.9365234 -0.3508301
vn 0 -0.9365234 -0.3508301
vn 0.9335938 5.960464E-08 -0.357666
vn 0.9335938 5.960464E-08 -0.357666
vn 0.9335938 5.960464E-08 -0.357666
vn -0.9335938 5.960464E-08 -0.357666
vn -0.9335938 5.960464E-08 -0.357666
vn -0.9335938 5.960464E-08 -0.357666
vn 0 0.9365234 -0.3508301
vn 0 0.9365234 -0.3508301
vn 0 0.9365234 -0.3508301
vn 0 -0.9365234 -0.3508301
vn 0 -0.9365234 -0.3508301
vn 0 -0.9365234 -0.3508301
vn 0.9335938 5.960464E-08 -0.357666
vn 0.9335938 5.960464E-08 -0.357666
vn 0.9335938 5.960464E-08 -0.357666
vn -0.9335938 5.960464E-08 -0.357666
vn -0.9335938 5.960464E-08 -0.357666
vn -0.9335938 5.960464E-08 -0.357666
vn 0 0.9365234 -0.3508301
vn 0 0.9365234 -0.3508301
vn 0 0.9365234 -0.3508301
vn 0 -0.9365234 -0.3508301
vn 0 -0.9365234 -0.3508301
vn 0 -0.9365234 -0.3508301
vn 0.9335938 5.960464E-08 -0.357666
vn 0.9335938 5.960464E-08 -0.357666
vn 0.9335938 5.960464E-08 -0.357666
vn -0.9335938 5.960464E-08 -0.357666
vn -0.9335938 5.960464E-08 -0.357666
vn -0.9335938 5.960464E-08 -0.357666
vn 0 0.9365234 -0.3508301
vn 0 0.9365234 -0.3508301
vn 0 0.9365234 -0.3508301
vn 0 -0.9365234 -0.3508301
vn 0 -0.9365234 -0.3508301
vn 0 -0.9365234 -0.3508301
vn 0.9335938 5.960464E-08 -0.357666
vn 0.9335938 5.960464E-08 -0.357666
vn 0.9335938 5.960464E-08 -0.357666
vn -0.9335938 5.960464E-08 -0.357666
vn -0.9335938 5.960464E-08 -0.357666
vn -0.9335938 5.960464E-08 -0.357666
vn 0 0.9365234 -0.3508301
vn 0 0.9365234 -0.3508301
vn 0 0.9365234 -0.3508301
vn 0 -0.9365234 -0.3508301
vn 0 -0.9365234 -0.3508301
vn 0 -0.9365234 -0.3508301
vn 0.9335938 5.960464E-08 -0.357666
vn 0.9335938 5.960464E-08 -0.357666
vn 0.9335938 5.960464E-08 -0.357666
vn -0.9335938 5.960464E-08 -0.357666
vn -0.9335938 5.960464E-08 -0.357666
vn -0.9335938 5.960464E-08 -0.357666
vn 0 0.9365234 -0.3508301
vn 0 0.9365234 -0.3508301
vn 0 0.9365234 -0.3508301
vn 0 -0.9365234 -0.3508301
vn 0 -0.9365234 -0.3508301
vn 0 -0.9365234 -0.3508301
vn 0.9335938 5.960464E-08 -0.357666
vn 0.9335938 5.960464E-08 -0.357666
vn 0.9335938 5.960464E-08 -0.357666
vn -0.9335938 5.960464E-08 -0.357666
vn -0.9335938 5.960464E-08 -0.357666
vn -0.9335938 5.960464E-08 -0.357666
vn 0 0.9365234 -0.3508301
vn 0 0.9365234 -0.3508301
vn 0 0.9365234 -0.3508301
vn 0 -0.9365234 -0.3508301
vn 0 -0.9365234 -0.3508301
vn 0 -0.9365234 -0.3508301
vn 0.9335938 5.960464E-08 -0.357666
vn 0.9335938 5.960464E-08 -0.357666
vn 0.9335938 5.960464E-08 -0.357666
vn -0.9335938 5.960464E-08 -0.357666
vn -0.9335938 5.960464E-08 -0.357666
vn -0.9335938 5.960464E-08 -0.357666
vn 0 0.9365234 -0.3508301
vn 0 0.9365234 -0.3508301
vn 0 0.9365234 -0.3508301
vn 0 -0.9365234 -0.3508301
vn 0 -0.9365234 -0.3508301
vn 0 -0.9365234 -0.3508301
vn 0.9335938 5.960464E-08 -0.357666
vn 0.9335938 5.960464E-08 -0.357666
vn 0.9335938 5.960464E-08 -0.357666
vn -0.9335938 5.960464E-08 -0.357666
vn -0.9335938 5.960464E-08 -0.357666
vn -0.9335938 5.960464E-08 -0.357666
vn 0 0.9365234 -0.3508301
vn 0 0.9365234 -0.3508301
vn 0 0.9365234 -0.3508301
vn 0 -0.9365234 -0.3508301
vn 0 -0.9365234 -0.3508301
vn 0 -0.9365234 -0.3508301
vn 0.9335938 5.960464E-08 -0.357666
vn 0.9335938 5.960464E-08 -0.357666
vn 0.9335938 5.960464E-08 -0.357666
vn -0.9335938 5.960464E-08 -0.357666
vn -0.9335938 5.960464E-08 -0.357666
vn -0.9335938 5.960464E-08 -0.357666
vn 0 0.9365234 -0.3508301
vn 0 0.9365234 -0.3508301
vn 0 0.9365234 -0.3508301
vn 0 -0.9365234 -0.3508301
vn 0 -0.9365234 -0.3508301
vn 0 -0.9365234 -0.3508301
vn 0.9335938 5.960464E-08 -0.357666
vn 0.9335938 5.960464E-08 -0.357666
vn 0.9335938 5.960464E-08 -0.357666
vn -0.9335938 5.960464E-08 -0.357666
vn -0.9335938 5.960464E-08 -0.357666
vn -0.9335938 5.960464E-08 -0.357666
vn 0 0.9365234 -0.3508301
vn 0 0.9365234 -0.3508301
vn 0 0.9365234 -0.3508301
vn 0 -0.9365234 -0.3508301
vn 0 -0.9365234 -0.3508301
vn 0 -0.9365234 -0.3508301
vn 0.9335938 5.960464E-08 -0.357666
vn 0.9335938 5.960464E-08 -0.357666
vn 0.9335938 5.960464E-08 -0.357666
vn -0.9335938 5.960464E-08 -0.357666
vn -0.9335938 5.960464E-08 -0.357666
vn -0.9335938 5.960464E-08 -0.357666
vn 0 0.9365234 -0.3508301
vn 0 0.9365234 -0.3508301
vn 0 0.9365234 -0.3508301
vn 0 -0.9365234 -0.3508301
vn 0 -0.9365234 -0.3508301
vn 0 -0.9365234 -0.3508301
vn -0.9335938 5.960464E-08 -0.357666
vn -0.9335938 5.960464E-08 -0.357666
vn -0.9335938 5.960464E-08 -0.357666
vn 0.9335938 5.960464E-08 -0.357666
vn 0.9335938 5.960464E-08 -0.357666
vn 0.9335938 5.960464E-08 -0.357666
vn 0 0.9365234 -0.3508301
vn 0 0.9365234 -0.3508301
vn 0 0.9365234 -0.3508301
vn 0 -0.9365234 -0.3508301
vn 0 -0.9365234 -0.3508301
vn 0 -0.9365234 -0.3508301
vn -0.9335938 5.960464E-08 -0.357666
vn -0.9335938 5.960464E-08 -0.357666
vn -0.9335938 5.960464E-08 -0.357666
vn 0.9335938 5.960464E-08 -0.357666
vn 0.9335938 5.960464E-08 -0.357666
vn 0.9335938 5.960464E-08 -0.357666
vn 0 0.9365234 -0.3508301
vn 0 0.9365234 -0.3508301
vn 0 0.9365234 -0.3508301
vn 0 -0.9365234 -0.3508301
vn 0 -0.9365234 -0.3508301
vn 0 -0.9365234 -0.3508301
vn -0.9335938 5.960464E-08 -0.357666
vn -0.9335938 5.960464E-08 -0.357666
vn -0.9335938 5.960464E-08 -0.357666
vn 0.9335938 5.960464E-08 -0.357666
vn 0.9335938 5.960464E-08 -0.357666
vn 0.9335938 5.960464E-08 -0.357666
vn 0 0.9365234 -0.3508301
vn 0 0.9365234 -0.3508301
vn 0 0.9365234 -0.3508301
vn 0 -0.9365234 -0.3508301
vn 0 -0.9365234 -0.3508301
vn 0 -0.9365234 -0.3508301
vn -0.9335938 5.960464E-08 -0.357666
vn -0.9335938 5.960464E-08 -0.357666
vn -0.9335938 5.960464E-08 -0.357666
vn 0.9335938 5.960464E-08 -0.357666
vn 0.9335938 5.960464E-08 -0.357666
vn 0.9335938 5.960464E-08 -0.357666
vn 0 0.9365234 -0.3508301
vn 0 0.9365234 -0.3508301
vn 0 0.9365234 -0.3508301
vn 0 -0.9365234 -0.3508301
vn 0 -0.9365234 -0.3508301
vn 0 -0.9365234 -0.3508301
vn -0.9335938 5.960464E-08 -0.357666
vn -0.9335938 5.960464E-08 -0.357666
vn -0.9335938 5.960464E-08 -0.357666
vn 0.9335938 5.960464E-08 -0.357666
vn 0.9335938 5.960464E-08 -0.357666
vn 0.9335938 5.960464E-08 -0.357666
vn 0 0.9365234 -0.3508301
vn 0 0.9365234 -0.3508301
vn 0 0.9365234 -0.3508301
vn 0 -0.9365234 -0.3508301
vn 0 -0.9365234 -0.3508301
vn 0 -0.9365234 -0.3508301
vn -0.9335938 5.960464E-08 -0.357666
vn -0.9335938 5.960464E-08 -0.357666
vn -0.9335938 5.960464E-08 -0.357666
vn 0.9335938 5.960464E-08 -0.357666
vn 0.9335938 5.960464E-08 -0.357666
vn 0.9335938 5.960464E-08 -0.357666
vn 0 0.9365234 -0.3508301
vn 0 0.9365234 -0.3508301
vn 0 0.9365234 -0.3508301
vn 0 -0.9365234 -0.3508301
vn 0 -0.9365234 -0.3508301
vn 0 -0.9365234 -0.3508301
vn -0.9335938 5.960464E-08 -0.357666
vn -0.9335938 5.960464E-08 -0.357666
vn -0.9335938 5.960464E-08 -0.357666
vn 0.9335938 5.960464E-08 -0.357666
vn 0.9335938 5.960464E-08 -0.357666
vn 0.9335938 5.960464E-08 -0.357666
vn 0 0.9365234 -0.3508301
vn 0 0.9365234 -0.3508301
vn 0 0.9365234 -0.3508301
vn 0 -0.9365234 -0.3508301
vn 0 -0.9365234 -0.3508301
vn 0 -0.9365234 -0.3508301
vn -0.9335938 5.960464E-08 -0.357666
vn -0.9335938 5.960464E-08 -0.357666
vn -0.9335938 5.960464E-08 -0.357666
vn 0.9335938 5.960464E-08 -0.357666
vn 0.9335938 5.960464E-08 -0.357666
vn 0.9335938 5.960464E-08 -0.357666
vn 0 0.9365234 -0.3508301
vn 0 0.9365234 -0.3508301
vn 0 0.9365234 -0.3508301
vn 0 -0.9365234 -0.3508301
vn 0 -0.9365234 -0.3508301
vn 0 -0.9365234 -0.3508301
vn -0.9335938 5.960464E-08 -0.357666
vn -0.9335938 5.960464E-08 -0.357666
vn -0.9335938 5.960464E-08 -0.357666
vn 0.9335938 5.960464E-08 -0.357666
vn 0.9335938 5.960464E-08 -0.357666
vn 0.9335938 5.960464E-08 -0.357666
vn 0 0.9365234 -0.3508301
vn 0 0.9365234 -0.3508301
vn 0 0.9365234 -0.3508301
vn 0 -0.9365234 -0.3508301
vn 0 -0.9365234 -0.3508301
vn 0 -0.9365234 -0.3508301
vn -0.9335938 5.960464E-08 -0.357666
vn -0.9335938 5.960464E-08 -0.357666
vn -0.9335938 5.960464E-08 -0.357666
vn 0.9335938 5.960464E-08 -0.357666
vn 0.9335938 5.960464E-08 -0.357666
vn 0.9335938 5.960464E-08 -0.357666
vn 0 0.9365234 -0.3508301
vn 0 0.9365234 -0.3508301
vn 0 0.9365234 -0.3508301
vn 0 -0.9365234 -0.3508301
vn 0 -0.9365234 -0.3508301
vn 0 -0.9365234 -0.3508301
vn -0.9335938 5.960464E-08 -0.357666
vn -0.9335938 5.960464E-08 -0.357666
vn -0.9335938 5.960464E-08 -0.357666
vn 0.9335938 5.960464E-08 -0.357666
vn 0.9335938 5.960464E-08 -0.357666
vn 0.9335938 5.960464E-08 -0.357666
vn 0 0.9365234 -0.3508301
vn 0 0.9365234 -0.3508301
vn 0 0.9365234 -0.3508301
vn 0 -0.9365234 -0.3508301
vn 0 -0.9365234 -0.3508301
vn 0 -0.9365234 -0.3508301
vn -0.9335938 5.960464E-08 -0.357666
vn -0.9335938 5.960464E-08 -0.357666
vn -0.9335938 5.960464E-08 -0.357666
vn 0.9335938 5.960464E-08 -0.357666
vn 0.9335938 5.960464E-08 -0.357666
vn 0.9335938 5.960464E-08 -0.357666
vn 0 0.9365234 -0.3508301
vn 0 0.9365234 -0.3508301
vn 0 0.9365234 -0.3508301
vn 0 -0.9365234 -0.3508301
vn 0 -0.9365234 -0.3508301
vn 0 -0.9365234 -0.3508301
vn -0.9335938 5.960464E-08 -0.357666
vn -0.9335938 5.960464E-08 -0.357666
vn -0.9335938 5.960464E-08 -0.357666
vn 0.9335938 5.960464E-08 -0.357666
vn 0.9335938 5.960464E-08 -0.357666
vn 0.9335938 5.960464E-08 -0.357666
vn 0 0.9365234 -0.3508301
vn 0 0.9365234 -0.3508301
vn 0 0.9365234 -0.3508301
vn 0 -0.9365234 -0.3508301
vn 0 -0.9365234 -0.3508301
vn 0 -0.9365234 -0.3508301
vn -0.9335938 5.960464E-08 -0.357666
vn -0.9335938 5.960464E-08 -0.357666
vn -0.9335938 5.960464E-08 -0.357666
vn 0.9335938 5.960464E-08 -0.357666
vn 0.9335938 5.960464E-08 -0.357666
vn 0.9335938 5.960464E-08 -0.357666
vn 0 0.9365234 -0.3508301
vn 0 0.9365234 -0.3508301
vn 0 0.9365234 -0.3508301
vn 0 -0.9365234 -0.3508301
vn 0 -0.9365234 -0.3508301
vn 0 -0.9365234 -0.3508301
vn -0.9335938 5.960464E-08 -0.357666
vn -0.9335938 5.960464E-08 -0.357666
vn -0.9335938 5.960464E-08 -0.357666
vn 0.9335938 5.960464E-08 -0.357666
vn 0.9335938 5.960464E-08 -0.357666
vn 0.9335938 5.960464E-08 -0.357666
vn 0 0.9365234 -0.3508301
vn 0 0.9365234 -0.3508301
vn 0 0.9365234 -0.3508301
vn 0 -0.9365234 -0.3508301
vn 0 -0.9365234 -0.3508301
vn 0 -0.9365234 -0.3508301
vn 1 0 0
vn 1 0 0
vn 1 0 0
vn 1 0 0
vn 0 -1.788139E-07 -1
vn 0 -1.788139E-07 -1
vn 0 -1.788139E-07 -1
vn 0 -1.788139E-07 -1
vn -1 0 0
vn -1 0 0
vn -1 0 0
vn -1 0 0
vn 1 0 0
vn 1 0 0
vn 1 0 0
vn 1 0 0
vn 1 0 0
vn 1 0 0
vn 0 1.192093E-07 -1
vn 0 1.192093E-07 -1
vn 0 1.192093E-07 -1
vn 0 1.192093E-07 -1
vn 1.192093E-07 -7.152557E-07 -1
vn 0 -8.940697E-07 -1
vn 1.192093E-07 -7.152557E-07 -1
vn 0 -1.072884E-06 -1
vn 0 -1.251698E-06 -1
vn 0 -8.940697E-07 -1
vn 0 -8.940697E-07 -1
vn 0 -6.556511E-07 -1
vn -1 0 0
vn -1 0 0
vn -1 0 0
vn -1 0 0
vn -1 0 0
vn -1 0 0
vn 1.132488E-06 1 -1.192093E-07
vn 1.132488E-06 1 -1.192093E-07
vn 1.132488E-06 1 -1.192093E-07
vn 1.132488E-06 1 -1.192093E-07
vn 0 1 -1.609325E-06
vn 0 1 -1.609325E-06
vn -1.132488E-06 1 -1.192093E-07
vn -1.132488E-06 1 -1.192093E-07
vn -1 0 0
vn -1 0 0
vn -1 0 0
vn -1 0 0
vn 0 -1.192093E-07 1
vn 0 -1.192093E-07 1
vn 0 -1.192093E-07 1
vn 0 -1.192093E-07 1
vn 1 0 0
vn 1 0 0
vn 1 0 0
vn 1 0 0
vn 0 1 -1.192093E-07
vn 0 1 -1.192093E-07
vn 0 1 -1.192093E-07
vn 0 1 -1.192093E-07
vn 0 -1.788139E-07 -1
vn 0 -1.788139E-07 -1
vn 0 -1.788139E-07 -1
vn 0 -1.788139E-07 -1
vn 1 0 0
vn 1 0 0
vn 1 0 0
vn 1 0 0
vn -1 0 0
vn -1 0 0
vn -1 0 0
vn -1 0 0
vn 0.8500977 0.5263672 4.172325E-07
vn 0.8500977 0.5263672 4.172325E-07
vn 0.8500977 0.5263672 4.172325E-07
vn 0.8500977 0.5263672 -5.960464E-08
vn -0.8500977 0.5263672 -5.960464E-08
vn -0.8500977 0.5263672 -5.960464E-08
vn -0.8500977 0.5263672 -5.960464E-08
vn -0.8500977 0.5263672 4.172325E-07
vn 0.28125 0.9594727 -1.192093E-07
vn 0.28125 0.9594727 -1.192093E-07
vn 0.28125 0.9594727 -1.192093E-07
vn 0.28125 0.9594727 -1.192093E-07
vn -0.28125 0.9594727 -1.192093E-07
vn -0.28125 0.9594727 -1.192093E-07
vn -0.28125 0.9594727 -1.192093E-07
vn -0.28125 0.9594727 -1.192093E-07
vn 0 -1.788139E-07 -1
vn 0 -1.788139E-07 -1
vn 0 -1.788139E-07 -1
vn 0 -1.788139E-07 -1
vn 1.788139E-07 -5.364418E-07 -1
vn 5.960464E-07 -3.576279E-07 -1
vn 5.364418E-07 -2.980232E-07 -1
vn 7.152557E-07 1.192093E-07 -1
vn -5.364418E-07 -2.980232E-07 -1
vn -5.364418E-07 -2.980232E-07 -1
vn 0 -1.788139E-07 -1
vn 0 -1.788139E-07 -1
vn 0 -1.788139E-07 -1
vn 0 -1.788139E-07 -1
vn -1 0 0
vn -1 0 0
vn -1 0 0
vn -1 0 0
vn 1 0 0
vn 1 0 0
vn 1 0 0
vn 1 0 0
vn -0.8500977 -0.5263672 5.960464E-08
vn -0.8500977 -0.5263672 5.960464E-08
vn -0.8500977 -0.5263672 5.960464E-08
vn -0.8500977 -0.5263672 5.960464E-08
vn 0.8500977 -0.5263672 5.960464E-08
vn 0.8500977 -0.5263672 5.960464E-08
vn 0.8500977 -0.5263672 5.960464E-08
vn 0.8500977 -0.5263672 5.960464E-08
vn -0.28125 -0.9594727 1.192093E-07
vn -0.28125 -0.9594727 1.192093E-07
vn -0.28125 -0.9594727 1.192093E-07
vn -0.28125 -0.9594727 1.192093E-07
vn 0.28125 -0.9594727 1.192093E-07
vn 0.28125 -0.9594727 1.192093E-07
vn 0.28125 -0.9594727 1.192093E-07
vn 0.28125 -0.9594727 1.192093E-07
vn 0 1 -1.192093E-07
vn 0 1 -1.192093E-07
vn 0 1 -1.192093E-07
vn 0 1 -1.192093E-07
vn 1 0 0
vn 1 0 0
vn 1 0 0
vn 1 0 0
vn 0 -6.616116E-06 -1
vn 0 -6.616116E-06 -1
vn 0 -6.616116E-06 -1
vn 0 -6.616116E-06 -1
vn -1 0 0
vn -1 0 0
vn -1 0 0
vn -1 0 0
vn 0 5.90086E-06 1
vn 0 5.90086E-06 1
vn 0 5.90086E-06 1
vn 0 5.90086E-06 1
vn 0 1 -1.192093E-07
vn 0.328125 0.9448242 -2.384186E-07
vn 0.328125 0.9448242 -1.192093E-07
vn 0 1 -2.980232E-07
vn -0.328125 0.9448242 -2.384186E-07
vn -0.328125 0.9448242 -1.192093E-07
vn 1 0 0
vn 1 0 0
vn 1 0 0
vn 1 0 0
vn -2.384186E-06 -6.735325E-06 -1
vn -2.384186E-06 -6.735325E-06 -1
vn -2.384186E-06 -6.735325E-06 -1
vn -2.384186E-06 -6.735325E-06 -1
vn -1 0 0
vn -1 0 0
vn -1 0 0
vn -1 0 0
vn -2.384186E-06 6.735325E-06 1
vn -2.384186E-06 6.735325E-06 1
vn -2.384186E-06 6.735325E-06 1
vn -1.728535E-06 4.172325E-06 1
vn 2.384186E-06 -6.735325E-06 -1
vn 2.384186E-06 -6.735325E-06 -1
vn 2.384186E-06 -6.735325E-06 -1
vn 2.384186E-06 -6.735325E-06 -1
vn 1.490116E-06 4.172325E-06 1
vn 1.490116E-06 4.172325E-06 1
vn 1.490116E-06 4.172325E-06 1
vn 2.622604E-06 6.735325E-06 1
vn 1 0 0
vn 1 0 0
vn 1 0 0
vn 1 0 0
vn -2.384186E-07 -5.960464E-07 -1
vn -2.384186E-07 -5.960464E-07 -1
vn 0 -1.847744E-06 -1
vn -2.384186E-07 -5.960464E-07 -1
vn 6.556511E-07 -1.847744E-06 -1
vn 6.556511E-07 -1.847744E-06 -1
vn -1 0 0
vn -1 0 0
vn -1 0 0
vn -1 0 0
vn -3.576279E-07 8.940697E-07 1
vn -3.576279E-07 8.940697E-07 1
vn 0 2.622604E-06 1
vn -3.576279E-07 8.940697E-07 1
vn 8.940697E-07 2.622604E-06 1
vn 8.940697E-07 2.622604E-06 1
vn 0 1 -1.192093E-07
vn 0 1 -1.192093E-07
vn 0 1 -1.192093E-07
vn 0 1 -1.192093E-07
vn 1 0 0
vn 1 0 0
vn 1 0 0
vn 1 0 0
vn 0 -3.397465E-06 -1
vn 0 -3.397465E-06 -1
vn 0 -3.397465E-06 -1
vn 0 -3.397465E-06 -1
vn -1 0 0
vn -1 0 0
vn -1 0 0
vn -1 0 0
vn 0 4.768372E-07 1
vn 0 4.768372E-07 1
vn 0 4.768372E-07 1
vn 0 4.768372E-07 1
vn 1 0 0
vn 1 0 0
vn 1 0 0
vn 1 0 0
vn 0 -2.384186E-07 -1
vn 0 -2.384186E-07 -1
vn 0 -2.384186E-07 -1
vn 0 -2.384186E-07 -1
vn -1 0 0
vn -1 0 0
vn -1 0 0
vn -1 0 0
vn 0 -1.192093E-07 1
vn 0 -1.192093E-07 1
vn 0 -1.192093E-07 1
vn 0 -1.192093E-07 1
vn 1 0 0
vn 1 0 0
vn 1 0 0
vn 1 0 0
vn 0 -2.920628E-06 -1
vn 0 -2.920628E-06 -1
vn 0 -2.920628E-06 -1
vn 0 -2.920628E-06 -1
vn -1 0 0
vn -1 0 0
vn -1 0 0
vn -1 0 0
vn 0 -1.192093E-07 1
vn 0 -1.192093E-07 1
vn 0 -1.192093E-07 1
vn 0 -1.192093E-07 1
vn 0 1 -1.192093E-07
vn 0 1 -1.192093E-07
vn 0 1 -1.192093E-07
vn 0 1 -1.192093E-07
vn 1 0 0
vn 1 0 0
vn 1 0 0
vn 1 0 0
vn 0 -3.397465E-06 -1
vn 0 -3.397465E-06 -1
vn 0 -3.397465E-06 -1
vn 0 -3.397465E-06 -1
vn -1 0 0
vn -1 0 0
vn -1 0 0
vn -1 0 0
vn 0 4.768372E-07 1
vn 0 4.768372E-07 1
vn 0 4.768372E-07 1
vn 0 4.768372E-07 1
vn 1 0 0
vn 1 0 0
vn 1 0 0
vn 1 0 0
vn 0 -2.384186E-07 -1
vn 0 -2.384186E-07 -1
vn 0 -2.384186E-07 -1
vn 0 -2.384186E-07 -1
vn -1 -1.788139E-07 0
vn -1 -1.788139E-07 0
vn -1 -1.788139E-07 0
vn -1 -1.788139E-07 0
vn 0 -1.192093E-07 1
vn 0 -1.192093E-07 1
vn 0 -1.192093E-07 1
vn 0 -1.192093E-07 1
vn 1 0 0
vn 1 0 0
vn 1 0 0
vn 1 0 0
vn 0 -2.920628E-06 -1
vn 0 -2.920628E-06 -1
vn 0 -2.920628E-06 -1
vn 0 -2.920628E-06 -1
vn -1 0 0
vn -1 0 0
vn -1 0 0
vn -1 0 0
vn 0 -1.192093E-07 1
vn 0 -1.192093E-07 1
vn 0 -1.192093E-07 1
vn 0 -1.192093E-07 1
vn 0 1 -1.192093E-07
vn 0 1 -1.192093E-07
vn 0 1 -1.192093E-07
vn 0 1 -1.192093E-07
vn 1 0 0
vn 1 0 0
vn 1 0 0
vn 1 0 0
vn 0 1.192093E-07 -1
vn 0 1.192093E-07 -1
vn 0 1.192093E-07 -1
vn 0 1.192093E-07 -1
vn -1 0 0
vn -1 0 0
vn -1 0 0
vn -1 0 0
vn 0 -1.192093E-07 1
vn 0 -1.192093E-07 1
vn 0 -1.192093E-07 1
vn 0 -1.192093E-07 1
vn 1 0 0
vn 1 0 0
vn 1 0 0
vn 1 0 0
vn 0 0 -1
vn 0 0 -1
vn 0 0 -1
vn 0 0 -1
vn -1 0 0
vn -1 0 0
vn -1 0 0
vn -1 0 0
vn 0 -1.192093E-07 1
vn 0 -1.192093E-07 1
vn 0 -1.192093E-07 1
vn 0 -1.192093E-07 1
vn 1 0 0
vn 1 0 0
vn 1 0 0
vn 1 0 0
vn 0 1.192093E-07 -1
vn 0 1.192093E-07 -1
vn 0 1.192093E-07 -1
vn 0 1.192093E-07 -1
vn -1 0 0
vn -1 0 0
vn -1 0 0
vn -1 0 0
vn 0 -1.192093E-07 1
vn 0 -1.192093E-07 1
vn 0 -1.192093E-07 1
vn 0 -1.192093E-07 1
vn 0 1 -1.192093E-07
vn 0 1 -1.192093E-07
vn 0 1 -1.192093E-07
vn 0 1 -1.192093E-07
vn 0 1 -1.192093E-07
vn 0 1 -1.192093E-07
vn 0 1 -1.192093E-07
vn 0 1 -1.192093E-07
vn 0 1.192093E-07 -1
vn 0 1.192093E-07 -1
vn 0 1.192093E-07 -1
vn 0 1.192093E-07 -1
vn 0 -1.192093E-07 1
vn 0 -1.192093E-07 1
vn 0 -1.192093E-07 1
vn 0 -1.192093E-07 1
vn 0 1.192093E-07 -1
vn 0 1.192093E-07 -1
vn 0 1.192093E-07 -1
vn 0 1.192093E-07 -1
vn 0 1.192093E-07 -1
vn 0 1.192093E-07 -1
vn 0 1.192093E-07 -1
vn 0 1.192093E-07 -1
vn 0 1.192093E-07 -1
vn 0 1.192093E-07 -1
vn 0 1.192093E-07 -1
vn 0 1.192093E-07 -1
vn 0 1.192093E-07 -1
vn 0 1.192093E-07 -1
vn 0 1.192093E-07 -1
vn 0 1.192093E-07 -1
vn 0 1.192093E-07 -1
vn 0 1.192093E-07 -1
vn 0 1.192093E-07 -1
vn 0 1.192093E-07 -1
vn 0 1.192093E-07 -1
vn 0 1.192093E-07 -1
vn 0 1.192093E-07 -1
vn 0 1.192093E-07 -1
vn 0 1.192093E-07 -1
vn 0 1.192093E-07 -1
vn 0 1.192093E-07 -1
vn 0 1.192093E-07 -1
vn 0 1.192093E-07 -1
vn 0 1.192093E-07 -1
vn 0 1.192093E-07 -1
vn 0 1.192093E-07 -1
vn 0 1.192093E-07 -1
vn 0 1.192093E-07 -1
vn 0 1.192093E-07 -1
vn 0 1.192093E-07 -1
vn 0 1.192093E-07 -1
vn 0 1.192093E-07 -1
vn 0 1.192093E-07 -1
vn 0 1.192093E-07 -1
vn 0 1.192093E-07 -1
vn 0 1.192093E-07 -1
vn 0 1.192093E-07 -1
vn 0 1.192093E-07 -1
vn 0 1.192093E-07 -1
vn 0 1.192093E-07 -1
vn 0 1.192093E-07 -1
vn 0 1.192093E-07 -1
vn 0 1.192093E-07 -1
vn 0 1.192093E-07 -1
vn 0 1.192093E-07 -1
vn 0 1.192093E-07 -1
vn 0 1.192093E-07 -1
vn 0 1.192093E-07 -1
vn 0 1.192093E-07 -1
vn 0 1.192093E-07 -1
vn 0 1 -1.192093E-07
vn 0 1 -1.192093E-07
vn 0 1 -1.192093E-07
vn 0 1 -1.192093E-07
vn 0 1.192093E-07 -1
vn 0 1.192093E-07 -1
vn 0 1.192093E-07 -1
vn 0 1.192093E-07 -1
vn 0 -1.192093E-07 1
vn 0 -1.192093E-07 1
vn 0 -1.192093E-07 1
vn 0 -1.192093E-07 1
vn 0 1.192093E-07 -1
vn 0 1.192093E-07 -1
vn 0 1.192093E-07 -1
vn 0 1.192093E-07 -1
vn 0 1.192093E-07 -1
vn 0 1.192093E-07 -1
vn 0 1.192093E-07 -1
vn 0 1.192093E-07 -1
vn 0 1.192093E-07 -1
vn 0 1.192093E-07 -1
vn 0 1.192093E-07 -1
vn 0 1.192093E-07 -1
vn 0 1.192093E-07 -1
vn 0 1.192093E-07 -1
vn 0 1.192093E-07 -1
vn 0 1.192093E-07 -1
vn 0 1.192093E-07 -1
vn 0 1.192093E-07 -1
vn 0 1.192093E-07 -1
vn 0 1.192093E-07 -1
vn 0 -4.708767E-06 -1
vn 0 -4.708767E-06 -1
vn 0 -4.708767E-06 -1
vn 7.748604E-07 -8.940697E-07 -1
vn 0 -2.980232E-07 -1
vn 0 -2.980232E-07 -1
vn 0 -2.980232E-07 -1
vn 0 -2.384186E-07 -1
vn -0.7714844 0.6362305 -5.960464E-08
vn -0.7714844 0.6362305 -5.960464E-08
vn -0.7714844 0.6362305 -5.960464E-08
vn -0.7714844 0.6362305 -5.960464E-08
vn -0.5170898 0.855957 -1.192093E-07
vn -0.5170898 0.855957 -1.192093E-07
vn -0.5170898 0.855957 -1.192093E-07
vn -0.5170898 0.855957 -2.384186E-07
vn -0.277832 0.9604492 -2.384186E-07
vn -0.277832 0.9604492 -2.384186E-07
vn -0.277832 0.9604492 -2.384186E-07
vn -0.277832 0.9604492 -1.192093E-07
vn 7.152557E-07 -2.324581E-06 -1
vn 7.152557E-07 -2.324581E-06 -1
vn 7.152557E-07 -2.324581E-06 -1
vn 8.940697E-07 -7.748604E-07 -1
vn 0 -2.980232E-07 -1
vn 0 -2.980232E-07 -1
vn 0 -2.980232E-07 -1
vn 1.192093E-07 -1.788139E-07 -1
vn -0.859375 0.5112305 -5.960464E-08
vn -0.859375 0.5112305 -5.960464E-08
vn -0.859375 0.5112305 -5.960464E-08
vn -0.859375 0.5112305 -5.960464E-08
vn -0.7026367 0.7119141 -5.960464E-08
vn -0.7026367 0.7119141 -5.960464E-08
vn -0.7026367 0.7119141 -5.960464E-08
vn -0.7026367 0.7119141 -5.960464E-08
vn -0.407959 0.9130859 -1.192093E-07
vn -0.407959 0.9130859 -1.192093E-07
vn -0.407959 0.9130859 -1.192093E-07
vn -0.407959 0.9130859 -1.192093E-07
vn 0 1 -4.172325E-07
vn 0 1 -4.172325E-07
vn 0 1 -4.172325E-07
vn 0 1 -4.172325E-07
vn -1 0 0
vn -1 0 0
vn -1 0 0
vn -1 0 0
vn 0 1.192093E-07 -1
vn 0 1.192093E-07 -1
vn 0 1.192093E-07 -1
vn 0 1.192093E-07 -1
vn 1 0 0
vn 1 0 0
vn 1 0 0
vn 1 0 0
vn 0 -1.192093E-07 1
vn 0 -1.192093E-07 1
vn 0 -1.192093E-07 1
vn 0 -1.192093E-07 1
vn -1 0 0
vn -1 0 0
vn -1 0 0
vn -1 0 0
vn 0 0 -1
vn 0 0 -1
vn 0 0 -1
vn 0 0 -1
vn 1 0 0
vn 1 0 0
vn 1 0 0
vn 1 0 0
vn 0 -1.192093E-07 1
vn 0 -1.192093E-07 1
vn 0 -1.192093E-07 1
vn 0 -1.192093E-07 1
vn -1 0 0
vn -1 0 0
vn -1 0 0
vn -1 0 0
vn 0 1.192093E-07 -1
vn 0 1.192093E-07 -1
vn 0 1.192093E-07 -1
vn 0 1.192093E-07 -1
vn 1 0 0
vn 1 0 0
vn 1 0 0
vn 1 0 0
vn 0 -1.192093E-07 1
vn 0 -1.192093E-07 1
vn 0 -1.192093E-07 1
vn 0 -1.192093E-07 1
vn 0 1 -1.192093E-07
vn 0 1 -1.192093E-07
vn 0 1 -1.192093E-07
vn 0 1 -1.192093E-07
vn -7.748604E-07 -8.940697E-07 -1
vn -7.748604E-07 -8.940697E-07 -1
vn 0 -4.708767E-06 -1
vn -7.748604E-07 -8.940697E-07 -1
vn 0 -2.980232E-07 -1
vn 0 -2.384186E-07 -1
vn 0 -2.384186E-07 -1
vn 0 -2.384186E-07 -1
vn 0.7714844 0.6362305 -5.960464E-08
vn 0.7714844 0.6362305 -5.960464E-08
vn 0.7714844 0.6362305 -5.960464E-08
vn 0.7714844 0.6362305 -5.960464E-08
vn 0.5170898 0.855957 -1.192093E-07
vn 0.5170898 0.855957 -1.192093E-07
vn 0.5170898 0.855957 -1.192093E-07
vn 0.5170898 0.855957 -1.192093E-07
vn 0.277832 0.9604492 -1.192093E-07
vn 0.277832 0.9604492 -1.192093E-07
vn 0.277832 0.9604492 -1.192093E-07
vn 0.277832 0.9604492 -1.192093E-07
vn -8.940697E-07 -7.748604E-07 -1
vn -8.940697E-07 -7.748604E-07 -1
vn -7.152557E-07 -2.324581E-06 -1
vn -8.940697E-07 -7.748604E-07 -1
vn 0 -2.980232E-07 -1
vn -1.192093E-07 -1.788139E-07 -1
vn -1.192093E-07 -1.788139E-07 -1
vn -1.192093E-07 -1.788139E-07 -1
vn 0.859375 0.5112305 -5.960464E-08
vn 0.859375 0.5112305 -5.960464E-08
vn 0.859375 0.5112305 -5.960464E-08
vn 0.859375 0.5112305 -5.960464E-08
vn 0.7026367 0.7119141 -5.960464E-08
vn 0.7026367 0.7119141 -5.960464E-08
vn 0.7026367 0.7119141 -5.960464E-08
vn 0.7026367 0.7119141 -5.960464E-08
vn 0.407959 0.9130859 -1.192093E-07
vn 0.407959 0.9130859 -1.192093E-07
vn 0.407959 0.9130859 -1.192093E-07
vn 0.407959 0.9130859 -1.192093E-07
vn 0 1.192093E-07 -1
vn 0 1.192093E-07 -1
vn 0 1.192093E-07 -1
vn 0 1.192093E-07 -1
vn -1 0 0
vn -1 0 0
vn -1 0 0
vn -1 0 0
vn 0 -1.192093E-07 1
vn 0 -1.192093E-07 1
vn 0 -1.192093E-07 1
vn 0 -1.192093E-07 1
vn 1 0 0
vn 1 0 0
vn 1 0 0
vn 1 0 0
vn 0 -1.192093E-07 1
vn 0 -1.192093E-07 1
vn 0 -1.192093E-07 1
vn 0 -1.192093E-07 1
vn 1 2.980232E-07 0
vn 1 2.980232E-07 0
vn 1 2.980232E-07 0
vn 1 2.980232E-07 0
vn 0 1.192093E-07 -1
vn 0 1.192093E-07 -1
vn 0 1.192093E-07 -1
vn 0 1.192093E-07 -1
vn -1 2.980232E-07 0
vn -1 2.980232E-07 0
vn -1 2.980232E-07 0
vn -1 2.980232E-07 0
vn 0 1 -1.192093E-07
vn 0 1 -1.192093E-07
vn 0 1 -1.192093E-07
vn 0 1 -1.192093E-07
vn 0 1.192093E-07 -1
vn 0 1.192093E-07 -1
vn 0 1.192093E-07 -1
vn 0 1.192093E-07 -1
vn -1 0 0
vn -1 0 0
vn -1 0 0
vn -1 0 0
vn 0 -1.192093E-07 1
vn 0 -1.192093E-07 1
vn 0 -1.192093E-07 1
vn 0 -1.192093E-07 1
vn 1 0 0
vn 1 0 0
vn 1 0 0
vn 1 0 0
vn 0 1 -1.192093E-07
vn 0 1 -1.192093E-07
vn 0 1 -1.192093E-07
vn 0 1 -1.192093E-07
vn 0 1.192093E-07 -1
vn 0 1.192093E-07 -1
vn 0 1.192093E-07 -1
vn 0 1.192093E-07 -1
vn -1 0 0
vn -1 0 0
vn -1 0 0
vn -1 0 0
vn 0 -1.192093E-07 1
vn 0 -1.192093E-07 1
vn 0 -1.192093E-07 1
vn 0 -1.192093E-07 1
vn 1 0 0
vn 1 0 0
vn 1 0 0
vn 1 0 0
vn 0 1 -1.192093E-07
vn 0 1 -1.192093E-07
vn 0 1 -1.192093E-07
vn 0 1 -1.192093E-07
vn -1 0 0
vn -1 0 0
vn -1 0 0
vn -1 0 0
vn 0 -1.192093E-07 1
vn 0 -1.192093E-07 1
vn 0 -1.192093E-07 1
vn 0 -1.192093E-07 1
vn 1 0 0
vn 1 0 0
vn 1 0 0
vn 1 0 0
vn 0 1.192093E-07 -1
vn 0 1.192093E-07 -1
vn 0 1.192093E-07 -1
vn 0 1.192093E-07 -1
vn -1 0 0
vn -1 0 0
vn -1 0 0
vn -1 0 0
vn 0 -1.192093E-07 1
vn 0 -1.192093E-07 1
vn 0 -1.192093E-07 1
vn 0 -1.192093E-07 1
vn 1 0 0
vn 1 0 0
vn 1 0 0
vn 1 0 0
vn 0 1.192093E-07 -1
vn 0 1.192093E-07 -1
vn 0 1.192093E-07 -1
vn 0 1.192093E-07 -1
vn -1 0 0
vn -1 0 0
vn -1 0 0
vn -1 0 0
vn 0 -1.192093E-07 1
vn 0 -1.192093E-07 1
vn 0 -1.192093E-07 1
vn 0 -1.192093E-07 1
vn 1 0 0
vn 1 0 0
vn 1 0 0
vn 1 0 0
vn 0 1.192093E-07 -1
vn 0 1.192093E-07 -1
vn 0 1.192093E-07 -1
vn 0 1.192093E-07 -1
vn -1 0 0
vn -1 0 0
vn -1 0 0
vn -1 0 0
vn 0 -1.192093E-07 1
vn 0 -1.192093E-07 1
vn 0 -1.192093E-07 1
vn 0 -1.192093E-07 1
vn 1 0 0
vn 1 0 0
vn 1 0 0
vn 1 0 0
vn 0 1.192093E-07 -1
vn 0 1.192093E-07 -1
vn 0 1.192093E-07 -1
vn 0 1.192093E-07 -1
vn 0 1 -1.192093E-07
vn 0 1 -1.192093E-07
vn 0 1 -1.192093E-07
vn 0 1 -1.192093E-07
vn 0 -1.192093E-07 1
vn 0 -1.192093E-07 1
vn 0 -1.192093E-07 1
vn 0 -1.192093E-07 1
vn 1 0 0
vn 1 0 0
vn 1 0 0
vn 1 0 0
vn 0 1.192093E-07 -1
vn 0 1.192093E-07 -1
vn 0 1.192093E-07 -1
vn 0 1.192093E-07 -1
vn -1 0 0
vn -1 0 0
vn -1 0 0
vn -1 0 0
vn 0 -1.192093E-07 1
vn 0 -1.192093E-07 1
vn 0 -1.192093E-07 1
vn 0 -1.192093E-07 1
vn 1 0 0
vn 1 0 0
vn 1 0 0
vn 1 0 0
vn 0 1.192093E-07 -1
vn 0 1.192093E-07 -1
vn 0 1.192093E-07 -1
vn 0 1.192093E-07 -1
vn -1 0 0
vn -1 0 0
vn -1 0 0
vn -1 0 0
vn 0 -0.6503906 0.7597656
vn 0 -0.6503906 0.7597656
vn 0 -0.6503906 0.7597656
vn 0 -0.6503906 0.7597656
vn 0 -0.6503906 -0.7597656
vn 0 -0.6503906 -0.7597656
vn 0 -0.6503906 -0.7597656
vn 0 -0.6503906 -0.7597656
vn 0 -1.192093E-07 1
vn 0 -1.192093E-07 1
vn 0 -1.192093E-07 1
vn 0 -1.192093E-07 1
vn 1 0 0
vn 1 0 0
vn 1 0 0
vn 1 0 0
vn 0 7.152557E-07 -1
vn 0 7.152557E-07 -1
vn 0 7.152557E-07 -1
vn 0 7.152557E-07 -1
vn -1 0 0
vn -1 0 0
vn -1 0 0
vn -1 0 0
vn 0 1 -1.192093E-07
vn 0 1 -1.192093E-07
vn 0 1 -1.192093E-07
vn 0 1 -1.192093E-07
vn 0 1 -1.192093E-07
vn 0 1 -1.192093E-07
vn 0 1 -1.192093E-07
vn 0 1 -1.192093E-07
vn 0 -1.192093E-07 1
vn 0 -1.192093E-07 1
vn 0 -1.192093E-07 1
vn 0 -1.192093E-07 1
vn 1 0 0
vn 1 0 0
vn 1 0 0
vn 1 0 0
vn 0 1.192093E-07 -1
vn 0 1.192093E-07 -1
vn 0 1.192093E-07 -1
vn 0 1.192093E-07 -1
vn -1 0 0
vn -1 0 0
vn -1 0 0
vn -1 0 0
vn 0 -1.192093E-07 1
vn 0 -1.192093E-07 1
vn 0 -1.192093E-07 1
vn 0 -1.192093E-07 1
vn 1 0 0
vn 1 0 0
vn 1 0 0
vn 1 0 0
vn 0 1.192093E-07 -1
vn 0 1.192093E-07 -1
vn 0 1.192093E-07 -1
vn 0 1.192093E-07 -1
vn -1 0 0
vn -1 0 0
vn -1 0 0
vn -1 0 0
vn 0 -0.6503906 0.7597656
vn 0 -0.6503906 0.7597656
vn 0 -0.6503906 0.7597656
vn 0 -0.6503906 0.7597656
vn 0 -0.6503906 -0.7597656
vn 0 -0.6503906 -0.7597656
vn 0 -0.6503906 -0.7597656
vn 0 -0.6503906 -0.7597656
vn 0 -1.192093E-07 1
vn 0 -1.192093E-07 1
vn 0 -1.192093E-07 1
vn 0 -1.192093E-07 1
vn 1 0 0
vn 1 0 0
vn 1 0 0
vn 1 0 0
vn 0 7.152557E-07 -1
vn 0 7.152557E-07 -1
vn 0 7.152557E-07 -1
vn 0 7.152557E-07 -1
vn -1 0 0
vn -1 0 0
vn -1 0 0
vn -1 0 0
vn 0 1 -1.192093E-07
vn 0 1 -1.192093E-07
vn 0 1 -1.192093E-07
vn 0 1 -1.192093E-07
vn 0 1 -1.192093E-07
vn 0 1 -1.192093E-07
vn 0 1 -1.192093E-07
vn 0 1 -1.192093E-07
vn 0 -1.192093E-07 1
vn 0 -1.192093E-07 1
vn 0 -1.192093E-07 1
vn 0 -1.192093E-07 1
vn 1 0 0
vn 1 0 0
vn 1 0 0
vn 1 0 0
vn 0 1.192093E-07 -1
vn 0 1.192093E-07 -1
vn 0 1.192093E-07 -1
vn 0 1.192093E-07 -1
vn -1 0 0
vn -1 0 0
vn -1 0 0
vn -1 0 0
vn 0 -1.192093E-07 1
vn 0 -1.192093E-07 1
vn 0 -1.192093E-07 1
vn 0 -1.192093E-07 1
vn 1 0 0
vn 1 0 0
vn 1 0 0
vn 1 0 0
vn 0 1.192093E-07 -1
vn 0 1.192093E-07 -1
vn 0 1.192093E-07 -1
vn 0 1.192093E-07 -1
vn -1 0 0
vn -1 0 0
vn -1 0 0
vn -1 0 0
vn 0 -0.6503906 0.7597656
vn 0 -0.6503906 0.7597656
vn 0 -0.6503906 0.7597656
vn 0 -0.6503906 0.7597656
vn 0 -0.6503906 -0.7597656
vn 0 -0.6503906 -0.7597656
vn 0 -0.6503906 -0.7597656
vn 0 -0.6503906 -0.7597656
vn 0 -1.192093E-07 1
vn 0 -1.192093E-07 1
vn 0 -1.192093E-07 1
vn 0 -1.192093E-07 1
vn 1 0 0
vn 1 0 0
vn 1 0 0
vn 1 0 0
vn 0 1.192093E-07 -1
vn 0 1.192093E-07 -1
vn 0 1.192093E-07 -1
vn 0 1.192093E-07 -1
vn -1 0 0
vn -1 0 0
vn -1 0 0
vn -1 0 0
vn 0 1 -1.192093E-07
vn 0 1 -1.192093E-07
vn 0 1 -1.192093E-07
vn 0 1 -1.192093E-07
vn 0 1 -1.192093E-07
vn 0 1 -1.192093E-07
vn 0 1 -1.192093E-07
vn 0 1 -1.192093E-07
vn 0 -1.192093E-07 1
vn 0 -1.192093E-07 1
vn 0 -1.192093E-07 1
vn 0 -1.192093E-07 1
vn 1 0 0
vn 1 0 0
vn 1 0 0
vn 1 0 0
vn 0 1.192093E-07 -1
vn 0 1.192093E-07 -1
vn 0 1.192093E-07 -1
vn 0 1.192093E-07 -1
vn -1 0 0
vn -1 0 0
vn -1 0 0
vn -1 0 0
vn 0 -1.192093E-07 1
vn 0 -1.192093E-07 1
vn 0 -1.192093E-07 1
vn 0 -1.192093E-07 1
vn 1 0 0
vn 1 0 0
vn 1 0 0
vn 1 0 0
vn 0 1.192093E-07 -1
vn 0 1.192093E-07 -1
vn 0 1.192093E-07 -1
vn 0 1.192093E-07 -1
vn -1 0 0
vn -1 0 0
vn -1 0 0
vn -1 0 0
vn 0 -0.6503906 0.7597656
vn 0 -0.6503906 0.7597656
vn 0 -0.6503906 0.7597656
vn 0 -0.6503906 0.7597656
vn 0 -0.6503906 -0.7597656
vn 0 -0.6503906 -0.7597656
vn 0 -0.6503906 -0.7597656
vn 0 -0.6503906 -0.7597656
vn 0 -1.192093E-07 1
vn 0 -1.192093E-07 1
vn 0 -1.192093E-07 1
vn 0 -1.192093E-07 1
vn 1 0 0
vn 1 0 0
vn 1 0 0
vn 1 0 0
vn 0 1.192093E-07 -1
vn 0 1.192093E-07 -1
vn 0 1.192093E-07 -1
vn 0 1.192093E-07 -1
vn -1 0 0
vn -1 0 0
vn -1 0 0
vn -1 0 0
vn 0 1 -1.192093E-07
vn 0 1 -1.192093E-07
vn 0 1 -1.192093E-07
vn 0 1 -1.192093E-07
vn -0.9667969 -4.768372E-07 -0.2561035
vn -0.4833984 0.8374023 -0.2561035
vn -0.4833984 0.8374023 -0.2561035
vn -0.9667969 5.960464E-08 -0.2561035
vn -0.4833984 0.8374023 -0.2561035
vn 0.4833984 0.8374023 -0.2561035
vn 0.4833984 0.8374023 -0.2561035
vn -0.4833984 0.8374023 -0.2561035
vn 0.4833984 0.8374023 -0.2561035
vn 0.9667969 -2.384186E-07 -0.2561035
vn 0.9667969 -5.960464E-07 -0.2561035
vn 0.4833984 0.8374023 -0.2561035
vn 0.9667969 -5.960464E-07 -0.2561035
vn 0.4833984 -0.8374023 -0.2561035
vn 0.4833984 -0.8374023 -0.2561035
vn 0.9667969 -2.384186E-07 -0.2561035
vn 0.4833984 -0.8374023 -0.2561035
vn -0.4833984 -0.8374023 -0.2561035
vn -0.4833984 -0.8374023 -0.2561035
vn 0.4833984 -0.8374023 -0.2561035
vn -0.4833984 -0.8374023 -0.2561035
vn -0.9667969 5.960464E-08 -0.2561035
vn -0.9667969 -4.768372E-07 -0.2561035
vn -0.4833984 -0.8374023 -0.2561035
vn 0 1.192093E-07 -1
vn 0 1.192093E-07 -1
vn 0 1.192093E-07 -1
vn 0 1.192093E-07 -1
vn 0 1.192093E-07 -1
vn 0 1.192093E-07 -1
vn 0 -1.692772E-05 -1
vn 0 -1.692772E-05 -1
vn 1.043081E-05 -1.090765E-05 -1
vn 1.043081E-05 -1.090765E-05 -1
vn 0 1.192093E-07 -1
vn 0 1.192093E-07 -1
vn 0 1.192093E-07 -1
vn 0 1.192093E-07 -1
vn -0.8149414 0.4707031 -0.3378906
vn -0.8149414 0.4707031 -0.3378906
vn -0.8149414 0.4707031 -0.3378906
vn -0.8149414 0.4707031 -0.3378906
vn 0 0.9414063 -0.3378906
vn 0 0.9414063 -0.3378906
vn 0 0.9414063 -0.3378906
vn 0 0.9414063 -0.3378906
vn 0.8149414 0.4707031 -0.3378906
vn 0.8149414 0.4707031 -0.3378906
vn 0.8149414 0.4707031 -0.3378906
vn 0.8149414 0.4707031 -0.3378906
vn 0.8149414 -0.4707031 -0.3378906
vn 0.8149414 -0.4707031 -0.3378906
vn 0.8149414 -0.4707031 -0.3378906
vn 0.8149414 -0.4707031 -0.3378906
vn 0 -0.9414063 -0.3378906
vn 0 -0.9414063 -0.3378906
vn 0 -0.9414063 -0.3378906
vn 0 -0.9414063 -0.3378906
vn -0.8149414 -0.4707031 -0.3378906
vn -0.8149414 -0.4707031 -0.3378906
vn -0.8149414 -0.4707031 -0.3378906
vn -0.8149414 -0.4707031 -0.3378906
vn 0 1.192093E-07 -1
vn 0 1.192093E-07 -1
vn 0 1.192093E-07 -1
vn 0 1.192093E-07 -1
vn 0 1.192093E-07 -1
vn 0 1.192093E-07 -1
vn -0.9667969 -4.768372E-07 -0.2561035
vn -0.4833984 0.8374023 -0.2561035
vn -0.4833984 0.8374023 -0.2561035
vn -0.9667969 5.960464E-08 -0.2561035
vn -0.4833984 0.8374023 -0.2561035
vn 0.4833984 0.8374023 -0.2561035
vn 0.4833984 0.8374023 -0.2561035
vn -0.4833984 0.8374023 -0.2561035
vn 0.4833984 0.8374023 -0.2561035
vn 0.9667969 -2.980232E-07 -0.2561035
vn 0.9667969 -6.556511E-07 -0.2561035
vn 0.4833984 0.8374023 -0.2561035
vn 0.9667969 -6.556511E-07 -0.2561035
vn 0.4833984 -0.8374023 -0.2561035
vn 0.4833984 -0.8374023 -0.2561035
vn 0.9667969 -2.980232E-07 -0.2561035
vn 0.4833984 -0.8374023 -0.2561035
vn -0.4833984 -0.8374023 -0.2561035
vn -0.4833984 -0.8374023 -0.2561035
vn 0.4833984 -0.8374023 -0.2561035
vn -0.4833984 -0.8374023 -0.2561035
vn -0.9667969 5.960464E-08 -0.2561035
vn -0.9667969 -4.768372E-07 -0.2561035
vn -0.4833984 -0.8374023 -0.2561035
vn 0 1.192093E-07 -1
vn 0 1.192093E-07 -1
vn 0 1.192093E-07 -1
vn 0 1.192093E-07 -1
vn 0 1.192093E-07 -1
vn 0 1.192093E-07 -1
vn 0 -1.692772E-05 -1
vn 0 -1.692772E-05 -1
vn 1.043081E-05 -1.090765E-05 -1
vn 1.043081E-05 -1.090765E-05 -1
vn 0 1.192093E-07 -1
vn 0 1.192093E-07 -1
vn 0 1.192093E-07 -1
vn 0 1.192093E-07 -1
vn -0.8149414 0.4707031 -0.3378906
vn -0.8149414 0.4707031 -0.3378906
vn -0.8149414 0.4707031 -0.3378906
vn -0.8149414 0.4707031 -0.3378906
vn 0 0.9414063 -0.3378906
vn 0 0.9414063 -0.3378906
vn 0 0.9414063 -0.3378906
vn 0 0.9414063 -0.3378906
vn 0.8149414 0.4707031 -0.3378906
vn 0.8149414 0.4707031 -0.3378906
vn 0.8149414 0.4707031 -0.3378906
vn 0.8149414 0.4707031 -0.3378906
vn 0.8149414 -0.4707031 -0.3378906
vn 0.8149414 -0.4707031 -0.3378906
vn 0.8149414 -0.4707031 -0.3378906
vn 0.8149414 -0.4707031 -0.3378906
vn 0 -0.9414063 -0.3378906
vn 0 -0.9414063 -0.3378906
vn 0 -0.9414063 -0.3378906
vn 0 -0.9414063 -0.3378906
vn -0.8149414 -0.4707031 -0.3378906
vn -0.8149414 -0.4707031 -0.3378906
vn -0.8149414 -0.4707031 -0.3378906
vn -0.8149414 -0.4707031 -0.3378906
vn 0 1.192093E-07 -1
vn 0 1.192093E-07 -1
vn 0 1.192093E-07 -1
vn 0 1.192093E-07 -1
vn 0 1.192093E-07 -1
vn 0 1.192093E-07 -1
vn -0.9667969 -2.205372E-06 -0.2561035
vn -0.4833984 0.8374023 -0.2561035
vn -0.4833984 0.8374023 -0.2561035
vn -0.9667969 -2.324581E-06 -0.2561035
vn -0.4833984 0.8374023 -0.2561035
vn 0.4833984 0.8374023 -0.2561035
vn 0.4833984 0.8374023 -0.2561035
vn -0.4833984 0.8374023 -0.2561035
vn 0.4833984 0.8374023 -0.2561035
vn 0.9667969 -2.980232E-07 -0.2558594
vn 0.9667969 -7.152557E-07 -0.2561035
vn 0.4833984 0.8374023 -0.2561035
vn 0.9667969 -7.152557E-07 -0.2561035
vn 0.4833984 -0.8374023 -0.2561035
vn 0.4833984 -0.8374023 -0.2561035
vn 0.9667969 -2.980232E-07 -0.2558594
vn 0.4833984 -0.8374023 -0.2561035
vn -0.4833984 -0.8374023 -0.2561035
vn -0.4833984 -0.8374023 -0.2561035
vn 0.4833984 -0.8374023 -0.2561035
vn -0.4833984 -0.8374023 -0.2561035
vn -0.9667969 -2.324581E-06 -0.2561035
vn -0.9667969 -2.205372E-06 -0.2561035
vn -0.4833984 -0.8374023 -0.2561035
vn 0 1.192093E-07 -1
vn 0 1.192093E-07 -1
vn 0 1.192093E-07 -1
vn 0 1.192093E-07 -1
vn 0 1.192093E-07 -1
vn 0 1.192093E-07 -1
vn 0 -1.692772E-05 -1
vn 0 -1.692772E-05 -1
vn 1.043081E-05 -1.090765E-05 -1
vn 1.043081E-05 -1.090765E-05 -1
vn 0 1.192093E-07 -1
vn 0 1.192093E-07 -1
vn 0 1.192093E-07 -1
vn 0 1.192093E-07 -1
vn -0.8149414 0.4707031 -0.3378906
vn -0.8149414 0.4707031 -0.3378906
vn -0.8149414 0.4707031 -0.3378906
vn -0.8149414 0.4707031 -0.3378906
vn 0 0.9414063 -0.3378906
vn 0 0.9414063 -0.3378906
vn 0 0.9414063 -0.3378906
vn 0 0.9414063 -0.3378906
vn 0.8149414 0.4707031 -0.3378906
vn 0.8149414 0.4707031 -0.3378906
vn 0.8149414 0.4707031 -0.3378906
vn 0.8149414 0.4707031 -0.3378906
vn 0.8149414 -0.4707031 -0.3378906
vn 0.8149414 -0.4707031 -0.3378906
vn 0.8149414 -0.4707031 -0.3378906
vn 0.8149414 -0.4707031 -0.3378906
vn 0 -0.9414063 -0.3378906
vn 0 -0.9414063 -0.3378906
vn 0 -0.9414063 -0.3378906
vn 0 -0.9414063 -0.3378906
vn -0.8149414 -0.4707031 -0.3378906
vn -0.8149414 -0.4707031 -0.3378906
vn -0.8149414 -0.4707031 -0.3378906
vn -0.8149414 -0.4707031 -0.3378906
vn 0 1.192093E-07 -1
vn 0 1.192093E-07 -1
vn 0 1.192093E-07 -1
vn 0 1.192093E-07 -1
vn 0 1.192093E-07 -1
vn 0 1.192093E-07 -1
vn -0.9838867 0.1778564 -1.728535E-06
vn -0.4919434 0.1778564 0.8520508
vn -0.4919434 0.1778564 0.8520508
vn -0.9838867 0.1778564 -1.370907E-06
vn -0.4919434 0.1778564 0.8520508
vn 0.4919434 0.1778564 0.8520508
vn 0.4919434 0.1778564 0.8520508
vn -0.4919434 0.1778564 0.8520508
vn 0.4919434 0.1778564 0.8520508
vn 0.9838867 0.1778564 1.072884E-06
vn 0.9838867 0.1778564 2.980232E-07
vn 0.4919434 0.1778564 0.8520508
vn 0.9838867 0.1778564 2.980232E-07
vn 0.4919434 0.1778564 -0.8520508
vn 0.4919434 0.1778564 -0.8520508
vn 0.9838867 0.1778564 1.072884E-06
vn 0.4919434 0.1778564 -0.8520508
vn -0.4919434 0.1778564 -0.8520508
vn -0.4919434 0.1778564 -0.8520508
vn 0.4919434 0.1778564 -0.8520508
vn -0.4919434 0.1778564 -0.8520508
vn -0.9838867 0.1778564 -1.370907E-06
vn -0.9838867 0.1778564 -1.728535E-06
vn -0.4919434 0.1778564 -0.8520508
vn -1.966953E-06 1 2.980232E-07
vn 0 1 1.490116E-06
vn 0 1 1.490116E-06
vn -1.966953E-06 1 2.980232E-07
vn -1.966953E-06 1 2.980232E-07
vn -2.741814E-06 1 1.490116E-06
vn 0 1 -4.887581E-06
vn 0 1 -4.887581E-06
vn 5.364418E-07 1 -4.589558E-06
vn 5.364418E-07 1 -4.589558E-06
vn 2.741814E-06 1 7.748604E-07
vn 2.741814E-06 1 7.748604E-07
vn 2.741814E-06 1 7.748604E-07
vn 1.370907E-06 1 6.556511E-07
vn -0.8662109 0.004463196 0.5
vn -0.8662109 0.004463196 0.5
vn -0.8662109 0.004463196 0.5
vn -0.8662109 0.004463196 0.5
vn 0 0.008926392 1
vn 0 0.008926392 1
vn 0 0.008926392 1
vn 0 0.008926392 1
vn 0.8662109 0.004463196 0.5
vn 0.8662109 0.004463196 0.5
vn 0.8662109 0.004463196 0.5
vn 0.8662109 0.004463196 0.5
vn 0.8662109 -0.004463196 -0.5
vn 0.8662109 -0.004463196 -0.5
vn 0.8662109 -0.004463196 -0.5
vn 0.8662109 -0.004463196 -0.5
vn 0 -0.008926392 -1
vn 0 -0.008926392 -1
vn 0 -0.008926392 -1
vn 0 -0.008926392 -1
vn -0.8662109 -0.004463196 -0.5
vn -0.8662109 -0.004463196 -0.5
vn -0.8662109 -0.004463196 -0.5
vn -0.8662109 -0.004463196 -0.5
vn -0.7705078 -0.4567871 0.4448242
vn -0.7705078 -0.4567871 0.4448242
vn -0.7705078 -0.4567871 0.4448242
vn -0.7705078 -0.4567871 0.4448242
vn 0 -0.4538574 0.8911133
vn 0 -0.4538574 0.8911133
vn 0 -0.4538574 0.8911133
vn 0 -0.4538574 0.8911133
vn 0.7705078 -0.4567871 0.4448242
vn 0.7705078 -0.4567871 0.4448242
vn 0.7705078 -0.4567871 0.4448242
vn 0.7705078 -0.4567871 0.4448242
vn 0.7675781 -0.4626465 -0.4433594
vn 0.7675781 -0.4626465 -0.4433594
vn 0.7675781 -0.4626465 -0.4433594
vn 0.7675781 -0.4626465 -0.4433594
vn 0 -0.4655762 -0.8847656
vn 0 -0.4655762 -0.8847656
vn 0 -0.4655762 -0.8847656
vn 0 -0.4655762 -0.8847656
vn -0.7675781 -0.4626465 -0.4433594
vn -0.7675781 -0.4626465 -0.4433594
vn -0.7675781 -0.4626465 -0.4433594
vn -0.7675781 -0.4626465 -0.4433594
vn -0.4121094 -0.8793945 0.237915
vn -0.4121094 -0.8793945 0.237915
vn -0.4121094 -0.8793945 0.237915
vn -0.4121094 -0.8793945 0.237915
vn 0 -0.8793945 0.4758301
vn 0 -0.8793945 0.4758301
vn 0 -0.8793945 0.4758301
vn 0 -0.8793945 0.4758301
vn 0.4121094 -0.8793945 0.237915
vn 0.4121094 -0.8793945 0.237915
vn 0.4121094 -0.8793945 0.237915
vn 0.4121094 -0.8793945 0.237915
vn 0 -0.8793945 -0.4758301
vn 0 -0.8793945 -0.4758301
vn 0 -0.8793945 -0.4758301
vn 0 -0.8793945 -0.4758301
vn -0.4121094 -0.8793945 -0.237915
vn -0.4121094 -0.8793945 -0.237915
vn -0.4121094 -0.8793945 -0.237915
vn -0.4121094 -0.8793945 -0.237915
vn -0.8173828 -0.3305664 0.4719238
vn -0.8173828 -0.3305664 0.4719238
vn -0.8173828 -0.3305664 0.4719238
vn -0.8173828 -0.3305664 0.4719238
vn 0 -0.3305664 0.9438477
vn 0 -0.3305664 0.9438477
vn 0 -0.3305664 0.9438477
vn 0 -0.3305664 0.9438477
vn 0.8173828 -0.3305664 0.4719238
vn 0.8173828 -0.3305664 0.4719238
vn 0.8173828 -0.3305664 0.4719238
vn 0.8173828 -0.3305664 0.4719238
vn 0.8173828 -0.3305664 -0.4719238
vn 0.8173828 -0.3305664 -0.4719238
vn 0.8173828 -0.3305664 -0.4719238
vn 0.8173828 -0.3305664 -0.4719238
vn 0 -0.3305664 -0.9438477
vn 0 -0.3305664 -0.9438477
vn 0 -0.3305664 -0.9438477
vn 0 -0.3305664 -0.9438477
vn -0.8173828 -0.3305664 -0.4719238
vn -0.8173828 -0.3305664 -0.4719238
vn -0.8173828 -0.3305664 -0.4719238
vn -0.8173828 -0.3305664 -0.4719238
vn 0 1 -1.192093E-07
vn 0 1 -1.192093E-07
vn 0 1 -1.192093E-07
vn 0 1 -1.192093E-07
vn 0 1 -1.192093E-07
vn 0 1 -1.192093E-07
vn 0 1 -1.192093E-07
vn 0 1 -1.192093E-07
vn -2.622604E-06 1 -1.609325E-06
vn -2.622604E-06 1 -1.609325E-06
vn 0 1 -1.192093E-07
vn 0 1 -1.192093E-07
vn 0 1 -1.192093E-07
vn 0 1 -1.192093E-07
vn 0.578125 0.7441406 -0.3339844
vn 0.578125 0.7441406 -0.3339844
vn 0.578125 0.7441406 -0.3339844
vn 0.578125 0.7441406 -0.3339844
vn 0 0.7441406 -0.6679688
vn 0 0.7441406 -0.6679688
vn 0 0.7441406 -0.6679688
vn 0 0.7441406 -0.6679688
vn -0.578125 0.7441406 -0.3339844
vn -0.578125 0.7441406 -0.3339844
vn -0.578125 0.7441406 -0.3339844
vn -0.578125 0.7441406 -0.3339844
vn -0.578125 0.7441406 0.3339844
vn -0.578125 0.7441406 0.3339844
vn -0.578125 0.7441406 0.3339844
vn -0.578125 0.7441406 0.3339844
vn 0 0.7441406 0.6679688
vn 0 0.7441406 0.6679688
vn 0 0.7441406 0.6679688
vn 0 0.7441406 0.6679688
vn 0.578125 0.7441406 0.3339844
vn 0.578125 0.7441406 0.3339844
vn 0.578125 0.7441406 0.3339844
vn 0.578125 0.7441406 0.3339844
vn 0 1 -4.172325E-06
vn 0 1 -4.172325E-06
vn 0 1 -4.172325E-06
vn 0 1 -4.172325E-06
vn 0 1 -1.192093E-07
vn 0 1 -1.192093E-07
vn 0 1 -1.192093E-07
vn 0 1 -1.192093E-07
vn 0 1 -1.192093E-07
vn 0 1 -1.192093E-07
vn 1 0 0
vn 1 0 0
vn 1 0 0
vn 1 0 0
vn 0 1.192093E-07 -1
vn 0 1.192093E-07 -1
vn 0 1.192093E-07 -1
vn 0 1.192093E-07 -1
vn -1 0 0
vn -1 0 0
vn -1 0 0
vn -1 0 0
vn 0 -1.192093E-07 1
vn 0 -1.192093E-07 1
vn 0 -1.192093E-07 1
vn 0 -1.192093E-07 1
vn 0 1 -1.192093E-07
vn 0 1 -1.192093E-07
vn 0 1 -1.192093E-07
vn 0 1 -1.192093E-07
vn 1 0 0
vn 1 0 0
vn 1 0 0
vn 1 0 0
vn 0 1.192093E-07 -1
vn 0 1.192093E-07 -1
vn 0 1.192093E-07 -1
vn 0 1.192093E-07 -1
vn -1 0 0
vn -1 0 0
vn -1 0 0
vn -1 0 0
vn 0 -1.192093E-07 1
vn 0 -1.192093E-07 1
vn 0 -1.192093E-07 1
vn 0 -1.192093E-07 1
vn 1 0 0
vn 1 0 0
vn 1 0 0
vn 1 0 0
vn 0 -1.192093E-07 1
vn 0 -1.192093E-07 1
vn 0 -1.192093E-07 1
vn 0 -1.192093E-07 1
vn -1 0 0
vn -1 0 0
vn -1 0 0
vn -1 0 0
vn 0 1.192093E-07 -1
vn 0 1.192093E-07 -1
vn 0 1.192093E-07 -1
vn 0 1.192093E-07 -1
vn 0 1.192093E-07 -1
vn 0 1.192093E-07 -1
vn 0 1.192093E-07 -1
vn 0 1.192093E-07 -1
vn 0 1.192093E-07 -1
vn 0 1.192093E-07 -1
vn 0 1.192093E-07 -1
vn 0 1.192093E-07 -1
vn 0 1 -1.192093E-07
vn 0 1 -1.192093E-07
vn 0 1 -1.192093E-07
vn 0 1 -1.192093E-07
vn 1 0 0
vn 1 0 0
vn 1 0 0
vn 1 0 0
vn 0 1.192093E-07 -1
vn 0 1.192093E-07 -1
vn 0 1.192093E-07 -1
vn 0 1.192093E-07 -1
vn -1 0 0
vn -1 0 0
vn -1 0 0
vn -1 0 0
vn 0 -1.192093E-07 1
vn 0 -1.192093E-07 1
vn 0 -1.192093E-07 1
vn 0 -1.192093E-07 1
vn 0 1 -1.192093E-07
vn 0 1 -1.192093E-07
vn 0 1 -1.192093E-07
vn 0 1 -1.192093E-07
vn 1 0 0
vn 1 0 0
vn 1 0 0
vn 1 0 0
vn 0 1.192093E-07 -1
vn 0 1.192093E-07 -1
vn 0 1.192093E-07 -1
vn 0 1.192093E-07 -1
vn -1 0 0
vn -1 0 0
vn -1 0 0
vn -1 0 0
vn 0 -1.192093E-07 1
vn 0 -1.192093E-07 1
vn 0 -1.192093E-07 1
vn 0 -1.192093E-07 1
vn 1 0 0
vn 1 0 0
vn 1 0 0
vn 1 0 0
vn 0 -1.192093E-07 1
vn 0 -1.192093E-07 1
vn 0 -1.192093E-07 1
vn 0 -1.192093E-07 1
vn -1 0 0
vn -1 0 0
vn -1 0 0
vn -1 0 0
vn 0 1.192093E-07 -1
vn 0 1.192093E-07 -1
vn 0 1.192093E-07 -1
vn 0 1.192093E-07 -1
vn 0 1.192093E-07 -1
vn 0 1.192093E-07 -1
vn 0 1.192093E-07 -1
vn 0 1.192093E-07 -1
vn 0 1.192093E-07 -1
vn 0 1.192093E-07 -1
vn 0 1.192093E-07 -1
vn 0 1.192093E-07 -1
vn 0 -1.788139E-07 -1
vn 0 -1.788139E-07 -1
vn 0 -1.788139E-07 -1
vn 0 -1.788139E-07 -1
vn 0 -7.748604E-07 -1
vn 3.576279E-07 -1.192093E-06 -1
vn 1 0 0
vn 1 0 0
vn 1 0 0
vn 1 0 0
vn -1 0 0
vn -1 0 0
vn -1 0 0
vn -1 0 0
vn -1 0 0
vn -1 0 0
vn 0.28125 0.9594727 -1.192093E-07
vn 0.28125 0.9594727 -1.192093E-07
vn 0.28125 0.9594727 -1.192093E-07
vn 0.28125 0.9594727 -1.192093E-07
vn 0.8500977 0.5263672 -5.960464E-08
vn 0.8500977 0.5263672 -5.960464E-08
vn 0.8500977 0.5263672 -5.960464E-08
vn 0.8500977 0.5263672 -5.960464E-08
vn 0 1.192093E-07 -1
vn 0 1.192093E-07 -1
vn 0 1.192093E-07 -1
vn 0 1.192093E-07 -1
vn 1 0 0
vn 1 0 0
vn 1 0 0
vn 1 0 0
vn -1 0 0
vn -1 0 0
vn -1 0 0
vn -1 0 0
vn 0 1 -1.192093E-07
vn 0 1 -1.192093E-07
vn 0 1 -1.192093E-07
vn 0 1 -1.192093E-07
vn 0 1.192093E-07 -1
vn 0 1.192093E-07 -1
vn 0 1.192093E-07 -1
vn 0 1.192093E-07 -1
vn 1 0 0
vn 1 0 0
vn 1 0 0
vn 1 0 0
vn -1 0 0
vn -1 0 0
vn -1 0 0
vn -1 0 0
vn 0 1 -1.192093E-07
vn 0 1 -1.192093E-07
vn 0 1 -1.192093E-07
vn 0 1 -1.192093E-07
vn 0 1.192093E-07 -1
vn 0 1.192093E-07 -1
vn 0 1.192093E-07 -1
vn 0 1.192093E-07 -1
vn 1 0 0
vn 1 0 0
vn 1 0 0
vn 1 0 0
vn -1 0 0
vn -1 0 0
vn -1 0 0
vn -1 0 0
vn 0 1 -1.192093E-07
vn 0 1 -1.192093E-07
vn 0 1 -1.192093E-07
vn 0 1 -1.192093E-07
vn 0 -1.788139E-07 -1
vn 0 -1.788139E-07 -1
vn 0 -1.788139E-07 -1
vn 0 -1.788139E-07 -1
vn -3.576279E-07 -1.192093E-06 -1
vn -3.576279E-07 -1.192093E-06 -1
vn -1 0 0
vn -1 0 0
vn -1 0 0
vn -1 0 0
vn 1 0 0
vn 1 0 0
vn 1 0 0
vn 1 0 0
vn 1 0 0
vn 1 0 0
vn -0.28125 0.9594727 -1.192093E-07
vn -0.28125 0.9594727 -1.192093E-07
vn -0.28125 0.9594727 -1.192093E-07
vn -0.28125 0.9594727 -1.192093E-07
vn -0.8500977 0.5263672 -5.960464E-08
vn -0.8500977 0.5263672 -5.960464E-08
vn -0.8500977 0.5263672 -5.960464E-08
vn -0.8500977 0.5263672 -5.960464E-08
vn 0 1.192093E-07 -1
vn 0 1.192093E-07 -1
vn 0 1.192093E-07 -1
vn 0 1.192093E-07 -1
vn -1 0 0
vn -1 0 0
vn -1 0 0
vn -1 0 0
vn 1 0 0
vn 1 0 0
vn 1 0 0
vn 1 0 0
vn 0 1 -1.192093E-07
vn 0 1 -1.192093E-07
vn 0 1 -1.192093E-07
vn 0 1 -1.192093E-07
vn 0 1.192093E-07 -1
vn 0 1.192093E-07 -1
vn 0 1.192093E-07 -1
vn 0 1.192093E-07 -1
vn -1 0 0
vn -1 0 0
vn -1 0 0
vn -1 0 0
vn 1 0 0
vn 1 0 0
vn 1 0 0
vn 1 0 0
vn 0 1 -1.192093E-07
vn 0 1 -1.192093E-07
vn 0 1 -1.192093E-07
vn 0 1 -1.192093E-07
vn 0 1.192093E-07 -1
vn 0 1.192093E-07 -1
vn 0 1.192093E-07 -1
vn 0 1.192093E-07 -1
vn -1 0 0
vn -1 0 0
vn -1 0 0
vn -1 0 0
vn 1 0 0
vn 1 0 0
vn 1 0 0
vn 1 0 0
vn 0 1 -1.192093E-07
vn 0 1 -1.192093E-07
vn 0 1 -1.192093E-07
vn 0 1 -1.192093E-07
vn 0 1 -1.192093E-07
vn 0 1 -1.192093E-07
vn 0 1 -1.192093E-07
vn 0 1 -1.192093E-07
vn 0 1 -1.192093E-07
vn 0 1 -1.192093E-07
vn 0 1 -1.192093E-07
vn 0 1 -1.192093E-07
vn -8.761883E-06 1 -1.192093E-07
vn -8.761883E-06 1 -1.192093E-07
vn -8.761883E-06 1 -1.192093E-07
vn -8.761883E-06 1 -1.192093E-07
vn 8.761883E-06 1 -1.192093E-07
vn 0 1 -9.000301E-06
vn 8.761883E-06 1 -1.192093E-07
vn 0 1 -9.000301E-06
vn -8.761883E-06 1 -1.192093E-07
vn -8.761883E-06 1 -1.192093E-07
vn -8.761883E-06 1 -1.192093E-07
vn -8.761883E-06 1 -1.192093E-07
vn 8.761883E-06 1 -1.192093E-07
vn 0 1 -9.000301E-06
vn 8.761883E-06 1 -1.192093E-07
vn 0 1 -9.000301E-06

vt 0.8579102 0.5097656
vt 0.8579102 0.5097656
vt 0.8461914 0.5097656
vt 0.7485352 0.5771484
vt 0.7485352 0.5771484
vt 0.7485352 0.5771484
vt 0.7485352 0.5771484
vt 0.7485352 0.5771484
vt 0.7485352 0.5771484
vt 0.7485352 0.5771484
vt 0.7485352 0.5771484
vt 0.7485352 0.5771484
vt 0.7485352 0.5771484
vt 0.7485352 0.5771484
vt 0.7485352 0.5771484
vt 0.7485352 0.5771484
vt 0.7485352 0.5776367
vt 0.7485352 0.5771484
vt 0.7485352 0.5776367
vt 0.7485352 0.5771484
vt 0.7485352 0.5771484
vt 0.7485352 0.5771484
vt 0.7485352 0.5776367
vt 0.7485352 0.5771484
vt 0.7485352 0.5776367
vt 0.7485352 0.5771484
vt 0.7485352 0.5771484
vt 0.7485352 0.5771484
vt 0.7485352 0.5771484
vt 0.7485352 0.5771484
vt 0.7485352 0.5771484
vt 0.7485352 0.5771484
vt 0.7485352 0.5771484
vt 0.7485352 0.5771484
vt 0.7485352 0.5771484
vt 0.7485352 0.5771484
vt 0.7485352 0.5771484
vt 0.7485352 0.5771484
vt 0.7485352 0.5771484
vt 0.7485352 0.5771484
vt 0.7485352 0.5776367
vt 0.7485352 0.5771484
vt 0.7485352 0.5776367
vt 0.7485352 0.5771484
vt 0.7485352 0.5771484
vt 0.7485352 0.5771484
vt 0.7485352 0.5776367
vt 0.7485352 0.5771484
vt 0.7485352 0.5776367
vt 0.7485352 0.5771484
vt 0.7485352 0.5771484
vt 0.7485352 0.5771484
vt 0.7485352 0.5771484
vt 0.7485352 0.5771484
vt 0.7485352 0.5771484
vt 0.7485352 0.5771484
vt 0.7485352 0.5771484
vt 0.7485352 0.5771484
vt 0.7485352 0.5771484
vt 0.7485352 0.5771484
vt 0.7485352 0.5771484
vt 0.7485352 0.5771484
vt 0.7485352 0.5771484
vt 0.7485352 0.5771484
vt 0.7485352 0.5776367
vt 0.7485352 0.5771484
vt 0.7485352 0.5776367
vt 0.7485352 0.5771484
vt 0.7485352 0.5771484
vt 0.7485352 0.5771484
vt 0.7485352 0.5776367
vt 0.7485352 0.5771484
vt 0.7485352 0.5776367
vt 0.7485352 0.5771484
vt 0.7485352 0.5771484
vt 0.7485352 0.5771484
vt 0.7485352 0.5771484
vt 0.7485352 0.5771484
vt 0.7485352 0.5771484
vt 0.7485352 0.5771484
vt 0.7485352 0.5771484
vt 0.7485352 0.5771484
vt 0.7485352 0.5771484
vt 0.7485352 0.5771484
vt 0.7485352 0.5771484
vt 0.7485352 0.5771484
vt 0.7485352 0.5771484
vt 0.7485352 0.5771484
vt 0.7485352 0.5776367
vt 0.7485352 0.5771484
vt 0.7485352 0.5776367
vt 0.7485352 0.5771484
vt 0.7485352 0.5771484
vt 0.7485352 0.5771484
vt 0.7485352 0.5776367
vt 0.7485352 0.5771484
vt 0.7485352 0.5776367
vt 0.7485352 0.5771484
vt 0.7485352 0.5771484
vt 0.5151367 0.04058838
vt 0.515625 0.04058838
vt 0.515625 0.04058838
vt 0.515625 0.04058838
vt 0.5151367 0.04058838
vt 0.5151367 0.04058838
vt 0.8828125 0.5766602
vt 0.8833008 0.5766602
vt 0.8833008 0.5766602
vt 0.8828125 0.5766602
vt 0.8823242 0.5766602
vt 0.8823242 0.5766602
vt 0.8828125 0.5766602
vt 0.8833008 0.5766602
vt 0.8823242 0.5766602
vt 0.8828125 0.5766602
vt 0.8823242 0.5766602
vt 0.8833008 0.5766602
vt 0.8828125 0.5766602
vt 0.8833008 0.5766602
vt 0.8833008 0.5766602
vt 0.8828125 0.5766602
vt 0.8823242 0.5766602
vt 0.8823242 0.5766602
vt 0.8828125 0.5766602
vt 0.8833008 0.5766602
vt 0.8823242 0.5766602
vt 0.8828125 0.5766602
vt 0.8823242 0.5766602
vt 0.8833008 0.5766602
vt 0.8828125 0.5766602
vt 0.8833008 0.5766602
vt 0.8833008 0.5766602
vt 0.8828125 0.5766602
vt 0.8823242 0.5766602
vt 0.8823242 0.5766602
vt 0.8828125 0.5766602
vt 0.8833008 0.5766602
vt 0.8823242 0.5766602
vt 0.8828125 0.5766602
vt 0.8823242 0.5766602
vt 0.8833008 0.5766602
vt 0.8828125 0.5766602
vt 0.8833008 0.5766602
vt 0.8833008 0.5766602
vt 0.8828125 0.5766602
vt 0.8823242 0.5766602
vt 0.8823242 0.5766602
vt 0.8828125 0.5766602
vt 0.8833008 0.5766602
vt 0.8823242 0.5766602
vt 0.8828125 0.5766602
vt 0.8823242 0.5766602
vt 0.8833008 0.5766602
vt 0.8828125 0.5766602
vt 0.8833008 0.5766602
vt 0.8833008 0.5766602
vt 0.8828125 0.5766602
vt 0.8823242 0.5766602
vt 0.8823242 0.5766602
vt 0.8828125 0.5766602
vt 0.8833008 0.5766602
vt 0.8823242 0.5766602
vt 0.8828125 0.5766602
vt 0.8823242 0.5766602
vt 0.8833008 0.5766602
vt 0.8828125 0.5766602
vt 0.8833008 0.5766602
vt 0.8833008 0.5766602
vt 0.8828125 0.5766602
vt 0.8823242 0.5766602
vt 0.8823242 0.5766602
vt 0.8828125 0.5766602
vt 0.8833008 0.5766602
vt 0.8823242 0.5766602
vt 0.8828125 0.5766602
vt 0.8823242 0.5766602
vt 0.8833008 0.5766602
vt 0.8828125 0.5766602
vt 0.8833008 0.5766602
vt 0.8833008 0.5766602
vt 0.8828125 0.5766602
vt 0.8823242 0.5766602
vt 0.8823242 0.5766602
vt 0.8828125 0.5766602
vt 0.8833008 0.5766602
vt 0.8823242 0.5766602
vt 0.8828125 0.5766602
vt 0.8823242 0.5766602
vt 0.8833008 0.5766602
vt 0.8828125 0.5766602
vt 0.8833008 0.5766602
vt 0.8833008 0.5766602
vt 0.8828125 0.5766602
vt 0.8823242 0.5766602
vt 0.8823242 0.5766602
vt 0.8828125 0.5766602
vt 0.8833008 0.5766602
vt 0.8823242 0.5766602
vt 0.8828125 0.5766602
vt 0.8823242 0.5766602
vt 0.8833008 0.5766602
vt 0.8828125 0.5766602
vt 0.8833008 0.5766602
vt 0.8833008 0.5766602
vt 0.8828125 0.5766602
vt 0.8823242 0.5766602
vt 0.8823242 0.5766602
vt 0.8828125 0.5766602
vt 0.8833008 0.5766602
vt 0.8823242 0.5766602
vt 0.8828125 0.5766602
vt 0.8823242 0.5766602
vt 0.8833008 0.5766602
vt 0.8828125 0.5766602
vt 0.8833008 0.5766602
vt 0.8833008 0.5766602
vt 0.8828125 0.5766602
vt 0.8823242 0.5766602
vt 0.8823242 0.5766602
vt 0.8828125 0.5766602
vt 0.8833008 0.5766602
vt 0.8823242 0.5766602
vt 0.8828125 0.5766602
vt 0.8823242 0.5766602
vt 0.8833008 0.5766602
vt 0.8828125 0.5766602
vt 0.8833008 0.5766602
vt 0.8833008 0.5766602
vt 0.8828125 0.5766602
vt 0.8823242 0.5766602
vt 0.8823242 0.5766602
vt 0.8828125 0.5766602
vt 0.8833008 0.5766602
vt 0.8823242 0.5766602
vt 0.8828125 0.5766602
vt 0.8823242 0.5766602
vt 0.8833008 0.5766602
vt 0.8828125 0.5766602
vt 0.8833008 0.5766602
vt 0.8833008 0.5766602
vt 0.8828125 0.5766602
vt 0.8823242 0.5766602
vt 0.8823242 0.5766602
vt 0.8828125 0.5766602
vt 0.8833008 0.5766602
vt 0.8823242 0.5766602
vt 0.8828125 0.5766602
vt 0.8823242 0.5766602
vt 0.8833008 0.5766602
vt 0.8828125 0.5766602
vt 0.8833008 0.5766602
vt 0.8833008 0.5766602
vt 0.8828125 0.5766602
vt 0.8823242 0.5766602
vt 0.8823242 0.5766602
vt 0.8828125 0.5766602
vt 0.8833008 0.5766602
vt 0.8823242 0.5766602
vt 0.8828125 0.5766602
vt 0.8823242 0.5766602
vt 0.8833008 0.5766602
vt 0.8828125 0.5766602
vt 0.8833008 0.5766602
vt 0.8833008 0.5766602
vt 0.8828125 0.5766602
vt 0.8823242 0.5766602
vt 0.8823242 0.5766602
vt 0.8828125 0.5766602
vt 0.8833008 0.5766602
vt 0.8823242 0.5766602
vt 0.8828125 0.5766602
vt 0.8823242 0.5766602
vt 0.8833008 0.5766602
vt 0.8828125 0.5766602
vt 0.8833008 0.5766602
vt 0.8833008 0.5766602
vt 0.8828125 0.5766602
vt 0.8823242 0.5766602
vt 0.8823242 0.5766602
vt 0.8828125 0.5766602
vt 0.8833008 0.5766602
vt 0.8823242 0.5766602
vt 0.8828125 0.5766602
vt 0.8823242 0.5766602
vt 0.8833008 0.5766602
vt 0.8828125 0.5766602
vt 0.8833008 0.5766602
vt 0.8833008 0.5766602
vt 0.8828125 0.5766602
vt 0.8823242 0.5766602
vt 0.8823242 0.5766602
vt 0.8828125 0.5766602
vt 0.8823242 0.5766602
vt 0.8833008 0.5766602
vt 0.8828125 0.5766602
vt 0.8833008 0.5766602
vt 0.8823242 0.5766602
vt 0.8828125 0.5766602
vt 0.8833008 0.5766602
vt 0.8833008 0.5766602
vt 0.8828125 0.5766602
vt 0.8823242 0.5766602
vt 0.8823242 0.5766602
vt 0.8828125 0.5766602
vt 0.8823242 0.5766602
vt 0.8833008 0.5766602
vt 0.8828125 0.5766602
vt 0.8833008 0.5766602
vt 0.8823242 0.5766602
vt 0.8828125 0.5766602
vt 0.8833008 0.5766602
vt 0.8833008 0.5766602
vt 0.8828125 0.5766602
vt 0.8823242 0.5766602
vt 0.8823242 0.5766602
vt 0.8828125 0.5766602
vt 0.8823242 0.5766602
vt 0.8833008 0.5766602
vt 0.8828125 0.5766602
vt 0.8833008 0.5766602
vt 0.8823242 0.5766602
vt 0.8828125 0.5766602
vt 0.8833008 0.5766602
vt 0.8833008 0.5766602
vt 0.8828125 0.5766602
vt 0.8823242 0.5766602
vt 0.8823242 0.5766602
vt 0.8828125 0.5766602
vt 0.8823242 0.5766602
vt 0.8833008 0.5766602
vt 0.8828125 0.5766602
vt 0.8833008 0.5766602
vt 0.8823242 0.5766602
vt 0.8828125 0.5766602
vt 0.8833008 0.5766602
vt 0.8833008 0.5766602
vt 0.8828125 0.5766602
vt 0.8823242 0.5766602
vt 0.8823242 0.5766602
vt 0.8828125 0.5766602
vt 0.8823242 0.5766602
vt 0.8833008 0.5766602
vt 0.8828125 0.5766602
vt 0.8833008 0.5766602
vt 0.8823242 0.5766602
vt 0.8828125 0.5766602
vt 0.8833008 0.5766602
vt 0.8833008 0.5766602
vt 0.8828125 0.5766602
vt 0.8823242 0.5766602
vt 0.8823242 0.5766602
vt 0.8828125 0.5766602
vt 0.8823242 0.5766602
vt 0.8833008 0.5766602
vt 0.8828125 0.5766602
vt 0.8833008 0.5766602
vt 0.8823242 0.5766602
vt 0.8828125 0.5766602
vt 0.8833008 0.5766602
vt 0.8833008 0.5766602
vt 0.8828125 0.5766602
vt 0.8823242 0.5766602
vt 0.8823242 0.5766602
vt 0.8828125 0.5766602
vt 0.8823242 0.5766602
vt 0.8833008 0.5766602
vt 0.8828125 0.5766602
vt 0.8833008 0.5766602
vt 0.8823242 0.5766602
vt 0.8828125 0.5766602
vt 0.8833008 0.5766602
vt 0.8833008 0.5766602
vt 0.8828125 0.5766602
vt 0.8823242 0.5766602
vt 0.8823242 0.5766602
vt 0.8828125 0.5766602
vt 0.8823242 0.5766602
vt 0.8833008 0.5766602
vt 0.8828125 0.5766602
vt 0.8833008 0.5766602
vt 0.8823242 0.5766602
vt 0.8828125 0.5766602
vt 0.8833008 0.5766602
vt 0.8833008 0.5766602
vt 0.8828125 0.5766602
vt 0.8823242 0.5766602
vt 0.8823242 0.5766602
vt 0.8828125 0.5766602
vt 0.8823242 0.5766602
vt 0.8833008 0.5766602
vt 0.8828125 0.5766602
vt 0.8833008 0.5766602
vt 0.8823242 0.5766602
vt 0.8828125 0.5766602
vt 0.8833008 0.5766602
vt 0.8833008 0.5766602
vt 0.8828125 0.5766602
vt 0.8823242 0.5766602
vt 0.8823242 0.5766602
vt 0.8828125 0.5766602
vt 0.8823242 0.5766602
vt 0.8833008 0.5766602
vt 0.8828125 0.5766602
vt 0.8833008 0.5766602
vt 0.8823242 0.5766602
vt 0.8828125 0.5766602
vt 0.8833008 0.5766602
vt 0.8833008 0.5766602
vt 0.8828125 0.5766602
vt 0.8823242 0.5766602
vt 0.8823242 0.5766602
vt 0.8828125 0.5766602
vt 0.8823242 0.5766602
vt 0.8833008 0.5766602
vt 0.8828125 0.5766602
vt 0.8833008 0.5766602
vt 0.8823242 0.5766602
vt 0.8828125 0.5766602
vt 0.8833008 0.5766602
vt 0.8833008 0.5766602
vt 0.8828125 0.5766602
vt 0.8823242 0.5766602
vt 0.8823242 0.5766602
vt 0.8828125 0.5766602
vt 0.8823242 0.5766602
vt 0.8833008 0.5766602
vt 0.8828125 0.5766602
vt 0.8833008 0.5766602
vt 0.8823242 0.5766602
vt 0.8828125 0.5766602
vt 0.8833008 0.5766602
vt 0.8833008 0.5766602
vt 0.8828125 0.5766602
vt 0.8823242 0.5766602
vt 0.8823242 0.5766602
vt 0.8828125 0.5766602
vt 0.8823242 0.5766602
vt 0.8833008 0.5766602
vt 0.8828125 0.5766602
vt 0.8833008 0.5766602
vt 0.8823242 0.5766602
vt 0.8828125 0.5766602
vt 0.8833008 0.5766602
vt 0.8833008 0.5766602
vt 0.8828125 0.5766602
vt 0.8823242 0.5766602
vt 0.8823242 0.5766602
vt 0.8828125 0.5766602
vt 0.8823242 0.5766602
vt 0.8833008 0.5766602
vt 0.8828125 0.5766602
vt 0.8833008 0.5766602
vt 0.8823242 0.5766602
vt 0.8828125 0.5766602
vt 0.8833008 0.5766602
vt 0.8833008 0.5766602
vt 0.8828125 0.5766602
vt 0.8823242 0.5766602
vt 0.8823242 0.5766602
vt 0.8828125 0.5766602
vt 0.8823242 0.5766602
vt 0.8833008 0.5766602
vt 0.8828125 0.5766602
vt 0.8833008 0.5766602
vt 0.8823242 0.5766602
vt 0.8574219 0.5073242
vt 0.8574219 0.4897461
vt 0.8574219 0.5073242
vt 0.8574219 0.4897461
vt 0.8525391 0.5073242
vt 0.8574219 0.5073242
vt 0.8525391 0.5073242
vt 0.8574219 0.5073242
vt 0.8457031 0.4897461
vt 0.8457031 0.5073242
vt 0.8457031 0.4897461
vt 0.8457031 0.5073242
vt 0.8579102 0.5097656
vt 0.8579102 0.4924316
vt 0.8579102 0.4924316
vt 0.8579102 0.5097656
vt 0.8579102 0.4924316
vt 0.8579102 0.5097656
vt 0.8461914 0.5097656
vt 0.8579102 0.5097656
vt 0.8579102 0.5097656
vt 0.8461914 0.5097656
vt 0.8515625 0.5097656
vt 0.8461914 0.5097656
vt 0.8515625 0.5097656
vt 0.8515625 0.5097656
vt 0.8579102 0.5097656
vt 0.8530273 0.5097656
vt 0.8579102 0.5097656
vt 0.8530273 0.5097656
vt 0.8461914 0.4924316
vt 0.8461914 0.5097656
vt 0.8461914 0.5097656
vt 0.8461914 0.4924316
vt 0.8461914 0.5097656
vt 0.8461914 0.4924316
vt 0.8579102 0.5097656
vt 0.8579102 0.4924316
vt 0.8579102 0.4924316
vt 0.8579102 0.5097656
vt 0.8461914 0.5097656
vt 0.8461914 0.5097656
vt 0.8461914 0.4924316
vt 0.8461914 0.4924316
vt 0.8579102 0.4924316
vt 0.8579102 0.5097656
vt 0.8579102 0.5097656
vt 0.8579102 0.4924316
vt 0.8579102 0.5097656
vt 0.8461914 0.5097656
vt 0.8461914 0.5097656
vt 0.8579102 0.5097656
vt 0.8461914 0.5097656
vt 0.8461914 0.4924316
vt 0.8461914 0.4924316
vt 0.8461914 0.5097656
vt 0.8461914 0.5097656
vt 0.8579102 0.4924316
vt 0.8461914 0.4924316
vt 0.8579102 0.5097656
vt 0.8457031 0.5073242
vt 0.8510742 0.5073242
vt 0.8457031 0.5073242
vt 0.8510742 0.5073242
vt 0.7856445 0.5771484
vt 0.7856445 0.5771484
vt 0.7856445 0.5771484
vt 0.7856445 0.5771484
vt 0.7841797 0.5771484
vt 0.7841797 0.5771484
vt 0.7841797 0.5771484
vt 0.7841797 0.5771484
vt 0.7856445 0.5771484
vt 0.7856445 0.5771484
vt 0.7856445 0.5771484
vt 0.7856445 0.5771484
vt 0.7841797 0.5771484
vt 0.7841797 0.5771484
vt 0.7841797 0.5771484
vt 0.7841797 0.5771484
vt 0.7841797 0.5771484
vt 0.7856445 0.5771484
vt 0.7856445 0.5771484
vt 0.7841797 0.5771484
vt 0.7841797 0.5771484
vt 0.7841797 0.5771484
vt 0.7841797 0.5771484
vt 0.7841797 0.5771484
vt 0.7856445 0.5771484
vt 0.7856445 0.5771484
vt 0.7856445 0.5771484
vt 0.7856445 0.5771484
vt 0.7856445 0.5771484
vt 0.7856445 0.5771484
vt 0.7841797 0.5771484
vt 0.7841797 0.5771484
vt 0.7841797 0.5771484
vt 0.7841797 0.5771484
vt 0.7841797 0.5771484
vt 0.7841797 0.5771484
vt 0.7841797 0.5771484
vt 0.7841797 0.5771484
vt 0.7856445 0.5771484
vt 0.7856445 0.5771484
vt 0.7856445 0.5771484
vt 0.7856445 0.5771484
vt 0.7841797 0.5771484
vt 0.7841797 0.5771484
vt 0.7841797 0.5771484
vt 0.7841797 0.5771484
vt 0.7856445 0.5771484
vt 0.7856445 0.5771484
vt 0.7856445 0.5771484
vt 0.7856445 0.5771484
vt 0.7841797 0.5771484
vt 0.7841797 0.5771484
vt 0.7841797 0.5771484
vt 0.7841797 0.5771484
vt 0.7841797 0.5771484
vt 0.7856445 0.5771484
vt 0.7856445 0.5771484
vt 0.7841797 0.5771484
vt 0.7841797 0.5771484
vt 0.7841797 0.5771484
vt 0.7841797 0.5771484
vt 0.7841797 0.5771484
vt 0.8164063 0.498291
vt 0.8164063 0.498291
vt 0.8164063 0.498291
vt 0.8164063 0.498291
vt 0.8164063 0.498291
vt 0.8164063 0.498291
vt 0.8164063 0.498291
vt 0.8164063 0.498291
vt 0.8164063 0.498291
vt 0.8164063 0.498291
vt 0.8164063 0.498291
vt 0.8164063 0.498291
vt 0.8164063 0.498291
vt 0.8164063 0.498291
vt 0.8164063 0.498291
vt 0.8164063 0.498291
vt 0.8164063 0.498291
vt 0.8164063 0.498291
vt 0.8164063 0.498291
vt 0.8164063 0.498291
vt 0.7817383 0.5717773
vt 0.7817383 0.5717773
vt 0.7817383 0.5717773
vt 0.7817383 0.5717773
vt 0.78125 0.5717773
vt 0.78125 0.5717773
vt 0.7861328 0.5678711
vt 0.7817383 0.5717773
vt 0.7861328 0.5678711
vt 0.7817383 0.5717773
vt 0.7861328 0.5678711
vt 0.7817383 0.5717773
vt 0.7817383 0.5717773
vt 0.7861328 0.5678711
vt 0.7861328 0.5678711
vt 0.78125 0.5717773
vt 0.7861328 0.5678711
vt 0.78125 0.5717773
vt 0.7861328 0.5678711
vt 0.78125 0.5717773
vt 0.7817383 0.5717773
vt 0.7861328 0.5678711
vt 0.7861328 0.5678711
vt 0.7817383 0.5717773
vt 0.78125 0.5717773
vt 0.7861328 0.5678711
vt 0.7861328 0.5678711
vt 0.7817383 0.5717773
vt 0.7817383 0.5717773
vt 0.7861328 0.5678711
vt 0.8823242 0.498291
vt 0.8823242 0.498291
vt 0.8823242 0.498291
vt 0.8823242 0.498291
vt 0.8823242 0.498291
vt 0.8823242 0.498291
vt 0.8823242 0.498291
vt 0.8823242 0.498291
vt 0.8823242 0.498291
vt 0.8823242 0.498291
vt 0.8823242 0.498291
vt 0.8823242 0.498291
vt 0.8823242 0.498291
vt 0.8823242 0.498291
vt 0.8823242 0.498291
vt 0.8823242 0.498291
vt 0.8823242 0.498291
vt 0.8823242 0.498291
vt 0.8823242 0.498291
vt 0.8823242 0.498291
vt 0.8193359 0.5019531
vt 0.8193359 0.5019531
vt 0.8193359 0.5019531
vt 0.8193359 0.5019531
vt 0.8193359 0.5019531
vt 0.8193359 0.5019531
vt 0.8193359 0.5019531
vt 0.8193359 0.5019531
vt 0.8193359 0.5019531
vt 0.8193359 0.5019531
vt 0.8193359 0.5019531
vt 0.8193359 0.5019531
vt 0.8193359 0.5019531
vt 0.8193359 0.5019531
vt 0.8193359 0.5019531
vt 0.8193359 0.5019531
vt 0.8193359 0.5019531
vt 0.8193359 0.5019531
vt 0.8193359 0.5019531
vt 0.8193359 0.5019531
vt 0.8813477 0.5019531
vt 0.8813477 0.5019531
vt 0.8813477 0.5019531
vt 0.8813477 0.5019531
vt 0.8813477 0.5019531
vt 0.8813477 0.5019531
vt 0.8813477 0.5019531
vt 0.8813477 0.5019531
vt 0.8813477 0.5019531
vt 0.8813477 0.5019531
vt 0.8813477 0.5019531
vt 0.8813477 0.5019531
vt 0.8813477 0.5019531
vt 0.8813477 0.5019531
vt 0.8813477 0.5019531
vt 0.8813477 0.5019531
vt 0.5146484 0.04016113
vt 0.5146484 0.04022217
vt 0.5146484 0.04022217
vt 0.5146484 0.04016113
vt 0.5146484 0.04022217
vt 0.5146484 0.04022217
vt 0.5146484 0.04022217
vt 0.5146484 0.04022217
vt 0.5146484 0.04022217
vt 0.5146484 0.04016113
vt 0.5146484 0.04016113
vt 0.5146484 0.04022217
vt 0.5146484 0.04016113
vt 0.5146484 0.04016113
vt 0.5146484 0.04016113
vt 0.5146484 0.04016113
vt 0.8168945 0.5019531
vt 0.8168945 0.5019531
vt 0.8168945 0.5019531
vt 0.8168945 0.5019531
vt 0.8168945 0.5019531
vt 0.8168945 0.5019531
vt 0.8168945 0.5019531
vt 0.8168945 0.5019531
vt 0.8168945 0.5019531
vt 0.8168945 0.5019531
vt 0.8168945 0.5019531
vt 0.8168945 0.5019531
vt 0.8168945 0.5019531
vt 0.8168945 0.5019531
vt 0.8168945 0.5019531
vt 0.8168945 0.5019531
vt 0.8168945 0.5019531
vt 0.8168945 0.5019531
vt 0.8168945 0.5019531
vt 0.8168945 0.5019531
vt 0.8813477 0.5019531
vt 0.8813477 0.5019531
vt 0.8813477 0.5019531
vt 0.8813477 0.5019531
vt 0.8813477 0.5019531
vt 0.8813477 0.5019531
vt 0.8813477 0.5019531
vt 0.8813477 0.5019531
vt 0.8813477 0.5019531
vt 0.8813477 0.5019531
vt 0.8813477 0.5019531
vt 0.8813477 0.5019531
vt 0.8813477 0.5019531
vt 0.8813477 0.5019531
vt 0.8813477 0.5019531
vt 0.8813477 0.5019531
vt 0.5146484 0.04016113
vt 0.5146484 0.04022217
vt 0.5146484 0.04022217
vt 0.5146484 0.04016113
vt 0.5146484 0.04022217
vt 0.5146484 0.04022217
vt 0.5146484 0.04022217
vt 0.5146484 0.04022217
vt 0.5146484 0.04022217
vt 0.5146484 0.04016113
vt 0.5146484 0.04016113
vt 0.5146484 0.04022217
vt 0.5146484 0.04016113
vt 0.5146484 0.04016113
vt 0.5146484 0.04016113
vt 0.5146484 0.04016113
vt 0.8203125 0.5019531
vt 0.8203125 0.5019531
vt 0.8203125 0.5019531
vt 0.8203125 0.5019531
vt 0.8203125 0.5019531
vt 0.8203125 0.5019531
vt 0.8203125 0.5019531
vt 0.8203125 0.5019531
vt 0.8203125 0.5019531
vt 0.8203125 0.5019531
vt 0.8203125 0.5019531
vt 0.8203125 0.5019531
vt 0.8203125 0.5019531
vt 0.8203125 0.5019531
vt 0.8203125 0.5019531
vt 0.8203125 0.5019531
vt 0.8203125 0.5019531
vt 0.8203125 0.5019531
vt 0.8203125 0.5019531
vt 0.8203125 0.5019531
vt 0.8803711 0.5009766
vt 0.8803711 0.5009766
vt 0.8803711 0.5009766
vt 0.8803711 0.5009766
vt 0.8803711 0.5009766
vt 0.8803711 0.5009766
vt 0.8803711 0.5009766
vt 0.8803711 0.5009766
vt 0.8803711 0.5009766
vt 0.8803711 0.5009766
vt 0.8803711 0.5009766
vt 0.8803711 0.5009766
vt 0.8803711 0.5009766
vt 0.8803711 0.5009766
vt 0.8803711 0.5009766
vt 0.8803711 0.5009766
vt 0.5146484 0.04016113
vt 0.5146484 0.04022217
vt 0.5146484 0.04022217
vt 0.5146484 0.04016113
vt 0.5146484 0.04022217
vt 0.5146484 0.04022217
vt 0.5146484 0.04022217
vt 0.5146484 0.04022217
vt 0.5146484 0.04022217
vt 0.5146484 0.04016113
vt 0.5146484 0.04016113
vt 0.5146484 0.04022217
vt 0.5146484 0.04016113
vt 0.5146484 0.04016113
vt 0.5146484 0.04016113
vt 0.5146484 0.04016113
vt 0.8803711 0.5009766
vt 0.8803711 0.5009766
vt 0.8803711 0.5009766
vt 0.8803711 0.5009766
vt 0.78125 0.498291
vt 0.7807617 0.498291
vt 0.7807617 0.498291
vt 0.78125 0.498291
vt 0.78125 0.498291
vt 0.7807617 0.498291
vt 0.7807617 0.498291
vt 0.78125 0.498291
vt 0.7807617 0.498291
vt 0.78125 0.498291
vt 0.78125 0.498291
vt 0.7807617 0.498291
vt 0.1173706 0.8876953
vt 0.1173096 0.8876953
vt 0.1173706 0.8876953
vt 0.1173096 0.8876953
vt 0.1173096 0.8876953
vt 0.1172485 0.8876953
vt 0.1173096 0.8876953
vt 0.1172485 0.8876953
vt 0.1173096 0.8876953
vt 0.1173096 0.8876953
vt 0.1173096 0.8876953
vt 0.1173096 0.8876953
vt 0.1816406 0.03594971
vt 0.1816406 0.03594971
vt 0.1816406 0.03594971
vt 0.1816406 0.03594971
vt 0.1816406 0.03594971
vt 0.1816406 0.03594971
vt 0.1816406 0.03594971
vt 0.1816406 0.03594971
vt 0.1173706 0.8876953
vt 0.1173096 0.8876953
vt 0.1173706 0.8876953
vt 0.1173096 0.8876953
vt 0.1173096 0.8876953
vt 0.1173096 0.8876953
vt 0.1173096 0.8876953
vt 0.1173096 0.8876953
vt 0.1816406 0.03594971
vt 0.1816406 0.03594971
vt 0.1816406 0.03594971
vt 0.1816406 0.03594971
vt 0.1816406 0.03594971
vt 0.1816406 0.03594971
vt 0.1816406 0.03594971
vt 0.1816406 0.03594971
vt 0.1173706 0.8876953
vt 0.1173096 0.8876953
vt 0.1173706 0.8876953
vt 0.1173096 0.8876953
vt 0.1173096 0.8876953
vt 0.1173096 0.8876953
vt 0.1173096 0.8876953
vt 0.1173096 0.8876953
vt 0.1816406 0.03594971
vt 0.1816406 0.03594971
vt 0.1816406 0.03594971
vt 0.1816406 0.03594971
vt 0.1816406 0.03594971
vt 0.1816406 0.03594971
vt 0.1816406 0.03594971
vt 0.1816406 0.03594971
vt 0.1173096 0.8876953
vt 0.1173096 0.8876953
vt 0.1173096 0.8876953
vt 0.1173096 0.8876953
vt 0.78125 0.498291
vt 0.7807617 0.498291
vt 0.7807617 0.498291
vt 0.78125 0.498291
vt 0.78125 0.498291
vt 0.7807617 0.498291
vt 0.7807617 0.498291
vt 0.78125 0.498291
vt 0.7807617 0.498291
vt 0.78125 0.498291
vt 0.78125 0.498291
vt 0.7807617 0.498291
vt 0.1173706 0.8876953
vt 0.1173096 0.8876953
vt 0.1173706 0.8876953
vt 0.1173096 0.8876953
vt 0.1173096 0.8876953
vt 0.1172485 0.8876953
vt 0.1173096 0.8876953
vt 0.1172485 0.8876953
vt 0.1173096 0.8876953
vt 0.1173096 0.8876953
vt 0.1173096 0.8876953
vt 0.1173096 0.8876953
vt 0.1816406 0.03594971
vt 0.1816406 0.03594971
vt 0.1816406 0.03594971
vt 0.1816406 0.03594971
vt 0.1816406 0.03594971
vt 0.1816406 0.03594971
vt 0.1816406 0.03594971
vt 0.1816406 0.03594971
vt 0.7822266 0.5073242
vt 0.78125 0.5073242
vt 0.78125 0.5073242
vt 0.7822266 0.5073242
vt 0.7836914 0.5073242
vt 0.7836914 0.5073242
vt 0.7861328 0.5073242
vt 0.7861328 0.5073242
vt 0.7861328 0.5073242
vt 0.7836914 0.5073242
vt 0.7861328 0.5073242
vt 0.7836914 0.5073242
vt 0.7836914 0.5073242
vt 0.7822266 0.5073242
vt 0.7836914 0.5073242
vt 0.7822266 0.5073242
vt 0.7822266 0.5073242
vt 0.78125 0.5073242
vt 0.7822266 0.5073242
vt 0.78125 0.5073242
vt 0.8168945 0.5073242
vt 0.8154297 0.5073242
vt 0.8154297 0.5073242
vt 0.8168945 0.5073242
vt 0.8183594 0.5073242
vt 0.8183594 0.5073242
vt 0.8208008 0.5073242
vt 0.8208008 0.5073242
vt 0.8208008 0.5073242
vt 0.8183594 0.5073242
vt 0.8208008 0.5073242
vt 0.8183594 0.5073242
vt 0.8183594 0.5073242
vt 0.8168945 0.5073242
vt 0.8183594 0.5073242
vt 0.8168945 0.5073242
vt 0.8168945 0.5073242
vt 0.8154297 0.5073242
vt 0.8168945 0.5073242
vt 0.8154297 0.5073242
vt 0.8203125 0.5019531
vt 0.8203125 0.5019531
vt 0.8203125 0.5019531
vt 0.8203125 0.5019531
vt 0.8203125 0.5019531
vt 0.8203125 0.5019531
vt 0.8203125 0.5019531
vt 0.8203125 0.5019531
vt 0.8203125 0.5019531
vt 0.8203125 0.5019531
vt 0.8203125 0.5019531
vt 0.8203125 0.5019531
vt 0.8203125 0.5019531
vt 0.8203125 0.5019531
vt 0.8203125 0.5019531
vt 0.8203125 0.5019531
vt 0.8203125 0.5019531
vt 0.8203125 0.5019531
vt 0.8203125 0.5019531
vt 0.8203125 0.5019531
vt 0.8803711 0.5009766
vt 0.8803711 0.5009766
vt 0.8803711 0.5009766
vt 0.8803711 0.5009766
vt 0.8803711 0.5009766
vt 0.8803711 0.5009766
vt 0.8803711 0.5009766
vt 0.8803711 0.5009766
vt 0.8803711 0.5009766
vt 0.8803711 0.5009766
vt 0.8803711 0.5009766
vt 0.8803711 0.5009766
vt 0.8803711 0.5009766
vt 0.8803711 0.5009766
vt 0.8803711 0.5009766
vt 0.8803711 0.5009766
vt 0.5146484 0.04016113
vt 0.5146484 0.04022217
vt 0.5146484 0.04016113
vt 0.5146484 0.04022217
vt 0.5146484 0.04022217
vt 0.5146484 0.04022217
vt 0.5146484 0.04022217
vt 0.5146484 0.04022217
vt 0.5146484 0.04022217
vt 0.5146484 0.04016113
vt 0.5146484 0.04022217
vt 0.5146484 0.04016113
vt 0.5146484 0.04016113
vt 0.5146484 0.04016113
vt 0.5146484 0.04016113
vt 0.5146484 0.04016113
vt 0.8803711 0.5009766
vt 0.8803711 0.5009766
vt 0.8803711 0.5009766
vt 0.8803711 0.5009766
vt 0.78125 0.5073242
vt 0.7822266 0.5073242
vt 0.78125 0.5073242
vt 0.7822266 0.5073242
vt 0.7836914 0.5073242
vt 0.7836914 0.5073242
vt 0.7861328 0.5073242
vt 0.7861328 0.5073242
vt 0.7861328 0.5073242
vt 0.7836914 0.5073242
vt 0.7836914 0.5073242
vt 0.7861328 0.5073242
vt 0.7836914 0.5073242
vt 0.7822266 0.5073242
vt 0.7822266 0.5073242
vt 0.7836914 0.5073242
vt 0.7822266 0.5073242
vt 0.78125 0.5073242
vt 0.78125 0.5073242
vt 0.7822266 0.5073242
vt 0.8154297 0.5073242
vt 0.8168945 0.5073242
vt 0.8154297 0.5073242
vt 0.8168945 0.5073242
vt 0.8183594 0.5073242
vt 0.8183594 0.5073242
vt 0.8208008 0.5073242
vt 0.8208008 0.5073242
vt 0.8208008 0.5073242
vt 0.8183594 0.5073242
vt 0.8183594 0.5073242
vt 0.8208008 0.5073242
vt 0.8183594 0.5073242
vt 0.8168945 0.5073242
vt 0.8168945 0.5073242
vt 0.8183594 0.5073242
vt 0.8168945 0.5073242
vt 0.8154297 0.5073242
vt 0.8154297 0.5073242
vt 0.8168945 0.5073242
vt 0.8505859 0.5019531
vt 0.8505859 0.5019531
vt 0.8505859 0.5019531
vt 0.8505859 0.5019531
vt 0.8505859 0.5019531
vt 0.8505859 0.5019531
vt 0.8505859 0.5019531
vt 0.8505859 0.5019531
vt 0.8505859 0.5019531
vt 0.8505859 0.5019531
vt 0.8505859 0.5019531
vt 0.8505859 0.5019531
vt 0.8505859 0.5019531
vt 0.8505859 0.5019531
vt 0.8505859 0.5019531
vt 0.8505859 0.5019531
vt 0.8505859 0.5019531
vt 0.8505859 0.5019531
vt 0.8505859 0.5019531
vt 0.8505859 0.5019531
vt 0.8505859 0.5019531
vt 0.8505859 0.5019531
vt 0.8505859 0.5019531
vt 0.8505859 0.5019531
vt 0.8505859 0.5019531
vt 0.8505859 0.5019531
vt 0.8505859 0.5019531
vt 0.8505859 0.5019531
vt 0.8505859 0.5019531
vt 0.8505859 0.5019531
vt 0.8505859 0.5019531
vt 0.8505859 0.5019531
vt 0.8505859 0.5019531
vt 0.8505859 0.5019531
vt 0.8505859 0.5019531
vt 0.8505859 0.5019531
vt 0.8164063 0.5019531
vt 0.8164063 0.5019531
vt 0.8164063 0.5019531
vt 0.8164063 0.5019531
vt 0.8164063 0.5019531
vt 0.8164063 0.5019531
vt 0.8164063 0.5019531
vt 0.8164063 0.5019531
vt 0.8164063 0.5019531
vt 0.8164063 0.5019531
vt 0.8164063 0.5019531
vt 0.8164063 0.5019531
vt 0.8164063 0.5019531
vt 0.8164063 0.5019531
vt 0.8164063 0.5019531
vt 0.8164063 0.5019531
vt 0.8164063 0.5019531
vt 0.8164063 0.5019531
vt 0.8164063 0.5019531
vt 0.8164063 0.5019531
vt 0.8164063 0.5019531
vt 0.8164063 0.5019531
vt 0.8164063 0.5019531
vt 0.8164063 0.5019531
vt 0.8164063 0.5019531
vt 0.8164063 0.5019531
vt 0.8164063 0.5019531
vt 0.8164063 0.5019531
vt 0.8164063 0.5019531
vt 0.8164063 0.5019531
vt 0.8164063 0.5019531
vt 0.8164063 0.5019531
vt 0.8164063 0.5019531
vt 0.8164063 0.5019531
vt 0.8164063 0.5019531
vt 0.8164063 0.5019531
vt 0.8164063 0.5019531
vt 0.8164063 0.5019531
vt 0.8164063 0.5019531
vt 0.8164063 0.5019531
vt 0.8803711 0.5019531
vt 0.8803711 0.5019531
vt 0.8803711 0.5019531
vt 0.8803711 0.5019531
vt 0.8808594 0.5019531
vt 0.8803711 0.5019531
vt 0.8803711 0.5019531
vt 0.8808594 0.5019531
vt 0.8808594 0.5019531
vt 0.8808594 0.5019531
vt 0.8808594 0.5019531
vt 0.8808594 0.5019531
vt 0.8803711 0.5019531
vt 0.8808594 0.5019531
vt 0.8808594 0.5019531
vt 0.8803711 0.5019531
vt 0.8803711 0.5019531
vt 0.8803711 0.5019531
vt 0.8803711 0.5019531
vt 0.8803711 0.5019531
vt 0.8808594 0.5019531
vt 0.8803711 0.5019531
vt 0.8803711 0.5019531
vt 0.8808594 0.5019531
vt 0.8808594 0.5019531
vt 0.8808594 0.5019531
vt 0.8808594 0.5019531
vt 0.8808594 0.5019531
vt 0.8803711 0.5019531
vt 0.8808594 0.5019531
vt 0.8808594 0.5019531
vt 0.8803711 0.5019531
vt 0.8803711 0.5019531
vt 0.8803711 0.5019531
vt 0.8803711 0.5019531
vt 0.8803711 0.5019531
vt 0.8808594 0.5019531
vt 0.8803711 0.5019531
vt 0.8803711 0.5019531
vt 0.8808594 0.5019531
vt 0.8808594 0.5019531
vt 0.8808594 0.5019531
vt 0.8808594 0.5019531
vt 0.8808594 0.5019531
vt 0.8803711 0.5019531
vt 0.8808594 0.5019531
vt 0.8808594 0.5019531
vt 0.8803711 0.5019531
vt 0.8803711 0.5019531
vt 0.8803711 0.5019531
vt 0.8803711 0.5019531
vt 0.8803711 0.5019531
vt 0.8808594 0.5019531
vt 0.8803711 0.5019531
vt 0.8803711 0.5019531
vt 0.8808594 0.5019531
vt 0.8808594 0.5019531
vt 0.8808594 0.5019531
vt 0.8808594 0.5019531
vt 0.8808594 0.5019531
vt 0.8803711 0.5019531
vt 0.8808594 0.5019531
vt 0.8808594 0.5019531
vt 0.8803711 0.5019531
vt 0.8173828 0.5019531
vt 0.8173828 0.5019531
vt 0.8173828 0.5019531
vt 0.8173828 0.5019531
vt 0.8173828 0.5019531
vt 0.8173828 0.5019531
vt 0.8173828 0.5019531
vt 0.8173828 0.5019531
vt 0.8173828 0.5019531
vt 0.8173828 0.5019531
vt 0.8173828 0.5019531
vt 0.8173828 0.5019531
vt 0.8173828 0.5019531
vt 0.8173828 0.5019531
vt 0.8173828 0.5019531
vt 0.8173828 0.5019531
vt 0.8173828 0.5019531
vt 0.8173828 0.5019531
vt 0.8173828 0.5019531
vt 0.8173828 0.5019531
vt 0.7485352 0.5771484
vt 0.7485352 0.5771484
vt 0.7485352 0.5771484
vt 0.7485352 0.5771484
vt 0.7485352 0.5776367
vt 0.7485352 0.5771484
vt 0.7485352 0.5771484
vt 0.7485352 0.5776367
vt 0.7485352 0.5776367
vt 0.7485352 0.5776367
vt 0.7485352 0.5776367
vt 0.7485352 0.5776367
vt 0.7485352 0.5771484
vt 0.7485352 0.5776367
vt 0.7485352 0.5776367
vt 0.7485352 0.5771484
vt 0.7485352 0.5771484
vt 0.7485352 0.5771484
vt 0.7485352 0.5771484
vt 0.7485352 0.5771484
vt 0.7485352 0.5771484
vt 0.7485352 0.5776367
vt 0.7485352 0.5776367
vt 0.7485352 0.5771484
vt 0.515625 0.03945923
vt 0.515625 0.03945923
vt 0.515625 0.03945923
vt 0.515625 0.03945923
vt 0.515625 0.03952026
vt 0.515625 0.03945923
vt 0.515625 0.03945923
vt 0.515625 0.03952026
vt 0.515625 0.03952026
vt 0.515625 0.03952026
vt 0.515625 0.03952026
vt 0.515625 0.03952026
vt 0.515625 0.03945923
vt 0.515625 0.03952026
vt 0.515625 0.03952026
vt 0.515625 0.03945923
vt 0.515625 0.03945923
vt 0.515625 0.03952026
vt 0.515625 0.03945923
vt 0.515625 0.03952026
vt 0.8173828 0.5019531
vt 0.8173828 0.5019531
vt 0.8173828 0.5019531
vt 0.8173828 0.5019531
vt 0.8173828 0.5019531
vt 0.8173828 0.5019531
vt 0.8173828 0.5019531
vt 0.8173828 0.5019531
vt 0.8173828 0.5019531
vt 0.8173828 0.5019531
vt 0.8173828 0.5019531
vt 0.8173828 0.5019531
vt 0.8173828 0.5019531
vt 0.8173828 0.5019531
vt 0.8173828 0.5019531
vt 0.8173828 0.5019531
vt 0.8173828 0.5019531
vt 0.8173828 0.5019531
vt 0.8173828 0.5019531
vt 0.8173828 0.5019531
vt 0.7485352 0.5771484
vt 0.7485352 0.5771484
vt 0.7485352 0.5771484
vt 0.7485352 0.5771484
vt 0.7485352 0.5776367
vt 0.7485352 0.5771484
vt 0.7485352 0.5771484
vt 0.7485352 0.5776367
vt 0.7485352 0.5776367
vt 0.7485352 0.5776367
vt 0.7485352 0.5776367
vt 0.7485352 0.5776367
vt 0.7485352 0.5771484
vt 0.7485352 0.5776367
vt 0.7485352 0.5776367
vt 0.7485352 0.5771484
vt 0.7485352 0.5771484
vt 0.7485352 0.5771484
vt 0.7485352 0.5771484
vt 0.7485352 0.5771484
vt 0.7485352 0.5771484
vt 0.7485352 0.5776367
vt 0.7485352 0.5776367
vt 0.7485352 0.5771484
vt 0.515625 0.03945923
vt 0.515625 0.03945923
vt 0.515625 0.03945923
vt 0.515625 0.03945923
vt 0.515625 0.03952026
vt 0.515625 0.03945923
vt 0.515625 0.03945923
vt 0.515625 0.03952026
vt 0.515625 0.03952026
vt 0.515625 0.03952026
vt 0.515625 0.03952026
vt 0.515625 0.03952026
vt 0.515625 0.03945923
vt 0.515625 0.03952026
vt 0.515625 0.03952026
vt 0.515625 0.03945923
vt 0.515625 0.03945923
vt 0.515625 0.03952026
vt 0.515625 0.03945923
vt 0.515625 0.03952026
vt 0.8173828 0.5019531
vt 0.8173828 0.5019531
vt 0.8173828 0.5019531
vt 0.8173828 0.5019531
vt 0.8173828 0.5019531
vt 0.8173828 0.5019531
vt 0.8173828 0.5019531
vt 0.8173828 0.5019531
vt 0.8173828 0.5019531
vt 0.8173828 0.5019531
vt 0.8173828 0.5019531
vt 0.8173828 0.5019531
vt 0.8173828 0.5019531
vt 0.8173828 0.5019531
vt 0.8173828 0.5019531
vt 0.8173828 0.5019531
vt 0.8173828 0.5019531
vt 0.8173828 0.5019531
vt 0.8173828 0.5019531
vt 0.8173828 0.5019531
vt 0.7485352 0.5771484
vt 0.7485352 0.5771484
vt 0.7485352 0.5771484
vt 0.7485352 0.5771484
vt 0.7485352 0.5776367
vt 0.7485352 0.5771484
vt 0.7485352 0.5771484
vt 0.7485352 0.5776367
vt 0.7485352 0.5776367
vt 0.7485352 0.5776367
vt 0.7485352 0.5776367
vt 0.7485352 0.5776367
vt 0.7485352 0.5771484
vt 0.7485352 0.5776367
vt 0.7485352 0.5776367
vt 0.7485352 0.5771484
vt 0.7485352 0.5771484
vt 0.7485352 0.5771484
vt 0.7485352 0.5771484
vt 0.7485352 0.5771484
vt 0.7485352 0.5771484
vt 0.7485352 0.5776367
vt 0.7485352 0.5776367
vt 0.7485352 0.5771484
vt 0.515625 0.03945923
vt 0.515625 0.03945923
vt 0.515625 0.03945923
vt 0.515625 0.03945923
vt 0.515625 0.03952026
vt 0.515625 0.03945923
vt 0.515625 0.03945923
vt 0.515625 0.03952026
vt 0.515625 0.03952026
vt 0.515625 0.03952026
vt 0.515625 0.03952026
vt 0.515625 0.03952026
vt 0.515625 0.03945923
vt 0.515625 0.03952026
vt 0.515625 0.03952026
vt 0.515625 0.03945923
vt 0.515625 0.03945923
vt 0.515625 0.03952026
vt 0.515625 0.03945923
vt 0.515625 0.03952026
vt 0.8173828 0.5019531
vt 0.8173828 0.5019531
vt 0.8173828 0.5019531
vt 0.8173828 0.5019531
vt 0.8173828 0.5019531
vt 0.8173828 0.5019531
vt 0.8173828 0.5019531
vt 0.8173828 0.5019531
vt 0.8173828 0.5019531
vt 0.8173828 0.5019531
vt 0.8173828 0.5019531
vt 0.8173828 0.5019531
vt 0.8173828 0.5019531
vt 0.8173828 0.5019531
vt 0.8173828 0.5019531
vt 0.8173828 0.5019531
vt 0.8173828 0.5019531
vt 0.8173828 0.5019531
vt 0.8173828 0.5019531
vt 0.8173828 0.5019531
vt 0.7485352 0.5771484
vt 0.7485352 0.5771484
vt 0.7485352 0.5771484
vt 0.7485352 0.5771484
vt 0.7485352 0.5776367
vt 0.7485352 0.5771484
vt 0.7485352 0.5771484
vt 0.7485352 0.5776367
vt 0.7485352 0.5776367
vt 0.7485352 0.5776367
vt 0.7485352 0.5776367
vt 0.7485352 0.5776367
vt 0.7485352 0.5771484
vt 0.7485352 0.5776367
vt 0.7485352 0.5776367
vt 0.7485352 0.5771484
vt 0.7485352 0.5771484
vt 0.7485352 0.5771484
vt 0.7485352 0.5771484
vt 0.7485352 0.5771484
vt 0.7485352 0.5771484
vt 0.7485352 0.5776367
vt 0.7485352 0.5776367
vt 0.7485352 0.5771484
vt 0.515625 0.03945923
vt 0.515625 0.03945923
vt 0.515625 0.03945923
vt 0.515625 0.03945923
vt 0.515625 0.03952026
vt 0.515625 0.03945923
vt 0.515625 0.03945923
vt 0.515625 0.03952026
vt 0.515625 0.03952026
vt 0.515625 0.03952026
vt 0.515625 0.03952026
vt 0.515625 0.03952026
vt 0.515625 0.03945923
vt 0.515625 0.03952026
vt 0.515625 0.03952026
vt 0.515625 0.03945923
vt 0.515625 0.03945923
vt 0.515625 0.03952026
vt 0.515625 0.03945923
vt 0.515625 0.03952026
vt 0.5170898 0.02876282
vt 0.5180664 0.04058838
vt 0.5180664 0.02876282
vt 0.5170898 0.04058838
vt 0.5180664 0.02876282
vt 0.5185547 0.04058838
vt 0.5185547 0.02876282
vt 0.5180664 0.04058838
vt 0.5141602 0.02876282
vt 0.5151367 0.04058838
vt 0.5151367 0.02876282
vt 0.5141602 0.04058838
vt 0.5151367 0.02876282
vt 0.515625 0.04058838
vt 0.515625 0.02876282
vt 0.5151367 0.04058838
vt 0.515625 0.02876282
vt 0.5166016 0.04058838
vt 0.5166016 0.02876282
vt 0.515625 0.04058838
vt 0.5166016 0.02876282
vt 0.5170898 0.04058838
vt 0.5170898 0.02876282
vt 0.5166016 0.04058838
vt 0.5180664 0.04058838
vt 0.5185547 0.04058838
vt 0.5185547 0.04058838
vt 0.5180664 0.04058838
vt 0.5170898 0.04058838
vt 0.5170898 0.04058838
vt 0.5166016 0.04058838
vt 0.5166016 0.04058838
vt 0.515625 0.04058838
vt 0.515625 0.04058838
vt 0.5151367 0.04058838
vt 0.5151367 0.04058838
vt 0.5141602 0.04058838
vt 0.5141602 0.04058838
vt 0.8837891 0.4963379
vt 0.8852539 0.4963379
vt 0.8852539 0.4963379
vt 0.8837891 0.4963379
vt 0.8852539 0.4963379
vt 0.887207 0.4963379
vt 0.887207 0.4963379
vt 0.8852539 0.4963379
vt 0.8769531 0.4963379
vt 0.8789063 0.4963379
vt 0.8789063 0.4963379
vt 0.8769531 0.4963379
vt 0.8789063 0.4963379
vt 0.8803711 0.4963379
vt 0.8803711 0.4963379
vt 0.8789063 0.4963379
vt 0.8803711 0.4963379
vt 0.8818359 0.4963379
vt 0.8818359 0.4963379
vt 0.8803711 0.4963379
vt 0.8818359 0.4963379
vt 0.8837891 0.4963379
vt 0.8837891 0.4963379
vt 0.8818359 0.4963379
vt 0.8852539 0.4963379
vt 0.8789063 0.4963379
vt 0.887207 0.4963379
vt 0.8837891 0.4963379
vt 0.8803711 0.4963379
vt 0.8818359 0.4963379
vt 0.5170898 0.02876282
vt 0.5180664 0.04058838
vt 0.5180664 0.02876282
vt 0.5170898 0.04058838
vt 0.5180664 0.02876282
vt 0.5185547 0.04058838
vt 0.5185547 0.02876282
vt 0.5180664 0.04058838
vt 0.5141602 0.02876282
vt 0.5151367 0.04058838
vt 0.5151367 0.02876282
vt 0.5141602 0.04058838
vt 0.5151367 0.02876282
vt 0.515625 0.04058838
vt 0.515625 0.02876282
vt 0.5151367 0.04058838
vt 0.515625 0.02876282
vt 0.5166016 0.04058838
vt 0.5166016 0.02876282
vt 0.515625 0.04058838
vt 0.5166016 0.02876282
vt 0.5170898 0.04058838
vt 0.5170898 0.02876282
vt 0.5166016 0.04058838
vt 0.5180664 0.04058838
vt 0.5185547 0.04058838
vt 0.5185547 0.04058838
vt 0.5180664 0.04058838
vt 0.5170898 0.04058838
vt 0.5170898 0.04058838
vt 0.5166016 0.04058838
vt 0.5166016 0.04058838
vt 0.515625 0.04058838
vt 0.515625 0.04058838
vt 0.5151367 0.04058838
vt 0.5151367 0.04058838
vt 0.5141602 0.04058838
vt 0.5141602 0.04058838
vt 0.8837891 0.4963379
vt 0.8852539 0.4963379
vt 0.8852539 0.4963379
vt 0.8837891 0.4963379
vt 0.8852539 0.4963379
vt 0.887207 0.4963379
vt 0.887207 0.4963379
vt 0.8852539 0.4963379
vt 0.8769531 0.4963379
vt 0.8789063 0.4963379
vt 0.8789063 0.4963379
vt 0.8769531 0.4963379
vt 0.8789063 0.4963379
vt 0.8803711 0.4963379
vt 0.8803711 0.4963379
vt 0.8789063 0.4963379
vt 0.8803711 0.4963379
vt 0.8818359 0.4963379
vt 0.8818359 0.4963379
vt 0.8803711 0.4963379
vt 0.8818359 0.4963379
vt 0.8837891 0.4963379
vt 0.8837891 0.4963379
vt 0.8818359 0.4963379
vt 0.8852539 0.4963379
vt 0.8789063 0.4963379
vt 0.887207 0.4963379
vt 0.8837891 0.4963379
vt 0.8803711 0.4963379
vt 0.8818359 0.4963379
vt 0.5170898 0.02876282
vt 0.5180664 0.04058838
vt 0.5180664 0.02876282
vt 0.5170898 0.04058838
vt 0.5180664 0.02876282
vt 0.5185547 0.04058838
vt 0.5185547 0.02876282
vt 0.5180664 0.04058838
vt 0.5141602 0.02876282
vt 0.5151367 0.04058838
vt 0.5151367 0.02876282
vt 0.5141602 0.04058838
vt 0.5151367 0.02876282
vt 0.515625 0.04058838
vt 0.515625 0.02876282
vt 0.5151367 0.04058838
vt 0.515625 0.02876282
vt 0.5166016 0.04058838
vt 0.5166016 0.02876282
vt 0.515625 0.04058838
vt 0.5166016 0.02876282
vt 0.5170898 0.04058838
vt 0.5170898 0.02876282
vt 0.5166016 0.04058838
vt 0.5180664 0.04058838
vt 0.5185547 0.04058838
vt 0.5185547 0.04058838
vt 0.5180664 0.04058838
vt 0.5170898 0.04058838
vt 0.5170898 0.04058838
vt 0.5166016 0.04058838
vt 0.5166016 0.04058838
vt 0.515625 0.04058838
vt 0.515625 0.04058838
vt 0.5151367 0.04058838
vt 0.5151367 0.04058838
vt 0.5141602 0.04058838
vt 0.5141602 0.04058838
vt 0.8837891 0.4963379
vt 0.8852539 0.4963379
vt 0.8852539 0.4963379
vt 0.8837891 0.4963379
vt 0.8852539 0.4963379
vt 0.887207 0.4963379
vt 0.887207 0.4963379
vt 0.8852539 0.4963379
vt 0.8769531 0.4963379
vt 0.8789063 0.4963379
vt 0.8789063 0.4963379
vt 0.8769531 0.4963379
vt 0.8789063 0.4963379
vt 0.8803711 0.4963379
vt 0.8803711 0.4963379
vt 0.8789063 0.4963379
vt 0.8803711 0.4963379
vt 0.8818359 0.4963379
vt 0.8818359 0.4963379
vt 0.8803711 0.4963379
vt 0.8818359 0.4963379
vt 0.8837891 0.4963379
vt 0.8837891 0.4963379
vt 0.8818359 0.4963379
vt 0.8852539 0.4963379
vt 0.8789063 0.4963379
vt 0.887207 0.4963379
vt 0.8837891 0.4963379
vt 0.8803711 0.4963379
vt 0.8818359 0.4963379
vt 0.5170898 0.02876282
vt 0.5180664 0.04058838
vt 0.5180664 0.02876282
vt 0.5170898 0.04058838
vt 0.5180664 0.02876282
vt 0.5185547 0.04058838
vt 0.5185547 0.02876282
vt 0.5180664 0.04058838
vt 0.5141602 0.02876282
vt 0.5151367 0.04058838
vt 0.5151367 0.02876282
vt 0.5141602 0.04058838
vt 0.5151367 0.02876282
vt 0.515625 0.04058838
vt 0.515625 0.02876282
vt 0.5151367 0.04058838
vt 0.515625 0.02876282
vt 0.5166016 0.04058838
vt 0.5166016 0.02876282
vt 0.515625 0.04058838
vt 0.5166016 0.02876282
vt 0.5170898 0.04058838
vt 0.5170898 0.02876282
vt 0.5166016 0.04058838
vt 0.5180664 0.04058838
vt 0.5185547 0.04058838
vt 0.5185547 0.04058838
vt 0.5180664 0.04058838
vt 0.5170898 0.04058838
vt 0.5170898 0.04058838
vt 0.5166016 0.04058838
vt 0.5166016 0.04058838
vt 0.515625 0.04058838
vt 0.515625 0.04058838
vt 0.5151367 0.04058838
vt 0.5151367 0.04058838
vt 0.5141602 0.04058838
vt 0.5141602 0.04058838
vt 0.5170898 0.04058838
vt 0.5180664 0.04058838
vt 0.5180664 0.04058838
vt 0.5170898 0.04058838
vt 0.5180664 0.04058838
vt 0.5185547 0.04058838
vt 0.5185547 0.04058838
vt 0.5180664 0.04058838
vt 0.5141602 0.04058838
vt 0.5151367 0.04058838
vt 0.5151367 0.04058838
vt 0.5141602 0.04058838
vt 0.5151367 0.04058838
vt 0.515625 0.04058838
vt 0.515625 0.04058838
vt 0.5151367 0.04058838
vt 0.515625 0.04058838
vt 0.5166016 0.04058838
vt 0.5166016 0.04058838
vt 0.515625 0.04058838
vt 0.5166016 0.04058838
vt 0.5170898 0.04058838
vt 0.5170898 0.04058838
vt 0.5166016 0.04058838
vt 0.5170898 0.04058838
vt 0.5180664 0.04058838
vt 0.5180664 0.04058838
vt 0.5170898 0.04058838
vt 0.5180664 0.04058838
vt 0.5185547 0.04058838
vt 0.5185547 0.04058838
vt 0.5180664 0.04058838
vt 0.5141602 0.04058838
vt 0.5151367 0.04058838
vt 0.5151367 0.04058838
vt 0.5141602 0.04058838
vt 0.5151367 0.04058838
vt 0.515625 0.04058838
vt 0.515625 0.04058838
vt 0.5151367 0.04058838
vt 0.515625 0.04058838
vt 0.5166016 0.04058838
vt 0.5166016 0.04058838
vt 0.515625 0.04058838
vt 0.5166016 0.04058838
vt 0.5170898 0.04058838
vt 0.5170898 0.04058838
vt 0.5166016 0.04058838
vt 0.5170898 0.04058838
vt 0.5180664 0.04058838
vt 0.5180664 0.04058838
vt 0.5170898 0.04058838
vt 0.5180664 0.04058838
vt 0.5185547 0.04058838
vt 0.5185547 0.04058838
vt 0.5180664 0.04058838
vt 0.5141602 0.04058838
vt 0.5151367 0.04058838
vt 0.5151367 0.04058838
vt 0.5141602 0.04058838
vt 0.515625 0.04058838
vt 0.5166016 0.04058838
vt 0.5166016 0.04058838
vt 0.515625 0.04058838
vt 0.5166016 0.04058838
vt 0.5170898 0.04058838
vt 0.5170898 0.04058838
vt 0.5166016 0.04058838
vt 0.5170898 0.04058838
vt 0.5180664 0.04058838
vt 0.5180664 0.04058838
vt 0.5170898 0.04058838
vt 0.5180664 0.04058838
vt 0.5185547 0.04058838
vt 0.5185547 0.04058838
vt 0.5180664 0.04058838
vt 0.5141602 0.04058838
vt 0.5151367 0.04058838
vt 0.5151367 0.04058838
vt 0.5141602 0.04058838
vt 0.5151367 0.04058838
vt 0.515625 0.04058838
vt 0.515625 0.04058838
vt 0.5151367 0.04058838
vt 0.515625 0.04058838
vt 0.5166016 0.04058838
vt 0.5166016 0.04058838
vt 0.515625 0.04058838
vt 0.5166016 0.04058838
vt 0.5170898 0.04058838
vt 0.5170898 0.04058838
vt 0.5166016 0.04058838
vt 0.5180664 0.04058838
vt 0.5185547 0.04058838
vt 0.5185547 0.04058838
vt 0.5180664 0.04058838
vt 0.5170898 0.04058838
vt 0.5170898 0.04058838
vt 0.5166016 0.04058838
vt 0.5166016 0.04058838
vt 0.515625 0.04058838
vt 0.515625 0.04058838
vt 0.5151367 0.04058838
vt 0.5151367 0.04058838
vt 0.5141602 0.04058838
vt 0.5141602 0.04058838
vt 0.5170898 0.04058838
vt 0.5180664 0.04058838
vt 0.5180664 0.04058838
vt 0.5170898 0.04058838
vt 0.5180664 0.04058838
vt 0.5185547 0.04058838
vt 0.5185547 0.04058838
vt 0.5180664 0.04058838
vt 0.5141602 0.04058838
vt 0.5151367 0.04058838
vt 0.5151367 0.04058838
vt 0.5141602 0.04058838
vt 0.5151367 0.04058838
vt 0.515625 0.04058838
vt 0.515625 0.04058838
vt 0.5151367 0.04058838
vt 0.515625 0.04058838
vt 0.5166016 0.04058838
vt 0.5166016 0.04058838
vt 0.515625 0.04058838
vt 0.5166016 0.04058838
vt 0.5170898 0.04058838
vt 0.5170898 0.04058838
vt 0.5166016 0.04058838
vt 0.515625 0.04058838
vt 0.5170898 0.04058838
vt 0.5166016 0.04058838
vt 0.5151367 0.04058838
vt 0.5180664 0.04058838
vt 0.5185547 0.04058838
vt 0.7529297 0.5820313
vt 0.7529297 0.5820313
vt 0.7529297 0.5820313
vt 0.7529297 0.5820313
vt 0.7529297 0.5820313
vt 0.7529297 0.5820313
vt 0.7529297 0.5820313
vt 0.7529297 0.5820313
vt 0.7529297 0.5820313
vt 0.7529297 0.5820313
vt 0.7529297 0.5820313
vt 0.7529297 0.5820313
vt 0.7529297 0.5820313
vt 0.7529297 0.5820313
vt 0.7529297 0.5820313
vt 0.7529297 0.5820313
vt 0.7529297 0.5820313
vt 0.7529297 0.5820313
vt 0.7529297 0.5820313
vt 0.7529297 0.5820313
vt 0.7529297 0.5820313
vt 0.7529297 0.5820313
vt 0.7529297 0.5820313
vt 0.7529297 0.5820313
vt 0.7529297 0.5820313
vt 0.7529297 0.5820313
vt 0.7529297 0.5820313
vt 0.7529297 0.5820313
vt 0.7529297 0.5820313
vt 0.7529297 0.5820313
vt 0.7529297 0.5820313
vt 0.7529297 0.5820313
vt 0.7529297 0.5820313
vt 0.7529297 0.5820313
vt 0.7529297 0.5820313
vt 0.7529297 0.5820313
vt 0.7529297 0.5820313
vt 0.7529297 0.5820313
vt 0.7529297 0.5820313
vt 0.7529297 0.5820313
vt 0.7529297 0.5820313
vt 0.7529297 0.5820313
vt 0.7529297 0.5820313
vt 0.7529297 0.5820313
vt 0.7529297 0.5820313
vt 0.7529297 0.5820313
vt 0.7529297 0.5820313
vt 0.7529297 0.5820313
vt 0.7529297 0.5820313
vt 0.7529297 0.5820313
vt 0.7529297 0.5820313
vt 0.7529297 0.5820313
vt 0.7529297 0.5820313
vt 0.7529297 0.5820313
vt 0.7529297 0.5820313
vt 0.7529297 0.5820313
vt 0.5141602 0.03701782
vt 0.5141602 0.03701782
vt 0.5141602 0.03701782
vt 0.5141602 0.03701782
vt 0.1490479 0.887207
vt 0.1491699 0.887207
vt 0.1490479 0.887207
vt 0.1491699 0.887207
vt 0.7529297 0.5820313
vt 0.7529297 0.5820313
vt 0.7529297 0.5820313
vt 0.7529297 0.5820313
vt 0.7529297 0.5820313
vt 0.7529297 0.5820313
vt 0.7529297 0.5820313
vt 0.7529297 0.5820313
vt 0.7529297 0.5820313
vt 0.7529297 0.5820313
vt 0.7529297 0.5820313
vt 0.7529297 0.5820313
vt 0.7529297 0.5820313
vt 0.7529297 0.5820313
vt 0.7529297 0.5820313
vt 0.7529297 0.5820313
vt 0.7529297 0.5820313
vt 0.7529297 0.5820313
vt 0.7529297 0.5820313
vt 0.7529297 0.5820313
vt 0.7529297 0.5820313
vt 0.7529297 0.5820313
vt 0.7529297 0.5820313
vt 0.7529297 0.5820313
vt 0.7529297 0.5820313
vt 0.7529297 0.5820313
vt 0.7529297 0.5820313
vt 0.7529297 0.5820313
vt 0.7529297 0.5820313
vt 0.7529297 0.5820313
vt 0.7529297 0.5820313
vt 0.7529297 0.5820313
vt 0.7529297 0.5820313
vt 0.7529297 0.5820313
vt 0.7529297 0.5820313
vt 0.7529297 0.5820313
vt 0.7529297 0.5820313
vt 0.7529297 0.5820313
vt 0.7529297 0.5820313
vt 0.7529297 0.5820313
vt 0.7529297 0.5820313
vt 0.7529297 0.5820313
vt 0.7529297 0.5820313
vt 0.7529297 0.5820313
vt 0.7529297 0.5820313
vt 0.7529297 0.5820313
vt 0.7529297 0.5820313
vt 0.7529297 0.5820313
vt 0.7529297 0.5820313
vt 0.7529297 0.5820313
vt 0.7529297 0.5820313
vt 0.7529297 0.5820313
vt 0.7529297 0.5820313
vt 0.7529297 0.5820313
vt 0.7529297 0.5820313
vt 0.7529297 0.5820313
vt 0.5141602 0.03701782
vt 0.5141602 0.03701782
vt 0.5141602 0.03701782
vt 0.5141602 0.03701782
vt 0.1490479 0.887207
vt 0.1491699 0.887207
vt 0.1490479 0.887207
vt 0.1491699 0.887207
vt 0.7548828 0.5019531
vt 0.7539063 0.5019531
vt 0.7539063 0.5019531
vt 0.7548828 0.5019531
vt 0.7548828 0.5019531
vt 0.753418 0.5019531
vt 0.7548828 0.5019531
vt 0.7548828 0.5019531
vt 0.7548828 0.5019531
vt 0.7548828 0.5019531
vt 0.7539063 0.5019531
vt 0.7539063 0.5019531
vt 0.7539063 0.5019531
vt 0.7539063 0.5019531
vt 0.753418 0.5019531
vt 0.753418 0.5019531
vt 0.753418 0.5019531
vt 0.7548828 0.5019531
vt 0.7548828 0.5019531
vt 0.753418 0.5019531
vt 0.7548828 0.5019531
vt 0.7548828 0.5019531
vt 0.7548828 0.5019531
vt 0.7548828 0.5019531
vt 0.815918 0.5761719
vt 0.8164063 0.5761719
vt 0.8164063 0.5761719
vt 0.815918 0.5761719
vt 0.8164063 0.5761719
vt 0.8164063 0.5761719
vt 0.8164063 0.5761719
vt 0.8164063 0.5761719
vt 0.815918 0.5761719
vt 0.815918 0.5761719
vt 0.815918 0.5761719
vt 0.815918 0.5761719
vt 0.8164063 0.5761719
vt 0.815918 0.5761719
vt 0.815918 0.5761719
vt 0.8164063 0.5761719
vt 0.815918 0.5761719
vt 0.8164063 0.5761719
vt 0.8164063 0.5761719
vt 0.815918 0.5761719
vt 0.8164063 0.5761719
vt 0.8164063 0.5761719
vt 0.8164063 0.5761719
vt 0.8164063 0.5761719
vt 0.815918 0.5761719
vt 0.815918 0.5761719
vt 0.815918 0.5761719
vt 0.815918 0.5761719
vt 0.8164063 0.5761719
vt 0.815918 0.5761719
vt 0.815918 0.5761719
vt 0.8164063 0.5761719
vt 0.815918 0.5761719
vt 0.8164063 0.5761719
vt 0.8164063 0.5761719
vt 0.815918 0.5761719
vt 0.8164063 0.5761719
vt 0.8164063 0.5761719
vt 0.8164063 0.5761719
vt 0.8164063 0.5761719
vt 0.815918 0.5761719
vt 0.815918 0.5761719
vt 0.815918 0.5761719
vt 0.815918 0.5761719
vt 0.8164063 0.5761719
vt 0.815918 0.5761719
vt 0.815918 0.5761719
vt 0.8164063 0.5761719
vt 0.7539063 0.5019531
vt 0.7548828 0.5019531
vt 0.7539063 0.5019531
vt 0.7548828 0.5019531
vt 0.7548828 0.5019531
vt 0.753418 0.5019531
vt 0.7548828 0.5019531
vt 0.7548828 0.5019531
vt 0.7548828 0.5019531
vt 0.7548828 0.5019531
vt 0.7539063 0.5019531
vt 0.7539063 0.5019531
vt 0.7539063 0.5019531
vt 0.7539063 0.5019531
vt 0.753418 0.5019531
vt 0.753418 0.5019531
vt 0.753418 0.5019531
vt 0.7548828 0.5019531
vt 0.753418 0.5019531
vt 0.7548828 0.5019531
vt 0.7548828 0.5019531
vt 0.7548828 0.5019531
vt 0.7548828 0.5019531
vt 0.7548828 0.5019531
vt 0.815918 0.5761719
vt 0.8164063 0.5761719
vt 0.815918 0.5761719
vt 0.8164063 0.5761719
vt 0.8164063 0.5761719
vt 0.8164063 0.5761719
vt 0.8164063 0.5761719
vt 0.8164063 0.5761719
vt 0.815918 0.5761719
vt 0.815918 0.5761719
vt 0.815918 0.5761719
vt 0.815918 0.5761719
vt 0.8164063 0.5761719
vt 0.815918 0.5761719
vt 0.8164063 0.5761719
vt 0.815918 0.5761719
vt 0.815918 0.5761719
vt 0.8164063 0.5761719
vt 0.815918 0.5761719
vt 0.8164063 0.5761719
vt 0.8164063 0.5761719
vt 0.8164063 0.5761719
vt 0.8164063 0.5761719
vt 0.8164063 0.5761719
vt 0.815918 0.5761719
vt 0.815918 0.5761719
vt 0.815918 0.5761719
vt 0.815918 0.5761719
vt 0.8164063 0.5761719
vt 0.815918 0.5761719
vt 0.8164063 0.5761719
vt 0.815918 0.5761719
vt 0.815918 0.5761719
vt 0.8164063 0.5761719
vt 0.815918 0.5761719
vt 0.8164063 0.5761719
vt 0.8164063 0.5761719
vt 0.8164063 0.5761719
vt 0.8164063 0.5761719
vt 0.8164063 0.5761719
vt 0.815918 0.5761719
vt 0.815918 0.5761719
vt 0.815918 0.5761719
vt 0.815918 0.5761719
vt 0.8164063 0.5761719
vt 0.815918 0.5761719
vt 0.8164063 0.5761719
vt 0.815918 0.5761719
vt 0.8505859 0.5019531
vt 0.8505859 0.5019531
vt 0.8505859 0.5019531
vt 0.8505859 0.5019531
vt 0.8505859 0.5019531
vt 0.8505859 0.5019531
vt 0.8505859 0.5019531
vt 0.8505859 0.5019531
vt 0.7529297 0.5820313
vt 0.7529297 0.5820313
vt 0.7529297 0.5820313
vt 0.7529297 0.5820313
vt 0.7529297 0.5820313
vt 0.7529297 0.5820313
vt 0.7529297 0.5820313
vt 0.7529297 0.5820313
vt 0.7529297 0.5820313
vt 0.7529297 0.5820313
vt 0.7529297 0.5820313
vt 0.7529297 0.5820313
vt 0.7529297 0.5820313
vt 0.7529297 0.5820313
vt 0.7529297 0.5820313
vt 0.7529297 0.5820313

g Main_Building_01_(1)_1156_2
usemtl Main_Building_01_(1)_1156_2
usemap Main_Building_01_(1)_1156_2
f 1/1/1 3/3/3 2/2/2
f 4/4/4 6/6/6 5/5/5
f 7/7/7 9/9/9 8/8/8
f 10/10/10 12/12/12 11/11/11
f 13/13/13 15/15/15 14/14/14
f 16/16/16 18/18/18 17/17/17
f 19/19/19 21/21/21 20/20/20
f 22/22/22 24/24/24 23/23/23
f 25/25/25 27/27/27 26/26/26
f 28/28/28 30/30/30 29/29/29
f 31/31/31 33/33/33 32/32/32
f 34/34/34 36/36/36 35/35/35
f 37/37/37 39/39/39 38/38/38
f 40/40/40 42/42/42 41/41/41
f 43/43/43 45/45/45 44/44/44
f 46/46/46 48/48/48 47/47/47
f 49/49/49 51/51/51 50/50/50
f 52/52/52 54/54/54 53/53/53
f 55/55/55 57/57/57 56/56/56
f 58/58/58 60/60/60 59/59/59
f 61/61/61 63/63/63 62/62/62
f 64/64/64 66/66/66 65/65/65
f 67/67/67 69/69/69 68/68/68
f 70/70/70 72/72/72 71/71/71
f 73/73/73 75/75/75 74/74/74
f 76/76/76 78/78/78 77/77/77
f 79/79/79 81/81/81 80/80/80
f 82/82/82 84/84/84 83/83/83
f 85/85/85 87/87/87 86/86/86
f 88/88/88 90/90/90 89/89/89
f 91/91/91 93/93/93 92/92/92
f 94/94/94 96/96/96 95/95/95
f 97/97/97 99/99/99 98/98/98
f 100/100/100 102/102/102 101/101/101
f 103/103/103 105/105/105 104/104/104
f 106/106/106 108/108/108 107/107/107
f 109/109/109 111/111/111 110/110/110
f 112/112/112 114/114/114 113/113/113
f 115/115/115 117/117/117 116/116/116
f 118/118/118 120/120/120 119/119/119
f 121/121/121 123/123/123 122/122/122
f 124/124/124 126/126/126 125/125/125
f 127/127/127 129/129/129 128/128/128
f 130/130/130 132/132/132 131/131/131
f 133/133/133 135/135/135 134/134/134
f 136/136/136 138/138/138 137/137/137
f 139/139/139 141/141/141 140/140/140
f 142/142/142 144/144/144 143/143/143
f 145/145/145 147/147/147 146/146/146
f 148/148/148 150/150/150 149/149/149
f 151/151/151 153/153/153 152/152/152
f 154/154/154 156/156/156 155/155/155
f 157/157/157 159/159/159 158/158/158
f 160/160/160 162/162/162 161/161/161
f 163/163/163 165/165/165 164/164/164
f 166/166/166 168/168/168 167/167/167
f 169/169/169 171/171/171 170/170/170
f 172/172/172 174/174/174 173/173/173
f 175/175/175 177/177/177 176/176/176
f 178/178/178 180/180/180 179/179/179
f 181/181/181 183/183/183 182/182/182
f 184/184/184 186/186/186 185/185/185
f 187/187/187 189/189/189 188/188/188
f 190/190/190 192/192/192 191/191/191
f 193/193/193 195/195/195 194/194/194
f 196/196/196 198/198/198 197/197/197
f 199/199/199 201/201/201 200/200/200
f 202/202/202 204/204/204 203/203/203
f 205/205/205 207/207/207 206/206/206
f 208/208/208 210/210/210 209/209/209
f 211/211/211 213/213/213 212/212/212
f 214/214/214 216/216/216 215/215/215
f 217/217/217 219/219/219 218/218/218
f 220/220/220 222/222/222 221/221/221
f 223/223/223 225/225/225 224/224/224
f 226/226/226 228/228/228 227/227/227
f 229/229/229 231/231/231 230/230/230
f 232/232/232 234/234/234 233/233/233
f 235/235/235 237/237/237 236/236/236
f 238/238/238 240/240/240 239/239/239
f 241/241/241 243/243/243 242/242/242
f 244/244/244 246/246/246 245/245/245
f 247/247/247 249/249/249 248/248/248
f 250/250/250 252/252/252 251/251/251
f 253/253/253 255/255/255 254/254/254
f 256/256/256 258/258/258 257/257/257
f 259/259/259 261/261/261 260/260/260
f 262/262/262 264/264/264 263/263/263
f 265/265/265 267/267/267 266/266/266
f 268/268/268 270/270/270 269/269/269
f 271/271/271 273/273/273 272/272/272
f 274/274/274 276/276/276 275/275/275
f 277/277/277 279/279/279 278/278/278
f 280/280/280 282/282/282 281/281/281
f 283/283/283 285/285/285 284/284/284
f 286/286/286 288/288/288 287/287/287
f 289/289/289 291/291/291 290/290/290
f 292/292/292 294/294/294 293/293/293
f 295/295/295 297/297/297 296/296/296
f 298/298/298 300/300/300 299/299/299
f 301/301/301 303/303/303 302/302/302
f 304/304/304 306/306/306 305/305/305
f 307/307/307 309/309/309 308/308/308
f 310/310/310 312/312/312 311/311/311
f 313/313/313 315/315/315 314/314/314
f 316/316/316 318/318/318 317/317/317
f 319/319/319 321/321/321 320/320/320
f 322/322/322 324/324/324 323/323/323
f 325/325/325 327/327/327 326/326/326
f 328/328/328 330/330/330 329/329/329
f 331/331/331 333/333/333 332/332/332
f 334/334/334 336/336/336 335/335/335
f 337/337/337 339/339/339 338/338/338
f 340/340/340 342/342/342 341/341/341
f 343/343/343 345/345/345 344/344/344
f 346/346/346 348/348/348 347/347/347
f 349/349/349 351/351/351 350/350/350
f 352/352/352 354/354/354 353/353/353
f 355/355/355 357/357/357 356/356/356
f 358/358/358 360/360/360 359/359/359
f 361/361/361 363/363/363 362/362/362
f 364/364/364 366/366/366 365/365/365
f 367/367/367 369/369/369 368/368/368
f 370/370/370 372/372/372 371/371/371
f 373/373/373 375/375/375 374/374/374
f 376/376/376 378/378/378 377/377/377
f 379/379/379 381/381/381 380/380/380
f 382/382/382 384/384/384 383/383/383
f 385/385/385 387/387/387 386/386/386
f 388/388/388 390/390/390 389/389/389
f 391/391/391 393/393/393 392/392/392
f 394/394/394 396/396/396 395/395/395
f 397/397/397 399/399/399 398/398/398
f 400/400/400 402/402/402 401/401/401
f 403/403/403 405/405/405 404/404/404
f 406/406/406 408/408/408 407/407/407
f 409/409/409 411/411/411 410/410/410
f 412/412/412 414/414/414 413/413/413
f 415/415/415 417/417/417 416/416/416
f 418/418/418 420/420/420 419/419/419
f 421/421/421 423/423/423 422/422/422
f 424/424/424 426/426/426 425/425/425
f 427/427/427 429/429/429 428/428/428
f 430/430/430 432/432/432 431/431/431
f 433/433/433 435/435/435 434/434/434
f 436/436/436 438/438/438 437/437/437
f 439/439/439 441/441/441 440/440/440
f 442/442/442 444/444/444 443/443/443
f 445/445/445 447/447/447 446/446/446
f 448/448/448 450/450/450 449/449/449
f 451/451/451 453/453/453 452/452/452
f 454/454/454 456/456/456 455/455/455
f 457/457/457 459/459/459 458/458/458
f 460/460/460 462/462/462 461/461/461
f 463/463/463 465/465/465 464/464/464
f 466/466/466 468/468/468 467/467/467
f 467/467/467 469/469/469 466/466/466
f 470/470/470 472/472/472 471/471/471
f 471/471/471 473/473/473 470/470/470
f 474/474/474 476/476/476 475/475/475
f 475/475/475 477/477/477 474/474/474
f 478/478/478 480/480/480 479/479/479
f 479/479/479 481/481/481 478/478/478
f 481/481/481 479/479/479 482/482/482
f 482/482/482 483/483/483 481/481/481
f 484/484/484 486/486/486 485/485/485
f 485/485/485 487/487/487 484/484/484
f 488/488/488 489/489/489 487/487/487
f 487/487/487 490/490/490 488/488/488
f 487/487/487 491/491/491 490/490/490
f 487/487/487 492/492/492 491/491/491
f 485/485/485 491/491/491 492/492/492
f 493/493/493 491/491/491 485/485/485
f 493/493/493 485/485/485 494/494/494
f 494/494/494 495/495/495 493/493/493
f 496/496/496 498/498/498 497/497/497
f 497/497/497 499/499/499 496/496/496
f 499/499/499 497/497/497 500/500/500
f 500/500/500 501/501/501 499/499/499
f 502/502/502 504/504/504 503/503/503
f 503/503/503 505/505/505 502/502/502
f 506/506/506 502/502/502 505/505/505
f 505/505/505 507/507/507 506/506/506
f 508/508/508 506/506/506 507/507/507
f 507/507/507 509/509/509 508/508/508
f 510/510/510 512/512/512 511/511/511
f 511/511/511 513/513/513 510/510/510
f 514/514/514 516/516/516 515/515/515
f 515/515/515 517/517/517 514/514/514
f 518/518/518 520/520/520 519/519/519
f 519/519/519 521/521/521 518/518/518
f 522/522/522 524/524/524 523/523/523
f 523/523/523 525/525/525 522/522/522
f 526/526/526 528/528/528 527/527/527
f 527/527/527 529/529/529 526/526/526
f 530/530/530 532/532/532 531/531/531
f 531/531/531 533/533/533 530/530/530
f 534/534/534 536/536/536 535/535/535
f 535/535/535 537/537/537 534/534/534
f 538/538/538 540/540/540 539/539/539
f 539/539/539 541/541/541 538/538/538
f 542/542/542 544/544/544 543/543/543
f 543/543/543 545/545/545 542/542/542
f 546/546/546 548/548/548 547/547/547
f 547/547/547 549/549/549 546/546/546
f 550/550/550 552/552/552 551/551/551
f 551/551/551 553/553/553 550/550/550
f 554/554/554 556/556/556 555/555/555
f 555/555/555 557/557/557 554/554/554
f 558/558/558 554/554/554 557/557/557
f 557/557/557 559/559/559 558/558/558
f 560/560/560 558/558/558 559/559/559
f 559/559/559 561/561/561 560/560/560
f 562/562/562 560/560/560 561/561/561
f 561/561/561 563/563/563 562/562/562
f 564/564/564 562/562/562 563/563/563
f 563/563/563 565/565/565 564/564/564
f 566/566/566 564/564/564 565/565/565
f 565/565/565 567/567/567 566/566/566
f 568/568/568 570/570/570 569/569/569
f 569/569/569 571/571/571 568/568/568
f 572/572/572 574/574/574 573/573/573
f 573/573/573 575/575/575 572/572/572
f 576/576/576 578/578/578 577/577/577
f 577/577/577 579/579/579 576/576/576
f 580/580/580 582/582/582 581/581/581
f 581/581/581 583/583/583 580/580/580
f 584/584/584 586/586/586 585/585/585
f 585/585/585 587/587/587 584/584/584
f 588/588/588 590/590/590 589/589/589
f 589/589/589 591/591/591 588/588/588
f 592/592/592 594/594/594 593/593/593
f 593/593/593 595/595/595 592/592/592
f 596/596/596 598/598/598 597/597/597
f 597/597/597 599/599/599 596/596/596
f 600/600/600 602/602/602 601/601/601
f 601/601/601 603/603/603 600/600/600
f 604/604/604 606/606/606 605/605/605
f 605/605/605 607/607/607 604/604/604
f 608/608/608 610/610/610 609/609/609
f 609/609/609 611/611/611 608/608/608
f 612/612/612 614/614/614 613/613/613
f 613/613/613 615/615/615 612/612/612
f 612/612/612 615/615/615 616/616/616
f 616/616/616 617/617/617 612/612/612
f 618/618/618 620/620/620 619/619/619
f 619/619/619 621/621/621 618/618/618
f 622/622/622 624/624/624 623/623/623
f 623/623/623 625/625/625 622/622/622
f 626/626/626 628/628/628 627/627/627
f 627/627/627 629/629/629 626/626/626
f 630/630/630 632/632/632 631/631/631
f 631/631/631 633/633/633 630/630/630
f 634/634/634 636/636/636 635/635/635
f 635/635/635 637/637/637 634/634/634
f 638/638/638 640/640/640 639/639/639
f 639/639/639 641/641/641 638/638/638
f 642/642/642 644/644/644 643/643/643
f 643/643/643 645/645/645 642/642/642
f 646/646/646 648/648/648 647/647/647
f 647/647/647 649/649/649 646/646/646
f 649/649/649 647/647/647 650/650/650
f 650/650/650 651/651/651 649/649/649
f 652/652/652 654/654/654 653/653/653
f 653/653/653 655/655/655 652/652/652
f 656/656/656 658/658/658 657/657/657
f 657/657/657 659/659/659 656/656/656
f 659/659/659 657/657/657 660/660/660
f 660/660/660 661/661/661 659/659/659
f 662/662/662 664/664/664 663/663/663
f 663/663/663 665/665/665 662/662/662
f 666/666/666 668/668/668 667/667/667
f 667/667/667 669/669/669 666/666/666
f 670/670/670 672/672/672 671/671/671
f 671/671/671 673/673/673 670/670/670
f 674/674/674 676/676/676 675/675/675
f 675/675/675 677/677/677 674/674/674
f 678/678/678 680/680/680 679/679/679
f 679/679/679 681/681/681 678/678/678
f 682/682/682 684/684/684 683/683/683
f 683/683/683 685/685/685 682/682/682
f 686/686/686 688/688/688 687/687/687
f 687/687/687 689/689/689 686/686/686
f 690/690/690 692/692/692 691/691/691
f 691/691/691 693/693/693 690/690/690
f 694/694/694 696/696/696 695/695/695
f 695/695/695 697/697/697 694/694/694
f 698/698/698 700/700/700 699/699/699
f 699/699/699 701/701/701 698/698/698
f 702/702/702 704/704/704 703/703/703
f 703/703/703 705/705/705 702/702/702
f 706/706/706 708/708/708 707/707/707
f 707/707/707 709/709/709 706/706/706
f 710/710/710 712/712/712 711/711/711
f 711/711/711 713/713/713 710/710/710
f 714/714/714 716/716/716 715/715/715
f 715/715/715 717/717/717 714/714/714
f 718/718/718 720/720/720 719/719/719
f 719/719/719 721/721/721 718/718/718
f 722/722/722 724/724/724 723/723/723
f 723/723/723 725/725/725 722/722/722
f 726/726/726 728/728/728 727/727/727
f 727/727/727 729/729/729 726/726/726
f 730/730/730 732/732/732 731/731/731
f 731/731/731 733/733/733 730/730/730
f 734/734/734 736/736/736 735/735/735
f 735/735/735 737/737/737 734/734/734
f 738/738/738 740/740/740 739/739/739
f 739/739/739 741/741/741 738/738/738
f 742/742/742 744/744/744 743/743/743
f 743/743/743 745/745/745 742/742/742
f 746/746/746 748/748/748 747/747/747
f 747/747/747 749/749/749 746/746/746
f 750/750/750 752/752/752 751/751/751
f 751/751/751 753/753/753 750/750/750
f 754/754/754 756/756/756 755/755/755
f 755/755/755 757/757/757 754/754/754
f 758/758/758 760/760/760 759/759/759
f 759/759/759 761/761/761 758/758/758
f 762/762/762 764/764/764 763/763/763
f 763/763/763 765/765/765 762/762/762
f 766/766/766 768/768/768 767/767/767
f 767/767/767 769/769/769 766/766/766
f 770/770/770 772/772/772 771/771/771
f 771/771/771 773/773/773 770/770/770
f 774/774/774 776/776/776 775/775/775
f 775/775/775 777/777/777 774/774/774
f 778/778/778 780/780/780 779/779/779
f 779/779/779 781/781/781 778/778/778
f 782/782/782 784/784/784 783/783/783
f 783/783/783 785/785/785 782/782/782
f 786/786/786 788/788/788 787/787/787
f 787/787/787 789/789/789 786/786/786
f 790/790/790 792/792/792 791/791/791
f 791/791/791 793/793/793 790/790/790
f 794/794/794 796/796/796 795/795/795
f 795/795/795 797/797/797 794/794/794
f 798/798/798 800/800/800 799/799/799
f 799/799/799 801/801/801 798/798/798
f 802/802/802 804/804/804 803/803/803
f 803/803/803 805/805/805 802/802/802
f 806/806/806 808/808/808 807/807/807
f 807/807/807 809/809/809 806/806/806
f 810/810/810 812/812/812 811/811/811
f 811/811/811 813/813/813 810/810/810
f 814/814/814 816/816/816 815/815/815
f 815/815/815 817/817/817 814/814/814
f 818/818/818 820/820/820 819/819/819
f 819/819/819 821/821/821 818/818/818
f 822/822/822 824/824/824 823/823/823
f 823/823/823 825/825/825 822/822/822
f 826/826/826 828/828/828 827/827/827
f 827/827/827 829/829/829 826/826/826
f 830/830/830 832/832/832 831/831/831
f 831/831/831 833/833/833 830/830/830
f 834/834/834 836/836/836 835/835/835
f 835/835/835 837/837/837 834/834/834
f 838/838/838 840/840/840 839/839/839
f 839/839/839 841/841/841 838/838/838
f 842/842/842 844/844/844 843/843/843
f 843/843/843 845/845/845 842/842/842
f 846/846/846 848/848/848 847/847/847
f 847/847/847 849/849/849 846/846/846
f 850/850/850 852/852/852 851/851/851
f 851/851/851 853/853/853 850/850/850
f 854/854/854 856/856/856 855/855/855
f 855/855/855 857/857/857 854/854/854
f 858/858/858 860/860/860 859/859/859
f 859/859/859 861/861/861 858/858/858
f 862/862/862 864/864/864 863/863/863
f 863/863/863 865/865/865 862/862/862
f 866/866/866 868/868/868 867/867/867
f 867/867/867 869/869/869 866/866/866
f 870/870/870 872/872/872 871/871/871
f 871/871/871 873/873/873 870/870/870
f 874/874/874 876/876/876 875/875/875
f 875/875/875 877/877/877 874/874/874
f 878/878/878 880/880/880 879/879/879
f 879/879/879 881/881/881 878/878/878
f 882/882/882 884/884/884 883/883/883
f 883/883/883 885/885/885 882/882/882
f 886/886/886 888/888/888 887/887/887
f 887/887/887 889/889/889 886/886/886
f 890/890/890 892/892/892 891/891/891
f 891/891/891 893/893/893 890/890/890
f 894/894/894 896/896/896 895/895/895
f 895/895/895 897/897/897 894/894/894
f 898/898/898 900/900/900 899/899/899
f 899/899/899 901/901/901 898/898/898
f 902/902/902 904/904/904 903/903/903
f 903/903/903 905/905/905 902/902/902
f 906/906/906 908/908/908 907/907/907
f 907/907/907 909/909/909 906/906/906
f 910/910/910 912/912/912 911/911/911
f 911/911/911 913/913/913 910/910/910
f 914/914/914 916/916/916 915/915/915
f 915/915/915 917/917/917 914/914/914
f 918/918/918 920/920/920 919/919/919
f 919/919/919 921/921/921 918/918/918
f 922/922/922 924/924/924 923/923/923
f 923/923/923 925/925/925 922/922/922
f 926/926/926 922/922/922 925/925/925
f 925/925/925 927/927/927 926/926/926
f 928/928/928 926/926/926 927/927/927
f 927/927/927 929/929/929 928/928/928
f 930/930/930 932/932/932 931/931/931
f 931/931/931 933/933/933 930/930/930
f 934/934/934 936/936/936 935/935/935
f 935/935/935 937/937/937 934/934/934
f 938/938/938 940/940/940 939/939/939
f 939/939/939 941/941/941 938/938/938
f 942/942/942 944/944/944 943/943/943
f 943/943/943 945/945/945 942/942/942
f 946/946/946 942/942/942 945/945/945
f 945/945/945 947/947/947 946/946/946
f 948/948/948 946/946/946 947/947/947
f 947/947/947 949/949/949 948/948/948
f 950/950/950 952/952/952 951/951/951
f 951/951/951 953/953/953 950/950/950
f 954/954/954 956/956/956 955/955/955
f 955/955/955 957/957/957 954/954/954
f 958/958/958 960/960/960 959/959/959
f 959/959/959 961/961/961 958/958/958
f 962/962/962 964/964/964 963/963/963
f 963/963/963 965/965/965 962/962/962
f 966/966/966 968/968/968 967/967/967
f 967/967/967 969/969/969 966/966/966
f 970/970/970 972/972/972 971/971/971
f 971/971/971 973/973/973 970/970/970
f 974/974/974 976/976/976 975/975/975
f 975/975/975 977/977/977 974/974/974
f 978/978/978 980/980/980 979/979/979
f 979/979/979 981/981/981 978/978/978
f 982/982/982 984/984/984 983/983/983
f 983/983/983 985/985/985 982/982/982
f 986/986/986 988/988/988 987/987/987
f 987/987/987 989/989/989 986/986/986
f 990/990/990 992/992/992 991/991/991
f 991/991/991 993/993/993 990/990/990
f 994/994/994 996/996/996 995/995/995
f 995/995/995 997/997/997 994/994/994
f 998/998/998 1000/1000/1000 999/999/999
f 999/999/999 1001/1001/1001 998/998/998
f 1002/1002/1002 1004/1004/1004 1003/1003/1003
f 1003/1003/1003 1005/1005/1005 1002/1002/1002
f 1006/1006/1006 1008/1008/1008 1007/1007/1007
f 1007/1007/1007 1009/1009/1009 1006/1006/1006
f 1010/1010/1010 1012/1012/1012 1011/1011/1011
f 1011/1011/1011 1013/1013/1013 1010/1010/1010
f 1014/1014/1014 1016/1016/1016 1015/1015/1015
f 1015/1015/1015 1017/1017/1017 1014/1014/1014
f 1018/1018/1018 1020/1020/1020 1019/1019/1019
f 1019/1019/1019 1021/1021/1021 1018/1018/1018
f 1021/1021/1021 1019/1019/1019 1022/1022/1022
f 1022/1022/1022 1023/1023/1023 1021/1021/1021
f 1023/1023/1023 1022/1022/1022 1024/1024/1024
f 1024/1024/1024 1025/1025/1025 1023/1023/1023
f 1026/1026/1026 1028/1028/1028 1027/1027/1027
f 1027/1027/1027 1029/1029/1029 1026/1026/1026
f 1030/1030/1030 1032/1032/1032 1031/1031/1031
f 1031/1031/1031 1033/1033/1033 1030/1030/1030
f 1034/1034/1034 1036/1036/1036 1035/1035/1035
f 1035/1035/1035 1037/1037/1037 1034/1034/1034
f 1038/1038/1038 1040/1040/1040 1039/1039/1039
f 1039/1039/1039 1041/1041/1041 1038/1038/1038
f 1041/1041/1041 1039/1039/1039 1042/1042/1042
f 1042/1042/1042 1043/1043/1043 1041/1041/1041
f 1043/1043/1043 1042/1042/1042 1044/1044/1044
f 1044/1044/1044 1045/1045/1045 1043/1043/1043
f 1046/1046/1046 1048/1048/1048 1047/1047/1047
f 1047/1047/1047 1049/1049/1049 1046/1046/1046
f 1050/1050/1050 1052/1052/1052 1051/1051/1051
f 1051/1051/1051 1053/1053/1053 1050/1050/1050
f 1054/1054/1054 1056/1056/1056 1055/1055/1055
f 1055/1055/1055 1057/1057/1057 1054/1054/1054
f 1058/1058/1058 1060/1060/1060 1059/1059/1059
f 1059/1059/1059 1061/1061/1061 1058/1058/1058
f 1062/1062/1062 1064/1064/1064 1063/1063/1063
f 1063/1063/1063 1065/1065/1065 1062/1062/1062
f 1066/1066/1066 1068/1068/1068 1067/1067/1067
f 1067/1067/1067 1069/1069/1069 1066/1066/1066
f 1070/1070/1070 1072/1072/1072 1071/1071/1071
f 1071/1071/1071 1073/1073/1073 1070/1070/1070
f 1074/1074/1074 1076/1076/1076 1075/1075/1075
f 1075/1075/1075 1077/1077/1077 1074/1074/1074
f 1078/1078/1078 1080/1080/1080 1079/1079/1079
f 1079/1079/1079 1081/1081/1081 1078/1078/1078
f 1082/1082/1082 1084/1084/1084 1083/1083/1083
f 1083/1083/1083 1085/1085/1085 1082/1082/1082
f 1086/1086/1086 1088/1088/1088 1087/1087/1087
f 1087/1087/1087 1089/1089/1089 1086/1086/1086
f 1090/1090/1090 1092/1092/1092 1091/1091/1091
f 1091/1091/1091 1093/1093/1093 1090/1090/1090
f 1094/1094/1094 1096/1096/1096 1095/1095/1095
f 1095/1095/1095 1097/1097/1097 1094/1094/1094
f 1098/1098/1098 1100/1100/1100 1099/1099/1099
f 1099/1099/1099 1101/1101/1101 1098/1098/1098
f 1102/1102/1102 1104/1104/1104 1103/1103/1103
f 1103/1103/1103 1105/1105/1105 1102/1102/1102
f 1106/1106/1106 1108/1108/1108 1107/1107/1107
f 1107/1107/1107 1109/1109/1109 1106/1106/1106
f 1110/1110/1110 1112/1112/1112 1111/1111/1111
f 1111/1111/1111 1113/1113/1113 1110/1110/1110
f 1114/1114/1114 1116/1116/1116 1115/1115/1115
f 1115/1115/1115 1117/1117/1117 1114/1114/1114
f 1118/1118/1118 1120/1120/1120 1119/1119/1119
f 1119/1119/1119 1121/1121/1121 1118/1118/1118
f 1122/1122/1122 1124/1124/1124 1123/1123/1123
f 1123/1123/1123 1125/1125/1125 1122/1122/1122
f 1126/1126/1126 1128/1128/1128 1127/1127/1127
f 1127/1127/1127 1129/1129/1129 1126/1126/1126
f 1130/1130/1130 1132/1132/1132 1131/1131/1131
f 1131/1131/1131 1133/1133/1133 1130/1130/1130
f 1134/1134/1134 1136/1136/1136 1135/1135/1135
f 1135/1135/1135 1137/1137/1137 1134/1134/1134
f 1138/1138/1138 1140/1140/1140 1139/1139/1139
f 1139/1139/1139 1141/1141/1141 1138/1138/1138
f 1142/1142/1142 1144/1144/1144 1143/1143/1143
f 1143/1143/1143 1145/1145/1145 1142/1142/1142
f 1146/1146/1146 1148/1148/1148 1147/1147/1147
f 1147/1147/1147 1149/1149/1149 1146/1146/1146
f 1150/1150/1150 1152/1152/1152 1151/1151/1151
f 1151/1151/1151 1153/1153/1153 1150/1150/1150
f 1154/1154/1154 1156/1156/1156 1155/1155/1155
f 1155/1155/1155 1157/1157/1157 1154/1154/1154
f 1158/1158/1158 1160/1160/1160 1159/1159/1159
f 1159/1159/1159 1161/1161/1161 1158/1158/1158
f 1162/1162/1162 1164/1164/1164 1163/1163/1163
f 1163/1163/1163 1165/1165/1165 1162/1162/1162
f 1166/1166/1166 1168/1168/1168 1167/1167/1167
f 1167/1167/1167 1169/1169/1169 1166/1166/1166
f 1170/1170/1170 1172/1172/1172 1171/1171/1171
f 1171/1171/1171 1173/1173/1173 1170/1170/1170
f 1174/1174/1174 1176/1176/1176 1175/1175/1175
f 1175/1175/1175 1177/1177/1177 1174/1174/1174
f 1178/1178/1178 1180/1180/1180 1179/1179/1179
f 1179/1179/1179 1181/1181/1181 1178/1178/1178
f 1182/1182/1182 1184/1184/1184 1183/1183/1183
f 1183/1183/1183 1185/1185/1185 1182/1182/1182
f 1186/1186/1186 1188/1188/1188 1187/1187/1187
f 1187/1187/1187 1189/1189/1189 1186/1186/1186
f 1190/1190/1190 1192/1192/1192 1191/1191/1191
f 1191/1191/1191 1193/1193/1193 1190/1190/1190
f 1194/1194/1194 1196/1196/1196 1195/1195/1195
f 1195/1195/1195 1197/1197/1197 1194/1194/1194
f 1198/1198/1198 1200/1200/1200 1199/1199/1199
f 1199/1199/1199 1201/1201/1201 1198/1198/1198
f 1202/1202/1202 1204/1204/1204 1203/1203/1203
f 1203/1203/1203 1205/1205/1205 1202/1202/1202
f 1206/1206/1206 1208/1208/1208 1207/1207/1207
f 1207/1207/1207 1209/1209/1209 1206/1206/1206
f 1210/1210/1210 1212/1212/1212 1211/1211/1211
f 1211/1211/1211 1213/1213/1213 1210/1210/1210
f 1214/1214/1214 1216/1216/1216 1215/1215/1215
f 1215/1215/1215 1217/1217/1217 1214/1214/1214
f 1218/1218/1218 1220/1220/1220 1219/1219/1219
f 1219/1219/1219 1221/1221/1221 1218/1218/1218
f 1222/1222/1222 1224/1224/1224 1223/1223/1223
f 1223/1223/1223 1225/1225/1225 1222/1222/1222
f 1226/1226/1226 1228/1228/1228 1227/1227/1227
f 1227/1227/1227 1229/1229/1229 1226/1226/1226
f 1230/1230/1230 1232/1232/1232 1231/1231/1231
f 1231/1231/1231 1233/1233/1233 1230/1230/1230
f 1234/1234/1234 1236/1236/1236 1235/1235/1235
f 1235/1235/1235 1237/1237/1237 1234/1234/1234
f 1238/1238/1238 1240/1240/1240 1239/1239/1239
f 1239/1239/1239 1241/1241/1241 1238/1238/1238
f 1242/1242/1242 1244/1244/1244 1243/1243/1243
f 1243/1243/1243 1245/1245/1245 1242/1242/1242
f 1246/1246/1246 1248/1248/1248 1247/1247/1247
f 1247/1247/1247 1249/1249/1249 1246/1246/1246
f 1250/1250/1250 1252/1252/1252 1251/1251/1251
f 1251/1251/1251 1253/1253/1253 1250/1250/1250
f 1254/1254/1254 1256/1256/1256 1255/1255/1255
f 1255/1255/1255 1257/1257/1257 1254/1254/1254
f 1258/1258/1258 1260/1260/1260 1259/1259/1259
f 1259/1259/1259 1261/1261/1261 1258/1258/1258
f 1262/1262/1262 1264/1264/1264 1263/1263/1263
f 1263/1263/1263 1265/1265/1265 1262/1262/1262
f 1266/1266/1266 1268/1268/1268 1267/1267/1267
f 1267/1267/1267 1269/1269/1269 1266/1266/1266
f 1270/1270/1270 1272/1272/1272 1271/1271/1271
f 1271/1271/1271 1273/1273/1273 1270/1270/1270
f 1274/1274/1274 1276/1276/1276 1275/1275/1275
f 1275/1275/1275 1277/1277/1277 1274/1274/1274
f 1278/1278/1278 1280/1280/1280 1279/1279/1279
f 1279/1279/1279 1281/1281/1281 1278/1278/1278
f 1282/1282/1282 1284/1284/1284 1283/1283/1283
f 1283/1283/1283 1285/1285/1285 1282/1282/1282
f 1286/1286/1286 1288/1288/1288 1287/1287/1287
f 1287/1287/1287 1289/1289/1289 1286/1286/1286
f 1290/1290/1290 1292/1292/1292 1291/1291/1291
f 1291/1291/1291 1293/1293/1293 1290/1290/1290
f 1294/1294/1294 1296/1296/1296 1295/1295/1295
f 1295/1295/1295 1297/1297/1297 1294/1294/1294
f 1298/1298/1298 1300/1300/1300 1299/1299/1299
f 1299/1299/1299 1301/1301/1301 1298/1298/1298
f 1302/1302/1302 1304/1304/1304 1303/1303/1303
f 1303/1303/1303 1305/1305/1305 1302/1302/1302
f 1306/1306/1306 1308/1308/1308 1307/1307/1307
f 1307/1307/1307 1309/1309/1309 1306/1306/1306
f 1310/1310/1310 1312/1312/1312 1311/1311/1311
f 1311/1311/1311 1313/1313/1313 1310/1310/1310
f 1314/1314/1314 1316/1316/1316 1315/1315/1315
f 1315/1315/1315 1317/1317/1317 1314/1314/1314
f 1318/1318/1318 1320/1320/1320 1319/1319/1319
f 1319/1319/1319 1321/1321/1321 1318/1318/1318
f 1322/1322/1322 1324/1324/1324 1323/1323/1323
f 1323/1323/1323 1325/1325/1325 1322/1322/1322
f 1326/1326/1326 1328/1328/1328 1327/1327/1327
f 1327/1327/1327 1329/1329/1329 1326/1326/1326
f 1330/1330/1330 1332/1332/1332 1331/1331/1331
f 1331/1331/1331 1333/1333/1333 1330/1330/1330
f 1334/1334/1334 1336/1336/1336 1335/1335/1335
f 1335/1335/1335 1337/1337/1337 1334/1334/1334
f 1338/1338/1338 1340/1340/1340 1339/1339/1339
f 1339/1339/1339 1341/1341/1341 1338/1338/1338
f 1342/1342/1342 1344/1344/1344 1343/1343/1343
f 1343/1343/1343 1345/1345/1345 1342/1342/1342
f 1346/1346/1346 1348/1348/1348 1347/1347/1347
f 1347/1347/1347 1349/1349/1349 1346/1346/1346
f 1350/1350/1350 1352/1352/1352 1351/1351/1351
f 1351/1351/1351 1353/1353/1353 1350/1350/1350
f 1354/1354/1354 1356/1356/1356 1355/1355/1355
f 1355/1355/1355 1357/1357/1357 1354/1354/1354
f 1358/1358/1358 1360/1360/1360 1359/1359/1359
f 1359/1359/1359 1361/1361/1361 1358/1358/1358
f 1362/1362/1362 1364/1364/1364 1363/1363/1363
f 1363/1363/1363 1365/1365/1365 1362/1362/1362
f 1366/1366/1366 1368/1368/1368 1367/1367/1367
f 1367/1367/1367 1369/1369/1369 1366/1366/1366
f 1370/1370/1370 1372/1372/1372 1371/1371/1371
f 1371/1371/1371 1373/1373/1373 1370/1370/1370
f 1374/1374/1374 1376/1376/1376 1375/1375/1375
f 1375/1375/1375 1377/1377/1377 1374/1374/1374
f 1378/1378/1378 1380/1380/1380 1379/1379/1379
f 1379/1379/1379 1381/1381/1381 1378/1378/1378
f 1382/1382/1382 1384/1384/1384 1383/1383/1383
f 1383/1383/1383 1385/1385/1385 1382/1382/1382
f 1386/1386/1386 1388/1388/1388 1387/1387/1387
f 1387/1387/1387 1389/1389/1389 1386/1386/1386
f 1390/1390/1390 1392/1392/1392 1391/1391/1391
f 1391/1391/1391 1393/1393/1393 1390/1390/1390
f 1394/1394/1394 1396/1396/1396 1395/1395/1395
f 1395/1395/1395 1397/1397/1397 1394/1394/1394
f 1398/1398/1398 1400/1400/1400 1399/1399/1399
f 1399/1399/1399 1401/1401/1401 1398/1398/1398
f 1402/1402/1402 1404/1404/1404 1403/1403/1403
f 1403/1403/1403 1405/1405/1405 1402/1402/1402
f 1406/1406/1406 1408/1408/1408 1407/1407/1407
f 1407/1407/1407 1409/1409/1409 1406/1406/1406
f 1410/1410/1410 1412/1412/1412 1411/1411/1411
f 1411/1411/1411 1413/1413/1413 1410/1410/1410
f 1414/1414/1414 1416/1416/1416 1415/1415/1415
f 1415/1415/1415 1417/1417/1417 1414/1414/1414
f 1418/1418/1418 1420/1420/1420 1419/1419/1419
f 1419/1419/1419 1421/1421/1421 1418/1418/1418
f 1422/1422/1422 1424/1424/1424 1423/1423/1423
f 1423/1423/1423 1425/1425/1425 1422/1422/1422
f 1426/1426/1426 1428/1428/1428 1427/1427/1427
f 1427/1427/1427 1429/1429/1429 1426/1426/1426
f 1430/1430/1430 1432/1432/1432 1431/1431/1431
f 1431/1431/1431 1433/1433/1433 1430/1430/1430
f 1434/1434/1434 1436/1436/1436 1435/1435/1435
f 1435/1435/1435 1437/1437/1437 1434/1434/1434
f 1438/1438/1438 1440/1440/1440 1439/1439/1439
f 1439/1439/1439 1441/1441/1441 1438/1438/1438
f 1442/1442/1442 1444/1444/1444 1443/1443/1443
f 1443/1443/1443 1445/1445/1445 1442/1442/1442
f 1446/1446/1446 1448/1448/1448 1447/1447/1447
f 1447/1447/1447 1449/1449/1449 1446/1446/1446
f 1450/1450/1450 1452/1452/1452 1451/1451/1451
f 1451/1451/1451 1453/1453/1453 1450/1450/1450
f 1454/1454/1454 1456/1456/1456 1455/1455/1455
f 1455/1455/1455 1457/1457/1457 1454/1454/1454
f 1458/1458/1458 1460/1460/1460 1459/1459/1459
f 1459/1459/1459 1461/1461/1461 1458/1458/1458
f 1462/1462/1462 1464/1464/1464 1463/1463/1463
f 1463/1463/1463 1465/1465/1465 1462/1462/1462
f 1466/1466/1466 1468/1468/1468 1467/1467/1467
f 1467/1467/1467 1469/1469/1469 1466/1466/1466
f 1470/1470/1470 1472/1472/1472 1471/1471/1471
f 1471/1471/1471 1473/1473/1473 1470/1470/1470
f 1474/1474/1474 1476/1476/1476 1475/1475/1475
f 1475/1475/1475 1477/1477/1477 1474/1474/1474
f 1478/1478/1478 1480/1480/1480 1479/1479/1479
f 1479/1479/1479 1481/1481/1481 1478/1478/1478
f 1482/1482/1482 1478/1478/1478 1481/1481/1481
f 1481/1481/1481 1483/1483/1483 1482/1482/1482
f 1484/1484/1484 1482/1482/1482 1483/1483/1483
f 1483/1483/1483 1485/1485/1485 1484/1484/1484
f 1486/1486/1486 1484/1484/1484 1485/1485/1485
f 1485/1485/1485 1487/1487/1487 1486/1486/1486
f 1488/1488/1488 1486/1486/1486 1487/1487/1487
f 1487/1487/1487 1489/1489/1489 1488/1488/1488
f 1490/1490/1490 1488/1488/1488 1489/1489/1489
f 1489/1489/1489 1491/1491/1491 1490/1490/1490
f 1492/1492/1492 1494/1494/1494 1493/1493/1493
f 1493/1493/1493 1495/1495/1495 1492/1492/1492
f 1496/1496/1496 1498/1498/1498 1497/1497/1497
f 1497/1497/1497 1499/1499/1499 1496/1496/1496
f 1500/1500/1500 1502/1502/1502 1501/1501/1501
f 1501/1501/1501 1503/1503/1503 1500/1500/1500
f 1504/1504/1504 1506/1506/1506 1505/1505/1505
f 1505/1505/1505 1507/1507/1507 1504/1504/1504
f 1508/1508/1508 1510/1510/1510 1509/1509/1509
f 1509/1509/1509 1511/1511/1511 1508/1508/1508
f 1512/1512/1512 1514/1514/1514 1513/1513/1513
f 1513/1513/1513 1515/1515/1515 1512/1512/1512
f 1516/1516/1516 1518/1518/1518 1517/1517/1517
f 1517/1517/1517 1519/1519/1519 1516/1516/1516
f 1519/1519/1519 1517/1517/1517 1520/1520/1520
f 1520/1520/1520 1521/1521/1521 1519/1519/1519
f 1522/1522/1522 1524/1524/1524 1523/1523/1523
f 1523/1523/1523 1525/1525/1525 1522/1522/1522
f 1526/1526/1526 1528/1528/1528 1527/1527/1527
f 1527/1527/1527 1529/1529/1529 1526/1526/1526
f 1530/1530/1530 1532/1532/1532 1531/1531/1531
f 1531/1531/1531 1533/1533/1533 1530/1530/1530
f 1534/1534/1534 1536/1536/1536 1535/1535/1535
f 1535/1535/1535 1537/1537/1537 1534/1534/1534
f 1538/1538/1538 1540/1540/1540 1539/1539/1539
f 1539/1539/1539 1541/1541/1541 1538/1538/1538
f 1542/1542/1542 1544/1544/1544 1543/1543/1543
f 1543/1543/1543 1545/1545/1545 1542/1542/1542
f 1546/1546/1546 1548/1548/1548 1547/1547/1547
f 1547/1547/1547 1549/1549/1549 1546/1546/1546
f 1550/1550/1550 1546/1546/1546 1549/1549/1549
f 1549/1549/1549 1551/1551/1551 1550/1550/1550
f 1552/1552/1552 1550/1550/1550 1551/1551/1551
f 1551/1551/1551 1553/1553/1553 1552/1552/1552
f 1554/1554/1554 1552/1552/1552 1553/1553/1553
f 1553/1553/1553 1555/1555/1555 1554/1554/1554
f 1556/1556/1556 1554/1554/1554 1555/1555/1555
f 1555/1555/1555 1557/1557/1557 1556/1556/1556
f 1558/1558/1558 1556/1556/1556 1557/1557/1557
f 1557/1557/1557 1559/1559/1559 1558/1558/1558
f 1560/1560/1560 1562/1562/1562 1561/1561/1561
f 1561/1561/1561 1563/1563/1563 1560/1560/1560
f 1564/1564/1564 1566/1566/1566 1565/1565/1565
f 1565/1565/1565 1567/1567/1567 1564/1564/1564
f 1568/1568/1568 1570/1570/1570 1569/1569/1569
f 1569/1569/1569 1571/1571/1571 1568/1568/1568
f 1572/1572/1572 1574/1574/1574 1573/1573/1573
f 1573/1573/1573 1575/1575/1575 1572/1572/1572
f 1576/1576/1576 1578/1578/1578 1577/1577/1577
f 1577/1577/1577 1579/1579/1579 1576/1576/1576
f 1580/1580/1580 1582/1582/1582 1581/1581/1581
f 1581/1581/1581 1583/1583/1583 1580/1580/1580
f 1584/1584/1584 1586/1586/1586 1585/1585/1585
f 1585/1585/1585 1587/1587/1587 1584/1584/1584
f 1587/1587/1587 1585/1585/1585 1588/1588/1588
f 1588/1588/1588 1589/1589/1589 1587/1587/1587
f 1590/1590/1590 1592/1592/1592 1591/1591/1591
f 1591/1591/1591 1593/1593/1593 1590/1590/1590
f 1594/1594/1594 1596/1596/1596 1595/1595/1595
f 1595/1595/1595 1597/1597/1597 1594/1594/1594
f 1598/1598/1598 1600/1600/1600 1599/1599/1599
f 1599/1599/1599 1601/1601/1601 1598/1598/1598
f 1602/1602/1602 1604/1604/1604 1603/1603/1603
f 1603/1603/1603 1605/1605/1605 1602/1602/1602
f 1606/1606/1606 1608/1608/1608 1607/1607/1607
f 1607/1607/1607 1609/1609/1609 1606/1606/1606
f 1610/1610/1610 1612/1612/1612 1611/1611/1611
f 1611/1611/1611 1613/1613/1613 1610/1610/1610
f 1614/1614/1614 1616/1616/1616 1615/1615/1615
f 1615/1615/1615 1617/1617/1617 1614/1614/1614
f 1618/1618/1618 1614/1614/1614 1617/1617/1617
f 1617/1617/1617 1619/1619/1619 1618/1618/1618
f 1620/1620/1620 1618/1618/1618 1619/1619/1619
f 1619/1619/1619 1621/1621/1621 1620/1620/1620
f 1622/1622/1622 1620/1620/1620 1621/1621/1621
f 1621/1621/1621 1623/1623/1623 1622/1622/1622
f 1624/1624/1624 1622/1622/1622 1623/1623/1623
f 1623/1623/1623 1625/1625/1625 1624/1624/1624
f 1626/1626/1626 1624/1624/1624 1625/1625/1625
f 1625/1625/1625 1627/1627/1627 1626/1626/1626
f 1628/1628/1628 1630/1630/1630 1629/1629/1629
f 1629/1629/1629 1631/1631/1631 1628/1628/1628
f 1632/1632/1632 1634/1634/1634 1633/1633/1633
f 1633/1633/1633 1635/1635/1635 1632/1632/1632
f 1636/1636/1636 1638/1638/1638 1637/1637/1637
f 1637/1637/1637 1639/1639/1639 1636/1636/1636
f 1640/1640/1640 1642/1642/1642 1641/1641/1641
f 1641/1641/1641 1643/1643/1643 1640/1640/1640
f 1644/1644/1644 1646/1646/1646 1645/1645/1645
f 1645/1645/1645 1647/1647/1647 1644/1644/1644
f 1648/1648/1648 1650/1650/1650 1649/1649/1649
f 1649/1649/1649 1651/1651/1651 1648/1648/1648
f 1652/1652/1652 1654/1654/1654 1653/1653/1653
f 1653/1653/1653 1655/1655/1655 1652/1652/1652
f 1655/1655/1655 1653/1653/1653 1656/1656/1656
f 1656/1656/1656 1657/1657/1657 1655/1655/1655
f 1658/1658/1658 1660/1660/1660 1659/1659/1659
f 1659/1659/1659 1661/1661/1661 1658/1658/1658
f 1662/1662/1662 1664/1664/1664 1663/1663/1663
f 1663/1663/1663 1665/1665/1665 1662/1662/1662
f 1666/1666/1666 1668/1668/1668 1667/1667/1667
f 1667/1667/1667 1669/1669/1669 1666/1666/1666
f 1670/1670/1670 1672/1672/1672 1671/1671/1671
f 1671/1671/1671 1673/1673/1673 1670/1670/1670
f 1674/1674/1674 1676/1676/1676 1675/1675/1675
f 1675/1675/1675 1677/1677/1677 1674/1674/1674
f 1678/1678/1678 1680/1680/1680 1679/1679/1679
f 1679/1679/1679 1681/1681/1681 1678/1678/1678
f 1682/1682/1682 1684/1684/1684 1683/1683/1683
f 1683/1683/1683 1685/1685/1685 1682/1682/1682
f 1686/1686/1686 1682/1682/1682 1685/1685/1685
f 1685/1685/1685 1687/1687/1687 1686/1686/1686
f 1688/1688/1688 1686/1686/1686 1687/1687/1687
f 1687/1687/1687 1689/1689/1689 1688/1688/1688
f 1690/1690/1690 1688/1688/1688 1689/1689/1689
f 1689/1689/1689 1691/1691/1691 1690/1690/1690
f 1692/1692/1692 1690/1690/1690 1691/1691/1691
f 1691/1691/1691 1693/1693/1693 1692/1692/1692
f 1694/1694/1694 1692/1692/1692 1693/1693/1693
f 1693/1693/1693 1695/1695/1695 1694/1694/1694
f 1696/1696/1696 1698/1698/1698 1697/1697/1697
f 1697/1697/1697 1699/1699/1699 1696/1696/1696
f 1700/1700/1700 1702/1702/1702 1701/1701/1701
f 1701/1701/1701 1703/1703/1703 1700/1700/1700
f 1704/1704/1704 1706/1706/1706 1705/1705/1705
f 1705/1705/1705 1707/1707/1707 1704/1704/1704
f 1708/1708/1708 1710/1710/1710 1709/1709/1709
f 1709/1709/1709 1711/1711/1711 1708/1708/1708
f 1712/1712/1712 1714/1714/1714 1713/1713/1713
f 1713/1713/1713 1715/1715/1715 1712/1712/1712
f 1716/1716/1716 1718/1718/1718 1717/1717/1717
f 1717/1717/1717 1719/1719/1719 1716/1716/1716
f 1720/1720/1720 1722/1722/1722 1721/1721/1721
f 1721/1721/1721 1723/1723/1723 1720/1720/1720
f 1724/1724/1724 1726/1726/1726 1725/1725/1725
f 1725/1725/1725 1727/1727/1727 1724/1724/1724
f 1728/1728/1728 1730/1730/1730 1729/1729/1729
f 1729/1729/1729 1731/1731/1731 1728/1728/1728
f 1732/1732/1732 1734/1734/1734 1733/1733/1733
f 1733/1733/1733 1735/1735/1735 1732/1732/1732
f 1736/1736/1736 1738/1738/1738 1737/1737/1737
f 1737/1737/1737 1739/1739/1739 1736/1736/1736
f 1740/1740/1740 1742/1742/1742 1741/1741/1741
f 1741/1741/1741 1743/1743/1743 1740/1740/1740
f 1744/1744/1744 1746/1746/1746 1745/1745/1745
f 1745/1745/1745 1747/1747/1747 1744/1744/1744
f 1748/1748/1748 1750/1750/1750 1749/1749/1749
f 1749/1749/1749 1751/1751/1751 1748/1748/1748
f 1752/1752/1752 1754/1754/1754 1753/1753/1753
f 1753/1753/1753 1755/1755/1755 1752/1752/1752
f 1756/1756/1756 1758/1758/1758 1757/1757/1757
f 1757/1757/1757 1759/1759/1759 1756/1756/1756
f 1760/1760/1760 1762/1762/1762 1761/1761/1761
f 1761/1761/1761 1763/1763/1763 1760/1760/1760
f 1764/1764/1764 1766/1766/1766 1765/1765/1765
f 1765/1765/1765 1767/1767/1767 1764/1764/1764
f 1768/1768/1768 1770/1770/1770 1769/1769/1769
f 1769/1769/1769 1771/1771/1771 1768/1768/1768
f 1772/1772/1772 1774/1774/1774 1773/1773/1773
f 1773/1773/1773 1775/1775/1775 1772/1772/1772
f 1776/1776/1776 1778/1778/1778 1777/1777/1777
f 1777/1777/1777 1779/1779/1779 1776/1776/1776
f 1780/1780/1780 1782/1782/1782 1781/1781/1781
f 1781/1781/1781 1783/1783/1783 1780/1780/1780
f 1784/1784/1784 1786/1786/1786 1785/1785/1785
f 1785/1785/1785 1787/1787/1787 1784/1784/1784
f 1788/1788/1788 1790/1790/1790 1789/1789/1789
f 1789/1789/1789 1791/1791/1791 1788/1788/1788
f 1792/1792/1792 1788/1788/1788 1791/1791/1791
f 1791/1791/1791 1793/1793/1793 1792/1792/1792
f 1794/1794/1794 1792/1792/1792 1793/1793/1793
f 1793/1793/1793 1795/1795/1795 1794/1794/1794
f 1796/1796/1796 1794/1794/1794 1795/1795/1795
f 1795/1795/1795 1797/1797/1797 1796/1796/1796
f 1798/1798/1798 1796/1796/1796 1797/1797/1797
f 1797/1797/1797 1799/1799/1799 1798/1798/1798
f 1800/1800/1800 1798/1798/1798 1799/1799/1799
f 1799/1799/1799 1801/1801/1801 1800/1800/1800
f 1802/1802/1802 1804/1804/1804 1803/1803/1803
f 1803/1803/1803 1805/1805/1805 1802/1802/1802
f 1806/1806/1806 1808/1808/1808 1807/1807/1807
f 1807/1807/1807 1809/1809/1809 1806/1806/1806
f 1810/1810/1810 1812/1812/1812 1811/1811/1811
f 1811/1811/1811 1813/1813/1813 1810/1810/1810
f 1814/1814/1814 1816/1816/1816 1815/1815/1815
f 1815/1815/1815 1817/1817/1817 1814/1814/1814
f 1818/1818/1818 1820/1820/1820 1819/1819/1819
f 1819/1819/1819 1821/1821/1821 1818/1818/1818
f 1822/1822/1822 1824/1824/1824 1823/1823/1823
f 1823/1823/1823 1825/1825/1825 1822/1822/1822
f 1826/1826/1826 1828/1828/1828 1827/1827/1827
f 1827/1827/1827 1829/1829/1829 1826/1826/1826
f 1829/1829/1829 1827/1827/1827 1830/1830/1830
f 1830/1830/1830 1831/1831/1831 1829/1829/1829
f 1832/1832/1832 1834/1834/1834 1833/1833/1833
f 1833/1833/1833 1835/1835/1835 1832/1832/1832
f 1836/1836/1836 1838/1838/1838 1837/1837/1837
f 1837/1837/1837 1839/1839/1839 1836/1836/1836
f 1840/1840/1840 1842/1842/1842 1841/1841/1841
f 1841/1841/1841 1843/1843/1843 1840/1840/1840
f 1844/1844/1844 1846/1846/1846 1845/1845/1845
f 1845/1845/1845 1847/1847/1847 1844/1844/1844
f 1848/1848/1848 1850/1850/1850 1849/1849/1849
f 1849/1849/1849 1851/1851/1851 1848/1848/1848
f 1852/1852/1852 1854/1854/1854 1853/1853/1853
f 1853/1853/1853 1855/1855/1855 1852/1852/1852
f 1856/1856/1856 1858/1858/1858 1857/1857/1857
f 1857/1857/1857 1859/1859/1859 1856/1856/1856
f 1860/1860/1860 1862/1862/1862 1861/1861/1861
f 1861/1861/1861 1863/1863/1863 1860/1860/1860
f 1864/1864/1864 1866/1866/1866 1865/1865/1865
f 1865/1865/1865 1867/1867/1867 1864/1864/1864
f 1868/1868/1868 1870/1870/1870 1869/1869/1869
f 1869/1869/1869 1871/1871/1871 1868/1868/1868
f 1872/1872/1872 1874/1874/1874 1873/1873/1873
f 1873/1873/1873 1875/1875/1875 1872/1872/1872
f 1876/1876/1876 1878/1878/1878 1877/1877/1877
f 1877/1877/1877 1879/1879/1879 1876/1876/1876
f 1880/1880/1880 1882/1882/1882 1881/1881/1881
f 1881/1881/1881 1883/1883/1883 1880/1880/1880
f 1884/1884/1884 1886/1886/1886 1885/1885/1885
f 1885/1885/1885 1887/1887/1887 1884/1884/1884
f 1888/1888/1888 1890/1890/1890 1889/1889/1889
f 1889/1889/1889 1891/1891/1891 1888/1888/1888
f 1892/1892/1892 1894/1894/1894 1893/1893/1893
f 1893/1893/1893 1895/1895/1895 1892/1892/1892
f 1896/1896/1896 1898/1898/1898 1897/1897/1897
f 1897/1897/1897 1899/1899/1899 1896/1896/1896
f 1900/1900/1900 1902/1902/1902 1901/1901/1901
f 1901/1901/1901 1903/1903/1903 1900/1900/1900
f 1904/1904/1904 1906/1906/1906 1905/1905/1905
f 1905/1905/1905 1907/1907/1907 1904/1904/1904
f 1908/1908/1908 1910/1910/1910 1909/1909/1909
f 1909/1909/1909 1911/1911/1911 1908/1908/1908
f 1912/1912/1912 1914/1914/1914 1913/1913/1913
f 1913/1913/1913 1915/1915/1915 1912/1912/1912
f 1916/1916/1916 1918/1918/1918 1917/1917/1917
f 1917/1917/1917 1919/1919/1919 1916/1916/1916
f 1920/1920/1920 1922/1922/1922 1921/1921/1921
f 1921/1921/1921 1923/1923/1923 1920/1920/1920
f 1924/1924/1924 1926/1926/1926 1925/1925/1925
f 1925/1925/1925 1927/1927/1927 1924/1924/1924
f 1928/1928/1928 1930/1930/1930 1929/1929/1929
f 1929/1929/1929 1931/1931/1931 1928/1928/1928
f 1932/1932/1932 1934/1934/1934 1933/1933/1933
f 1933/1933/1933 1935/1935/1935 1932/1932/1932
f 1936/1936/1936 1938/1938/1938 1937/1937/1937
f 1937/1937/1937 1939/1939/1939 1936/1936/1936
f 1940/1940/1940 1942/1942/1942 1941/1941/1941
f 1941/1941/1941 1943/1943/1943 1940/1940/1940
f 1944/1944/1944 1946/1946/1946 1945/1945/1945
f 1945/1945/1945 1947/1947/1947 1944/1944/1944
f 1948/1948/1948 1950/1950/1950 1949/1949/1949
f 1949/1949/1949 1951/1951/1951 1948/1948/1948
f 1952/1952/1952 1954/1954/1954 1953/1953/1953
f 1953/1953/1953 1955/1955/1955 1952/1952/1952
f 1956/1956/1956 1958/1958/1958 1957/1957/1957
f 1957/1957/1957 1959/1959/1959 1956/1956/1956
f 1960/1960/1960 1962/1962/1962 1961/1961/1961
f 1961/1961/1961 1963/1963/1963 1960/1960/1960
f 1964/1964/1964 1963/1963/1963 1961/1961/1961
f 1961/1961/1961 1965/1965/1965 1964/1964/1964
f 1966/1966/1966 1968/1968/1968 1967/1967/1967
f 1967/1967/1967 1969/1969/1969 1966/1966/1966
f 1970/1970/1970 1972/1972/1972 1971/1971/1971
f 1971/1971/1971 1973/1973/1973 1970/1970/1970
f 1974/1974/1974 1970/1970/1970 1973/1973/1973
f 1973/1973/1973 1975/1975/1975 1974/1974/1974
f 1976/1976/1976 1978/1978/1978 1977/1977/1977
f 1977/1977/1977 1979/1979/1979 1976/1976/1976
f 1980/1980/1980 1982/1982/1982 1981/1981/1981
f 1981/1981/1981 1983/1983/1983 1980/1980/1980
f 1984/1984/1984 1986/1986/1986 1985/1985/1985
f 1985/1985/1985 1987/1987/1987 1984/1984/1984
f 1988/1988/1988 1990/1990/1990 1989/1989/1989
f 1989/1989/1989 1991/1991/1991 1988/1988/1988
f 1992/1992/1992 1994/1994/1994 1993/1993/1993
f 1993/1993/1993 1995/1995/1995 1992/1992/1992
f 1996/1996/1996 1998/1998/1998 1997/1997/1997
f 1997/1997/1997 1999/1999/1999 1996/1996/1996
f 2000/2000/2000 2002/2002/2002 2001/2001/2001
f 2001/2001/2001 2003/2003/2003 2000/2000/2000
f 2004/2004/2004 2006/2006/2006 2005/2005/2005
f 2005/2005/2005 2007/2007/2007 2004/2004/2004
f 2008/2008/2008 2010/2010/2010 2009/2009/2009
f 2009/2009/2009 2011/2011/2011 2008/2008/2008
f 2012/2012/2012 2014/2014/2014 2013/2013/2013
f 2013/2013/2013 2015/2015/2015 2012/2012/2012
f 2016/2016/2016 2018/2018/2018 2017/2017/2017
f 2017/2017/2017 2019/2019/2019 2016/2016/2016
f 2020/2020/2020 2022/2022/2022 2021/2021/2021
f 2021/2021/2021 2023/2023/2023 2020/2020/2020
f 2024/2024/2024 2026/2026/2026 2025/2025/2025
f 2025/2025/2025 2027/2027/2027 2024/2024/2024
f 2028/2028/2028 2030/2030/2030 2029/2029/2029
f 2029/2029/2029 2031/2031/2031 2028/2028/2028
f 2032/2032/2032 2034/2034/2034 2033/2033/2033
f 2033/2033/2033 2035/2035/2035 2032/2032/2032
f 2032/2032/2032 2035/2035/2035 2036/2036/2036
f 2036/2036/2036 2037/2037/2037 2032/2032/2032
f 2038/2038/2038 2040/2040/2040 2039/2039/2039
f 2039/2039/2039 2041/2041/2041 2038/2038/2038
f 2042/2042/2042 2044/2044/2044 2043/2043/2043
f 2043/2043/2043 2045/2045/2045 2042/2042/2042
f 2045/2045/2045 2043/2043/2043 2046/2046/2046
f 2046/2046/2046 2047/2047/2047 2045/2045/2045
f 2048/2048/2048 2050/2050/2050 2049/2049/2049
f 2049/2049/2049 2051/2051/2051 2048/2048/2048
f 2052/2052/2052 2054/2054/2054 2053/2053/2053
f 2053/2053/2053 2055/2055/2055 2052/2052/2052
f 2056/2056/2056 2058/2058/2058 2057/2057/2057
f 2057/2057/2057 2059/2059/2059 2056/2056/2056
f 2060/2060/2060 2062/2062/2062 2061/2061/2061
f 2061/2061/2061 2063/2063/2063 2060/2060/2060
f 2064/2064/2064 2066/2066/2066 2065/2065/2065
f 2065/2065/2065 2067/2067/2067 2064/2064/2064
f 2068/2068/2068 2070/2070/2070 2069/2069/2069
f 2069/2069/2069 2071/2071/2071 2068/2068/2068
f 2072/2072/2072 2074/2074/2074 2073/2073/2073
f 2073/2073/2073 2075/2075/2075 2072/2072/2072
f 2076/2076/2076 2078/2078/2078 2077/2077/2077
f 2077/2077/2077 2079/2079/2079 2076/2076/2076
f 2080/2080/2080 2082/2082/2082 2081/2081/2081
f 2081/2081/2081 2083/2083/2083 2080/2080/2080
f 2084/2084/2084 2086/2086/2086 2085/2085/2085
f 2085/2085/2085 2087/2087/2087 2084/2084/2084
f 2088/2088/2088 2090/2090/2090 2089/2089/2089
f 2089/2089/2089 2091/2091/2091 2088/2088/2088
f 2092/2092/2092 2094/2094/2094 2093/2093/2093
f 2093/2093/2093 2095/2095/2095 2092/2092/2092
f 2096/2096/2096 2098/2098/2098 2097/2097/2097
f 2097/2097/2097 2099/2099/2099 2096/2096/2096
f 2100/2100/2100 2102/2102/2102 2101/2101/2101
f 2101/2101/2101 2103/2103/2103 2100/2100/2100
f 2104/2104/2104 2106/2106/2106 2105/2105/2105
f 2105/2105/2105 2107/2107/2107 2104/2104/2104
f 2108/2108/2108 2105/2105/2105 2106/2106/2106
f 2109/2109/2109 2104/2104/2104 2107/2107/2107
f 2106/2106/2106 2110/2110/2110 2108/2108/2108
f 2107/2107/2107 2111/2111/2111 2109/2109/2109
f 2111/2111/2111 2108/2108/2108 2110/2110/2110
f 2110/2110/2110 2109/2109/2109 2111/2111/2111
f 2112/2112/2112 2114/2114/2114 2113/2113/2113
f 2113/2113/2113 2115/2115/2115 2112/2112/2112
f 2116/2116/2116 2113/2113/2113 2114/2114/2114
f 2117/2117/2117 2112/2112/2112 2115/2115/2115
f 2114/2114/2114 2118/2118/2118 2116/2116/2116
f 2115/2115/2115 2119/2119/2119 2117/2117/2117
f 2119/2119/2119 2116/2116/2116 2118/2118/2118
f 2118/2118/2118 2117/2117/2117 2119/2119/2119
f 2120/2120/2120 2122/2122/2122 2121/2121/2121
f 2121/2121/2121 2123/2123/2123 2120/2120/2120
f 2124/2124/2124 2121/2121/2121 2122/2122/2122
f 2125/2125/2125 2120/2120/2120 2123/2123/2123
f 2122/2122/2122 2126/2126/2126 2124/2124/2124
f 2123/2123/2123 2127/2127/2127 2125/2125/2125
f 2127/2127/2127 2124/2124/2124 2126/2126/2126
f 2126/2126/2126 2125/2125/2125 2127/2127/2127
