#Minigun_LOD0_1136_4.obj

v -0.06455286 0.1131516 -0.01429538
v -0.05910552 0.1012239 -0.05861885
v -0.03218353 0.1215267 -0.03667265
v 0.777828 0.4070047 0.09768455
v 0.7111773 0.3804143 0.09664832
v 0.7006589 0.408957 0.04074056
v 0.7673097 0.4355475 0.04177674
v 0.8267319 0.2923299 -0.1051888
v 0.7600811 0.2657396 -0.106225
v 0.7800269 0.2144694 -0.07348567
v 0.8466777 0.2410598 -0.07244944
v 0.8554444 0.2144159 0.04742451
v 0.7887934 0.1878257 0.04638883
v 0.7759225 0.2179425 0.1013949
v 0.8425735 0.2445329 0.1024305
v 0.7977735 0.3557341 0.1304232
v 0.7311226 0.3291439 0.1293876
v 0.7111773 0.3804143 0.09664832
v 0.777828 0.4070047 0.09768455
v 0.8030589 0.3517612 -0.1076015
v 0.7364081 0.3251708 -0.1086377
v 0.7600811 0.2657396 -0.106225
v 0.8267319 0.2923299 -0.1051888
v 0.8571961 0.2125171 -0.01654168
v 0.7905453 0.1859266 -0.01757786
v 0.7887934 0.1878257 0.04638883
v 0.8554444 0.2144159 0.04742451
v 0.821447 0.296303 0.132836
v 0.7547961 0.2697128 0.1318004
v 0.7311226 0.3291439 0.1293876
v 0.7977735 0.3557341 0.1304232
v 0.7819319 0.4035313 -0.07719611
v 0.7152811 0.3769408 -0.0782323
v 0.7364081 0.3251708 -0.1086377
v 0.8030589 0.3517612 -0.1076015
v 0.7673097 0.4355475 0.04177674
v 0.7006589 0.408957 0.04074056
v 0.7024108 0.407058 -0.02322618
v 0.7690616 0.4336483 -0.02218995
v 0.8466777 0.2410598 -0.07244944
v 0.7800269 0.2144694 -0.07348567
v 0.7905453 0.1859266 -0.01757786
v 0.8571961 0.2125171 -0.01654168
v 0.8425735 0.2445329 0.1024305
v 0.7759225 0.2179425 0.1013949
v 0.7547961 0.2697128 0.1318004
v 0.821447 0.296303 0.132836
v 0.7690616 0.4336483 -0.02218995
v 0.7024108 0.407058 -0.02322618
v 0.7152811 0.3769408 -0.0782323
v 0.7819319 0.4035313 -0.07719611
v 0.6439421 0.3862438 -0.02481061
v 0.6066627 0.3713712 -0.02539014
v 0.6196768 0.3409404 -0.08156272
v 0.6569557 0.3558128 -0.08098327
v 0.7190214 0.193101 0.1023547
v 0.681742 0.1782283 0.1017752
v 0.6600442 0.2313976 0.1330025
v 0.6973236 0.2462703 0.1335821
v 0.723128 0.1897715 -0.07636937
v 0.6858486 0.1748988 -0.0769489
v 0.6966512 0.1455846 -0.01953003
v 0.7339306 0.1604572 -0.0189505
v 0.642047 0.3884566 0.04032208
v 0.6047677 0.373584 0.03974254
v 0.6066627 0.3713712 -0.02539014
v 0.6439421 0.3862438 -0.02481061
v 0.6569557 0.3558128 -0.08098327
v 0.6196768 0.3409404 -0.08156272
v 0.6413746 0.287771 -0.1127901
v 0.6786535 0.3026435 -0.1122106
v 0.6973236 0.2462703 0.1335821
v 0.6600442 0.2313976 0.1330025
v 0.6359437 0.2919143 0.1302453
v 0.6732231 0.306787 0.1308248
v 0.7339306 0.1604572 -0.0189505
v 0.6966512 0.1455846 -0.01953003
v 0.6947562 0.1477975 0.0456026
v 0.732035 0.16267 0.04618205
v 0.6786535 0.3026435 -0.1122106
v 0.6413746 0.287771 -0.1127901
v 0.6654752 0.2272544 -0.1100328
v 0.7027546 0.242127 -0.1094533
v 0.6732231 0.306787 0.1308248
v 0.6359437 0.2919143 0.1302453
v 0.6155703 0.3442698 0.09716136
v 0.6528491 0.3591423 0.09774081
v 0.732035 0.16267 0.04618205
v 0.6947562 0.1477975 0.0456026
v 0.681742 0.1782283 0.1017752
v 0.7190214 0.193101 0.1023547
v 0.7027546 0.242127 -0.1094533
v 0.6654752 0.2272544 -0.1100328
v 0.6858486 0.1748988 -0.0769489
v 0.723128 0.1897715 -0.07636937
v 0.6528491 0.3591423 0.09774081
v 0.6155703 0.3442698 0.09716136
v 0.6047677 0.373584 0.03974254
v 0.642047 0.3884566 0.04032208
v 0.528869 0.3365675 -0.02558554
v 0.4836815 0.3185399 -0.02628791
v 0.4968366 0.2876517 -0.07978293
v 0.5420235 0.3056789 -0.07908059
v 0.6012415 0.1503941 0.09683481
v 0.5560541 0.1323666 0.09613239
v 0.5354983 0.1827376 0.1257165
v 0.5806852 0.2007649 0.1264188
v 0.605343 0.1467771 -0.07420176
v 0.5601561 0.1287499 -0.07490408
v 0.5703903 0.1009784 -0.02050733
v 0.6155772 0.1190058 -0.01980506
v 0.5276878 0.3370673 0.03755921
v 0.482501 0.3190399 0.03685694
v 0.4836815 0.3185399 -0.02628791
v 0.528869 0.3365675 -0.02558554
v 0.5420235 0.3056789 -0.07908059
v 0.4968366 0.2876517 -0.07978293
v 0.5173924 0.2372805 -0.109367
v 0.5625791 0.2553081 -0.1086642
v 0.5806852 0.2007649 0.1264188
v 0.5354983 0.1827376 0.1257165
v 0.5121098 0.2413973 0.1248143
v 0.5572965 0.2594248 0.1255171
v 0.6155772 0.1190058 -0.01980506
v 0.5703903 0.1009784 -0.02050733
v 0.5692092 0.1014782 0.04263743
v 0.6143961 0.1195056 0.0433397
v 0.5625791 0.2553081 -0.1086642
v 0.5173924 0.2372805 -0.109367
v 0.540781 0.1786208 -0.1084648
v 0.5859678 0.1966482 -0.1077625
v 0.5572965 0.2594248 0.1255171
v 0.5121098 0.2413973 0.1248143
v 0.4927351 0.2912686 0.09125364
v 0.537922 0.3092959 0.09195597
v 0.6143961 0.1195056 0.0433397
v 0.5692092 0.1014782 0.04263743
v 0.5560541 0.1323666 0.09613239
v 0.6012415 0.1503941 0.09683481
v 0.5859678 0.1966482 -0.1077625
v 0.540781 0.1786208 -0.1084648
v 0.5601561 0.1287499 -0.07490408
v 0.605343 0.1467771 -0.07420176
v 0.537922 0.3092959 0.09195597
v 0.4927351 0.2912686 0.09125364
v 0.482501 0.3190399 0.03685694
v 0.5276878 0.3370673 0.03755921
v 0.392606 0.2809494 -0.02736545
v 0.2909354 0.2403878 -0.02894606
v 0.3035191 0.2108987 -0.08161923
v 0.4051899 0.25146 -0.08003912
v 0.4646942 0.09554754 0.09354378
v 0.3630237 0.05498587 0.09196318
v 0.3418966 0.106756 0.1223692
v 0.4435673 0.1473175 0.1239492
v 0.468225 0.09332984 -0.07667079
v 0.3665543 0.0527683 -0.07825145
v 0.3770728 0.02422545 -0.02234364
v 0.4787428 0.06478689 -0.02076311
v 0.3911406 0.2822206 0.03426825
v 0.2894701 0.241659 0.03268764
v 0.2909354 0.2403878 -0.02894606
v 0.392606 0.2809494 -0.02736545
v 0.4051899 0.25146 -0.08003912
v 0.3035191 0.2108987 -0.08161923
v 0.3246456 0.1591284 -0.1120247
v 0.4263163 0.1996899 -0.1104446
v 0.4435673 0.1473175 0.1239492
v 0.3418966 0.106756 0.1223692
v 0.3190787 0.1640166 0.1206455
v 0.4207494 0.204578 0.1222256
v 0.4787428 0.06478689 -0.02076311
v 0.3770728 0.02422545 -0.02234364
v 0.3756074 0.02549666 0.03929006
v 0.477278 0.06605833 0.04087067
v 0.4263163 0.1996899 -0.1104446
v 0.3246456 0.1591284 -0.1120247
v 0.3474634 0.1018678 -0.1103011
v 0.4491341 0.1424294 -0.108721
v 0.4207494 0.204578 0.1222256
v 0.3190787 0.1640166 0.1206455
v 0.2999884 0.2131163 0.0885954
v 0.401659 0.2536779 0.09017601
v 0.477278 0.06605833 0.04087067
v 0.3756074 0.02549666 0.03929006
v 0.3630237 0.05498587 0.09196318
v 0.4646942 0.09554754 0.09354378
v 0.4491341 0.1424294 -0.108721
v 0.3474634 0.1018678 -0.1103011
v 0.3665543 0.0527683 -0.07825145
v 0.468225 0.09332984 -0.07667079
v 0.401659 0.2536779 0.09017601
v 0.2999884 0.2131163 0.0885954
v 0.2894701 0.241659 0.03268764
v 0.3911406 0.2822206 0.03426825
v 0.1518075 0.1522289 -0.02232102
v -0.1701498 0.02378397 -0.02732554
v -0.1605687 0.00131728 -0.06703606
v 0.1613879 0.1297621 -0.06203168
v 0.2046617 0.01624036 0.06770451
v -0.117295 -0.1122043 0.06270006
v -0.132141 -0.07582555 0.08406607
v 0.189816 0.05261967 0.0890711
v 0.2078788 0.01307016 -0.05789533
v -0.1140779 -0.1153745 -0.06289977
v -0.106687 -0.1354318 -0.0236132
v 0.2152702 -0.006986741 -0.01860873
v 0.1507792 0.1529894 0.02428212
v -0.1711773 0.02454451 0.01927712
v -0.1701498 0.02378397 -0.02732554
v 0.1518075 0.1522289 -0.02232102
v 0.1613879 0.1297621 -0.06203168
v -0.1605687 0.00131728 -0.06703606
v -0.1457233 -0.03506173 -0.08840215
v 0.1762334 0.09338296 -0.08339772
v 0.189816 0.05261967 0.0890711
v -0.132141 -0.07582555 0.08406607
v -0.1493972 -0.03253018 0.08297896
v 0.17256 0.09591474 0.08798349
v 0.2152702 -0.006986741 -0.01860873
v -0.106687 -0.1354318 -0.0236132
v -0.1077147 -0.1346711 0.02299002
v 0.214242 -0.006226263 0.0279944
v 0.1762334 0.09338296 -0.08339772
v -0.1457233 -0.03506173 -0.08840215
v -0.1284671 -0.0783571 -0.08731505
v 0.1934896 0.05008772 -0.08231066
v 0.17256 0.09591474 0.08798349
v -0.1493972 -0.03253018 0.08297896
v -0.1637859 0.004487481 0.05856377
v 0.1581706 0.1329325 0.06356871
v 0.214242 -0.006226263 0.0279944
v -0.1077147 -0.1346711 0.02299002
v -0.117295 -0.1122043 0.06270006
v 0.2046617 0.01624036 0.06770451
v 0.1934896 0.05008772 -0.08231066
v -0.1284671 -0.0783571 -0.08731505
v -0.1140779 -0.1153745 -0.06289977
v 0.2078788 0.01307016 -0.05789533
v 0.1581706 0.1329325 0.06356871
v -0.1637859 0.004487481 0.05856377
v -0.1711773 0.02454451 0.01927712
v 0.1507792 0.1529894 0.02428212
v 0.1119274 -0.03297388 -0.1181847
v -0.06769041 -0.1046324 -0.1209763
v -0.05310432 -0.1388033 -0.1822917
v 0.1265135 -0.06714478 -0.1795
v 0.1941307 -0.2443966 0.01985006
v 0.01451303 -0.3160553 0.01705786
v -0.00904096 -0.2583745 0.05191693
v 0.1705769 -0.1867159 0.05470857
v 0.1986745 -0.248237 -0.1739051
v 0.01905684 -0.3198957 -0.1766973
v 0.03071225 -0.3515242 -0.1147453
v 0.2103305 -0.2798652 -0.111953
v 0.1103143 -0.03167591 -0.0476969
v -0.06930394 -0.1033349 -0.05048918
v -0.06769041 -0.1046324 -0.1209763
v 0.1119274 -0.03297388 -0.1181847
v 0.1265135 -0.06714478 -0.1795
v -0.05310432 -0.1388033 -0.1822917
v -0.02926608 -0.1972556 -0.2156397
v 0.1503517 -0.125597 -0.2128481
v 0.1705769 -0.1867159 0.05470857
v -0.00904096 -0.2583745 0.05191693
v -0.03556672 -0.1918036 0.04976916
v 0.1440511 -0.1201451 0.0525608
v 0.2103305 -0.2798652 -0.111953
v 0.03071225 -0.3515242 -0.1147453
v 0.02895527 -0.3499125 -0.04309107
v 0.2085735 -0.2782535 -0.04029879
v 0.1503517 -0.125597 -0.2128481
v -0.02926608 -0.1972556 -0.2156397
v -0.003168423 -0.2627412 -0.2138366
v 0.17645 -0.1910825 -0.2110448
v 0.1440511 -0.1201451 0.0525608
v -0.03556672 -0.1918036 0.04976916
v -0.05736427 -0.1357348 0.01297393
v 0.122254 -0.06407581 0.01576621
v 0.2085735 -0.2782535 -0.04029879
v 0.02895527 -0.3499125 -0.04309107
v 0.01451303 -0.3160553 0.01705786
v 0.1941307 -0.2443966 0.01985006
v 0.17645 -0.1910825 -0.2110448
v -0.003168423 -0.2627412 -0.2138366
v 0.01905684 -0.3198957 -0.1766973
v 0.1986745 -0.248237 -0.1739051
v 0.122254 -0.06407581 0.01576621
v -0.05736427 -0.1357348 0.01297393
v -0.06930394 -0.1033349 -0.05048918
v 0.1103143 -0.03167591 -0.0476969
v 0.1390218 0.1785841 0.1237702
v 0.1830789 0.1961607 0.124455
v 0.2180581 0.1195735 -0.1601459
v 0.174001 0.1019968 -0.1608306
v 0.1308965 0.199205 0.1172222
v 0.1658758 0.1226176 -0.1673786
v 0.2099329 0.1401942 -0.1666939
v 0.1749542 0.2167818 0.117907
v 0.2180581 0.1195735 -0.1601459
v 0.1830789 0.1961607 0.124455
v 0.1749542 0.2167818 0.117907
v 0.2099329 0.1401942 -0.1666939
v 0.174001 0.1019968 -0.1608306
v 0.2180581 0.1195735 -0.1601459
v 0.2099329 0.1401942 -0.1666939
v 0.1658758 0.1226176 -0.1673786
v 0.1830789 0.1961607 0.124455
v 0.1390218 0.1785841 0.1237702
v 0.1308965 0.199205 0.1172222
v 0.1749542 0.2167818 0.117907
v 0.1364256 0.215111 0.02736429
v 0.153662 0.1746339 0.04164434
v 0.1773851 0.184098 0.04201277
v 0.1624081 0.2254768 0.02776839
v 0.1330142 0.2204009 0.02679036
v 0.1364256 0.215111 0.02736429
v 0.1624081 0.2254768 0.02776839
v 0.161256 0.2316678 0.02722892
v 0.1328733 0.2208583 0.0241128
v 0.1611156 0.2321254 0.02455145
v 0.1607026 0.2301054 0.01870197
v 0.13472 0.2197397 0.01829849
v 0.1328733 0.2208583 0.0241128
v 0.1330142 0.2204009 0.02679036
v 0.161256 0.2316678 0.02722892
v 0.1611156 0.2321254 0.02455145
v 0.1611156 0.2321254 0.02455145
v 0.161256 0.2316678 0.02722892
v 0.1544115 0.2449217 0.04311704
v 0.1518559 0.2520084 0.02567403
v 0.1607026 0.2301054 0.01870197
v 0.1611156 0.2321254 0.02455145
v 0.1518559 0.2520084 0.02567403
v 0.1530048 0.2496409 0.01249909
v 0.1667675 0.2195082 -0.09947528
v 0.1744646 0.1999726 -0.09327188
v 0.168772 0.2149702 -0.111961
v 0.1763112 0.198854 -0.09908625
v 0.153662 0.1746339 0.04164434
v 0.1334177 0.2218463 0.04801496
v 0.1513682 0.179656 0.06030653
v 0.1364256 0.215111 0.02736429
v 0.1295588 0.2350066 0.04273053
v 0.1330142 0.2204009 0.02679036
v 0.1328733 0.2208583 0.0241128
v 0.1270223 0.2392751 0.012095
v 0.1258734 0.2416426 0.02526994
v 0.13472 0.2197397 0.01829849
v 0.1484821 0.1896068 -0.09367597
v 0.1407849 0.2091425 -0.09987938
v 0.1480691 0.1875868 -0.09952545
v 0.1427895 0.2046044 -0.1123651
v 0.161256 0.2316678 0.02722892
v 0.1594002 0.2322122 0.04841901
v 0.1544115 0.2449217 0.04311704
v 0.1624081 0.2254768 0.02776839
v 0.1750917 0.1891205 0.06067559
v 0.1773851 0.184098 0.04201277
v 0.1330142 0.2204009 0.02679036
v 0.1328733 0.2208583 0.0241128
v 0.1258734 0.2416426 0.02526994
v 0.1295588 0.2350066 0.04273053
v 0.1519078 0.1812117 -0.0986064
v 0.1778905 0.1915773 -0.09820286
v 0.1931544 0.1495711 -0.08629089
v 0.1694315 0.1401067 -0.08665982
v 0.1487838 0.1858736 -0.1015138
v 0.1770253 0.1971407 -0.1010747
v 0.1778905 0.1915773 -0.09820286
v 0.1519078 0.1812117 -0.0986064
v 0.1480691 0.1875868 -0.09952545
v 0.1484821 0.1896068 -0.09367597
v 0.1744646 0.1999726 -0.09327188
v 0.1763112 0.198854 -0.09908625
v 0.1480691 0.1875868 -0.09952545
v 0.1763112 0.198854 -0.09908625
v 0.1770253 0.1971407 -0.1010747
v 0.1487838 0.1858736 -0.1015138
v 0.1763112 0.198854 -0.09908625
v 0.168772 0.2149702 -0.111961
v 0.1747686 0.2003505 -0.1225115
v 0.1770253 0.1971407 -0.1010747
v 0.1694315 0.1401067 -0.08665982
v 0.1717253 0.1350847 -0.105322
v 0.1540607 0.1766471 -0.1199461
v 0.1519078 0.1812117 -0.0986064
v 0.1499159 0.1904354 -0.1228981
v 0.1487838 0.1858736 -0.1015138
v 0.1770253 0.1971407 -0.1010747
v 0.1747686 0.2003505 -0.1225115
v 0.1800433 0.1870128 -0.1195427
v 0.1778905 0.1915773 -0.09820286
v 0.1954482 0.1445491 -0.1049531
v 0.1931544 0.1495711 -0.08629089
v 0.1487838 0.1858736 -0.1015138
v 0.1499159 0.1904354 -0.1228981
v 0.1427895 0.2046044 -0.1123651
v 0.1480691 0.1875868 -0.09952545
v 0.1407849 0.2091425 -0.09987938
v 0.1667675 0.2195082 -0.09947528
v 0.1530048 0.2496409 0.01249909
v 0.1270223 0.2392751 0.012095
v -0.1655509 -0.1222655 -0.02931682
v -0.1836253 -0.1294765 -0.02959803
v -0.1930868 -0.1087601 0.04738441
v -0.1750122 -0.1015493 0.04766506
v -0.2272978 -0.02193554 0.01981405
v -0.1930868 -0.1087601 0.04738441
v -0.1836253 -0.1294765 -0.02959803
v -0.2178364 -0.0426519 -0.05716839
v -0.1997614 -0.03544071 -0.05688709
v -0.1836253 -0.1294765 -0.02959803
v -0.1655509 -0.1222655 -0.02931682
v -0.2178364 -0.0426519 -0.05716839
v -0.1717369 -0.0003980356 -0.06287314
v -0.1636123 -0.0210191 -0.05632517
v -0.289223 -0.04726923 -0.06469937
v -0.2810979 -0.06788993 -0.05815138
v -0.1655509 -0.1222655 -0.02931682
v -0.1750122 -0.1015493 0.04766506
v -0.2092233 -0.01472459 0.02009526
v -0.1997614 -0.03544071 -0.05688709
v -0.1811989 0.02031809 0.01410922
v -0.2905599 -0.04717381 0.01883098
v -0.2986846 -0.02655275 0.01228301
v -0.2272978 -0.02193554 0.01981405
v -0.2092233 -0.01472459 0.02009526
v -0.1730738 -0.0003026093 0.02065722
v -0.1750122 -0.1015493 0.04766506
v -0.1930868 -0.1087601 0.04738441
v -0.1811989 0.02031809 0.01410922
v -0.1717369 -0.0003980356 -0.06287314
v -0.1636123 -0.0210191 -0.05632517
v -0.1730738 -0.0003026093 0.02065722
v -0.1997614 -0.03544071 -0.05688709
v -0.2092233 -0.01472459 0.02009526
v -0.1730738 -0.0003026093 0.02065722
v -0.1636123 -0.0210191 -0.05632517
v -0.2986846 -0.02655275 0.01228301
v -0.2905599 -0.04717381 0.01883098
v -0.2810979 -0.06788993 -0.05815138
v -0.289223 -0.04726923 -0.06469937
v -0.2272978 -0.02193554 0.01981405
v -0.2178364 -0.0426519 -0.05716839
v -0.2810979 -0.06788993 -0.05815138
v -0.2905599 -0.04717381 0.01883098
v -0.1717369 -0.0003980356 -0.06287314
v -0.1811989 0.02031809 0.01410922
v -0.2986846 -0.02655275 0.01228301
v -0.289223 -0.04726923 -0.06469937
v -0.2724808 -0.1215675 0.006823497
v -0.1177153 -0.05982365 0.009229265
v -0.115995 -0.06359031 -0.004767522
v -0.2707605 -0.1253342 -0.00717329
v -0.2776173 -0.1088311 0.01037558
v -0.1228518 -0.04708735 0.0127814
v -0.1177153 -0.05982365 0.009229265
v -0.2724808 -0.1215675 0.006823497
v -0.2793134 -0.1036278 -0.01406535
v -0.1245478 -0.0418841 -0.01166014
v -0.126268 -0.03811757 0.002336703
v -0.2810336 -0.0998613 -6.911791E-05
v -0.2741769 -0.1163642 -0.01761744
v -0.1194112 -0.05462053 -0.01521222
v -0.1245478 -0.0418841 -0.01166014
v -0.2793134 -0.1036278 -0.01406535
v -0.2810336 -0.0998613 -6.911791E-05
v -0.126268 -0.03811757 0.002336703
v -0.1228518 -0.04708735 0.0127814
v -0.2776173 -0.1088311 0.01037558
v -0.2707605 -0.1253342 -0.00717329
v -0.115995 -0.06359031 -0.004767522
v -0.1194112 -0.05462053 -0.01521222
v -0.2741769 -0.1163642 -0.01761744
v -0.2776173 -0.1088311 0.01037558
v -0.2793134 -0.1036278 -0.01406535
v -0.2810336 -0.0998613 -6.911791E-05
v -0.2741769 -0.1163642 -0.01761744
v -0.2724808 -0.1215675 0.006823497
v -0.2707605 -0.1253342 -0.00717329
v -0.2593729 0.1101833 -0.04378401
v -0.3166623 0.1626827 -0.06495306
v -0.2618499 0.1330577 -0.05024378
v -0.3250863 0.1442511 -0.06102806
v -0.2679508 0.09545798 -0.04087529
v -0.3228522 0.1087206 -0.05119225
v -0.3129205 0.05365493 -0.03515301
v -0.2584466 0.04147765 -0.0251806
v -0.2568248 0.02077398 -0.01940995
v -0.2987763 0.007805299 -0.02107587
v -0.2450366 0.004126458 -0.01348098
v -0.2411559 -0.01567577 -0.007674746
v -0.2840832 -0.03280165 -0.008341914
v -0.2578358 0.124269 -0.08290276
v -0.2618499 0.1330577 -0.05024378
v -0.3166623 0.1626827 -0.06495306
v -0.3126482 0.153894 -0.09761203
v -0.2553589 0.1013947 -0.07644304
v -0.2593729 0.1101833 -0.04378401
v -0.2618499 0.1330577 -0.05024378
v -0.2578358 0.124269 -0.08290276
v -0.3210726 0.135462 -0.09368768
v -0.2578358 0.124269 -0.08290276
v -0.3126482 0.153894 -0.09761203
v -0.2553589 0.1013947 -0.07644304
v -0.3188381 0.09993196 -0.08385123
v -0.2639368 0.08666942 -0.07353431
v -0.3089063 0.04486624 -0.06781198
v -0.2544325 0.03268896 -0.05783958
v -0.2947622 -0.0009833907 -0.05373485
v -0.2528107 0.01198542 -0.05206898
v -0.2410225 -0.004662232 -0.04613995
v -0.2800689 -0.04159051 -0.04100145
v -0.2371418 -0.02446447 -0.04033372
v -0.3250863 0.1442511 -0.06102806
v -0.3210726 0.135462 -0.09368768
v -0.3126482 0.153894 -0.09761203
v -0.3166623 0.1626827 -0.06495306
v -0.2410225 -0.004662232 -0.04613995
v -0.2450366 0.004126458 -0.01348098
v -0.2568248 0.02077398 -0.01940995
v -0.2528107 0.01198542 -0.05206898
v -0.3228522 0.1087206 -0.05119225
v -0.3188381 0.09993196 -0.08385123
v -0.3210726 0.135462 -0.09368768
v -0.3250863 0.1442511 -0.06102806
v -0.2639368 0.08666942 -0.07353431
v -0.2679508 0.09545798 -0.04087529
v -0.2593729 0.1101833 -0.04378401
v -0.2553589 0.1013947 -0.07644304
v -0.1799489 3.653855E-05 -0.05131464
v -0.1865428 0.01447532 0.002339649
v -0.1779975 0.03923506 -0.00327309
v -0.1714031 0.02479652 -0.0569273
v -0.1865428 0.01447532 0.002339649
v -0.2242352 -0.002417379 -0.004089363
v -0.2019455 0.05708269 -0.01609343
v -0.1779975 0.03923506 -0.00327309
v -0.1964978 0.04515542 -0.06041625
v -0.1714031 0.02479652 -0.0569273
v -0.04939827 0.07347034 -0.05503087
v -0.05910552 0.1012239 -0.05861885
v 0.1776274 0.1586469 -0.1629452
v 0.1873223 0.1341423 -0.1576964
v 0.20124 0.1504561 -0.1235896
v 0.1895726 0.1734314 -0.1312064
v -0.05910552 0.1012239 -0.05861885
v -0.04939827 0.07347034 -0.05503087
v 0.1873223 0.1341423 -0.1576964
v 0.1776274 0.1586469 -0.1629452
v -0.03218353 0.1215267 -0.03667265
v 0.165202 0.2267914 0.06708071
v 0.1455157 0.2289565 0.09832755
v -0.06455286 0.1131516 -0.01429538
v -0.05599274 0.08790889 -0.001376665
v 0.1546369 0.2057075 0.1082423
v 0.1768693 0.2038162 0.07469806
v -0.01315704 0.09646347 -0.02758918
v 0.1455157 0.2289565 0.09832755
v 0.165202 0.2267914 0.06708071
v 0.1768693 0.2038162 0.07469806
v 0.1546369 0.2057075 0.1082423
v -0.06455286 0.1131516 -0.01429538
v 0.1455157 0.2289565 0.09832755
v 0.1546369 0.2057075 0.1082423
v -0.05599274 0.08790889 -0.001376665
v -0.01315704 0.09646347 -0.02758918
v 0.1768693 0.2038162 0.07469806
v 0.165202 0.2267914 0.06708071
v -0.03218353 0.1215267 -0.03667265
v -0.03218353 0.1215267 -0.03667265
v -0.05910552 0.1012239 -0.05861885
v 0.1776274 0.1586469 -0.1629452
v 0.1895726 0.1734314 -0.1312064
v -0.1714031 0.02479652 -0.0569273
v -0.1779975 0.03923506 -0.00327309
v -0.05599274 0.08790889 -0.001376665
v -0.04939827 0.07347034 -0.05503087
v -0.01315704 0.09646347 -0.02758918
v -0.04939827 0.07347034 -0.05503087
v -0.01315704 0.09646347 -0.02758918
v 0.20124 0.1504561 -0.1235896
v 0.1873223 0.1341423 -0.1576964
v -0.01315704 0.09646347 -0.02758918
v -0.03218353 0.1215267 -0.03667265
v 0.1895726 0.1734314 -0.1312064
v 0.20124 0.1504561 -0.1235896
v 0.9009943 0.2514269 0.04306285
v 0.203986 -0.02664482 0.03222886
v 0.1994129 -0.01573865 0.04649059
v 0.8964218 0.2623333 0.05732466
v 0.8964218 0.2623333 0.05732466
v 0.1994129 -0.01573865 0.04649059
v 0.1925664 0.001339033 0.04866391
v 0.8895746 0.2794109 0.05949846
v 0.8895746 0.2794109 0.05949846
v 0.1925664 0.001339033 0.04866391
v 0.1874395 0.01464999 0.03684093
v 0.8844476 0.2927219 0.04767548
v 0.8844476 0.2927219 0.04767548
v 0.1874395 0.01464999 0.03684093
v 0.1868805 0.01676747 0.01844368
v 0.8838888 0.2948392 0.02927767
v 0.8838888 0.2948392 0.02927767
v 0.1868805 0.01676747 0.01844368
v 0.1914535 0.005861436 0.004181899
v 0.8884618 0.2839331 0.01501589
v 0.8884618 0.2839331 0.01501589
v 0.1914535 0.005861436 0.004181899
v 0.1983007 -0.01121618 0.002008099
v 0.895309 0.2668555 0.0128427
v 0.9004359 0.2535446 0.02466569
v 0.2034272 -0.02452751 0.01383105
v 0.203986 -0.02664482 0.03222886
v 0.9009943 0.2514269 0.04306285
v 0.895309 0.2668555 0.0128427
v 0.1983007 -0.01121618 0.002008099
v 0.2034272 -0.02452751 0.01383105
v 0.9004359 0.2535446 0.02466569
v 0.8719977 0.3213224 0.1145572
v 0.1749893 0.04325074 0.1037232
v 0.1682882 0.0601582 0.1008865
v 0.8652964 0.3382301 0.1117211
v 0.8652964 0.3382301 0.1117211
v 0.1682882 0.0601582 0.1008865
v 0.1644468 0.07035682 0.08625319
v 0.861455 0.3484287 0.09708773
v 0.861455 0.3484287 0.09708773
v 0.1644468 0.07035682 0.08625319
v 0.1657417 0.06781931 0.06806829
v 0.86275 0.345891 0.07890227
v 0.86275 0.345891 0.07890227
v 0.1657417 0.06781931 0.06806829
v 0.1713108 0.05428493 0.05717324
v 0.8683191 0.3323566 0.06800724
v 0.8683191 0.3323566 0.06800724
v 0.1713108 0.05428493 0.05717324
v 0.1780118 0.0373776 0.06000991
v 0.8750201 0.3154493 0.0708439
v 0.8750201 0.3154493 0.0708439
v 0.1780118 0.0373776 0.06000991
v 0.1818534 0.02717881 0.07464267
v 0.8788616 0.3052506 0.08547727
v 0.8775667 0.3077882 0.1036621
v 0.1805584 0.02971649 0.09282813
v 0.1749893 0.04325074 0.1037232
v 0.8719977 0.3213224 0.1145572
v 0.8788616 0.3052506 0.08547727
v 0.1818534 0.02717881 0.07464267
v 0.1805584 0.02971649 0.09282813
v 0.8775667 0.3077882 0.1036621
v 0.8932142 0.2748679 -0.05806929
v 0.196206 -0.003204002 -0.06890383
v 0.1983346 -0.009205063 -0.0518053
v 0.8953428 0.2688668 -0.04097076
v 0.8953428 0.2688668 -0.04097076
v 0.1983346 -0.009205063 -0.0518053
v 0.195329 -0.002326233 -0.03499874
v 0.8923371 0.2757456 -0.02416419
v 0.8923371 0.2757456 -0.02416419
v 0.195329 -0.002326233 -0.03499874
v 0.188907 0.01352241 -0.02863627
v 0.8859153 0.2915941 -0.01780228
v 0.8859153 0.2915941 -0.01780228
v 0.188907 0.01352241 -0.02863627
v 0.1827791 0.0291741 -0.03613903
v 0.8797877 0.3072462 -0.0253044
v 0.8797877 0.3072462 -0.0253044
v 0.1827791 0.0291741 -0.03613903
v 0.1806509 0.03517556 -0.05323692
v 0.8776592 0.3132473 -0.04240293
v 0.8776592 0.3132473 -0.04240293
v 0.1806509 0.03517556 -0.05323692
v 0.1836567 0.02829656 -0.07004404
v 0.8806648 0.3063684 -0.05920949
v 0.8870866 0.29052 -0.06557141
v 0.1900785 0.01244809 -0.07640596
v 0.196206 -0.003204002 -0.06890383
v 0.8932142 0.2748679 -0.05806929
v 0.8806648 0.3063684 -0.05920949
v 0.1836567 0.02829656 -0.07004404
v 0.1900785 0.01244809 -0.07640596
v 0.8870866 0.29052 -0.06557141
v 0.8352208 0.4146591 0.0849194
v 0.1382125 0.1365874 0.07408541
v 0.1360839 0.1425885 0.05698688
v 0.8330922 0.4206602 0.06782087
v 0.8330922 0.4206602 0.06782087
v 0.1360839 0.1425885 0.05698688
v 0.1390895 0.1357097 0.04018031
v 0.8360978 0.4137813 0.0510143
v 0.8360978 0.4137813 0.0510143
v 0.1390895 0.1357097 0.04018031
v 0.1455116 0.1198609 0.03381789
v 0.8425197 0.3979327 0.04465244
v 0.8425197 0.3979327 0.04465244
v 0.1455116 0.1198609 0.03381789
v 0.1516396 0.1042091 0.04132004
v 0.8486478 0.382281 0.05215459
v 0.8486478 0.382281 0.05215459
v 0.1516396 0.1042091 0.04132004
v 0.1537681 0.09820809 0.05841858
v 0.8507763 0.37628 0.06925312
v 0.8507763 0.37628 0.06925312
v 0.1537681 0.09820809 0.05841858
v 0.1507626 0.1050868 0.07522519
v 0.8477708 0.3831587 0.08605974
v 0.8413489 0.3990073 0.0924216
v 0.1443405 0.1209356 0.08158761
v 0.1382125 0.1365874 0.07408541
v 0.8352208 0.4146591 0.0849194
v 0.8477708 0.3831587 0.08605974
v 0.1507626 0.1050868 0.07522519
v 0.1443405 0.1209356 0.08158761
v 0.8413489 0.3990073 0.0924216
v 0.8564379 0.3682047 -0.08770698
v 0.1594292 0.09013255 -0.0985416
v 0.1661308 0.07322545 -0.09570485
v 0.8631392 0.3512971 -0.08487086
v 0.8631392 0.3512971 -0.08487086
v 0.1661308 0.07322545 -0.09570485
v 0.1699719 0.06302629 -0.08107212
v 0.8669806 0.3410984 -0.07023749
v 0.8669806 0.3410984 -0.07023749
v 0.1699719 0.06302629 -0.08107212
v 0.1686768 0.06556411 -0.06288671
v 0.8656855 0.3436362 -0.05205208
v 0.8656855 0.3436362 -0.05205208
v 0.1686768 0.06556411 -0.06288671
v 0.1631078 0.07909835 -0.05199162
v 0.8601165 0.3571705 -0.04115699
v 0.8601165 0.3571705 -0.04115699
v 0.1631078 0.07909835 -0.05199162
v 0.1564067 0.09600582 -0.05482834
v 0.8534148 0.3740777 -0.04399379
v 0.8534148 0.3740777 -0.04399379
v 0.1564067 0.09600582 -0.05482834
v 0.1525651 0.1062046 -0.0694611
v 0.8495734 0.3842763 -0.05862711
v 0.8508688 0.381739 -0.07681193
v 0.1538607 0.1036672 -0.08764648
v 0.1594292 0.09013255 -0.0985416
v 0.8564379 0.3682047 -0.08770698
v 0.8495734 0.3842763 -0.05862711
v 0.1525651 0.1062046 -0.0694611
v 0.1538607 0.1036672 -0.08764648
v 0.8508688 0.381739 -0.07681193
v 0.8274407 0.4381001 -0.01621274
v 0.1304325 0.1600282 -0.02704729
v 0.1350056 0.1491221 -0.04130901
v 0.8320137 0.4271939 -0.03047447
v 0.8320137 0.4271939 -0.03047447
v 0.1350056 0.1491221 -0.04130901
v 0.1418526 0.1320446 -0.04348226
v 0.8388609 0.4101163 -0.03264827
v 0.8388609 0.4101163 -0.03264827
v 0.1418526 0.1320446 -0.04348226
v 0.146979 0.1187334 -0.03165936
v 0.8439879 0.3968053 -0.02082528
v 0.8439879 0.3968053 -0.02082528
v 0.146979 0.1187334 -0.03165936
v 0.147538 0.1166159 -0.01326211
v 0.8445461 0.3946878 -0.002427563
v 0.8445461 0.3946878 -0.002427563
v 0.147538 0.1166159 -0.01326211
v 0.1429655 0.1275222 0.0009997566
v 0.8399737 0.4055941 0.0118343
v 0.8399737 0.4055941 0.0118343
v 0.1429655 0.1275222 0.0009997566
v 0.1361183 0.1445998 0.003173557
v 0.8331266 0.4226715 0.01400755
v 0.8279997 0.4359826 0.002184507
v 0.1309915 0.1579108 -0.008650039
v 0.1304325 0.1600282 -0.02704729
v 0.8274407 0.4381001 -0.01621274
v 0.8331266 0.4226715 0.01400755
v 0.1361183 0.1445998 0.003173557
v 0.1309915 0.1579108 -0.008650039
v 0.8279997 0.4359826 0.002184507
v 0.2368889 0.06474693 -0.1329296
v 0.1984801 0.04942385 -0.133526
v 0.212016 0.01472042 -0.113644
v 0.2504252 0.0300439 -0.1130469
v 0.2096636 0.133893 -0.1561515
v 0.1701252 0.1181191 -0.1567661
v 0.1984801 0.04942385 -0.133526
v 0.2368889 0.06474693 -0.1329296
v 0.1662544 0.1265938 -0.1252736
v 0.2057928 0.1423678 -0.124659
v 0.2328776 0.07367948 -0.104114
v 0.1933391 0.05790555 -0.1047286
v 0.2057928 0.1423678 -0.124659
v 0.2096636 0.133893 -0.1561515
v 0.2368889 0.06474693 -0.1329296
v 0.2328776 0.07367948 -0.104114
v 0.2328776 0.07367948 -0.104114
v 0.2504252 0.0300439 -0.1130469
v 0.2445623 0.0437749 -0.08828774
v 0.1701252 0.1181191 -0.1567661
v 0.1662544 0.1265938 -0.1252736
v 0.1933391 0.05790555 -0.1047286
v 0.1984801 0.04942385 -0.133526
v 0.1933391 0.05790555 -0.1047286
v 0.2061531 0.02845155 -0.08888485
v 0.212016 0.01472042 -0.113644
v 0.2548105 0.01686546 -0.05695377
v 0.2636622 -0.004750228 -0.0716133
v 0.2690492 -0.02026919 -0.01984093
v 0.2587812 0.005490991 -0.02042422
v 0.2445623 0.0437749 -0.08828774
v 0.2636622 -0.004750228 -0.0716133
v 0.2504252 0.0300439 -0.1130469
v 0.2587812 0.005490991 -0.02042422
v 0.2633098 -0.008001423 0.03450241
v 0.2550317 0.01632625 0.02693825
v 0.2473125 0.03060142 0.07288741
v 0.2633098 -0.008001423 0.03450241
v 0.2558602 0.008607896 0.08746749
v 0.2358877 0.058298 0.09701055
v 0.2473125 0.03060142 0.07288741
v 0.2398651 0.0473545 0.1220089
v 0.2204782 0.09650718 0.1076669
v 0.2398651 0.0473545 0.1220089
v 0.2197466 0.09721459 0.136562
v 0.1933391 0.05790555 -0.1047286
v 0.2328776 0.07367948 -0.104114
v 0.2445623 0.0437749 -0.08828774
v 0.2061531 0.02845155 -0.08888485
v 0.2295107 -0.03604312 -0.02045549
v 0.2192422 -0.01028317 -0.02103886
v 0.2143635 0.0001016388 0.02630611
v 0.2237713 -0.02377535 0.03388785
v 0.2241238 -0.02052415 -0.07222787
v 0.2192422 -0.01028317 -0.02103886
v 0.2164018 0.001542218 -0.05755075
v 0.212016 0.01472042 -0.113644
v 0.2061531 0.02845155 -0.08888485
v 0.2241238 -0.02052415 -0.07222787
v 0.2163218 -0.007166029 0.08685294
v 0.2237713 -0.02377535 0.03388785
v 0.207774 0.01482763 0.0722728
v 0.2003266 0.03158057 0.1213944
v 0.207774 0.01482763 0.0722728
v 0.1974791 0.04297489 0.09641352
v 0.1813379 0.08189148 0.1359649
v 0.2003266 0.03158057 0.1213944
v 0.1820696 0.08118393 0.1070699
v 0.2636622 -0.004750228 -0.0716133
v 0.2241238 -0.02052415 -0.07222787
v 0.2295107 -0.03604312 -0.02045549
v 0.2690492 -0.02026919 -0.01984093
v 0.2164018 0.001542218 -0.05755075
v 0.2548105 0.01686546 -0.05695377
v 0.2587812 0.005490991 -0.02042422
v 0.2192422 -0.01028317 -0.02103886
v 0.2690492 -0.02026919 -0.01984093
v 0.2295107 -0.03604312 -0.02045549
v 0.2237713 -0.02377535 0.03388785
v 0.2633098 -0.008001423 0.03450241
v 0.2192422 -0.01028317 -0.02103886
v 0.2587812 0.005490991 -0.02042422
v 0.2550317 0.01632625 0.02693825
v 0.2143635 0.0001016388 0.02630611
v 0.2061531 0.02845155 -0.08888485
v 0.2445623 0.0437749 -0.08828774
v 0.2548105 0.01686546 -0.05695377
v 0.2164018 0.001542218 -0.05755075
v 0.2504252 0.0300439 -0.1130469
v 0.212016 0.01472042 -0.113644
v 0.2241238 -0.02052415 -0.07222787
v 0.2636622 -0.004750228 -0.0716133
v 0.2040602 0.1366261 0.1341756
v 0.2197466 0.09721459 0.136562
v 0.1813379 0.08189148 0.1359649
v 0.1656515 0.121303 0.1335786
v 0.1766918 0.206086 0.1121196
v 0.2040602 0.1366261 0.1341756
v 0.1656515 0.121303 0.1335786
v 0.1371528 0.190312 0.1115049
v 0.1410236 0.1818373 0.08001246
v 0.1678211 0.1137767 0.1028904
v 0.2073596 0.1295505 0.103505
v 0.180562 0.1976112 0.08062702
v 0.180562 0.1976112 0.08062702
v 0.2073596 0.1295505 0.103505
v 0.2040602 0.1366261 0.1341756
v 0.1766918 0.206086 0.1121196
v 0.2073596 0.1295505 0.103505
v 0.2197466 0.09721459 0.136562
v 0.2204782 0.09650718 0.1076669
v 0.1371528 0.190312 0.1115049
v 0.1678211 0.1137767 0.1028904
v 0.1410236 0.1818373 0.08001246
v 0.1656515 0.121303 0.1335786
v 0.1813379 0.08189148 0.1359649
v 0.1820696 0.08118393 0.1070699
v 0.1678211 0.1137767 0.1028904
v 0.1678211 0.1137767 0.1028904
v 0.1820696 0.08118393 0.1070699
v 0.2204782 0.09650718 0.1076669
v 0.2073596 0.1295505 0.103505
v 0.2398651 0.0473545 0.1220089
v 0.2558602 0.008607896 0.08746749
v 0.2163218 -0.007166029 0.08685294
v 0.2003266 0.03158057 0.1213944
v 0.1974791 0.04297489 0.09641352
v 0.207774 0.01482763 0.0722728
v 0.2473125 0.03060142 0.07288741
v 0.2358877 0.058298 0.09701055
v 0.1820696 0.08118393 0.1070699
v 0.1974791 0.04297489 0.09641352
v 0.2358877 0.058298 0.09701055
v 0.2204782 0.09650718 0.1076669
v 0.2197466 0.09721459 0.136562
v 0.2398651 0.0473545 0.1220089
v 0.2003266 0.03158057 0.1213944
v 0.1813379 0.08189148 0.1359649
v 0.207774 0.01482763 0.0722728
v 0.2143635 0.0001016388 0.02630611
v 0.2550317 0.01632625 0.02693825
v 0.2473125 0.03060142 0.07288741
v 0.2558602 0.008607896 0.08746749
v 0.2633098 -0.008001423 0.03450241
v 0.2237713 -0.02377535 0.03388785
v 0.2163218 -0.007166029 0.08685294
v 0.152028 0.1477221 0.07912921
v 0.1113603 0.1314977 0.07849716
v 0.1019791 0.1569548 0.02863303
v 0.1426473 0.1731794 0.02926517
v 0.1960706 0.04443797 -0.1033058
v 0.1554023 0.02821336 -0.1039379
v 0.1733532 -0.0179442 -0.07408792
v 0.2140215 -0.00171959 -0.07345577
v 0.2219398 -0.02576187 0.03419734
v 0.1812715 -0.04198648 0.03356519
v 0.1695456 -0.01452418 0.08308402
v 0.2102139 0.001700425 0.08371616
v 0.1699796 0.1015647 0.1089787
v 0.1293113 0.08534012 0.1083465
v 0.1113603 0.1314977 0.07849716
v 0.152028 0.1477221 0.07912921
v 0.1746784 0.09812865 -0.1051616
v 0.1340102 0.08190404 -0.1057938
v 0.1554023 0.02821336 -0.1039379
v 0.1960706 0.04443797 -0.1033058
v 0.2234023 -0.0271769 -0.02359234
v 0.182734 -0.04340151 -0.02422448
v 0.1812715 -0.04198648 0.03356519
v 0.2219398 -0.02576187 0.03419734
v 0.191371 0.04787399 0.110835
v 0.1507028 0.03164938 0.1102029
v 0.1293113 0.08534012 0.1083465
v 0.1699796 0.1015647 0.1089787
v 0.1558358 0.1443019 -0.07804328
v 0.1151675 0.1280773 -0.07867543
v 0.1340102 0.08190404 -0.1057938
v 0.1746784 0.09812865 -0.1051616
v 0.1426473 0.1731794 0.02926517
v 0.1019791 0.1569548 0.02863303
v 0.1034415 0.1555397 -0.02915665
v 0.1441098 0.1717643 -0.02852451
v 0.2140215 -0.00171959 -0.07345577
v 0.1733532 -0.0179442 -0.07408792
v 0.182734 -0.04340151 -0.02422448
v 0.2234023 -0.0271769 -0.02359234
v 0.2102139 0.001700425 0.08371616
v 0.1695456 -0.01452418 0.08308402
v 0.1507028 0.03164938 0.1102029
v 0.191371 0.04787399 0.110835
v 0.1441098 0.1717643 -0.02852451
v 0.1034415 0.1555397 -0.02915665
v 0.1151675 0.1280773 -0.07867543
v 0.1558358 0.1443019 -0.07804328
v -0.2528107 0.01198542 -0.05206898
v -0.2568248 0.02077398 -0.01940995
v -0.2584466 0.04147765 -0.0251806
v -0.2544325 0.03268896 -0.05783958
v -0.2371418 -0.02446447 -0.04033372
v -0.2411559 -0.01567577 -0.007674746
v -0.2450366 0.004126458 -0.01348098
v -0.2410225 -0.004662232 -0.04613995
v -0.2544325 0.03268896 -0.05783958
v -0.2584466 0.04147765 -0.0251806
v -0.2679508 0.09545798 -0.04087529
v -0.2639368 0.08666942 -0.07353431
v -0.3129205 0.05365493 -0.03515301
v -0.3089063 0.04486624 -0.06781198
v -0.3188381 0.09993196 -0.08385123
v -0.3228522 0.1087206 -0.05119225
v -0.2987763 0.007805299 -0.02107587
v -0.2947622 -0.0009833907 -0.05373485
v -0.3089063 0.04486624 -0.06781198
v -0.3129205 0.05365493 -0.03515301
v -0.2840832 -0.03280165 -0.008341914
v -0.2800689 -0.04159051 -0.04100145
v -0.2947622 -0.0009833907 -0.05373485
v -0.2987763 0.007805299 -0.02107587
v -0.2242352 -0.002417379 -0.004089363
v -0.2190744 -0.01371722 -0.04607978
v -0.1964978 0.04515542 -0.06041625
v -0.2019455 0.05708269 -0.01609343
v -0.2190744 -0.01371722 -0.04607978
v -0.1799489 3.653855E-05 -0.05131464
v -0.1714031 0.02479652 -0.0569273
v -0.1964978 0.04515542 -0.06041625
v -0.2019455 0.05708269 -0.01609343
v -0.1964978 0.04515542 -0.06041625
v -0.05910552 0.1012239 -0.05861885
v -0.06455286 0.1131516 -0.01429538
v -0.1779975 0.03923506 -0.00327309
v -0.2019455 0.05708269 -0.01609343
v -0.06455286 0.1131516 -0.01429538
v -0.05599274 0.08790889 -0.001376665
v 0.8724429 0.3602052 0.09907429
v 0.8738834 0.3574972 0.07587884
v 0.8848439 0.3326986 0.09151083
v 0.8813093 0.3394515 0.06135216
v 0.8848439 0.3326986 0.09151083
v 0.8902917 0.3168038 0.06474574
v 0.8949861 0.3042906 0.08391174
v 0.8848439 0.3326986 0.09151083
v 0.8934017 0.3073124 0.1082736
v 0.8771371 0.3476922 0.1182408
v 0.8848439 0.3326986 0.09151083
v 0.8861197 0.3250442 0.1216339
v 0.829515 0.3430791 0.09840704
v 0.839657 0.3146713 0.0908085
v 0.8309561 0.3403713 0.07521167
v 0.839657 0.3146713 0.0908085
v 0.8383814 0.3223255 0.06068486
v 0.8473644 0.2996779 0.06407857
v 0.839657 0.3146713 0.0908085
v 0.8520582 0.2871645 0.08324449
v 0.8504744 0.2901865 0.1076064
v 0.8342093 0.3305661 0.1175736
v 0.839657 0.3146713 0.0908085
v 0.8431925 0.3079183 0.1209667
v 0.8546667 0.4079165 0.01808906
v 0.8117394 0.3907906 0.0174219
v 0.8028949 0.4128373 0.02054979
v 0.8458223 0.4299631 0.02121702
v 0.9008806 0.292427 0.009182722
v 0.8579534 0.2753011 0.008515554
v 0.8667971 0.2532543 0.005387518
v 0.909725 0.2703804 0.00605477
v 0.8694277 0.3752991 -0.09436268
v 0.8265004 0.3581733 -0.09502991
v 0.8354828 0.3355255 -0.09163628
v 0.8784108 0.3526515 -0.09096897
v 0.8994666 0.2967152 -0.009903653
v 0.8565387 0.2795891 -0.0105709
v 0.8484164 0.3003536 -0.02096293
v 0.8913442 0.3174797 -0.02029567
v 0.8458223 0.4299631 0.02121702
v 0.8028949 0.4128373 0.02054979
v 0.7963446 0.4298617 0.005015003
v 0.8392718 0.4469876 0.005682171
v 0.909725 0.2703804 0.00605477
v 0.8667971 0.2532543 0.005387518
v 0.8733482 0.23623 0.02092184
v 0.9162756 0.2533558 0.02158901
v 0.8784108 0.3526515 -0.09096897
v 0.8354828 0.3355255 -0.09163628
v 0.8401772 0.3230124 -0.07247028
v 0.8831046 0.3401382 -0.07180311
v 0.8913442 0.3174797 -0.02029567
v 0.8484164 0.3003536 -0.02096293
v 0.8454349 0.3086692 -0.04259413
v 0.8883628 0.3257952 -0.04192683
v 0.8392718 0.4469876 0.005682171
v 0.7963446 0.4298617 0.005015003
v 0.7955036 0.4328942 -0.0187368
v 0.8384308 0.4500201 -0.01806963
v 0.9162756 0.2533558 0.02158901
v 0.8733482 0.23623 0.02092184
v 0.8741886 0.2331972 0.04467417
v 0.9171165 0.2503234 0.04534142
v 0.8831046 0.3401382 -0.07180311
v 0.8401772 0.3230124 -0.07247028
v 0.8385929 0.3260341 -0.04810841
v 0.8815207 0.3431601 -0.04744111
v 0.8883628 0.3257952 -0.04192683
v 0.8454349 0.3086692 -0.04259413
v 0.8495851 0.2991355 -0.06488859
v 0.8925129 0.3162616 -0.06422134
v 0.8861197 0.3250442 0.1216339
v 0.8431925 0.3079183 0.1209667
v 0.8342093 0.3305661 0.1175736
v 0.8771371 0.3476922 0.1182408
v 0.8815207 0.3431601 -0.04744111
v 0.8385929 0.3260341 -0.04810841
v 0.8313109 0.3437659 -0.0347481
v 0.8742387 0.360892 -0.03408085
v 0.8925129 0.3162616 -0.06422134
v 0.8495851 0.2991355 -0.06488859
v 0.8577198 0.2790893 -0.07371566
v 0.9006476 0.2962154 -0.07304841
v 0.8771371 0.3476922 0.1182408
v 0.8342093 0.3305661 0.1175736
v 0.829515 0.3430791 0.09840704
v 0.8724429 0.3602052 0.09907429
v 0.8742387 0.360892 -0.03408085
v 0.8313109 0.3437659 -0.0347481
v 0.8223283 0.366414 -0.03814118
v 0.8652556 0.3835398 -0.03747401
v 0.9006476 0.2962154 -0.07304841
v 0.8577198 0.2790893 -0.07371566
v 0.8658429 0.2583249 -0.06332412
v 0.9087701 0.2754507 -0.06265695
v 0.8724429 0.3602052 0.09907429
v 0.829515 0.3430791 0.09840704
v 0.8309561 0.3403713 0.07521167
v 0.8738834 0.3574972 0.07587884
v 0.8652556 0.3835398 -0.03747401
v 0.8223283 0.366414 -0.03814118
v 0.8176339 0.3789271 -0.05730717
v 0.8605613 0.3960528 -0.05663995
v 0.8467773 0.4248927 0.08992812
v 0.8038499 0.4077668 0.08926095
v 0.8008685 0.4160822 0.0676298
v 0.8437958 0.4332081 0.06829697
v 0.8738834 0.3574972 0.07587884
v 0.8309561 0.3403713 0.07521167
v 0.8383814 0.3223255 0.06068486
v 0.8813093 0.3394515 0.06135216
v 0.8605613 0.3960528 -0.05663995
v 0.8176339 0.3789271 -0.05730717
v 0.8192182 0.3759053 -0.08166904
v 0.8621455 0.3930312 -0.08100187
v 0.8437958 0.4332081 0.06829697
v 0.8008685 0.4160822 0.0676298
v 0.8050185 0.4065487 0.0453359
v 0.8479458 0.4236746 0.04600307
v 0.8813093 0.3394515 0.06135216
v 0.8383814 0.3223255 0.06068486
v 0.8473644 0.2996779 0.06407857
v 0.8902917 0.3168038 0.06474574
v 0.8621455 0.3930312 -0.08100187
v 0.8192182 0.3759053 -0.08166904
v 0.8265004 0.3581733 -0.09502991
v 0.8694277 0.3752991 -0.09436268
v 0.8479458 0.4236746 0.04600307
v 0.8050185 0.4065487 0.0453359
v 0.8131534 0.3865025 0.03650822
v 0.8560807 0.4036283 0.03717538
v 0.8902917 0.3168038 0.06474574
v 0.8473644 0.2996779 0.06407857
v 0.8520582 0.2871645 0.08324449
v 0.8949861 0.3042906 0.08391174
v 0.8384308 0.4500201 -0.01806963
v 0.7955036 0.4328942 -0.0187368
v 0.8015053 0.4185619 -0.03697541
v 0.8444327 0.4356878 -0.03630824
v 0.9171165 0.2503234 0.04534142
v 0.8741886 0.2331972 0.04467417
v 0.8681869 0.2475296 0.06291217
v 0.9111148 0.2646556 0.06357942
v 0.8560807 0.4036283 0.03717538
v 0.8131534 0.3865025 0.03650822
v 0.8212759 0.3657378 0.04689968
v 0.8642038 0.3828638 0.04756699
v 0.8949861 0.3042906 0.08391174
v 0.8520582 0.2871645 0.08324449
v 0.8504744 0.2901865 0.1076064
v 0.8934017 0.3073124 0.1082736
v 0.8444327 0.4356878 -0.03630824
v 0.8015053 0.4185619 -0.03697541
v 0.8103492 0.396515 -0.04010345
v 0.8532768 0.4136413 -0.03943564
v 0.9111148 0.2646556 0.06357942
v 0.8681869 0.2475296 0.06291217
v 0.8593431 0.2695764 0.0660402
v 0.9022704 0.2867022 0.06670737
v 0.8642038 0.3828638 0.04756699
v 0.8212759 0.3657378 0.04689968
v 0.8241139 0.3577363 0.06969795
v 0.8670412 0.3748622 0.07036512
v 0.8934017 0.3073124 0.1082736
v 0.8504744 0.2901865 0.1076064
v 0.8431925 0.3079183 0.1209667
v 0.8861197 0.3250442 0.1216339
v 0.8532768 0.4136413 -0.03943564
v 0.8103492 0.396515 -0.04010345
v 0.8169001 0.3794908 -0.02456852
v 0.8598275 0.3966166 -0.02390135
v 0.9022704 0.2867022 0.06670737
v 0.8593431 0.2695764 0.0660402
v 0.8527926 0.2866009 0.05050597
v 0.8957198 0.3037268 0.05117314
v 0.8670412 0.3748622 0.07036512
v 0.8241139 0.3577363 0.06969795
v 0.8201072 0.3669559 0.09082534
v 0.8630345 0.3840818 0.09149251
v 0.9087701 0.2754507 -0.06265695
v 0.8658429 0.2583249 -0.06332412
v 0.8688236 0.2500093 -0.04169248
v 0.9117515 0.2671353 -0.04102518
v 0.8598275 0.3966166 -0.02390135
v 0.8169001 0.3794908 -0.02456852
v 0.8177406 0.376458 -0.0008167994
v 0.8606683 0.3935843 -0.0001489914
v 0.8957198 0.3037268 0.05117314
v 0.8527926 0.2866009 0.05050597
v 0.8519517 0.2896334 0.02675356
v 0.8948789 0.3067593 0.02742072
v 0.8630345 0.3840818 0.09149251
v 0.8201072 0.3669559 0.09082534
v 0.8119723 0.3870023 0.09965298
v 0.8549001 0.4041284 0.1003202
v 0.9117515 0.2671353 -0.04102518
v 0.8688236 0.2500093 -0.04169248
v 0.8646742 0.259543 -0.01939845
v 0.9076015 0.2766689 -0.01873128
v 0.8606683 0.3935843 -0.0001489914
v 0.8177406 0.376458 -0.0008167994
v 0.8117394 0.3907906 0.0174219
v 0.8546667 0.4079165 0.01808906
v 0.8948789 0.3067593 0.02742072
v 0.8519517 0.2896334 0.02675356
v 0.8579534 0.2753011 0.008515554
v 0.9008806 0.292427 0.009182722
v 0.8549001 0.4041284 0.1003202
v 0.8119723 0.3870023 0.09965298
v 0.8038499 0.4077668 0.08926095
v 0.8467773 0.4248927 0.08992812
v 0.9076015 0.2766689 -0.01873128
v 0.8646742 0.259543 -0.01939845
v 0.8565387 0.2795891 -0.0105709
v 0.8994666 0.2967152 -0.009903653
v 0.1542776 -0.1236881 -0.1773617
v 0.1588404 -0.135169 -0.1762478
v 0.1601162 -0.1388557 -0.1636826
v 0.1571157 -0.1316895 -0.1545634
v 0.151277 -0.1165218 -0.1682427
v 0.1525523 -0.1202088 -0.1556774
v 0.1571157 -0.1316895 -0.1545634
v 0.1503374 -0.1343936 -0.1546687
v 0.1457746 -0.1229129 -0.1557826
v 0.1525523 -0.1202088 -0.1556774
v 0.1542776 -0.1236881 -0.1773617
v 0.1474994 -0.1263922 -0.177467
v 0.1520629 -0.137873 -0.1763536
v 0.1588404 -0.135169 -0.1762478
v 0.1588404 -0.135169 -0.1762478
v 0.1520629 -0.137873 -0.1763536
v 0.153338 -0.1415599 -0.1637878
v 0.1601162 -0.1388557 -0.1636826
v 0.1525523 -0.1202088 -0.1556774
v 0.1457746 -0.1229129 -0.1557826
v 0.1444988 -0.119226 -0.1683479
v 0.151277 -0.1165218 -0.1682427
v 0.1905902 -0.2180942 -0.09041108
v 0.1918879 -0.220488 -0.11244
v 0.1937346 -0.2255742 -0.1006965
v 0.1874677 -0.2093213 -0.1147198
v 0.185743 -0.2058418 -0.0930354
v 0.1843239 -0.201841 -0.1044343
v 0.1918879 -0.220488 -0.11244
v 0.1851097 -0.2231922 -0.1125452
v 0.1869563 -0.2282783 -0.1008018
v 0.1937346 -0.2255742 -0.1006965
v 0.185743 -0.2058418 -0.0930354
v 0.1789647 -0.208546 -0.09314071
v 0.1775456 -0.2045451 -0.1045396
v 0.1843239 -0.201841 -0.1044343
v 0.1874677 -0.2093213 -0.1147198
v 0.18069 -0.2120252 -0.114825
v 0.1851097 -0.2231922 -0.1125452
v 0.1918879 -0.220488 -0.11244
v 0.1905902 -0.2180942 -0.09041108
v 0.1838119 -0.2207984 -0.09051633
v 0.1789647 -0.208546 -0.09314071
v 0.185743 -0.2058418 -0.0930354
v 0.1711276 -0.173395 0.01440579
v 0.1715699 -0.1736184 -0.008312847
v 0.1738444 -0.1797895 0.00377572
v 0.1668636 -0.1618234 -0.008259664
v 0.1664214 -0.1616001 0.01445842
v 0.1644315 -0.1562001 0.003881552
v 0.1715699 -0.1736184 -0.008312847
v 0.1647921 -0.1763223 -0.008418064
v 0.1670661 -0.1824936 0.003670419
v 0.1738444 -0.1797895 0.00377572
v 0.1664214 -0.1616001 0.01445842
v 0.1596432 -0.1643042 0.01435312
v 0.1576533 -0.1589042 0.003776251
v 0.1644315 -0.1562001 0.003881552
v 0.1668636 -0.1618234 -0.008259664
v 0.1600854 -0.1645276 -0.008364912
v 0.1647921 -0.1763223 -0.008418064
v 0.1715699 -0.1736184 -0.008312847
v 0.1711276 -0.173395 0.01440579
v 0.1643499 -0.1760989 0.01430058
v 0.1596432 -0.1643042 0.01435312
v 0.1664214 -0.1616001 0.01445842
v 0.1937346 -0.2255742 -0.1006965
v 0.1869563 -0.2282783 -0.1008018
v 0.1838119 -0.2207984 -0.09051633
v 0.1905902 -0.2180942 -0.09041108
v 0.1843239 -0.201841 -0.1044343
v 0.1775456 -0.2045451 -0.1045396
v 0.18069 -0.2120252 -0.114825
v 0.1874677 -0.2093213 -0.1147198
v 0.151277 -0.1165218 -0.1682427
v 0.1444988 -0.119226 -0.1683479
v 0.1474994 -0.1263922 -0.177467
v 0.1542776 -0.1236881 -0.1773617
v 0.1601162 -0.1388557 -0.1636826
v 0.153338 -0.1415599 -0.1637878
v 0.1503374 -0.1343936 -0.1546687
v 0.1571157 -0.1316895 -0.1545634
v 0.1738444 -0.1797895 0.00377572
v 0.1670661 -0.1824936 0.003670419
v 0.1643499 -0.1760989 0.01430058
v 0.1711276 -0.173395 0.01440579
v 0.1644315 -0.1562001 0.003881552
v 0.1576533 -0.1589042 0.003776251
v 0.1600854 -0.1645276 -0.008364912
v 0.1668636 -0.1618234 -0.008259664
v 0.1469181 -0.3012534 -0.1177968
v 0.1464414 -0.3030413 -0.04126484
v 0.07753156 -0.3305329 -0.0423361
v 0.07800754 -0.3287451 -0.1188676
v 0.1464414 -0.3030413 -0.04126484
v 0.1314277 -0.267785 0.01970594
v 0.06251792 -0.2952766 0.01863468
v 0.07753156 -0.3305329 -0.0423361
v 0.1314277 -0.267785 0.01970594
v 0.1075895 -0.2093327 0.05305395
v 0.03867969 -0.2368244 0.05198269
v 0.06251792 -0.2952766 0.01863468
v 0.1130352 -0.2126142 -0.2130445
v 0.04412472 -0.2401059 -0.2141153
v -0.03701206 -0.035935 -0.234635
v 0.03189847 -0.008443295 -0.2335642
v -0.03701206 -0.035935 -0.234635
v -0.05284176 0.003790461 -0.2358548
v 0.01606807 0.0312821 -0.2347835
v 0.03189847 -0.008443295 -0.2335642
v -0.07613346 0.0594069 -0.1648904
v -0.0694905 0.03905172 -0.06980199
v -0.0005805168 0.06654319 -0.06873128
v -0.007223634 0.08689854 -0.1638192
v -0.0694905 0.03905172 -0.06980199
v -0.08021302 0.06431684 -0.0284481
v -0.0113032 0.09180848 -0.02737684
v -0.0005805168 0.06654319 -0.06873128
v -0.08021302 0.06431684 -0.0284481
v -0.08167097 0.06601895 0.02165402
v -0.01276119 0.09351072 0.02272523
v -0.0113032 0.09180848 -0.02737684
v -0.08167097 0.06601895 0.02165402
v -0.07199582 0.04036512 0.05765347
v -0.003085995 0.06785677 0.05872473
v -0.01276119 0.09351072 0.02272523
v -0.07199582 0.04036512 0.05765347
v -0.0570381 0.00180474 0.08509093
v 0.01187183 0.02929635 0.08616158
v -0.003085995 0.06785677 0.05872473
v -0.0570381 0.00180474 0.08509093
v -0.0404943 -0.03963393 0.08432227
v 0.02841607 -0.01214206 0.08539362
v 0.01187183 0.02929635 0.08616158
v -0.04007125 -0.04100654 0.09235444
v 0.02883857 -0.01351489 0.09342571
v 0.1094412 -0.2141315 0.05710985
v 0.04053083 -0.2416233 0.0560385
v 0.1496291 -0.3079354 -0.1207389
v 0.08071937 -0.3354272 -0.1218101
v 0.08009955 -0.3369012 -0.04411218
v 0.1490099 -0.3094094 -0.04304084
v 0.1490099 -0.3094094 -0.04304084
v 0.08009955 -0.3369012 -0.04411218
v 0.06508361 -0.3017885 0.0207027
v 0.1339935 -0.2742969 0.02177336
v 0.1339935 -0.2742969 0.02177336
v 0.06508361 -0.3017885 0.0207027
v 0.04053083 -0.2416233 0.0560385
v 0.1094412 -0.2141315 0.05710985
v -0.03743441 -0.03456234 -0.2426676
v 0.03147541 -0.007070696 -0.2415963
v 0.01564572 0.03265477 -0.2428162
v -0.05326481 0.005163061 -0.243887
v -0.07712716 0.06217856 -0.1721012
v -0.008217335 0.0896702 -0.1710299
v -0.002716464 0.07211335 -0.07429823
v -0.07162644 0.04462188 -0.07536894
v -0.07162644 0.04462188 -0.07536894
v -0.002716464 0.07211335 -0.07429823
v -0.01429639 0.09940566 -0.02978937
v -0.08320676 0.07191379 -0.03086072
v -0.08320676 0.07191379 -0.03086072
v -0.01429639 0.09940566 -0.02978937
v -0.01590038 0.1012779 0.02532266
v -0.08481035 0.07378642 0.02425196
v -0.08481035 0.07378642 0.02425196
v -0.01590038 0.1012779 0.02532266
v -0.005085485 0.07268228 0.06352294
v -0.07399586 0.0451904 0.06245159
v -0.07399586 0.0451904 0.06245159
v -0.005085485 0.07268228 0.06352294
v 0.01101174 0.03117954 0.09316003
v -0.05789824 0.003688069 0.09208932
v -0.05789824 0.003688069 0.09208932
v 0.01101174 0.03117954 0.09316003
v 0.02883857 -0.01351489 0.09342571
v -0.04007125 -0.04100654 0.09235444
v 0.1314277 -0.267785 0.01970594
v 0.1490099 -0.3094094 -0.04304084
v 0.1339935 -0.2742969 0.02177336
v 0.1464414 -0.3030413 -0.04126484
v 0.1496291 -0.3079354 -0.1207389
v 0.1469181 -0.3012534 -0.1177968
v 0.1383991 -0.277536 -0.1785028
v 0.1361154 -0.2719391 -0.1752157
v 0.1150347 -0.2174396 -0.2178428
v 0.1130352 -0.2126142 -0.2130445
v 0.03189847 -0.008443295 -0.2335642
v 0.03147541 -0.007070696 -0.2415963
v 0.01564572 0.03265477 -0.2428162
v 0.01606807 0.0312821 -0.2347835
v 0.001511283 0.06717705 -0.219594
v 0.002505189 0.06440508 -0.2123838
v -0.008217335 0.0896702 -0.1710299
v -0.007223634 0.08689854 -0.1638192
v -0.002716464 0.07211335 -0.07429823
v -0.0005805168 0.06654319 -0.06873128
v -0.01429639 0.09940566 -0.02978937
v -0.002716464 0.07211335 -0.07429823
v -0.0113032 0.09180848 -0.02737684
v -0.01276119 0.09351072 0.02272523
v -0.01590038 0.1012779 0.02532266
v -0.01429639 0.09940566 -0.02978937
v -0.01276119 0.09351072 0.02272523
v -0.005085485 0.07268228 0.06352294
v -0.003085995 0.06785677 0.05872473
v 0.01187183 0.02929635 0.08616158
v 0.01101174 0.03117954 0.09316003
v -0.005085485 0.07268228 0.06352294
v 0.01187183 0.02929635 0.08616158
v 0.02883857 -0.01351489 0.09342571
v 0.02841607 -0.01214206 0.08539362
v 0.02883857 -0.01351489 0.09342571
v 0.1075895 -0.2093327 0.05305395
v 0.1094412 -0.2141315 0.05710985
v 0.1339935 -0.2742969 0.02177336
v 0.1314277 -0.267785 0.01970594
v -0.0404943 -0.03963393 0.08432227
v -0.0570381 0.00180474 0.08509093
v -0.05789824 0.003688069 0.09208932
v -0.04007125 -0.04100654 0.09235444
v -0.0570381 0.00180474 0.08509093
v -0.07399586 0.0451904 0.06245159
v -0.07199582 0.04036512 0.05765347
v 0.03867969 -0.2368244 0.05198269
v -0.04007125 -0.04100654 0.09235444
v 0.04053083 -0.2416233 0.0560385
v 0.06251792 -0.2952766 0.01863468
v 0.06508361 -0.3017885 0.0207027
v -0.08167097 0.06601895 0.02165402
v -0.08481035 0.07378642 0.02425196
v -0.07399586 0.0451904 0.06245159
v -0.08167097 0.06601895 0.02165402
v -0.08320676 0.07191379 -0.03086072
v -0.08021302 0.06431684 -0.0284481
v -0.07162644 0.04462188 -0.07536894
v -0.08320676 0.07191379 -0.03086072
v -0.0694905 0.03905172 -0.06980199
v -0.07712716 0.06217856 -0.1721012
v -0.07162644 0.04462188 -0.07536894
v -0.07613346 0.0594069 -0.1648904
v -0.06739854 0.03968541 -0.2206653
v -0.06640463 0.03691344 -0.2134551
v -0.05326481 0.005163061 -0.243887
v -0.05284176 0.003790461 -0.2358548
v -0.03743441 -0.03456234 -0.2426676
v -0.03701206 -0.035935 -0.234635
v 0.04612471 -0.244931 -0.2189135
v 0.04412472 -0.2401059 -0.2141153
v 0.06948917 -0.3050275 -0.1795735
v 0.06720488 -0.2994308 -0.1762865
v 0.08071937 -0.3354272 -0.1218101
v 0.07800754 -0.3287451 -0.1188676
v 0.08009955 -0.3369012 -0.04411218
v 0.07753156 -0.3305329 -0.0423361
v 0.06508361 -0.3017885 0.0207027
v 0.06251792 -0.2952766 0.01863468
v 0.04612471 -0.244931 -0.2189135
v 0.1150347 -0.2174396 -0.2178428
v 0.03147541 -0.007070696 -0.2415963
v -0.03743441 -0.03456234 -0.2426676
v 0.2092656 -0.1715962 -0.1259983
v 0.1948302 -0.1373083 -0.07738112
v 0.198577 -0.14432 -0.1384579
v 0.2165235 -0.1907648 -0.1009209
v 0.2173594 -0.1940847 -0.06948094
v 0.2127766 -0.183753 -0.03984353
v 0.2056356 -0.1664787 -0.02380566
v 0.1948302 -0.1373083 -0.07738112
v 0.2127766 -0.183753 -0.03984353
v 0.1617008 -0.05687317 -0.01049892
v 0.1578667 -0.04624365 -0.03666381
v 0.1561245 -0.04376999 0.0119272
v 0.1514447 -0.03039487 -0.03030139
v 0.1487037 -0.025437 0.0187664
v 0.1454504 -0.01563165 -0.02359497
v 0.1446241 -0.0117372 -0.07040998
v 0.1377724 0.005053341 -0.06054862
v 0.1541758 -0.0359278 -0.0639947
v 0.1898764 -0.122587 -0.1364964
v 0.1948302 -0.1373083 -0.07738112
v 0.198577 -0.14432 -0.1384579
v 0.1129937 -0.02435618 -0.07090171
v 0.1446241 -0.0117372 -0.07040998
v 0.1377724 0.005053341 -0.06054862
v 0.1061414 -0.007566006 -0.06104038
v 0.1244934 -0.05638904 0.01143594
v 0.1138194 -0.02825086 -0.02408678
v 0.1170732 -0.03805581 0.01827523
v 0.1198138 -0.04301408 -0.03079321
v 0.1300698 -0.06949238 -0.01099073
v 0.1061414 -0.007566006 -0.06104038
v 0.1262358 -0.05886286 -0.03715562
v 0.1129937 -0.02435618 -0.07090171
v 0.1225448 -0.04854701 -0.06448651
v 0.1561245 -0.04376999 0.0119272
v 0.1244934 -0.05638904 0.01143594
v 0.1170732 -0.03805581 0.01827523
v 0.1487037 -0.025437 0.0187664
v 0.1848924 -0.2033838 -0.1014121
v 0.1857284 -0.2067039 -0.06997275
v 0.2173594 -0.1940847 -0.06948094
v 0.2165235 -0.1907648 -0.1009209
v 0.1669465 -0.156939 -0.1389496
v 0.1776347 -0.1842154 -0.1264902
v 0.2092656 -0.1715962 -0.1259983
v 0.198577 -0.14432 -0.1384579
v 0.1776347 -0.1842154 -0.1264902
v 0.1848924 -0.2033838 -0.1014121
v 0.2165235 -0.1907648 -0.1009209
v 0.2092656 -0.1715962 -0.1259983
v 0.1582454 -0.1352062 -0.1369882
v 0.1898764 -0.122587 -0.1364964
v 0.1541758 -0.0359278 -0.0639947
v 0.1225448 -0.04854701 -0.06448651
v 0.1811456 -0.1963722 -0.04033534
v 0.1740046 -0.1790979 -0.02429748
v 0.2056356 -0.1664787 -0.02380566
v 0.2127766 -0.183753 -0.03984353
v 0.2056356 -0.1664787 -0.02380566
v 0.1740046 -0.1790979 -0.02429748
v 0.1300698 -0.06949238 -0.01099073
v 0.1617008 -0.05687317 -0.01049892
v 0.1582454 -0.1352062 -0.1369882
v 0.1669465 -0.156939 -0.1389496
v 0.198577 -0.14432 -0.1384579
v 0.1898764 -0.122587 -0.1364964
v 0.1857284 -0.2067039 -0.06997275
v 0.1811456 -0.1963722 -0.04033534
v 0.2127766 -0.183753 -0.03984353
v 0.2173594 -0.1940847 -0.06948094
v 0.1617008 -0.05687317 -0.01049892
v 0.1300698 -0.06949238 -0.01099073
v 0.1244934 -0.05638904 0.01143594
v 0.1561245 -0.04376999 0.0119272
v 0.1225448 -0.04854701 -0.06448651
v 0.1541758 -0.0359278 -0.0639947
v 0.1446241 -0.0117372 -0.07040998
v 0.1129937 -0.02435618 -0.07090171
v 0.1390218 0.1785841 0.1237702
v 0.174001 0.1019968 -0.1608306
v 0.1658758 0.1226176 -0.1673786
v 0.1308965 0.199205 0.1172222
v 0.1295588 0.2350066 0.04273053
v 0.1544115 0.2449217 0.04311704
v 0.1594002 0.2322122 0.04841901
v 0.1334177 0.2218463 0.04801496
v 0.1334177 0.2218463 0.04801496
v 0.1594002 0.2322122 0.04841901
v 0.1750917 0.1891205 0.06067559
v 0.1513682 0.179656 0.06030653
v 0.1258734 0.2416426 0.02526994
v 0.1270223 0.2392751 0.012095
v 0.1530048 0.2496409 0.01249909
v 0.1518559 0.2520084 0.02567403
v 0.1258734 0.2416426 0.02526994
v 0.1518559 0.2520084 0.02567403
v 0.1544115 0.2449217 0.04311704
v 0.1295588 0.2350066 0.04273053
v 0.1499159 0.1904354 -0.1228981
v 0.1540607 0.1766471 -0.1199461
v 0.1800433 0.1870128 -0.1195427
v 0.1747686 0.2003505 -0.1225115
v 0.1540607 0.1766471 -0.1199461
v 0.1717253 0.1350847 -0.105322
v 0.1954482 0.1445491 -0.1049531
v 0.1800433 0.1870128 -0.1195427
v 0.1427895 0.2046044 -0.1123651
v 0.168772 0.2149702 -0.111961
v 0.1667675 0.2195082 -0.09947528
v 0.1407849 0.2091425 -0.09987938
v 0.1427895 0.2046044 -0.1123651
v 0.1499159 0.1904354 -0.1228981
v 0.1747686 0.2003505 -0.1225115
v 0.168772 0.2149702 -0.111961
v 0.1484821 0.1896068 -0.09367597
v 0.13472 0.2197397 0.01829849
v 0.1607026 0.2301054 0.01870197
v 0.1744646 0.1999726 -0.09327188
v 0.1110087 0.1259892 -0.1788352
v -0.1849655 0.007910317 -0.1834355
v -0.1765294 -0.01190187 -0.2176588
v 0.1194452 0.1061775 -0.2130578
v 0.1575942 0.006110397 -0.09898876
v -0.1383799 -0.1119685 -0.1035891
v -0.1515131 -0.07978731 -0.08468832
v 0.1444616 0.03829185 -0.08008789
v 0.1603743 0.003450925 -0.209558
v -0.1356005 -0.1146282 -0.2141585
v -0.1290618 -0.132371 -0.179405
v 0.1669124 -0.01429211 -0.1748047
v 0.110127 0.12658 -0.1372419
v -0.1858476 0.00850064 -0.1418429
v -0.1849655 0.007910317 -0.1834355
v 0.1110087 0.1259892 -0.1788352
v 0.1194452 0.1061775 -0.2130578
v -0.1765294 -0.01190187 -0.2176588
v -0.1629687 -0.04516847 -0.236215
v 0.1330053 0.07291061 -0.2316141
v 0.1444616 0.03829185 -0.08008789
v -0.1515131 -0.07978731 -0.08468832
v -0.1664871 -0.04223239 -0.08521894
v 0.129487 0.07584667 -0.08061864
v 0.1669124 -0.01429211 -0.1748047
v -0.1290618 -0.132371 -0.179405
v -0.1298006 -0.1320947 -0.1389789
v 0.166174 -0.01401536 -0.1343779
v 0.1330053 0.07291061 -0.2316141
v -0.1629687 -0.04516847 -0.236215
v -0.1479941 -0.0827233 -0.2356843
v 0.1479799 0.03535593 -0.2310834
v 0.129487 0.07584667 -0.08061864
v -0.1664871 -0.04223239 -0.08521894
v -0.1788814 -0.01032755 -0.1067449
v 0.1170927 0.1077515 -0.102144
v 0.166174 -0.01401536 -0.1343779
v -0.1298006 -0.1320947 -0.1389789
v -0.1383799 -0.1119685 -0.1035891
v 0.1575942 0.006110397 -0.09898876
v 0.1479799 0.03535593 -0.2310834
v -0.1479941 -0.0827233 -0.2356843
v -0.1356005 -0.1146282 -0.2141585
v 0.1603743 0.003450925 -0.209558
v 0.1170927 0.1077515 -0.102144
v -0.1788814 -0.01032755 -0.1067449
v -0.1858476 0.00850064 -0.1418429
v 0.110127 0.12658 -0.1372419
v -0.06739854 0.03968541 -0.2206653
v 0.001511283 0.06717705 -0.219594
v -0.008217335 0.0896702 -0.1710299
v -0.07712716 0.06217856 -0.1721012
v -0.06640463 0.03691344 -0.2134551
v -0.07613346 0.0594069 -0.1648904
v -0.007223634 0.08689854 -0.1638192
v 0.002505189 0.06440508 -0.2123838
v -0.05284176 0.003790461 -0.2358548
v -0.06640463 0.03691344 -0.2134551
v 0.002505189 0.06440508 -0.2123838
v 0.01606807 0.0312821 -0.2347835
v -0.05326481 0.005163061 -0.243887
v 0.01564572 0.03265477 -0.2428162
v 0.001511283 0.06717705 -0.219594
v -0.06739854 0.03968541 -0.2206653
v 0.1150347 -0.2174396 -0.2178428
v 0.04612471 -0.244931 -0.2189135
v 0.06948917 -0.3050275 -0.1795735
v 0.1383991 -0.277536 -0.1785028
v 0.1130352 -0.2126142 -0.2130445
v 0.1361154 -0.2719391 -0.1752157
v 0.06720488 -0.2994308 -0.1762865
v 0.04412472 -0.2401059 -0.2141153
v 0.1383991 -0.277536 -0.1785028
v 0.06948917 -0.3050275 -0.1795735
v 0.08071937 -0.3354272 -0.1218101
v 0.1496291 -0.3079354 -0.1207389
v 0.1361154 -0.2719391 -0.1752157
v 0.1469181 -0.3012534 -0.1177968
v 0.07800754 -0.3287451 -0.1188676
v 0.06720488 -0.2994308 -0.1762865
v 0.02841607 -0.01214206 0.08539362
v -0.0404943 -0.03963393 0.08432227
v 0.03867969 -0.2368244 0.05198269
v 0.1075895 -0.2093327 0.05305395
v -0.03700298 -0.2698451 -0.1298262
v -0.04769165 -0.2425689 -0.1422857
v -0.05143839 -0.2355573 -0.08120894
v -0.02974568 -0.289014 -0.1047488
v -0.02890981 -0.2923339 -0.0733089
v -0.03349186 -0.2820021 -0.04367196
v -0.04063342 -0.264728 -0.02763418
v -0.03349186 -0.2820021 -0.04367196
v -0.05143839 -0.2355573 -0.08120894
v -0.0845682 -0.1551225 -0.01432743
v -0.08840242 -0.1444928 -0.04049177
v -0.09014411 -0.1420189 0.008099322
v -0.09482374 -0.128644 -0.03412982
v -0.09756488 -0.1236859 0.01493852
v -0.1008182 -0.1138806 -0.02742284
v -0.1016445 -0.1099861 -0.07423785
v -0.1084961 -0.09319588 -0.064377
v -0.09209283 -0.1341767 -0.06782258
v -0.05639277 -0.2208361 -0.1403243
v -0.05143839 -0.2355573 -0.08120894
v -0.04769165 -0.2425689 -0.1422857
v -0.07001338 -0.09736707 -0.07374659
v -0.07686515 -0.08057653 -0.06388524
v -0.1084961 -0.09319588 -0.064377
v -0.1016445 -0.1099861 -0.07423785
v -0.0585137 -0.1293999 0.008591052
v -0.06593392 -0.1110667 0.01543034
v -0.06918725 -0.1012614 -0.02693103
v -0.06319332 -0.116025 -0.03363809
v -0.05293724 -0.1425033 -0.01383562
v -0.07686515 -0.08057653 -0.06388524
v -0.0567715 -0.1318734 -0.04000001
v -0.07001338 -0.09736707 -0.07374659
v -0.06046242 -0.1215577 -0.06733084
v -0.09014411 -0.1420189 0.008099322
v -0.09756488 -0.1236859 0.01493852
v -0.06593392 -0.1110667 0.01543034
v -0.0585137 -0.1293999 0.008591052
v 0.001885284 -0.2763947 -0.104257
v -0.02974568 -0.289014 -0.1047488
v -0.02890981 -0.2923339 -0.0733089
v 0.002721157 -0.2797146 -0.07281709
v -0.01606069 -0.2299497 -0.1417939
v -0.04769165 -0.2425689 -0.1422857
v -0.03700298 -0.2698451 -0.1298262
v -0.00537241 -0.2572263 -0.129335
v -0.00537241 -0.2572263 -0.129335
v -0.03700298 -0.2698451 -0.1298262
v -0.02974568 -0.289014 -0.1047488
v 0.001885284 -0.2763947 -0.104257
v -0.02476181 -0.2082169 -0.1398325
v -0.06046242 -0.1215577 -0.06733084
v -0.09209283 -0.1341767 -0.06782258
v -0.05639277 -0.2208361 -0.1403243
v -0.001861447 -0.2693831 -0.04318023
v -0.03349186 -0.2820021 -0.04367196
v -0.04063342 -0.264728 -0.02763418
v -0.009002457 -0.2521088 -0.02714237
v -0.04063342 -0.264728 -0.02763418
v -0.0845682 -0.1551225 -0.01432743
v -0.05293724 -0.1425033 -0.01383562
v -0.009002457 -0.2521088 -0.02714237
v -0.02476181 -0.2082169 -0.1398325
v -0.05639277 -0.2208361 -0.1403243
v -0.04769165 -0.2425689 -0.1422857
v -0.01606069 -0.2299497 -0.1417939
v 0.002721157 -0.2797146 -0.07281709
v -0.02890981 -0.2923339 -0.0733089
v -0.03349186 -0.2820021 -0.04367196
v -0.001861447 -0.2693831 -0.04318023
v -0.0845682 -0.1551225 -0.01432743
v -0.09014411 -0.1420189 0.008099322
v -0.0585137 -0.1293999 0.008591052
v -0.05293724 -0.1425033 -0.01383562
v -0.06046242 -0.1215577 -0.06733084
v -0.07001338 -0.09736707 -0.07374659
v -0.1016445 -0.1099861 -0.07423785
v -0.09209283 -0.1341767 -0.06782258
v 0.2132977 -0.160254 -0.0866949
v 0.1986121 -0.1661129 -0.08692356
v 0.1981698 -0.1658894 -0.06420492
v 0.2128555 -0.1600306 -0.06397687
v 0.1927472 -0.1095956 -0.0647989
v 0.1780614 -0.1154544 -0.06502695
v 0.1785037 -0.1156779 -0.08774558
v 0.1931894 -0.109819 -0.08751754
v 0.1993316 -0.124609 -0.1030781
v 0.1846458 -0.1304678 -0.1033061
v 0.1930605 -0.1515728 -0.1029351
v 0.2077461 -0.1457138 -0.1027065
v 0.2067135 -0.1452407 -0.04841629
v 0.1920277 -0.1510995 -0.04864434
v 0.1836132 -0.1299948 -0.04901593
v 0.1982988 -0.1241357 -0.04878733
v 0.2128555 -0.1600306 -0.06397687
v 0.1981698 -0.1658894 -0.06420492
v 0.1920277 -0.1510995 -0.04864434
v 0.2067135 -0.1452407 -0.04841629
v 0.1931894 -0.109819 -0.08751754
v 0.1785037 -0.1156779 -0.08774558
v 0.1846458 -0.1304678 -0.1033061
v 0.1993316 -0.124609 -0.1030781
v 0.1927472 -0.1095956 -0.0647989
v 0.1931894 -0.109819 -0.08751754
v 0.1993316 -0.124609 -0.1030781
v 0.2030225 -0.1349249 -0.07574718
v 0.1982988 -0.1241357 -0.04878733
v 0.2077461 -0.1457138 -0.1027065
v 0.2067135 -0.1452407 -0.04841629
v 0.2132977 -0.160254 -0.0866949
v 0.2128555 -0.1600306 -0.06397687
v 0.1982988 -0.1241357 -0.04878733
v 0.1836132 -0.1299948 -0.04901593
v 0.1780614 -0.1154544 -0.06502695
v 0.1927472 -0.1095956 -0.0647989
v 0.2077461 -0.1457138 -0.1027065
v 0.1930605 -0.1515728 -0.1029351
v 0.1986121 -0.1661129 -0.08692356
v 0.2132977 -0.160254 -0.0866949
v -0.05330499 -0.2666152 -0.09083916
v -0.05374711 -0.2663919 -0.06812107
v -0.03906152 -0.2605329 -0.06789247
v -0.03861919 -0.2607565 -0.09061106
v -0.07385604 -0.2159572 -0.06894318
v -0.07341392 -0.2161805 -0.09166127
v -0.05872762 -0.2103214 -0.09143314
v -0.05917045 -0.2100982 -0.06871458
v -0.0672711 -0.2309704 -0.1072223
v -0.05885713 -0.2520754 -0.1068508
v -0.04417139 -0.2462166 -0.1066227
v -0.05258551 -0.2251114 -0.1069937
v -0.05988988 -0.2516021 -0.05256002
v -0.06830385 -0.2304971 -0.05293152
v -0.0536181 -0.2246383 -0.05270348
v -0.04520414 -0.2457433 -0.05233197
v -0.05374711 -0.2663919 -0.06812107
v -0.05988988 -0.2516021 -0.05256002
v -0.04520414 -0.2457433 -0.05233197
v -0.03906152 -0.2605329 -0.06789247
v -0.07341392 -0.2161805 -0.09166127
v -0.0672711 -0.2309704 -0.1072223
v -0.05258551 -0.2251114 -0.1069937
v -0.05872762 -0.2103214 -0.09143314
v -0.07385604 -0.2159572 -0.06894318
v -0.0672711 -0.2309704 -0.1072223
v -0.07341392 -0.2161805 -0.09166127
v -0.06358029 -0.2412861 -0.07989082
v -0.06830385 -0.2304971 -0.05293152
v -0.05885713 -0.2520754 -0.1068508
v -0.05988988 -0.2516021 -0.05256002
v -0.05330499 -0.2666152 -0.09083916
v -0.05374711 -0.2663919 -0.06812107
v -0.06830385 -0.2304971 -0.05293152
v -0.07385604 -0.2159572 -0.06894318
v -0.05917045 -0.2100982 -0.06871458
v -0.0536181 -0.2246383 -0.05270348
v -0.05885713 -0.2520754 -0.1068508
v -0.05330499 -0.2666152 -0.09083916
v -0.03861919 -0.2607565 -0.09061106
v -0.04417139 -0.2462166 -0.1066227
v -0.1457233 -0.03506173 -0.08840215
v -0.1434506 -0.05724607 -0.002237912
v -0.1284671 -0.0783571 -0.08731505
v -0.1140779 -0.1153745 -0.06289977
v -0.1434506 -0.05724607 -0.002237912
v -0.106687 -0.1354318 -0.0236132
v -0.1077147 -0.1346711 0.02299002
v -0.1434506 -0.05724607 -0.002237912
v -0.117295 -0.1122043 0.06270006
v -0.132141 -0.07582555 0.08406607
v -0.1605687 0.00131728 -0.06703606
v -0.1434506 -0.05724607 -0.002237912
v -0.1701498 0.02378397 -0.02732554
v -0.1711773 0.02454451 0.01927712
v -0.1434506 -0.05724607 -0.002237912
v -0.1493972 -0.03253018 0.08297896
v -0.1637859 0.004487481 0.05856377
v 0.9162756 0.2533558 0.02158901
v 0.9171165 0.2503234 0.04534142
v 0.9071271 0.278992 0.03639889
v 0.9111148 0.2646556 0.06357942
v 0.909725 0.2703804 0.00605477
v 0.9071271 0.278992 0.03639889
v 0.9008806 0.292427 0.009182722
v 0.8948789 0.3067593 0.02742072
v 0.9022704 0.2867022 0.06670737
v 0.9071271 0.278992 0.03639889
v 0.8957198 0.3037268 0.05117314
v 0.9006476 0.2962154 -0.07304841
v 0.9087701 0.2754507 -0.06265695
v 0.901187 0.2969159 -0.04145873
v 0.8925129 0.3162616 -0.06422134
v 0.8883628 0.3257952 -0.04192683
v 0.8913442 0.3174797 -0.02029567
v 0.901187 0.2969159 -0.04145873
v 0.8994666 0.2967152 -0.009903653
v 0.9117515 0.2671353 -0.04102518
v 0.901187 0.2969159 -0.04145873
v 0.9076015 0.2766689 -0.01873128
v 0.8467773 0.4248927 0.08992812
v 0.8437958 0.4332081 0.06829697
v 0.8566199 0.404329 0.06876563
v 0.8549001 0.4041284 0.1003202
v 0.8479458 0.4236746 0.04600307
v 0.8560807 0.4036283 0.03717538
v 0.8566199 0.404329 0.06876563
v 0.8642038 0.3828638 0.04756699
v 0.8630345 0.3840818 0.09149251
v 0.8566199 0.404329 0.06876563
v 0.8670412 0.3748622 0.07036512
v 0.8694277 0.3752991 -0.09436268
v 0.8784108 0.3526515 -0.09096897
v 0.872963 0.3685464 -0.06420393
v 0.8621455 0.3930312 -0.08100187
v 0.8831046 0.3401382 -0.07180311
v 0.8815207 0.3431601 -0.04744111
v 0.872963 0.3685464 -0.06420393
v 0.8742387 0.360892 -0.03408085
v 0.8605613 0.3960528 -0.05663995
v 0.872963 0.3685464 -0.06420393
v 0.8652556 0.3835398 -0.03747401
v 0.8384308 0.4500201 -0.01806963
v 0.8444327 0.4356878 -0.03630824
v 0.8506792 0.4222527 -0.009092078
v 0.8392718 0.4469876 0.005682171
v 0.8532768 0.4136413 -0.03943564
v 0.8598275 0.3966166 -0.02390135
v 0.8506792 0.4222527 -0.009092078
v 0.8606683 0.3935843 -0.0001489914
v 0.8458223 0.4299631 0.02121702
v 0.8506792 0.4222527 -0.009092078
v 0.8546667 0.4079165 0.01808906
v 0.8733482 0.23623 0.02092184
v 0.8619402 0.2609647 0.03569656
v 0.8741886 0.2331972 0.04467417
v 0.8681869 0.2475296 0.06291217
v 0.8667971 0.2532543 0.005387518
v 0.8619402 0.2609647 0.03569656
v 0.8579534 0.2753011 0.008515554
v 0.8519517 0.2896334 0.02675356
v 0.8619402 0.2609647 0.03569656
v 0.8593431 0.2695764 0.0660402
v 0.8527926 0.2866009 0.05050597
v 0.8577198 0.2790893 -0.07371566
v 0.8560001 0.2788887 -0.04216106
v 0.8658429 0.2583249 -0.06332412
v 0.8495851 0.2991355 -0.06488859
v 0.8454349 0.3086692 -0.04259413
v 0.8484164 0.3003536 -0.02096293
v 0.8560001 0.2788887 -0.04216106
v 0.8565387 0.2795891 -0.0105709
v 0.8560001 0.2788887 -0.04216106
v 0.8688236 0.2500093 -0.04169248
v 0.8646742 0.259543 -0.01939845
v 0.8038499 0.4077668 0.08926095
v 0.8114331 0.3863015 0.06806279
v 0.8008685 0.4160822 0.0676298
v 0.8119723 0.3870023 0.09965298
v 0.8050185 0.4065487 0.0453359
v 0.8114331 0.3863015 0.06806279
v 0.8131534 0.3865025 0.03650822
v 0.8212759 0.3657378 0.04689968
v 0.8201072 0.3669559 0.09082534
v 0.8114331 0.3863015 0.06806279
v 0.8241139 0.3577363 0.06969795
v 0.8265004 0.3581733 -0.09502991
v 0.8277761 0.350519 -0.06490621
v 0.8354828 0.3355255 -0.09163628
v 0.8192182 0.3759053 -0.08166904
v 0.8401772 0.3230124 -0.07247028
v 0.8277761 0.350519 -0.06490621
v 0.8385929 0.3260341 -0.04810841
v 0.8313109 0.3437659 -0.0347481
v 0.8176339 0.3789271 -0.05730717
v 0.8277761 0.350519 -0.06490621
v 0.8223283 0.366414 -0.03814118
v 0.7955036 0.4328942 -0.0187368
v 0.8054923 0.4042253 -0.009794356
v 0.8015053 0.4185619 -0.03697541
v 0.7963446 0.4298617 0.005015003
v 0.8103492 0.396515 -0.04010345
v 0.8054923 0.4042253 -0.009794356
v 0.8169001 0.3794908 -0.02456852
v 0.8177406 0.376458 -0.0008167994
v 0.8028949 0.4128373 0.02054979
v 0.8054923 0.4042253 -0.009794356
v 0.8117394 0.3907906 0.0174219
v 0.7673097 0.4355475 0.04177674
v 0.8088635 0.3226801 0.01256484
v 0.777828 0.4070047 0.09768455
v 0.7977735 0.3557341 0.1304232
v 0.821447 0.296303 0.132836
v 0.7690616 0.4336483 -0.02218995
v 0.8088635 0.3226801 0.01256484
v 0.8425735 0.2445329 0.1024305
v 0.7819319 0.4035313 -0.07719611
v 0.8554444 0.2144159 0.04742451
v 0.8030589 0.3517612 -0.1076015
v 0.8571961 0.2125171 -0.01654168
v 0.8267319 0.2923299 -0.1051888
v 0.8466777 0.2410598 -0.07244944
v 0.7364081 0.3251708 -0.1086377
v 0.7478611 0.298343 0.01161638
v 0.7600811 0.2657396 -0.106225
v 0.7800269 0.2144694 -0.07348567
v 0.7905453 0.1859266 -0.01757786
v 0.7152811 0.3769408 -0.0782323
v 0.7478611 0.298343 0.01161638
v 0.7887934 0.1878257 0.04638883
v 0.7024108 0.407058 -0.02322618
v 0.7759225 0.2179425 0.1013949
v 0.7006589 0.408957 0.04074056
v 0.7547961 0.2697128 0.1318004
v 0.7111773 0.3804143 0.09664832
v 0.7311226 0.3291439 0.1293876
v 0.642047 0.3884566 0.04032208
v 0.6891183 0.2749076 0.01070358
v 0.6528491 0.3591423 0.09774081
v 0.6439421 0.3862438 -0.02481061
v 0.6732231 0.306787 0.1308248
v 0.6569557 0.3558128 -0.08098327
v 0.6973236 0.2462703 0.1335821
v 0.6786535 0.3026435 -0.1122106
v 0.7190214 0.193101 0.1023547
v 0.7027546 0.242127 -0.1094533
v 0.732035 0.16267 0.04618205
v 0.723128 0.1897715 -0.07636937
v 0.7339306 0.1604572 -0.0189505
v 0.6413746 0.287771 -0.1127901
v 0.6507096 0.2595845 0.01010655
v 0.6654752 0.2272544 -0.1100328
v 0.6196768 0.3409404 -0.08156272
v 0.6858486 0.1748988 -0.0769489
v 0.6066627 0.3713712 -0.02539014
v 0.6966512 0.1455846 -0.01953003
v 0.6047677 0.373584 0.03974254
v 0.6947562 0.1477975 0.0456026
v 0.6155703 0.3442698 0.09716136
v 0.681742 0.1782283 0.1017752
v 0.6359437 0.2919143 0.1302453
v 0.6600442 0.2313976 0.1330025
v 0.5276878 0.3370673 0.03755921
v 0.5716322 0.2280364 0.008877343
v 0.537922 0.3092959 0.09195597
v 0.528869 0.3365675 -0.02558554
v 0.5572965 0.2594248 0.1255171
v 0.5420235 0.3056789 -0.07908059
v 0.5806852 0.2007649 0.1264188
v 0.5625791 0.2553081 -0.1086642
v 0.6012415 0.1503941 0.09683481
v 0.5859678 0.1966482 -0.1077625
v 0.6143961 0.1195056 0.0433397
v 0.605343 0.1467771 -0.07420176
v 0.6155772 0.1190058 -0.01980506
v 0.5173924 0.2372805 -0.109367
v 0.5264453 0.2100092 0.008175011
v 0.540781 0.1786208 -0.1084648
v 0.4968366 0.2876517 -0.07978293
v 0.5601561 0.1287499 -0.07490408
v 0.4836815 0.3185399 -0.02628791
v 0.5703903 0.1009784 -0.02050733
v 0.482501 0.3190399 0.03685694
v 0.5692092 0.1014782 0.04263743
v 0.4927351 0.2912686 0.09125364
v 0.5560541 0.1323666 0.09613239
v 0.5121098 0.2413973 0.1248143
v 0.5354983 0.1827376 0.1257165
v 0.3911406 0.2822206 0.03426825
v 0.4349418 0.1735036 0.006752315
v 0.401659 0.2536779 0.09017601
v 0.392606 0.2809494 -0.02736545
v 0.4207494 0.204578 0.1222256
v 0.4051899 0.25146 -0.08003912
v 0.4435673 0.1473175 0.1239492
v 0.4263163 0.1996899 -0.1104446
v 0.4646942 0.09554754 0.09354378
v 0.4491341 0.1424294 -0.108721
v 0.477278 0.06605833 0.04087067
v 0.468225 0.09332984 -0.07667079
v 0.4787428 0.06478689 -0.02076311
v 0.3246456 0.1591284 -0.1120247
v 0.3332711 0.1329422 0.005172213
v 0.3474634 0.1018678 -0.1103011
v 0.3035191 0.2108987 -0.08161923
v 0.3665543 0.0527683 -0.07825145
v 0.2909354 0.2403878 -0.02894606
v 0.3770728 0.02422545 -0.02234364
v 0.2894701 0.241659 0.03268764
v 0.3756074 0.02549666 0.03929006
v 0.2999884 0.2131163 0.0885954
v 0.3630237 0.05498587 0.09196318
v 0.3190787 0.1640166 0.1206455
v 0.3418966 0.106756 0.1223692
v 0.1103143 -0.03167591 -0.0476969
v 0.1602507 -0.1556136 -0.07924171
v 0.122254 -0.06407581 0.01576621
v 0.1119274 -0.03297388 -0.1181847
v 0.1440511 -0.1201451 0.0525608
v 0.1265135 -0.06714478 -0.1795
v 0.1705769 -0.1867159 0.05470857
v 0.1503517 -0.125597 -0.2128481
v 0.1941307 -0.2443966 0.01985006
v 0.17645 -0.1910825 -0.2110448
v 0.2085735 -0.2782535 -0.04029879
v 0.1986745 -0.248237 -0.1739051
v 0.2103305 -0.2798652 -0.111953
v -0.02926608 -0.1972556 -0.2156397
v -0.01936749 -0.2272725 -0.08203398
v -0.003168423 -0.2627412 -0.2138366
v -0.05310432 -0.1388033 -0.1822917
v 0.01905684 -0.3198957 -0.1766973
v -0.06769041 -0.1046324 -0.1209763
v 0.03071225 -0.3515242 -0.1147453
v -0.06930394 -0.1033349 -0.05048918
v 0.02895527 -0.3499125 -0.04309107
v -0.05736427 -0.1357348 0.01297393
v 0.01451303 -0.3160553 0.01705786
v -0.03556672 -0.1918036 0.04976916
v -0.00904096 -0.2583745 0.05191693
v 0.1378378 0.05497401 0.002134387
v 0.1554023 0.02821336 -0.1039379
v 0.1340102 0.08190404 -0.1057938
v 0.1733532 -0.0179442 -0.07408792
v 0.1151675 0.1280773 -0.07867543
v 0.182734 -0.04340151 -0.02422448
v 0.1378378 0.05497401 0.002134387
v 0.1812715 -0.04198648 0.03356519
v 0.1695456 -0.01452418 0.08308402
v 0.1507028 0.03164938 0.1102029
v 0.1378378 0.05497401 0.002134387
v 0.1034415 0.1555397 -0.02915665
v 0.1293113 0.08534012 0.1083465
v 0.1019791 0.1569548 0.02863303
v 0.1113603 0.1314977 0.07849716
v 0.1875434 0.07480402 0.002906857
v 0.2234023 -0.0271769 -0.02359234
v 0.2219398 -0.02576187 0.03419734
v 0.2102139 0.001700425 0.08371616
v 0.2140215 -0.00171959 -0.07345577
v 0.191371 0.04787399 0.110835
v 0.1960706 0.04443797 -0.1033058
v 0.1875434 0.07480402 0.002906857
v 0.1699796 0.1015647 0.1089787
v 0.152028 0.1477221 0.07912921
v 0.1426473 0.1731794 0.02926517
v 0.1875434 0.07480402 0.002906857
v 0.1746784 0.09812865 -0.1051616
v 0.1441098 0.1717643 -0.02852451
v 0.1558358 0.1443019 -0.07804328
v 0.110127 0.12658 -0.1372419
v 0.138805 0.05544433 -0.156434
v 0.1170927 0.1077515 -0.102144
v 0.1110087 0.1259892 -0.1788352
v 0.129487 0.07584667 -0.08061864
v 0.1194452 0.1061775 -0.2130578
v 0.1444616 0.03829185 -0.08008789
v 0.1330053 0.07291061 -0.2316141
v 0.1575942 0.006110397 -0.09898876
v 0.1479799 0.03535593 -0.2310834
v 0.166174 -0.01401536 -0.1343779
v 0.1603743 0.003450925 -0.209558
v 0.1669124 -0.01429211 -0.1748047
v -0.1629687 -0.04516847 -0.236215
v -0.157169 -0.06263477 -0.1610349
v -0.1479941 -0.0827233 -0.2356843
v -0.1765294 -0.01190187 -0.2176588
v -0.1356005 -0.1146282 -0.2141585
v -0.1849655 0.007910317 -0.1834355
v -0.1290618 -0.132371 -0.179405
v -0.1858476 0.00850064 -0.1418429
v -0.1298006 -0.1320947 -0.1389789
v -0.1788814 -0.01032755 -0.1067449
v -0.1383799 -0.1119685 -0.1035891
v -0.1664871 -0.04223239 -0.08521894
v -0.1515131 -0.07978731 -0.08468832

vn -0.08959961 0.9902344 0.1049805
vn -0.08959961 0.9902344 0.1049805
vn -0.08959961 0.9902344 0.1049805
vn 0.06591797 0.6416016 0.7641602
vn 0.06591797 0.6416016 0.7641602
vn 0.06591797 0.6416016 0.7641602
vn 0.06591797 0.6416016 0.7641602
vn -0.135498 -0.1741943 -0.9755859
vn -0.135498 -0.1741943 -0.9755859
vn -0.135498 -0.1741943 -0.9755859
vn -0.135498 -0.1741943 -0.9755859
vn 0.0309906 -0.980957 0.1922607
vn 0.0309906 -0.980957 0.1922607
vn 0.0309906 -0.980957 0.1922607
vn 0.0309906 -0.980957 0.1922607
vn 0.1040039 0.1734619 0.9794922
vn 0.1040039 0.1734619 0.9794922
vn 0.1040039 0.1734619 0.9794922
vn 0.1040039 0.1734619 0.9794922
vn -0.1104736 0.3237305 -0.9394531
vn -0.1104736 0.3237305 -0.9394531
vn -0.1104736 0.3237305 -0.9394531
vn -0.1104736 0.3237305 -0.9394531
vn -0.03753662 -0.9389648 -0.3415527
vn -0.03753662 -0.9389648 -0.3415527
vn -0.03753662 -0.9389648 -0.3415527
vn -0.03753662 -0.9389648 -0.3415527
vn 0.1104736 -0.3237305 0.9394531
vn 0.1104736 -0.3237305 0.9394531
vn 0.1104736 -0.3237305 0.9394531
vn 0.1104736 -0.3237305 0.9394531
vn -0.08404541 0.7529297 -0.652832
vn -0.08404541 0.7529297 -0.652832
vn -0.08404541 0.7529297 -0.652832
vn -0.08404541 0.7529297 -0.652832
vn 0.006053925 0.9384766 0.345459
vn 0.006053925 0.9384766 0.345459
vn 0.006053925 0.9384766 0.345459
vn 0.006053925 0.9384766 0.345459
vn -0.09741211 -0.6425781 -0.7602539
vn -0.09741211 -0.6425781 -0.7602539
vn -0.09741211 -0.6425781 -0.7602539
vn -0.09741211 -0.6425781 -0.7602539
vn 0.08404541 -0.7529297 0.652832
vn 0.08404541 -0.7529297 0.652832
vn 0.08404541 -0.7529297 0.652832
vn 0.08404541 -0.7529297 0.652832
vn -0.06246948 0.9799805 -0.1882324
vn -0.06246948 0.9799805 -0.1882324
vn -0.06246948 0.9799805 -0.1882324
vn -0.06246948 0.9799805 -0.1882324
vn -0.06246948 0.9799805 -0.1882324
vn -0.06246948 0.9799805 -0.1882324
vn -0.06246948 0.9799805 -0.1882324
vn -0.06246948 0.9799805 -0.1882324
vn 0.08404541 -0.7529297 0.652832
vn 0.08404541 -0.7529297 0.652832
vn 0.08404541 -0.7529297 0.652832
vn 0.08404541 -0.7529297 0.652832
vn -0.09741211 -0.6425781 -0.7602539
vn -0.09741211 -0.6425781 -0.7602539
vn -0.09741211 -0.6425781 -0.7602539
vn -0.09741211 -0.6425781 -0.7602539
vn 0.006053925 0.9384766 0.345459
vn 0.006053925 0.9384766 0.345459
vn 0.006053925 0.9384766 0.345459
vn 0.006053925 0.9384766 0.345459
vn -0.1155396 0.7524414 -0.6489258
vn -0.1155396 0.7524414 -0.6489258
vn -0.1155396 0.7524414 -0.6489258
vn -0.1155396 0.7524414 -0.6489258
vn 0.1104736 -0.3237305 0.9394531
vn 0.1104736 -0.3237305 0.9394531
vn 0.1104736 -0.3237305 0.9394531
vn 0.1104736 -0.3237305 0.9394531
vn -0.03753662 -0.9389648 -0.3415527
vn -0.03753662 -0.9389648 -0.3415527
vn -0.03753662 -0.9389648 -0.3415527
vn -0.03753662 -0.9389648 -0.3415527
vn -0.1104736 0.3237305 -0.9394531
vn -0.1104736 0.3237305 -0.9394531
vn -0.1104736 0.3237305 -0.9394531
vn -0.1104736 0.3237305 -0.9394531
vn 0.1040039 0.1734619 0.9794922
vn 0.1040039 0.1734619 0.9794922
vn 0.1040039 0.1734619 0.9794922
vn 0.1040039 0.1734619 0.9794922
vn 0.0309906 -0.980957 0.1922607
vn 0.0309906 -0.980957 0.1922607
vn 0.0309906 -0.980957 0.1922607
vn 0.0309906 -0.980957 0.1922607
vn -0.135498 -0.1741943 -0.9755859
vn -0.135498 -0.1741943 -0.9755859
vn -0.135498 -0.1741943 -0.9755859
vn -0.135498 -0.1741943 -0.9755859
vn 0.06591797 0.6416016 0.7641602
vn 0.06591797 0.6416016 0.7641602
vn 0.06591797 0.6416016 0.7641602
vn 0.06591797 0.6416016 0.7641602
vn -0.06246948 0.9799805 -0.1882324
vn -0.06246948 0.9799805 -0.1882324
vn -0.06246948 0.9799805 -0.1882324
vn -0.06246948 0.9799805 -0.1882324
vn 0.08404541 -0.7529297 0.652832
vn 0.08404541 -0.7529297 0.652832
vn 0.08404541 -0.7529297 0.652832
vn 0.08404541 -0.7529297 0.652832
vn -0.06591797 -0.6416016 -0.7641602
vn -0.06591797 -0.6416016 -0.7641602
vn -0.06591797 -0.6416016 -0.7641602
vn -0.06591797 -0.6416016 -0.7641602
vn 0.006053925 0.9384766 0.345459
vn 0.006053925 0.9384766 0.345459
vn 0.006053925 0.9384766 0.345459
vn 0.006053925 0.9384766 0.345459
vn -0.1155396 0.7524414 -0.6489258
vn -0.1155396 0.7524414 -0.6489258
vn -0.1155396 0.7524414 -0.6489258
vn -0.1155396 0.7524414 -0.6489258
vn 0.1104736 -0.3237305 0.9394531
vn 0.1104736 -0.3237305 0.9394531
vn 0.1104736 -0.3237305 0.9394531
vn 0.1104736 -0.3237305 0.9394531
vn -0.03753662 -0.9389648 -0.3415527
vn -0.03753662 -0.9389648 -0.3415527
vn -0.03753662 -0.9389648 -0.3415527
vn -0.03753662 -0.9389648 -0.3415527
vn -0.1419678 0.3232422 -0.9355469
vn -0.1419678 0.3232422 -0.9355469
vn -0.1419678 0.3232422 -0.9355469
vn -0.1419678 0.3232422 -0.9355469
vn 0.1040039 0.1734619 0.9794922
vn 0.1040039 0.1734619 0.9794922
vn 0.1040039 0.1734619 0.9794922
vn 0.1040039 0.1734619 0.9794922
vn 0.0309906 -0.980957 0.1922607
vn 0.0309906 -0.980957 0.1922607
vn 0.0309906 -0.980957 0.1922607
vn 0.0309906 -0.980957 0.1922607
vn -0.1040039 -0.1734619 -0.9794922
vn -0.1040039 -0.1734619 -0.9794922
vn -0.1040039 -0.1734619 -0.9794922
vn -0.1040039 -0.1734619 -0.9794922
vn 0.06591797 0.6416016 0.7641602
vn 0.06591797 0.6416016 0.7641602
vn 0.06591797 0.6416016 0.7641602
vn 0.06591797 0.6416016 0.7641602
vn -0.06246948 0.9799805 -0.1882324
vn -0.06246948 0.9799805 -0.1882324
vn -0.06246948 0.9799805 -0.1882324
vn -0.06246948 0.9799805 -0.1882324
vn 0.08404541 -0.7529297 0.652832
vn 0.08404541 -0.7529297 0.652832
vn 0.08404541 -0.7529297 0.652832
vn 0.08404541 -0.7529297 0.652832
vn -0.06591797 -0.6416016 -0.7641602
vn -0.06591797 -0.6416016 -0.7641602
vn -0.06591797 -0.6416016 -0.7641602
vn -0.06591797 -0.6416016 -0.7641602
vn 0.006053925 0.9384766 0.345459
vn 0.006053925 0.9384766 0.345459
vn 0.006053925 0.9384766 0.345459
vn 0.006053925 0.9384766 0.345459
vn -0.08404541 0.7529297 -0.652832
vn -0.08404541 0.7529297 -0.652832
vn -0.08404541 0.7529297 -0.652832
vn -0.08404541 0.7529297 -0.652832
vn 0.1104736 -0.3237305 0.9394531
vn 0.1104736 -0.3237305 0.9394531
vn 0.1104736 -0.3237305 0.9394531
vn 0.1104736 -0.3237305 0.9394531
vn -0.03753662 -0.9389648 -0.3415527
vn -0.03753662 -0.9389648 -0.3415527
vn -0.03753662 -0.9389648 -0.3415527
vn -0.03753662 -0.9389648 -0.3415527
vn -0.1104736 0.3237305 -0.9394531
vn -0.1104736 0.3237305 -0.9394531
vn -0.1104736 0.3237305 -0.9394531
vn -0.1104736 0.3237305 -0.9394531
vn 0.1040039 0.1734619 0.9794922
vn 0.1040039 0.1734619 0.9794922
vn 0.1040039 0.1734619 0.9794922
vn 0.1040039 0.1734619 0.9794922
vn 0.0309906 -0.980957 0.1922607
vn 0.0309906 -0.980957 0.1922607
vn 0.0309906 -0.980957 0.1922607
vn 0.0309906 -0.980957 0.1922607
vn -0.135498 -0.1741943 -0.9755859
vn -0.135498 -0.1741943 -0.9755859
vn -0.135498 -0.1741943 -0.9755859
vn -0.135498 -0.1741943 -0.9755859
vn 0.06591797 0.6416016 0.7641602
vn 0.06591797 0.6416016 0.7641602
vn 0.06591797 0.6416016 0.7641602
vn 0.06591797 0.6416016 0.7641602
vn -0.06246948 0.9799805 -0.1882324
vn -0.06246948 0.9799805 -0.1882324
vn -0.06246948 0.9799805 -0.1882324
vn -0.06246948 0.9799805 -0.1882324
vn 0.08404541 -0.7529297 0.652832
vn 0.08404541 -0.7529297 0.652832
vn 0.08404541 -0.7529297 0.652832
vn 0.08404541 -0.7529297 0.652832
vn -0.06591797 -0.6416016 -0.7641602
vn -0.06591797 -0.6416016 -0.7641602
vn -0.06591797 -0.6416016 -0.7641602
vn -0.06591797 -0.6416016 -0.7641602
vn 0.006053925 0.9384766 0.345459
vn 0.006053925 0.9384766 0.345459
vn 0.006053925 0.9384766 0.345459
vn 0.006053925 0.9384766 0.345459
vn -0.1155396 0.7524414 -0.6489258
vn -0.1155396 0.7524414 -0.6489258
vn -0.1155396 0.7524414 -0.6489258
vn -0.1155396 0.7524414 -0.6489258
vn 0.1104736 -0.3237305 0.9394531
vn 0.1104736 -0.3237305 0.9394531
vn 0.1104736 -0.3237305 0.9394531
vn 0.1104736 -0.3237305 0.9394531
vn -0.006053925 -0.9384766 -0.345459
vn -0.006053925 -0.9384766 -0.345459
vn -0.006053925 -0.9384766 -0.345459
vn -0.006053925 -0.9384766 -0.345459
vn -0.1104736 0.3237305 -0.9394531
vn -0.1104736 0.3237305 -0.9394531
vn -0.1104736 0.3237305 -0.9394531
vn -0.1104736 0.3237305 -0.9394531
vn 0.1040039 0.1734619 0.9794922
vn 0.1040039 0.1734619 0.9794922
vn 0.1040039 0.1734619 0.9794922
vn 0.1040039 0.1734619 0.9794922
vn 0.0309906 -0.980957 0.1922607
vn 0.0309906 -0.980957 0.1922607
vn 0.0309906 -0.980957 0.1922607
vn 0.0309906 -0.980957 0.1922607
vn -0.1040039 -0.1734619 -0.9794922
vn -0.1040039 -0.1734619 -0.9794922
vn -0.1040039 -0.1734619 -0.9794922
vn -0.1040039 -0.1734619 -0.9794922
vn 0.06591797 0.6416016 0.7641602
vn 0.06591797 0.6416016 0.7641602
vn 0.06591797 0.6416016 0.7641602
vn 0.06591797 0.6416016 0.7641602
vn -0.06246948 0.9799805 -0.1882324
vn -0.06246948 0.9799805 -0.1882324
vn -0.06246948 0.9799805 -0.1882324
vn -0.06246948 0.9799805 -0.1882324
vn 0.08404541 -0.7529297 0.652832
vn 0.08404541 -0.7529297 0.652832
vn 0.08404541 -0.7529297 0.652832
vn 0.08404541 -0.7529297 0.652832
vn -0.06591797 -0.6416016 -0.7641602
vn -0.06591797 -0.6416016 -0.7641602
vn -0.06591797 -0.6416016 -0.7641602
vn -0.06591797 -0.6416016 -0.7641602
vn 0.006053925 0.9384766 0.345459
vn 0.006053925 0.9384766 0.345459
vn 0.006053925 0.9384766 0.345459
vn 0.006053925 0.9384766 0.345459
vn -0.08404541 0.7529297 -0.652832
vn -0.08404541 0.7529297 -0.652832
vn -0.08404541 0.7529297 -0.652832
vn -0.08404541 0.7529297 -0.652832
vn 0.1104736 -0.3237305 0.9394531
vn 0.1104736 -0.3237305 0.9394531
vn 0.1104736 -0.3237305 0.9394531
vn 0.1104736 -0.3237305 0.9394531
vn -0.03753662 -0.9389648 -0.3415527
vn -0.03753662 -0.9389648 -0.3415527
vn -0.03753662 -0.9389648 -0.3415527
vn -0.03753662 -0.9389648 -0.3415527
vn -0.1104736 0.3237305 -0.9394531
vn -0.1104736 0.3237305 -0.9394531
vn -0.1104736 0.3237305 -0.9394531
vn -0.1104736 0.3237305 -0.9394531
vn 0.1040039 0.1734619 0.9794922
vn 0.1040039 0.1734619 0.9794922
vn 0.1040039 0.1734619 0.9794922
vn 0.1040039 0.1734619 0.9794922
vn 0.0309906 -0.980957 0.1922607
vn 0.0309906 -0.980957 0.1922607
vn 0.0309906 -0.980957 0.1922607
vn 0.0309906 -0.980957 0.1922607
vn -0.1040039 -0.1734619 -0.9794922
vn -0.1040039 -0.1734619 -0.9794922
vn -0.1040039 -0.1734619 -0.9794922
vn -0.1040039 -0.1734619 -0.9794922
vn 0.06591797 0.6416016 0.7641602
vn 0.06591797 0.6416016 0.7641602
vn 0.06591797 0.6416016 0.7641602
vn 0.06591797 0.6416016 0.7641602
vn -0.0007762909 -0.9980469 -0.06185913
vn -0.0007762909 -0.9980469 -0.06185913
vn -0.0007762909 -0.9980469 -0.06185913
vn -0.0007762909 -0.9980469 -0.06185913
vn -0.02667236 0.9951172 0.097229
vn -0.02667236 0.9951172 0.097229
vn -0.02667236 0.9951172 0.097229
vn -0.02667236 0.9951172 0.097229
vn 0.9936523 0.02168274 -0.1098633
vn 0.9936523 0.02168274 -0.1098633
vn 0.9936523 0.02168274 -0.1098633
vn 0.9936523 0.02168274 -0.1098633
vn -0.1427002 0.0769043 -0.9868164
vn -0.1427002 0.0769043 -0.9868164
vn -0.1427002 0.0769043 -0.9868164
vn -0.1427002 0.0769043 -0.9868164
vn 0.1112671 -0.07763672 0.9907227
vn 0.1112671 -0.07763672 0.9907227
vn 0.1112671 -0.07763672 0.9907227
vn 0.1112671 -0.07763672 0.9907227
vn -0.1427002 0.0769043 -0.9868164
vn -0.1427002 0.0769043 -0.9868164
vn -0.1427002 0.0769043 -0.9868164
vn -0.1427002 0.0769043 -0.9868164
vn -0.1419678 0.3232422 -0.9355469
vn -0.1419678 0.3232422 -0.9355469
vn -0.1419678 0.3232422 -0.9355469
vn -0.1419678 0.3232422 -0.9355469
vn 0.0112381 -0.9995117 0.0328064
vn 0.0112381 -0.9995117 0.0328064
vn 0.0112381 -0.9995117 0.0328064
vn 0.0112381 -0.9995117 0.0328064
vn -0.07122803 -0.8085938 -0.5839844
vn -0.07122803 -0.8085938 -0.5839844
vn -0.07122803 -0.8085938 -0.5839844
vn -0.07122803 -0.8085938 -0.5839844
vn 0.996582 0.01921082 -0.07843018
vn 0.996582 0.01921082 -0.07843018
vn 0.996582 0.01921082 -0.07843018
vn 0.996582 0.01921082 -0.07843018
vn 0.9897461 0.0241394 -0.1412354
vn 0.9897461 0.0241394 -0.1412354
vn 0.9897461 0.0241394 -0.1412354
vn 0.9897461 0.0241394 -0.1412354
vn 0.9936523 0.02168274 -0.1098633
vn 0.9936523 0.02168274 -0.1098633
vn 0.9936523 0.02168274 -0.1098633
vn 0.9936523 0.02168274 -0.1098633
vn -0.9897461 -0.0241394 0.1412354
vn -0.9897461 -0.0241394 0.1412354
vn -0.9897461 -0.0241394 0.1412354
vn -0.9897461 -0.0241394 0.1412354
vn -0.9848633 -0.02656555 0.1724854
vn -0.9848633 -0.02656555 0.1724854
vn -0.9936523 -0.02168274 0.1098633
vn -0.9936523 -0.02168274 0.1098633
vn -0.9936523 -0.02168274 0.1098633
vn -0.9936523 -0.02168274 0.1098633
vn -0.9897461 -0.0241394 0.1412354
vn -0.9897461 -0.0241394 0.1412354
vn -0.9897461 -0.0241394 0.1412354
vn -0.9897461 -0.0241394 0.1412354
vn 0.996582 0.01921082 -0.07843018
vn 0.996582 0.01921082 -0.07843018
vn 0.996582 0.01921082 -0.07843018
vn 0.996582 0.01921082 -0.07843018
vn 0.9936523 0.02168274 -0.1098633
vn 0.9936523 0.02168274 -0.1098633
vn -0.9848633 -0.02656555 0.1724854
vn -0.9848633 -0.02656555 0.1724854
vn -0.9848633 -0.02656555 0.1724854
vn -0.9848633 -0.02656555 0.1724854
vn 0.1112671 -0.07763672 0.9907227
vn 0.1112671 -0.07763672 0.9907227
vn 0.1112671 -0.07763672 0.9907227
vn 0.1112671 -0.07763672 0.9907227
vn 0.1040039 0.1734619 0.9794922
vn 0.1040039 0.1734619 0.9794922
vn 0.1040039 0.1734619 0.9794922
vn 0.1040039 0.1734619 0.9794922
vn -0.01698303 -0.9824219 -0.1868896
vn -0.01698303 -0.9824219 -0.1868896
vn -0.01698303 -0.9824219 -0.1868896
vn -0.01698303 -0.9824219 -0.1868896
vn 0.0617981 -0.8896484 0.4521484
vn 0.0617981 -0.8896484 0.4521484
vn 0.0617981 -0.8896484 0.4521484
vn 0.0617981 -0.8896484 0.4521484
vn 0.9848633 0.02656555 -0.1724854
vn 0.9848633 0.02656555 -0.1724854
vn 0.9848633 0.02656555 -0.1724854
vn 0.9848633 0.02656555 -0.1724854
vn -0.9936523 -0.02168274 0.1098633
vn -0.9936523 -0.02168274 0.1098633
vn -0.9936523 -0.02168274 0.1098633
vn -0.9936523 -0.02168274 0.1098633
vn -0.996582 -0.01921082 0.07843018
vn -0.996582 -0.01921082 0.07843018
vn 0.9848633 0.02656555 -0.1724854
vn 0.9848633 0.02656555 -0.1724854
vn 0.9848633 0.02656555 -0.1724854
vn 0.9848633 0.02656555 -0.1724854
vn 0.9897461 0.0241394 -0.1412354
vn 0.9897461 0.0241394 -0.1412354
vn -0.996582 -0.01921082 0.07843018
vn -0.996582 -0.01921082 0.07843018
vn -0.996582 -0.01921082 0.07843018
vn -0.996582 -0.01921082 0.07843018
vn -0.03071594 0.9975586 0.06585693
vn -0.03071594 0.9975586 0.06585693
vn -0.03071594 0.9975586 0.06585693
vn -0.03071594 0.9975586 0.06585693
vn -0.0007762909 -0.9980469 -0.06185913
vn -0.0007762909 -0.9980469 -0.06185913
vn -0.0007762909 -0.9980469 -0.06185913
vn -0.0007762909 -0.9980469 -0.06185913
vn -0.9897461 -0.0241394 0.1412354
vn -0.9897461 -0.0241394 0.1412354
vn -0.9897461 -0.0241394 0.1412354
vn -0.9897461 -0.0241394 0.1412354
vn -0.1112671 0.07763672 -0.9907227
vn -0.1112671 0.07763672 -0.9907227
vn -0.1112671 0.07763672 -0.9907227
vn -0.1112671 0.07763672 -0.9907227
vn -0.1112671 0.07763672 -0.9907227
vn -0.1112671 0.07763672 -0.9907227
vn -0.1112671 0.07763672 -0.9907227
vn -0.1112671 0.07763672 -0.9907227
vn 0.9936523 0.02168274 -0.1098633
vn 0.9936523 0.02168274 -0.1098633
vn 0.9936523 0.02168274 -0.1098633
vn 0.9936523 0.02168274 -0.1098633
vn 0.1112671 -0.07763672 0.9907227
vn 0.1112671 -0.07763672 0.9907227
vn 0.1112671 -0.07763672 0.9907227
vn 0.1112671 -0.07763672 0.9907227
vn 0.1112671 -0.07763672 0.9907227
vn 0.1112671 -0.07763672 0.9907227
vn 0.1112671 -0.07763672 0.9907227
vn 0.1112671 -0.07763672 0.9907227
vn 0.9936523 0.02168274 -0.1098633
vn 0.9936523 0.02168274 -0.1098633
vn 0.9936523 0.02168274 -0.1098633
vn 0.9936523 0.02168274 -0.1098633
vn -0.0007762909 -0.9980469 -0.06185913
vn -0.0007762909 -0.9980469 -0.06185913
vn -0.0007762909 -0.9980469 -0.06185913
vn -0.0007762909 -0.9980469 -0.06185913
vn -0.9897461 -0.0241394 0.1412354
vn -0.9897461 -0.0241394 0.1412354
vn -0.9897461 -0.0241394 0.1412354
vn -0.9897461 -0.0241394 0.1412354
vn -0.0007762909 -0.9980469 -0.06185913
vn -0.0007762909 -0.9980469 -0.06185913
vn -0.0007762909 -0.9980469 -0.06185913
vn -0.0007762909 -0.9980469 -0.06185913
vn -0.02667236 0.9951172 0.097229
vn -0.02667236 0.9951172 0.097229
vn -0.02667236 0.9951172 0.097229
vn -0.02667236 0.9951172 0.097229
vn -0.0007762909 -0.9980469 -0.06185913
vn -0.0007762909 -0.9980469 -0.06185913
vn -0.0007762909 -0.9980469 -0.06185913
vn -0.0007762909 -0.9980469 -0.06185913
vn 0.1014404 -0.5537109 0.8266602
vn 0.1014404 -0.5537109 0.8266602
vn 0.1014404 -0.5537109 0.8266602
vn 0.1014404 -0.5537109 0.8266602
vn -0.02667236 0.9951172 0.097229
vn -0.02667236 0.9951172 0.097229
vn -0.02667236 0.9951172 0.097229
vn -0.02667236 0.9951172 0.097229
vn -0.1014404 0.5537109 -0.8266602
vn -0.1014404 0.5537109 -0.8266602
vn -0.1014404 0.5537109 -0.8266602
vn -0.1014404 0.5537109 -0.8266602
vn 0.08880615 0.4179688 0.9042969
vn 0.08880615 0.4179688 0.9042969
vn 0.08880615 0.4179688 0.9042969
vn 0.08880615 0.4179688 0.9042969
vn -0.08880615 -0.4179688 -0.9042969
vn -0.08880615 -0.4179688 -0.9042969
vn -0.08880615 -0.4179688 -0.9042969
vn -0.08880615 -0.4179688 -0.9042969
vn -0.9897461 -0.0241394 0.1412354
vn -0.9897461 -0.0241394 0.1412354
vn -0.9897461 -0.0241394 0.1412354
vn -0.9897461 -0.0241394 0.1412354
vn -0.9897461 -0.0241394 0.1412354
vn -0.9897461 -0.0241394 0.1412354
vn 0.1112671 -0.07763672 0.9907227
vn 0.1112671 -0.07763672 0.9907227
vn 0.1112671 -0.07763672 0.9907227
vn 0.1112671 -0.07763672 0.9907227
vn 0.1112671 -0.07763672 0.9907227
vn 0.1112671 -0.07763672 0.9907227
vn 0.1112671 -0.07763672 0.9907227
vn 0.1112671 -0.07763672 0.9907227
vn 0.1112671 -0.07763672 0.9907227
vn 0.1112671 -0.07763672 0.9907227
vn 0.1112671 -0.07763672 0.9907227
vn 0.1112671 -0.07763672 0.9907227
vn 0.1112671 -0.07763672 0.9907227
vn 0.7651367 0.6430664 -0.03198242
vn 0.7651367 0.6430664 -0.03198242
vn 0.7651367 0.6430664 -0.03198242
vn 0.7651367 0.6430664 -0.03198242
vn 0.9658203 -0.2276611 -0.1257324
vn 0.9658203 -0.2276611 -0.1257324
vn 0.9658203 -0.2276611 -0.1257324
vn 0.9658203 -0.2276611 -0.1257324
vn -0.1112671 0.07763672 -0.9907227
vn -0.1112671 0.07763672 -0.9907227
vn -0.1112671 0.07763672 -0.9907227
vn -0.1112671 0.07763672 -0.9907227
vn -0.1112671 0.07763672 -0.9907227
vn -0.1112671 0.07763672 -0.9907227
vn -0.1112671 0.07763672 -0.9907227
vn -0.1112671 0.07763672 -0.9907227
vn -0.1112671 0.07763672 -0.9907227
vn -0.1112671 0.07763672 -0.9907227
vn -0.1112671 0.07763672 -0.9907227
vn -0.1112671 0.07763672 -0.9907227
vn -0.1112671 0.07763672 -0.9907227
vn -0.715332 0.6796875 0.1610107
vn -0.715332 0.6796875 0.1610107
vn -0.715332 0.6796875 0.1610107
vn -0.715332 0.6796875 0.1610107
vn 0.9589844 0.2695313 -0.08605957
vn 0.9589844 0.2695313 -0.08605957
vn 0.9589844 0.2695313 -0.08605957
vn 0.9589844 0.2695313 -0.08605957
vn -0.9311523 0.326416 0.1611328
vn -0.9311523 0.326416 0.1611328
vn -0.9311523 0.326416 0.1611328
vn -0.9311523 0.326416 0.1611328
vn 0.6572266 -0.7431641 -0.1264648
vn 0.6572266 -0.7431641 -0.1264648
vn 0.6572266 -0.7431641 -0.1264648
vn 0.6572266 -0.7431641 -0.1264648
vn 0.7817383 -0.6098633 -0.131958
vn 0.7817383 -0.6098633 -0.131958
vn 0.7817383 -0.6098633 -0.131958
vn 0.7817383 -0.6098633 -0.131958
vn -0.01454163 -0.07977295 0.996582
vn -0.01454163 -0.07977295 0.996582
vn -0.01454163 -0.07977295 0.996582
vn -0.01454163 -0.07977295 0.996582
vn -0.1112671 0.07763672 -0.9907227
vn -0.1112671 0.07763672 -0.9907227
vn -0.1112671 0.07763672 -0.9907227
vn -0.1112671 0.07763672 -0.9907227
vn 0.8051758 0.2161865 -0.5522461
vn 0.8051758 0.2161865 -0.5522461
vn 0.8051758 0.2161865 -0.5522461
vn 0.8051758 0.2161865 -0.5522461
vn -0.5395508 0.06002808 -0.8398438
vn -0.5395508 0.06002808 -0.8398438
vn -0.5395508 0.06002808 -0.8398438
vn -0.5395508 0.06002808 -0.8398438
vn -0.02262878 0.9912109 0.12854
vn -0.02262878 0.9912109 0.12854
vn -0.02262878 0.9912109 0.12854
vn -0.02262878 0.9912109 0.12854
vn -0.0007762909 -0.9980469 -0.06185913
vn -0.0007762909 -0.9980469 -0.06185913
vn -0.0007762909 -0.9980469 -0.06185913
vn -0.0007762909 -0.9980469 -0.06185913
vn 0.9223633 0.1450195 0.3583984
vn 0.9223633 0.1450195 0.3583984
vn 0.9223633 0.1450195 0.3583984
vn 0.9223633 0.1450195 0.3583984
vn -0.3098145 -0.07965088 0.9472656
vn -0.3098145 -0.07965088 0.9472656
vn -0.3098145 -0.07965088 0.9472656
vn -0.3098145 -0.07965088 0.9472656
vn 0.3098145 0.07965088 -0.9472656
vn 0.3098145 0.07965088 -0.9472656
vn 0.3098145 0.07965088 -0.9472656
vn 0.3098145 0.07965088 -0.9472656
vn -0.034729 0.9990234 0.03436279
vn -0.034729 0.9990234 0.03436279
vn -0.034729 0.9990234 0.03436279
vn -0.034729 0.9990234 0.03436279
vn -0.004806519 -0.9956055 -0.09326172
vn -0.004806519 -0.9956055 -0.09326172
vn -0.004806519 -0.9956055 -0.09326172
vn -0.004806519 -0.9956055 -0.09326172
vn -0.004806519 -0.9956055 -0.09326172
vn -0.004806519 -0.9956055 -0.09326172
vn -0.004806519 -0.9956055 -0.09326172
vn -0.004806519 -0.9956055 -0.09326172
vn -0.004806519 -0.9956055 -0.09326172
vn 0.5395508 -0.06002808 0.8398438
vn 0.5395508 -0.06002808 0.8398438
vn 0.5395508 -0.06002808 0.8398438
vn 0.5395508 -0.06002808 0.8398438
vn 0.07800293 -0.9453125 0.3173828
vn 0.07800293 -0.9453125 0.3173828
vn 0.07800293 -0.9453125 0.3173828
vn 0.07800293 -0.9453125 0.3173828
vn 0.1077271 -0.421875 0.9003906
vn 0.1077271 -0.421875 0.9003906
vn 0.1077271 -0.421875 0.9003906
vn 0.1077271 -0.421875 0.9003906
vn 0.09863281 0.2763672 0.9560547
vn 0.09863281 0.2763672 0.9560547
vn 0.09863281 0.2763672 0.9560547
vn 0.09863281 0.2763672 0.9560547
vn 0.02276611 0.8837891 0.4675293
vn 0.02276611 0.8837891 0.4675293
vn 0.02276611 0.8837891 0.4675293
vn 0.02276611 0.8837891 0.4675293
vn -0.07800293 0.9453125 -0.3173828
vn -0.07800293 0.9453125 -0.3173828
vn -0.07800293 0.9453125 -0.3173828
vn -0.07800293 0.9453125 -0.3173828
vn -0.1391602 0.4211426 -0.8959961
vn -0.1391602 0.4211426 -0.8959961
vn -0.1391602 0.4211426 -0.8959961
vn -0.1391602 0.4211426 -0.8959961
vn -0.02276611 -0.8837891 -0.4675293
vn -0.02276611 -0.8837891 -0.4675293
vn -0.02276611 -0.8837891 -0.4675293
vn -0.02276611 -0.8837891 -0.4675293
vn -0.09863281 -0.2763672 -0.9560547
vn -0.09863281 -0.2763672 -0.9560547
vn -0.09863281 -0.2763672 -0.9560547
vn -0.09863281 -0.2763672 -0.9560547
vn 0.1112671 -0.07763672 0.9907227
vn 0.1112671 -0.07763672 0.9907227
vn 0.1112671 -0.07763672 0.9907227
vn 0.1112671 -0.07763672 0.9907227
vn 0.07489014 0.565918 0.8212891
vn 0.07489014 0.565918 0.8212891
vn 0.07489014 0.565918 0.8212891
vn 0.07489014 0.565918 0.8212891
vn -0.01042175 0.9750977 0.2220459
vn -0.01042175 0.9750977 0.2220459
vn -0.01042175 0.9750977 0.2220459
vn -0.01042175 0.9750977 0.2220459
vn -0.1045532 0.8300781 -0.5478516
vn -0.1045532 0.8300781 -0.5478516
vn -0.1045532 0.8300781 -0.5478516
vn -0.1045532 0.8300781 -0.5478516
vn -0.1427002 0.0769043 -0.9868164
vn -0.1427002 0.0769043 -0.9868164
vn -0.1427002 0.0769043 -0.9868164
vn -0.1427002 0.0769043 -0.9868164
vn -0.07489014 -0.565918 -0.8212891
vn -0.07489014 -0.565918 -0.8212891
vn -0.07489014 -0.565918 -0.8212891
vn -0.07489014 -0.565918 -0.8212891
vn 0.1045532 -0.8300781 0.5478516
vn 0.1045532 -0.8300781 0.5478516
vn 0.1045532 -0.8300781 0.5478516
vn 0.1045532 -0.8300781 0.5478516
vn 0.01042175 -0.9750977 -0.2220459
vn 0.01042175 -0.9750977 -0.2220459
vn 0.01042175 -0.9750977 -0.2220459
vn 0.01042175 -0.9750977 -0.2220459
vn -0.05270386 -0.734375 -0.6767578
vn -0.05270386 -0.734375 -0.6767578
vn -0.05270386 -0.734375 -0.6767578
vn -0.05270386 -0.734375 -0.6767578
vn 0.04669189 -0.9970703 0.06054688
vn 0.04669189 -0.9970703 0.06054688
vn 0.04669189 -0.9970703 0.06054688
vn 0.04669189 -0.9970703 0.06054688
vn 0.09118652 -0.6870117 0.7211914
vn 0.09118652 -0.6870117 0.7211914
vn 0.09118652 -0.6870117 0.7211914
vn 0.09118652 -0.6870117 0.7211914
vn 0.1112671 -0.07763672 0.9907227
vn 0.1112671 -0.07763672 0.9907227
vn 0.1112671 -0.07763672 0.9907227
vn 0.1112671 -0.07763672 0.9907227
vn 0.05270386 0.734375 0.6767578
vn 0.05270386 0.734375 0.6767578
vn 0.05270386 0.734375 0.6767578
vn 0.05270386 0.734375 0.6767578
vn -0.04669189 0.9970703 -0.06054688
vn -0.04669189 0.9970703 -0.06054688
vn -0.04669189 0.9970703 -0.06054688
vn -0.04669189 0.9970703 -0.06054688
vn -0.1112671 0.07763672 -0.9907227
vn -0.1112671 0.07763672 -0.9907227
vn -0.1112671 0.07763672 -0.9907227
vn -0.1112671 0.07763672 -0.9907227
vn -0.09118652 0.6870117 -0.7211914
vn -0.09118652 0.6870117 -0.7211914
vn -0.09118652 0.6870117 -0.7211914
vn -0.09118652 0.6870117 -0.7211914
vn 0.05270386 0.734375 0.6767578
vn 0.05270386 0.734375 0.6767578
vn 0.05270386 0.734375 0.6767578
vn 0.05270386 0.734375 0.6767578
vn -0.04669189 0.9970703 -0.06054688
vn -0.04669189 0.9970703 -0.06054688
vn -0.04669189 0.9970703 -0.06054688
vn -0.04669189 0.9970703 -0.06054688
vn -0.1226807 0.6860352 -0.7172852
vn -0.1226807 0.6860352 -0.7172852
vn -0.1226807 0.6860352 -0.7172852
vn -0.1226807 0.6860352 -0.7172852
vn -0.1112671 0.07763672 -0.9907227
vn -0.1112671 0.07763672 -0.9907227
vn -0.1112671 0.07763672 -0.9907227
vn -0.1112671 0.07763672 -0.9907227
vn -0.05270386 -0.734375 -0.6767578
vn -0.05270386 -0.734375 -0.6767578
vn -0.05270386 -0.734375 -0.6767578
vn -0.05270386 -0.734375 -0.6767578
vn 0.01522064 -0.9975586 0.06451416
vn 0.01522064 -0.9975586 0.06451416
vn 0.01522064 -0.9975586 0.06451416
vn 0.01522064 -0.9975586 0.06451416
vn 0.1112671 -0.07763672 0.9907227
vn 0.1112671 -0.07763672 0.9907227
vn 0.1112671 -0.07763672 0.9907227
vn 0.1112671 -0.07763672 0.9907227
vn 0.09118652 -0.6870117 0.7211914
vn 0.09118652 -0.6870117 0.7211914
vn 0.09118652 -0.6870117 0.7211914
vn 0.09118652 -0.6870117 0.7211914
vn -0.1112671 0.07763672 -0.9907227
vn -0.1112671 0.07763672 -0.9907227
vn -0.1112671 0.07763672 -0.9907227
vn -0.1112671 0.07763672 -0.9907227
vn -0.07489014 -0.565918 -0.8212891
vn -0.07489014 -0.565918 -0.8212891
vn -0.07489014 -0.565918 -0.8212891
vn -0.07489014 -0.565918 -0.8212891
vn 0.01042175 -0.9750977 -0.2220459
vn 0.01042175 -0.9750977 -0.2220459
vn 0.01042175 -0.9750977 -0.2220459
vn 0.01042175 -0.9750977 -0.2220459
vn 0.07305908 -0.8310547 0.5517578
vn 0.07305908 -0.8310547 0.5517578
vn 0.07305908 -0.8310547 0.5517578
vn 0.07305908 -0.8310547 0.5517578
vn 0.1112671 -0.07763672 0.9907227
vn 0.1112671 -0.07763672 0.9907227
vn 0.1112671 -0.07763672 0.9907227
vn 0.1112671 -0.07763672 0.9907227
vn 0.07489014 0.565918 0.8212891
vn 0.07489014 0.565918 0.8212891
vn 0.07489014 0.565918 0.8212891
vn 0.07489014 0.565918 0.8212891
vn -0.1045532 0.8300781 -0.5478516
vn -0.1045532 0.8300781 -0.5478516
vn -0.1045532 0.8300781 -0.5478516
vn -0.1045532 0.8300781 -0.5478516
vn -0.01042175 0.9750977 0.2220459
vn -0.01042175 0.9750977 0.2220459
vn -0.01042175 0.9750977 0.2220459
vn -0.01042175 0.9750977 0.2220459
vn -0.07800293 0.9453125 -0.3173828
vn -0.07800293 0.9453125 -0.3173828
vn -0.07800293 0.9453125 -0.3173828
vn -0.07800293 0.9453125 -0.3173828
vn -0.1077271 0.421875 -0.9003906
vn -0.1077271 0.421875 -0.9003906
vn -0.1077271 0.421875 -0.9003906
vn -0.1077271 0.421875 -0.9003906
vn -0.09863281 -0.2763672 -0.9560547
vn -0.09863281 -0.2763672 -0.9560547
vn -0.09863281 -0.2763672 -0.9560547
vn -0.09863281 -0.2763672 -0.9560547
vn -0.02276611 -0.8837891 -0.4675293
vn -0.02276611 -0.8837891 -0.4675293
vn -0.02276611 -0.8837891 -0.4675293
vn -0.02276611 -0.8837891 -0.4675293
vn 0.04653931 -0.9458008 0.3212891
vn 0.04653931 -0.9458008 0.3212891
vn 0.04653931 -0.9458008 0.3212891
vn 0.04653931 -0.9458008 0.3212891
vn 0.1077271 -0.421875 0.9003906
vn 0.1077271 -0.421875 0.9003906
vn 0.1077271 -0.421875 0.9003906
vn 0.1077271 -0.421875 0.9003906
vn 0.02276611 0.8837891 0.4675293
vn 0.02276611 0.8837891 0.4675293
vn 0.02276611 0.8837891 0.4675293
vn 0.02276611 0.8837891 0.4675293
vn 0.09863281 0.2763672 0.9560547
vn 0.09863281 0.2763672 0.9560547
vn 0.09863281 0.2763672 0.9560547
vn 0.09863281 0.2763672 0.9560547
vn -0.135498 -0.1741943 -0.9755859
vn -0.135498 -0.1741943 -0.9755859
vn -0.135498 -0.1741943 -0.9755859
vn -0.135498 -0.1741943 -0.9755859
vn -0.1427002 0.0769043 -0.9868164
vn -0.1427002 0.0769043 -0.9868164
vn -0.1427002 0.0769043 -0.9868164
vn -0.1427002 0.0769043 -0.9868164
vn 0.1112671 -0.07763672 0.9907227
vn 0.1112671 -0.07763672 0.9907227
vn 0.1112671 -0.07763672 0.9907227
vn 0.1112671 -0.07763672 0.9907227
vn 0.9897461 0.0241394 -0.1412354
vn 0.9897461 0.0241394 -0.1412354
vn 0.9897461 0.0241394 -0.1412354
vn 0.9897461 0.0241394 -0.1412354
vn 0.9897461 0.0241394 -0.1412354
vn 0.9897461 0.0241394 -0.1412354
vn 0.9897461 0.0241394 -0.1412354
vn -0.9936523 -0.02168274 0.1098633
vn -0.9936523 -0.02168274 0.1098633
vn -0.9936523 -0.02168274 0.1098633
vn -0.9936523 -0.02168274 0.1098633
vn -0.9936523 -0.02168274 0.1098633
vn -0.9936523 -0.02168274 0.1098633
vn -0.9936523 -0.02168274 0.1098633
vn 0.9936523 0.02168274 -0.1098633
vn 0.9936523 0.02168274 -0.1098633
vn 0.9936523 0.02168274 -0.1098633
vn 0.9936523 0.02168274 -0.1098633
vn 0.9936523 0.02168274 -0.1098633
vn 0.9936523 0.02168274 -0.1098633
vn 0.9936523 0.02168274 -0.1098633
vn 0.9897461 0.0241394 -0.1412354
vn 0.9897461 0.0241394 -0.1412354
vn 0.9897461 0.0241394 -0.1412354
vn 0.9936523 0.02168274 -0.1098633
vn 0.9936523 0.02168274 -0.1098633
vn 0.9897461 0.0241394 -0.1412354
vn 0.9897461 0.0241394 -0.1412354
vn 0.9897461 0.0241394 -0.1412354
vn 0.9897461 0.0241394 -0.1412354
vn 0.9897461 0.0241394 -0.1412354
vn 0.9897461 0.0241394 -0.1412354
vn 0.9897461 0.0241394 -0.1412354
vn 0.1040039 0.1734619 0.9794922
vn 0.1040039 0.1734619 0.9794922
vn 0.1040039 0.1734619 0.9794922
vn 0.1040039 0.1734619 0.9794922
vn -0.9936523 -0.02168274 0.1098633
vn -0.9936523 -0.02168274 0.1098633
vn -0.9936523 -0.02168274 0.1098633
vn -0.9936523 -0.02168274 0.1098633
vn -0.9897461 -0.0241394 0.1412354
vn -0.9897461 -0.0241394 0.1412354
vn -0.9897461 -0.0241394 0.1412354
vn -0.9897461 -0.0241394 0.1412354
vn -0.9897461 -0.0241394 0.1412354
vn -0.9897461 -0.0241394 0.1412354
vn -0.9936523 -0.02168274 0.1098633
vn -0.9897461 -0.0241394 0.1412354
vn -0.9897461 -0.0241394 0.1412354
vn -0.9936523 -0.02168274 0.1098633
vn -0.9936523 -0.02168274 0.1098633
vn -0.9936523 -0.02168274 0.1098633
vn -0.9936523 -0.02168274 0.1098633
vn -0.9936523 -0.02168274 0.1098633
vn -0.9936523 -0.02168274 0.1098633
vn -0.04403687 -0.7851563 -0.6176758
vn -0.04403687 -0.7851563 -0.6176758
vn -0.04403687 -0.7851563 -0.6176758
vn -0.04403687 -0.7851563 -0.6176758
vn 0.04837036 0.7607422 0.6469727
vn 0.04837036 0.7607422 0.6469727
vn 0.04837036 0.7607422 0.6469727
vn 0.04837036 0.7607422 0.6469727
vn -0.008850098 -0.9921875 -0.1245728
vn -0.008850098 -0.9921875 -0.1245728
vn -0.008850098 -0.9921875 -0.1245728
vn -0.008850098 -0.9921875 -0.1245728
vn -0.02262878 0.9912109 0.12854
vn -0.02262878 0.9912109 0.12854
vn -0.02262878 0.9912109 0.12854
vn -0.02262878 0.9912109 0.12854
vn 0.08880615 0.4179688 0.9042969
vn 0.08880615 0.4179688 0.9042969
vn 0.08880615 0.4179688 0.9042969
vn 0.08880615 0.4179688 0.9042969
vn -0.08410645 -0.4731445 -0.8769531
vn -0.08410645 -0.4731445 -0.8769531
vn -0.08410645 -0.4731445 -0.8769531
vn -0.08410645 -0.4731445 -0.8769531
vn 0.1104736 -0.3237305 0.9394531
vn 0.1104736 -0.3237305 0.9394531
vn 0.1104736 -0.3237305 0.9394531
vn 0.1104736 -0.3237305 0.9394531
vn 0.1112671 -0.07763672 0.9907227
vn 0.1112671 -0.07763672 0.9907227
vn 0.1112671 -0.07763672 0.9907227
vn 0.1112671 -0.07763672 0.9907227
vn -0.1427002 0.0769043 -0.9868164
vn -0.1427002 0.0769043 -0.9868164
vn -0.1427002 0.0769043 -0.9868164
vn -0.1427002 0.0769043 -0.9868164
vn 0.9936523 0.02168274 -0.1098633
vn 0.9936523 0.02168274 -0.1098633
vn 0.9936523 0.02168274 -0.1098633
vn 0.9936523 0.02168274 -0.1098633
vn 0.9936523 0.02168274 -0.1098633
vn 0.9936523 0.02168274 -0.1098633
vn 0.9936523 0.02168274 -0.1098633
vn -0.9897461 -0.0241394 0.1412354
vn -0.9897461 -0.0241394 0.1412354
vn -0.9897461 -0.0241394 0.1412354
vn -0.9897461 -0.0241394 0.1412354
vn -0.9897461 -0.0241394 0.1412354
vn -0.9897461 -0.0241394 0.1412354
vn -0.9897461 -0.0241394 0.1412354
vn -0.1419678 0.3232422 -0.9355469
vn -0.1419678 0.3232422 -0.9355469
vn -0.1419678 0.3232422 -0.9355469
vn -0.1419678 0.3232422 -0.9355469
vn 0.06555176 -0.8720703 0.4853516
vn 0.06555176 -0.8720703 0.4853516
vn 0.06555176 -0.8720703 0.4853516
vn 0.06555176 -0.8720703 0.4853516
vn -0.1008301 0.8515625 -0.5141602
vn -0.1008301 0.8515625 -0.5141602
vn -0.1008301 0.8515625 -0.5141602
vn -0.1008301 0.8515625 -0.5141602
vn -0.1329346 0.5527344 -0.8227539
vn -0.1329346 0.5527344 -0.8227539
vn -0.1329346 0.5527344 -0.8227539
vn -0.1329346 0.5527344 -0.8227539
vn 0.0980835 -0.6040039 0.7910156
vn 0.0980835 -0.6040039 0.7910156
vn 0.0980835 -0.6040039 0.7910156
vn 0.0980835 -0.6040039 0.7910156
vn -0.034729 0.9990234 0.03436279
vn -0.034729 0.9990234 0.03436279
vn -0.034729 0.9990234 0.03436279
vn -0.034729 0.9990234 0.03436279
vn 0.003242493 -0.9995117 -0.03038025
vn 0.003242493 -0.9995117 -0.03038025
vn 0.003242493 -0.9995117 -0.03038025
vn 0.003242493 -0.9995117 -0.03038025
vn 0.06591797 0.6416016 0.7641602
vn 0.06591797 0.6416016 0.7641602
vn 0.06591797 0.6416016 0.7641602
vn 0.06591797 0.6416016 0.7641602
vn -0.1040039 -0.1734619 -0.9794922
vn -0.1040039 -0.1734619 -0.9794922
vn -0.1040039 -0.1734619 -0.9794922
vn -0.1040039 -0.1734619 -0.9794922
vn 0.06246948 -0.9799805 0.1882324
vn 0.06246948 -0.9799805 0.1882324
vn 0.06246948 -0.9799805 0.1882324
vn 0.06246948 -0.9799805 0.1882324
vn 0.1040039 0.1734619 0.9794922
vn 0.1040039 0.1734619 0.9794922
vn 0.1040039 0.1734619 0.9794922
vn 0.1040039 0.1734619 0.9794922
vn -0.1104736 0.3237305 -0.9394531
vn -0.1104736 0.3237305 -0.9394531
vn -0.1104736 0.3237305 -0.9394531
vn -0.1104736 0.3237305 -0.9394531
vn -0.006053925 -0.9384766 -0.345459
vn -0.006053925 -0.9384766 -0.345459
vn -0.006053925 -0.9384766 -0.345459
vn -0.006053925 -0.9384766 -0.345459
vn 0.1104736 -0.3237305 0.9394531
vn 0.1104736 -0.3237305 0.9394531
vn 0.1104736 -0.3237305 0.9394531
vn 0.1104736 -0.3237305 0.9394531
vn -0.1155396 0.7524414 -0.6489258
vn -0.1155396 0.7524414 -0.6489258
vn -0.1155396 0.7524414 -0.6489258
vn -0.1155396 0.7524414 -0.6489258
vn 0.006053925 0.9384766 0.345459
vn 0.006053925 0.9384766 0.345459
vn 0.006053925 0.9384766 0.345459
vn 0.006053925 0.9384766 0.345459
vn -0.06591797 -0.6416016 -0.7641602
vn -0.06591797 -0.6416016 -0.7641602
vn -0.06591797 -0.6416016 -0.7641602
vn -0.06591797 -0.6416016 -0.7641602
vn 0.08404541 -0.7529297 0.652832
vn 0.08404541 -0.7529297 0.652832
vn 0.08404541 -0.7529297 0.652832
vn 0.08404541 -0.7529297 0.652832
vn -0.06246948 0.9799805 -0.1882324
vn -0.06246948 0.9799805 -0.1882324
vn -0.06246948 0.9799805 -0.1882324
vn -0.06246948 0.9799805 -0.1882324
vn 0.9658203 -0.2276611 -0.1257324
vn 0.9658203 -0.2276611 -0.1257324
vn 0.9658203 -0.2276611 -0.1257324
vn 0.9658203 -0.2276611 -0.1257324
vn 0.9936523 0.02168274 -0.1098633
vn 0.9936523 0.02168274 -0.1098633
vn 0.9936523 0.02168274 -0.1098633
vn 0.9936523 0.02168274 -0.1098633
vn 0.9658203 -0.2276611 -0.1257324
vn 0.9658203 -0.2276611 -0.1257324
vn 0.9658203 -0.2276611 -0.1257324
vn 0.9658203 -0.2276611 -0.1257324
vn -0.9897461 -0.0241394 0.1412354
vn -0.9897461 -0.0241394 0.1412354
vn -0.9897461 -0.0241394 0.1412354
vn -0.9897461 -0.0241394 0.1412354
vn -0.9897461 -0.0241394 0.1412354
vn -0.9897461 -0.0241394 0.1412354
vn -0.9897461 -0.0241394 0.1412354
vn -0.9897461 -0.0241394 0.1412354
vn -0.9897461 -0.0241394 0.1412354
vn -0.9897461 -0.0241394 0.1412354
vn -0.9897461 -0.0241394 0.1412354
vn -0.9897461 -0.0241394 0.1412354
vn -0.746582 0.6450195 0.1623535
vn -0.746582 0.6450195 0.1623535
vn -0.746582 0.6450195 0.1623535
vn -0.746582 0.6450195 0.1623535
vn -0.2658691 0.07324219 -0.9614258
vn -0.2658691 0.07324219 -0.9614258
vn -0.2658691 0.07324219 -0.9614258
vn -0.2658691 0.07324219 -0.9614258
vn -0.02667236 0.9951172 0.097229
vn -0.02667236 0.9951172 0.097229
vn -0.02667236 0.9951172 0.097229
vn -0.02667236 0.9951172 0.097229
vn 0.1427002 -0.0769043 0.9868164
vn 0.1427002 -0.0769043 0.9868164
vn 0.1427002 -0.0769043 0.9868164
vn 0.1427002 -0.0769043 0.9868164
vn 0.9936523 0.02168274 -0.1098633
vn 0.9936523 0.02168274 -0.1098633
vn 0.9936523 0.02168274 -0.1098633
vn 0.9848633 0.02656555 -0.1724854
vn 0.9848633 0.02656555 -0.1724854
vn 0.9848633 0.02656555 -0.1724854
vn 0.9897461 0.0241394 -0.1412354
vn 0.9897461 0.0241394 -0.1412354
vn 0.996582 0.01921082 -0.07843018
vn 0.996582 0.01921082 -0.07843018
vn 0.996582 0.01921082 -0.07843018
vn 0.996582 0.01921082 -0.07843018
vn -0.9897461 -0.0241394 0.1412354
vn -0.9897461 -0.0241394 0.1412354
vn -0.9897461 -0.0241394 0.1412354
vn -0.996582 -0.01921082 0.07843018
vn -0.996582 -0.01921082 0.07843018
vn -0.996582 -0.01921082 0.07843018
vn -0.9936523 -0.02168274 0.1098633
vn -0.9936523 -0.02168274 0.1098633
vn -0.9848633 -0.02656555 0.1724854
vn -0.9848633 -0.02656555 0.1724854
vn -0.9848633 -0.02656555 0.1724854
vn -0.9848633 -0.02656555 0.1724854
vn 0.1391602 -0.4211426 0.8959961
vn 0.1391602 -0.4211426 0.8959961
vn 0.1391602 -0.4211426 0.8959961
vn 0.1391602 -0.4211426 0.8959961
vn -0.1391602 0.4211426 -0.8959961
vn -0.1391602 0.4211426 -0.8959961
vn -0.1391602 0.4211426 -0.8959961
vn -0.1391602 0.4211426 -0.8959961
vn -0.1427002 0.0769043 -0.9868164
vn -0.1427002 0.0769043 -0.9868164
vn -0.1427002 0.0769043 -0.9868164
vn -0.1427002 0.0769043 -0.9868164
vn 0.1427002 -0.0769043 0.9868164
vn 0.1427002 -0.0769043 0.9868164
vn 0.1427002 -0.0769043 0.9868164
vn 0.1427002 -0.0769043 0.9868164
vn 0.130127 0.2770996 0.9521484
vn 0.130127 0.2770996 0.9521484
vn 0.130127 0.2770996 0.9521484
vn 0.130127 0.2770996 0.9521484
vn -0.130127 -0.2770996 -0.9521484
vn -0.130127 -0.2770996 -0.9521484
vn -0.130127 -0.2770996 -0.9521484
vn -0.130127 -0.2770996 -0.9521484
vn -0.07489014 -0.565918 -0.8212891
vn -0.07489014 -0.565918 -0.8212891
vn -0.07489014 -0.565918 -0.8212891
vn -0.07489014 -0.565918 -0.8212891
vn 0.05270386 0.734375 0.6767578
vn 0.05270386 0.734375 0.6767578
vn 0.05270386 0.734375 0.6767578
vn 0.05270386 0.734375 0.6767578
vn 0.02276611 0.8837891 0.4675293
vn 0.02276611 0.8837891 0.4675293
vn 0.02276611 0.8837891 0.4675293
vn 0.02276611 0.8837891 0.4675293
vn -0.02276611 -0.8837891 -0.4675293
vn -0.02276611 -0.8837891 -0.4675293
vn -0.02276611 -0.8837891 -0.4675293
vn -0.02276611 -0.8837891 -0.4675293
vn 0.01042175 -0.9750977 -0.2220459
vn 0.01042175 -0.9750977 -0.2220459
vn 0.01042175 -0.9750977 -0.2220459
vn 0.01042175 -0.9750977 -0.2220459
vn -0.04669189 0.9970703 -0.06054688
vn -0.04669189 0.9970703 -0.06054688
vn -0.04669189 0.9970703 -0.06054688
vn -0.04669189 0.9970703 -0.06054688
vn 0.1427002 -0.0769043 0.9868164
vn 0.1427002 -0.0769043 0.9868164
vn 0.1427002 -0.0769043 0.9868164
vn 0.1427002 -0.0769043 0.9868164
vn 0.1045532 -0.8300781 0.5478516
vn 0.1045532 -0.8300781 0.5478516
vn 0.1045532 -0.8300781 0.5478516
vn 0.1045532 -0.8300781 0.5478516
vn -0.1226807 0.6860352 -0.7172852
vn -0.1226807 0.6860352 -0.7172852
vn -0.1226807 0.6860352 -0.7172852
vn -0.1226807 0.6860352 -0.7172852
vn 0.07489014 0.565918 0.8212891
vn 0.07489014 0.565918 0.8212891
vn 0.07489014 0.565918 0.8212891
vn 0.07489014 0.565918 0.8212891
vn 0.1427002 -0.0769043 0.9868164
vn 0.1427002 -0.0769043 0.9868164
vn 0.1427002 -0.0769043 0.9868164
vn 0.1427002 -0.0769043 0.9868164
vn -0.1427002 0.0769043 -0.9868164
vn -0.1427002 0.0769043 -0.9868164
vn -0.1427002 0.0769043 -0.9868164
vn -0.1427002 0.0769043 -0.9868164
vn -0.01042175 0.9750977 0.2220459
vn -0.01042175 0.9750977 0.2220459
vn -0.01042175 0.9750977 0.2220459
vn -0.01042175 0.9750977 0.2220459
vn 0.07489014 0.565918 0.8212891
vn 0.07489014 0.565918 0.8212891
vn 0.07489014 0.565918 0.8212891
vn 0.07489014 0.565918 0.8212891
vn 0.05270386 0.734375 0.6767578
vn 0.05270386 0.734375 0.6767578
vn 0.05270386 0.734375 0.6767578
vn 0.05270386 0.734375 0.6767578
vn -0.1045532 0.8300781 -0.5478516
vn -0.1045532 0.8300781 -0.5478516
vn -0.1045532 0.8300781 -0.5478516
vn -0.1045532 0.8300781 -0.5478516
vn -0.01042175 0.9750977 0.2220459
vn -0.01042175 0.9750977 0.2220459
vn -0.01042175 0.9750977 0.2220459
vn -0.01042175 0.9750977 0.2220459
vn -0.04669189 0.9970703 -0.06054688
vn -0.04669189 0.9970703 -0.06054688
vn -0.04669189 0.9970703 -0.06054688
vn -0.04669189 0.9970703 -0.06054688
vn -0.1427002 0.0769043 -0.9868164
vn -0.1427002 0.0769043 -0.9868164
vn -0.1427002 0.0769043 -0.9868164
vn -0.1427002 0.0769043 -0.9868164
vn -0.1045532 0.8300781 -0.5478516
vn -0.1045532 0.8300781 -0.5478516
vn -0.1045532 0.8300781 -0.5478516
vn -0.1045532 0.8300781 -0.5478516
vn -0.1226807 0.6860352 -0.7172852
vn -0.1226807 0.6860352 -0.7172852
vn -0.1226807 0.6860352 -0.7172852
vn -0.1226807 0.6860352 -0.7172852
vn -0.07489014 -0.565918 -0.8212891
vn -0.07489014 -0.565918 -0.8212891
vn -0.07489014 -0.565918 -0.8212891
vn -0.07489014 -0.565918 -0.8212891
vn -0.07800293 0.9453125 -0.3173828
vn -0.07800293 0.9453125 -0.3173828
vn -0.07800293 0.9453125 -0.3173828
vn -0.07800293 0.9453125 -0.3173828
vn 0.07800293 -0.9453125 0.3173828
vn 0.07800293 -0.9453125 0.3173828
vn 0.07800293 -0.9453125 0.3173828
vn 0.07800293 -0.9453125 0.3173828
vn -0.1427002 0.0769043 -0.9868164
vn -0.1427002 0.0769043 -0.9868164
vn -0.1427002 0.0769043 -0.9868164
vn -0.1427002 0.0769043 -0.9868164
vn 0.01042175 -0.9750977 -0.2220459
vn 0.01042175 -0.9750977 -0.2220459
vn 0.01042175 -0.9750977 -0.2220459
vn 0.01042175 -0.9750977 -0.2220459
vn -0.1391602 0.4211426 -0.8959961
vn -0.1391602 0.4211426 -0.8959961
vn -0.1391602 0.4211426 -0.8959961
vn -0.1391602 0.4211426 -0.8959961
vn 0.1391602 -0.4211426 0.8959961
vn 0.1391602 -0.4211426 0.8959961
vn 0.1391602 -0.4211426 0.8959961
vn 0.1391602 -0.4211426 0.8959961
vn -0.05270386 -0.734375 -0.6767578
vn -0.05270386 -0.734375 -0.6767578
vn -0.05270386 -0.734375 -0.6767578
vn -0.05270386 -0.734375 -0.6767578
vn 0.1045532 -0.8300781 0.5478516
vn 0.1045532 -0.8300781 0.5478516
vn 0.1045532 -0.8300781 0.5478516
vn 0.1045532 -0.8300781 0.5478516
vn -0.130127 -0.2770996 -0.9521484
vn -0.130127 -0.2770996 -0.9521484
vn -0.130127 -0.2770996 -0.9521484
vn -0.130127 -0.2770996 -0.9521484
vn 0.130127 0.2770996 0.9521484
vn 0.130127 0.2770996 0.9521484
vn 0.130127 0.2770996 0.9521484
vn 0.130127 0.2770996 0.9521484
vn 0.04669189 -0.9970703 0.06054688
vn 0.04669189 -0.9970703 0.06054688
vn 0.04669189 -0.9970703 0.06054688
vn 0.04669189 -0.9970703 0.06054688
vn -0.05270386 -0.734375 -0.6767578
vn -0.05270386 -0.734375 -0.6767578
vn -0.05270386 -0.734375 -0.6767578
vn -0.05270386 -0.734375 -0.6767578
vn -0.02276611 -0.8837891 -0.4675293
vn -0.02276611 -0.8837891 -0.4675293
vn -0.02276611 -0.8837891 -0.4675293
vn -0.02276611 -0.8837891 -0.4675293
vn 0.02276611 0.8837891 0.4675293
vn 0.02276611 0.8837891 0.4675293
vn 0.02276611 0.8837891 0.4675293
vn 0.02276611 0.8837891 0.4675293
vn 0.1226807 -0.6860352 0.7172852
vn 0.1226807 -0.6860352 0.7172852
vn 0.1226807 -0.6860352 0.7172852
vn 0.1226807 -0.6860352 0.7172852
vn 0.04669189 -0.9970703 0.06054688
vn 0.04669189 -0.9970703 0.06054688
vn 0.04669189 -0.9970703 0.06054688
vn 0.04669189 -0.9970703 0.06054688
vn 0.07800293 -0.9453125 0.3173828
vn 0.07800293 -0.9453125 0.3173828
vn 0.07800293 -0.9453125 0.3173828
vn 0.07800293 -0.9453125 0.3173828
vn -0.07800293 0.9453125 -0.3173828
vn -0.07800293 0.9453125 -0.3173828
vn -0.07800293 0.9453125 -0.3173828
vn -0.07800293 0.9453125 -0.3173828
vn 0.1427002 -0.0769043 0.9868164
vn 0.1427002 -0.0769043 0.9868164
vn 0.1427002 -0.0769043 0.9868164
vn 0.1427002 -0.0769043 0.9868164
vn 0.1226807 -0.6860352 0.7172852
vn 0.1226807 -0.6860352 0.7172852
vn 0.1226807 -0.6860352 0.7172852
vn 0.1226807 -0.6860352 0.7172852
vn 0.9936523 0.02168274 -0.1098633
vn 0.9936523 0.02168274 -0.1098633
vn 0.9936523 0.02168274 -0.1098633
vn 0.9936523 0.02168274 -0.1098633
vn 0.9936523 0.02168274 -0.1098633
vn 0.9936523 0.02168274 -0.1098633
vn 0.1112671 -0.07763672 0.9907227
vn 0.1112671 -0.07763672 0.9907227
vn 0.1112671 -0.07763672 0.9907227
vn 0.1112671 -0.07763672 0.9907227
vn -0.1427002 0.0769043 -0.9868164
vn -0.1427002 0.0769043 -0.9868164
vn -0.1427002 0.0769043 -0.9868164
vn -0.1427002 0.0769043 -0.9868164
vn -0.05270386 -0.734375 -0.6767578
vn -0.05270386 -0.734375 -0.6767578
vn -0.05270386 -0.734375 -0.6767578
vn -0.05270386 -0.734375 -0.6767578
vn 0.05270386 0.734375 0.6767578
vn 0.05270386 0.734375 0.6767578
vn 0.05270386 0.734375 0.6767578
vn 0.05270386 0.734375 0.6767578
vn 0.9936523 0.02168274 -0.1098633
vn 0.9936523 0.02168274 -0.1098633
vn 0.9936523 0.02168274 -0.1098633
vn 0.9936523 0.02168274 -0.1098633
vn 0.9936523 0.02168274 -0.1098633
vn 0.9936523 0.02168274 -0.1098633
vn -0.08416748 -0.7353516 -0.6728516
vn -0.08416748 -0.7353516 -0.6728516
vn -0.08416748 -0.7353516 -0.6728516
vn -0.08416748 -0.7353516 -0.6728516
vn 0.08416748 0.7353516 0.6728516
vn 0.08416748 0.7353516 0.6728516
vn 0.08416748 0.7353516 0.6728516
vn 0.08416748 0.7353516 0.6728516
vn -0.1427002 0.0769043 -0.9868164
vn -0.1427002 0.0769043 -0.9868164
vn -0.1427002 0.0769043 -0.9868164
vn -0.1427002 0.0769043 -0.9868164
vn 0.1427002 -0.0769043 0.9868164
vn 0.1427002 -0.0769043 0.9868164
vn 0.1427002 -0.0769043 0.9868164
vn 0.1427002 -0.0769043 0.9868164
vn 0.9936523 0.02168274 -0.1098633
vn 0.9936523 0.02168274 -0.1098633
vn 0.9936523 0.02168274 -0.1098633
vn 0.9936523 0.02168274 -0.1098633
vn 0.9936523 0.02168274 -0.1098633
vn 0.9936523 0.02168274 -0.1098633
vn -0.1018677 -0.6064453 -0.7885742
vn -0.1018677 -0.6064453 -0.7885742
vn -0.1018677 -0.6064453 -0.7885742
vn -0.1018677 -0.6064453 -0.7885742
vn 0.1018677 0.6064453 0.7885742
vn 0.1018677 0.6064453 0.7885742
vn 0.1018677 0.6064453 0.7885742
vn 0.1018677 0.6064453 0.7885742
vn -0.1104736 0.3237305 -0.9394531
vn -0.1104736 0.3237305 -0.9394531
vn -0.1104736 0.3237305 -0.9394531
vn -0.1104736 0.3237305 -0.9394531
vn 0.1104736 -0.3237305 0.9394531
vn 0.1104736 -0.3237305 0.9394531
vn 0.1104736 -0.3237305 0.9394531
vn 0.1104736 -0.3237305 0.9394531
vn 0.07800293 -0.9453125 0.3173828
vn 0.07800293 -0.9453125 0.3173828
vn 0.07800293 -0.9453125 0.3173828
vn 0.07800293 -0.9453125 0.3173828
vn -0.07800293 0.9453125 -0.3173828
vn -0.07800293 0.9453125 -0.3173828
vn -0.07800293 0.9453125 -0.3173828
vn -0.07800293 0.9453125 -0.3173828
vn -0.07800293 0.9453125 -0.3173828
vn -0.07800293 0.9453125 -0.3173828
vn -0.07800293 0.9453125 -0.3173828
vn -0.07800293 0.9453125 -0.3173828
vn 0.07800293 -0.9453125 0.3173828
vn 0.07800293 -0.9453125 0.3173828
vn 0.07800293 -0.9453125 0.3173828
vn 0.07800293 -0.9453125 0.3173828
vn 0.02706909 -0.9868164 0.1601563
vn 0.02706909 -0.9868164 0.1601563
vn 0.02706909 -0.9868164 0.1601563
vn 0.02706909 -0.9868164 0.1601563
vn -0.02706909 0.9868164 -0.1601563
vn -0.02706909 0.9868164 -0.1601563
vn -0.02706909 0.9868164 -0.1601563
vn -0.02706909 0.9868164 -0.1601563
vn 0.01020813 0.9267578 0.3759766
vn 0.01020813 0.9267578 0.3759766
vn 0.01020813 0.9267578 0.3759766
vn 0.01020813 0.9267578 0.3759766
vn -0.06246948 0.9799805 -0.1882324
vn -0.06246948 0.9799805 -0.1882324
vn -0.06246948 0.9799805 -0.1882324
vn -0.06246948 0.9799805 -0.1882324
vn -0.08404541 0.7529297 -0.652832
vn -0.08404541 0.7529297 -0.652832
vn -0.08404541 0.7529297 -0.652832
vn -0.08404541 0.7529297 -0.652832
vn 0.1419678 -0.3232422 0.9355469
vn 0.1419678 -0.3232422 0.9355469
vn 0.1419678 -0.3232422 0.9355469
vn 0.1419678 -0.3232422 0.9355469
vn 0.1104736 -0.3237305 0.9394531
vn 0.1104736 -0.3237305 0.9394531
vn 0.1104736 -0.3237305 0.9394531
vn 0.1104736 -0.3237305 0.9394531
vn -0.06695557 -0.8300781 -0.5537109
vn -0.06695557 -0.8300781 -0.5537109
vn -0.06695557 -0.8300781 -0.5537109
vn -0.06695557 -0.8300781 -0.5537109
vn 0.03491211 -0.9736328 0.2243652
vn 0.03491211 -0.9736328 0.2243652
vn 0.03491211 -0.9736328 0.2243652
vn 0.03491211 -0.9736328 0.2243652
vn -0.03338623 -0.949707 -0.310791
vn -0.03338623 -0.949707 -0.310791
vn -0.03338623 -0.949707 -0.310791
vn -0.03338623 -0.949707 -0.310791
vn -0.07946777 -0.5219727 -0.8491211
vn -0.07946777 -0.5219727 -0.8491211
vn -0.07946777 -0.5219727 -0.8491211
vn -0.07946777 -0.5219727 -0.8491211
vn -0.1040039 -0.1734619 -0.9794922
vn -0.1040039 -0.1734619 -0.9794922
vn -0.1040039 -0.1734619 -0.9794922
vn -0.1040039 -0.1734619 -0.9794922
vn -0.1104736 0.3237305 -0.9394531
vn -0.1104736 0.3237305 -0.9394531
vn -0.1104736 0.3237305 -0.9394531
vn -0.1104736 0.3237305 -0.9394531
vn 0.1046753 -0.4946289 0.862793
vn 0.1046753 -0.4946289 0.862793
vn 0.1046753 -0.4946289 0.862793
vn 0.1046753 -0.4946289 0.862793
vn -0.01020813 -0.9267578 -0.3759766
vn -0.01020813 -0.9267578 -0.3759766
vn -0.01020813 -0.9267578 -0.3759766
vn -0.01020813 -0.9267578 -0.3759766
vn 0.02706909 -0.9868164 0.1601563
vn 0.02706909 -0.9868164 0.1601563
vn 0.02706909 -0.9868164 0.1601563
vn 0.02706909 -0.9868164 0.1601563
vn 0.08404541 -0.7529297 0.652832
vn 0.08404541 -0.7529297 0.652832
vn 0.08404541 -0.7529297 0.652832
vn 0.08404541 -0.7529297 0.652832
vn -0.1104736 0.3237305 -0.9394531
vn -0.1104736 0.3237305 -0.9394531
vn -0.1104736 0.3237305 -0.9394531
vn -0.1104736 0.3237305 -0.9394531
vn 0.03121948 0.8486328 0.527832
vn 0.03121948 0.8486328 0.527832
vn 0.03121948 0.8486328 0.527832
vn 0.03121948 0.8486328 0.527832
vn -0.06640625 0.9731445 -0.2203369
vn -0.06640625 0.9731445 -0.2203369
vn -0.06640625 0.9731445 -0.2203369
vn -0.06640625 0.9731445 -0.2203369
vn 0.001914978 0.9492188 0.3146973
vn 0.001914978 0.9492188 0.3146973
vn 0.001914978 0.9492188 0.3146973
vn 0.001914978 0.9492188 0.3146973
vn 0.07946777 0.5219727 0.8491211
vn 0.07946777 0.5219727 0.8491211
vn 0.07946777 0.5219727 0.8491211
vn 0.07946777 0.5219727 0.8491211
vn 0.1040039 0.1734619 0.9794922
vn 0.1040039 0.1734619 0.9794922
vn 0.1040039 0.1734619 0.9794922
vn 0.1040039 0.1734619 0.9794922
vn 0.1104736 -0.3237305 0.9394531
vn 0.1104736 -0.3237305 0.9394531
vn 0.1104736 -0.3237305 0.9394531
vn 0.1104736 -0.3237305 0.9394531
vn 0.9936523 0.02168274 -0.1098633
vn 0.9936523 0.02168274 -0.1098633
vn 0.9936523 0.02168274 -0.1098633
vn 0.9936523 0.02168274 -0.1098633
vn 0.9897461 0.0241394 -0.1412354
vn 0.9897461 0.0241394 -0.1412354
vn 0.9936523 0.02168274 -0.1098633
vn 0.9936523 0.02168274 -0.1098633
vn 0.9936523 0.02168274 -0.1098633
vn 0.9936523 0.02168274 -0.1098633
vn 0.9936523 0.02168274 -0.1098633
vn 0.9936523 0.02168274 -0.1098633
vn 0.9936523 0.02168274 -0.1098633
vn 0.9936523 0.02168274 -0.1098633
vn 0.9936523 0.02168274 -0.1098633
vn 0.9936523 0.02168274 -0.1098633
vn 0.9897461 0.0241394 -0.1412354
vn 0.9897461 0.0241394 -0.1412354
vn 0.9897461 0.0241394 -0.1412354
vn 0.9936523 0.02168274 -0.1098633
vn 0.9936523 0.02168274 -0.1098633
vn 0.9936523 0.02168274 -0.1098633
vn 0.9936523 0.02168274 -0.1098633
vn 0.9936523 0.02168274 -0.1098633
vn 0.9936523 0.02168274 -0.1098633
vn 0.9936523 0.02168274 -0.1098633
vn 0.9936523 0.02168274 -0.1098633
vn 0.9936523 0.02168274 -0.1098633
vn 0.9936523 0.02168274 -0.1098633
vn 0.9936523 0.02168274 -0.1098633
vn 0.9936523 0.02168274 -0.1098633
vn 0.9936523 0.02168274 -0.1098633
vn 0.9936523 0.02168274 -0.1098633
vn 0.9936523 0.02168274 -0.1098633
vn 0.9936523 0.02168274 -0.1098633
vn 0.9936523 0.02168274 -0.1098633
vn 0.9936523 0.02168274 -0.1098633
vn 0.9936523 0.02168274 -0.1098633
vn 0.9936523 0.02168274 -0.1098633
vn 0.9936523 0.02168274 -0.1098633
vn -0.9936523 -0.02168274 0.1098633
vn -0.9936523 -0.02168274 0.1098633
vn -0.9936523 -0.02168274 0.1098633
vn -0.9936523 -0.02168274 0.1098633
vn -0.9936523 -0.02168274 0.1098633
vn -0.9936523 -0.02168274 0.1098633
vn -0.9897461 -0.0241394 0.1412354
vn -0.9936523 -0.02168274 0.1098633
vn -0.9936523 -0.02168274 0.1098633
vn -0.9936523 -0.02168274 0.1098633
vn -0.9897461 -0.0241394 0.1412354
vn -0.9897461 -0.0241394 0.1412354
vn -0.9897461 -0.0241394 0.1412354
vn -0.9936523 -0.02168274 0.1098633
vn -0.9897461 -0.0241394 0.1412354
vn -0.9936523 -0.02168274 0.1098633
vn -0.9936523 -0.02168274 0.1098633
vn -0.9936523 -0.02168274 0.1098633
vn -0.9936523 -0.02168274 0.1098633
vn -0.9936523 -0.02168274 0.1098633
vn -0.9936523 -0.02168274 0.1098633
vn -0.9897461 -0.0241394 0.1412354
vn -0.9897461 -0.0241394 0.1412354
vn -0.9897461 -0.0241394 0.1412354
vn -0.9897461 -0.0241394 0.1412354
vn -0.9897461 -0.0241394 0.1412354
vn -0.9897461 -0.0241394 0.1412354
vn -0.9897461 -0.0241394 0.1412354
vn -0.9936523 -0.02168274 0.1098633
vn -0.9936523 -0.02168274 0.1098633
vn -0.9936523 -0.02168274 0.1098633
vn -0.9936523 -0.02168274 0.1098633
vn -0.9936523 -0.02168274 0.1098633
vn -0.9936523 -0.02168274 0.1098633
vn -0.9897461 -0.0241394 0.1412354
vn -0.9897461 -0.0241394 0.1412354
vn -0.9897461 -0.0241394 0.1412354
vn -0.9897461 -0.0241394 0.1412354
vn -0.9936523 -0.02168274 0.1098633
vn -0.9936523 -0.02168274 0.1098633
vn -0.1419678 0.3232422 -0.9355469
vn -0.1419678 0.3232422 -0.9355469
vn -0.1419678 0.3232422 -0.9355469
vn -0.1419678 0.3232422 -0.9355469
vn 0.9936523 0.02168274 -0.1098633
vn 0.9936523 0.02168274 -0.1098633
vn 0.9936523 0.02168274 -0.1098633
vn 0.9936523 0.02168274 -0.1098633
vn 0.9936523 0.02168274 -0.1098633
vn 0.9897461 0.0241394 -0.1412354
vn 0.9897461 0.0241394 -0.1412354
vn 0.9897461 0.0241394 -0.1412354
vn 0.9897461 0.0241394 -0.1412354
vn 0.9897461 0.0241394 -0.1412354
vn 0.9897461 0.0241394 -0.1412354
vn 0.9897461 0.0241394 -0.1412354
vn 0.9897461 0.0241394 -0.1412354
vn 0.9897461 0.0241394 -0.1412354
vn 0.9897461 0.0241394 -0.1412354
vn 0.9936523 0.02168274 -0.1098633
vn 0.9936523 0.02168274 -0.1098633
vn 0.9936523 0.02168274 -0.1098633
vn 0.9936523 0.02168274 -0.1098633
vn 0.9936523 0.02168274 -0.1098633
vn 0.9936523 0.02168274 -0.1098633
vn -0.08404541 0.7529297 -0.652832
vn -0.08404541 0.7529297 -0.652832
vn -0.08404541 0.7529297 -0.652832
vn -0.08404541 0.7529297 -0.652832
vn -0.9897461 -0.0241394 0.1412354
vn -0.9936523 -0.02168274 0.1098633
vn -0.9897461 -0.0241394 0.1412354
vn -0.9936523 -0.02168274 0.1098633
vn -0.9897461 -0.0241394 0.1412354
vn -0.9936523 -0.02168274 0.1098633
vn -0.9897461 -0.0241394 0.1412354
vn -0.9936523 -0.02168274 0.1098633
vn -0.9936523 -0.02168274 0.1098633
vn 0.09466553 -0.6479492 0.7558594
vn 0.09466553 -0.6479492 0.7558594
vn 0.09466553 -0.6479492 0.7558594
vn 0.09466553 -0.6479492 0.7558594
vn -0.02276611 -0.8837891 -0.4675293
vn -0.02276611 -0.8837891 -0.4675293
vn -0.02276611 -0.8837891 -0.4675293
vn -0.02276611 -0.8837891 -0.4675293
vn -0.1427002 0.0769043 -0.9868164
vn -0.1427002 0.0769043 -0.9868164
vn -0.1427002 0.0769043 -0.9868164
vn -0.1427002 0.0769043 -0.9868164
vn -0.1109619 -0.5229492 -0.8452148
vn -0.1109619 -0.5229492 -0.8452148
vn -0.1109619 -0.5229492 -0.8452148
vn -0.1109619 -0.5229492 -0.8452148
vn -0.1008301 0.8515625 -0.5141602
vn -0.1008301 0.8515625 -0.5141602
vn -0.1008301 0.8515625 -0.5141602
vn -0.1008301 0.8515625 -0.5141602
vn 0.0970459 -0.8710938 0.4812012
vn 0.0970459 -0.8710938 0.4812012
vn 0.0970459 -0.8710938 0.4812012
vn 0.0970459 -0.8710938 0.4812012
vn 0.1391602 -0.4211426 0.8959961
vn 0.1391602 -0.4211426 0.8959961
vn 0.1391602 -0.4211426 0.8959961
vn 0.1391602 -0.4211426 0.8959961
vn -0.1391602 0.4211426 -0.8959961
vn -0.1391602 0.4211426 -0.8959961
vn -0.1391602 0.4211426 -0.8959961
vn -0.1391602 0.4211426 -0.8959961
vn 0.04272461 -0.9985352 0.02882385
vn 0.04272461 -0.9985352 0.02882385
vn 0.04272461 -0.9985352 0.02882385
vn 0.04272461 -0.9985352 0.02882385
vn 0.02706909 -0.9868164 0.1601563
vn 0.02706909 -0.9868164 0.1601563
vn 0.02706909 -0.9868164 0.1601563
vn 0.02706909 -0.9868164 0.1601563
vn -0.1112671 0.07763672 -0.9907227
vn -0.1112671 0.07763672 -0.9907227
vn -0.1112671 0.07763672 -0.9907227
vn -0.1112671 0.07763672 -0.9907227
vn -0.9936523 -0.02168274 0.1098633
vn -0.9936523 -0.02168274 0.1098633
vn -0.9936523 -0.02168274 0.1098633
vn -0.9936523 -0.02168274 0.1098633
vn 0.1112671 -0.07763672 0.9907227
vn 0.1112671 -0.07763672 0.9907227
vn 0.1112671 -0.07763672 0.9907227
vn 0.1112671 -0.07763672 0.9907227
vn 0.1112671 -0.07763672 0.9907227
vn 0.1112671 -0.07763672 0.9907227
vn 0.1112671 -0.07763672 0.9907227
vn 0.1112671 -0.07763672 0.9907227
vn -0.01856995 0.9868164 0.15979
vn -0.01856995 0.9868164 0.15979
vn -0.01856995 0.9868164 0.15979
vn -0.01856995 0.9868164 0.15979
vn 0.05706787 0.7060547 0.7060547
vn 0.05706787 0.7060547 0.7060547
vn 0.05706787 0.7060547 0.7060547
vn 0.05706787 0.7060547 0.7060547
vn -0.1427002 0.0769043 -0.9868164
vn -0.1427002 0.0769043 -0.9868164
vn -0.1427002 0.0769043 -0.9868164
vn -0.1427002 0.0769043 -0.9868164
vn -0.1427002 0.0769043 -0.9868164
vn -0.1427002 0.0769043 -0.9868164
vn -0.1427002 0.0769043 -0.9868164
vn -0.1427002 0.0769043 -0.9868164
vn -0.03872681 0.9990234 0.002815247
vn -0.03872681 0.9990234 0.002815247
vn -0.03872681 0.9990234 0.002815247
vn -0.03872681 0.9990234 0.002815247
vn -0.1082153 0.8066406 -0.5810547
vn -0.1082153 0.8066406 -0.5810547
vn -0.1082153 0.8066406 -0.5810547
vn -0.1082153 0.8066406 -0.5810547
vn -0.0007762909 -0.9980469 -0.06185913
vn -0.0007762909 -0.9980469 -0.06185913
vn -0.0007762909 -0.9980469 -0.06185913
vn -0.0007762909 -0.9980469 -0.06185913
vn -0.0309906 0.980957 -0.1922607
vn -0.0309906 0.980957 -0.1922607
vn -0.0309906 0.980957 -0.1922607
vn -0.0309906 0.980957 -0.1922607
vn 0.08404541 -0.7529297 0.652832
vn 0.08404541 -0.7529297 0.652832
vn 0.08404541 -0.7529297 0.652832
vn 0.08404541 -0.7529297 0.652832
vn -0.09741211 -0.6425781 -0.7602539
vn -0.09741211 -0.6425781 -0.7602539
vn -0.09741211 -0.6425781 -0.7602539
vn -0.09741211 -0.6425781 -0.7602539
vn 0.006053925 0.9384766 0.345459
vn 0.006053925 0.9384766 0.345459
vn 0.006053925 0.9384766 0.345459
vn 0.006053925 0.9384766 0.345459
vn -0.08404541 0.7529297 -0.652832
vn -0.08404541 0.7529297 -0.652832
vn -0.08404541 0.7529297 -0.652832
vn -0.08404541 0.7529297 -0.652832
vn 0.1104736 -0.3237305 0.9394531
vn 0.1104736 -0.3237305 0.9394531
vn 0.1104736 -0.3237305 0.9394531
vn 0.1104736 -0.3237305 0.9394531
vn -0.03753662 -0.9389648 -0.3415527
vn -0.03753662 -0.9389648 -0.3415527
vn -0.03753662 -0.9389648 -0.3415527
vn -0.03753662 -0.9389648 -0.3415527
vn -0.1104736 0.3237305 -0.9394531
vn -0.1104736 0.3237305 -0.9394531
vn -0.1104736 0.3237305 -0.9394531
vn -0.1104736 0.3237305 -0.9394531
vn 0.1040039 0.1734619 0.9794922
vn 0.1040039 0.1734619 0.9794922
vn 0.1040039 0.1734619 0.9794922
vn 0.1040039 0.1734619 0.9794922
vn 0.0309906 -0.980957 0.1922607
vn 0.0309906 -0.980957 0.1922607
vn 0.0309906 -0.980957 0.1922607
vn 0.0309906 -0.980957 0.1922607
vn -0.1040039 -0.1734619 -0.9794922
vn -0.1040039 -0.1734619 -0.9794922
vn -0.1040039 -0.1734619 -0.9794922
vn -0.1040039 -0.1734619 -0.9794922
vn 0.06591797 0.6416016 0.7641602
vn 0.06591797 0.6416016 0.7641602
vn 0.06591797 0.6416016 0.7641602
vn 0.06591797 0.6416016 0.7641602
vn -0.05462646 0.9907227 -0.1242065
vn -0.05462646 0.9907227 -0.1242065
vn -0.05462646 0.9907227 -0.1242065
vn -0.05462646 0.9907227 -0.1242065
vn 0.0191803 -0.9951172 0.09631348
vn 0.0191803 -0.9951172 0.09631348
vn 0.0191803 -0.9951172 0.09631348
vn 0.0191803 -0.9951172 0.09631348
vn 0.07672119 -0.8071289 0.5849609
vn 0.07672119 -0.8071289 0.5849609
vn 0.07672119 -0.8071289 0.5849609
vn 0.07672119 -0.8071289 0.5849609
vn -0.07672119 0.8071289 -0.5849609
vn -0.07672119 0.8071289 -0.5849609
vn -0.07672119 0.8071289 -0.5849609
vn -0.07672119 0.8071289 -0.5849609
vn -0.1040039 -0.1734619 -0.9794922
vn -0.1040039 -0.1734619 -0.9794922
vn -0.1040039 -0.1734619 -0.9794922
vn -0.1040039 -0.1734619 -0.9794922
vn 0.135498 0.1741943 0.9755859
vn 0.135498 0.1741943 0.9755859
vn 0.135498 0.1741943 0.9755859
vn 0.135498 0.1741943 0.9755859
vn -0.06591797 -0.6416016 -0.7641602
vn -0.06591797 -0.6416016 -0.7641602
vn -0.06591797 -0.6416016 -0.7641602
vn -0.06591797 -0.6416016 -0.7641602
vn 0.06591797 0.6416016 0.7641602
vn 0.06591797 0.6416016 0.7641602
vn 0.06591797 0.6416016 0.7641602
vn 0.06591797 0.6416016 0.7641602
vn -0.1361084 0.4938965 -0.8588867
vn -0.1361084 0.4938965 -0.8588867
vn -0.1361084 0.4938965 -0.8588867
vn -0.1361084 0.4938965 -0.8588867
vn -0.9897461 -0.0241394 0.1412354
vn -0.9897461 -0.0241394 0.1412354
vn -0.9897461 -0.0241394 0.1412354
vn -0.9897461 -0.0241394 0.1412354
vn -0.9897461 -0.0241394 0.1412354
vn -0.9936523 -0.02168274 0.1098633
vn -0.9936523 -0.02168274 0.1098633
vn -0.9936523 -0.02168274 0.1098633
vn -0.9936523 -0.02168274 0.1098633
vn -0.9936523 -0.02168274 0.1098633
vn -0.9936523 -0.02168274 0.1098633
vn -0.9936523 -0.02168274 0.1098633
vn -0.9936523 -0.02168274 0.1098633
vn -0.9936523 -0.02168274 0.1098633
vn -0.9936523 -0.02168274 0.1098633
vn -0.9897461 -0.0241394 0.1412354
vn -0.9897461 -0.0241394 0.1412354
vn -0.9897461 -0.0241394 0.1412354
vn -0.9897461 -0.0241394 0.1412354
vn -0.9897461 -0.0241394 0.1412354
vn -0.9897461 -0.0241394 0.1412354
vn -0.1155396 0.7524414 -0.6489258
vn -0.1155396 0.7524414 -0.6489258
vn -0.1155396 0.7524414 -0.6489258
vn -0.1155396 0.7524414 -0.6489258
vn 0.9936523 0.02168274 -0.1098633
vn 0.9936523 0.02168274 -0.1098633
vn 0.9897461 0.0241394 -0.1412354
vn 0.9897461 0.0241394 -0.1412354
vn 0.9936523 0.02168274 -0.1098633
vn 0.9897461 0.0241394 -0.1412354
vn 0.9936523 0.02168274 -0.1098633
vn 0.9897461 0.0241394 -0.1412354
vn 0.9897461 0.0241394 -0.1412354
vn 0.1260986 -0.6469727 0.7519531
vn 0.1260986 -0.6469727 0.7519531
vn 0.1260986 -0.6469727 0.7519531
vn 0.1260986 -0.6469727 0.7519531
vn -0.05426025 -0.8842773 -0.4633789
vn -0.05426025 -0.8842773 -0.4633789
vn -0.05426025 -0.8842773 -0.4633789
vn -0.05426025 -0.8842773 -0.4633789
vn -0.1112671 0.07763672 -0.9907227
vn -0.1112671 0.07763672 -0.9907227
vn -0.1112671 0.07763672 -0.9907227
vn -0.1112671 0.07763672 -0.9907227
vn -0.1109619 -0.5229492 -0.8452148
vn -0.1109619 -0.5229492 -0.8452148
vn -0.1109619 -0.5229492 -0.8452148
vn -0.1109619 -0.5229492 -0.8452148
vn -0.06933594 0.8525391 -0.5185547
vn -0.06933594 0.8525391 -0.5185547
vn -0.06933594 0.8525391 -0.5185547
vn -0.06933594 0.8525391 -0.5185547
vn 0.06555176 -0.8720703 0.4853516
vn 0.06555176 -0.8720703 0.4853516
vn 0.06555176 -0.8720703 0.4853516
vn 0.06555176 -0.8720703 0.4853516
vn 0.1077271 -0.421875 0.9003906
vn 0.1077271 -0.421875 0.9003906
vn 0.1077271 -0.421875 0.9003906
vn 0.1077271 -0.421875 0.9003906
vn -0.1077271 0.421875 -0.9003906
vn -0.1077271 0.421875 -0.9003906
vn -0.1077271 0.421875 -0.9003906
vn -0.1077271 0.421875 -0.9003906
vn 0.0112381 -0.9995117 0.0328064
vn 0.0112381 -0.9995117 0.0328064
vn 0.0112381 -0.9995117 0.0328064
vn 0.0112381 -0.9995117 0.0328064
vn 0.05856323 -0.9858398 0.15625
vn 0.05856323 -0.9858398 0.15625
vn 0.05856323 -0.9858398 0.15625
vn 0.05856323 -0.9858398 0.15625
vn -0.1427002 0.0769043 -0.9868164
vn -0.1427002 0.0769043 -0.9868164
vn -0.1427002 0.0769043 -0.9868164
vn -0.1427002 0.0769043 -0.9868164
vn -0.03753662 -0.9389648 -0.3415527
vn -0.03753662 -0.9389648 -0.3415527
vn -0.03753662 -0.9389648 -0.3415527
vn -0.03753662 -0.9389648 -0.3415527
vn 0.006053925 0.9384766 0.345459
vn 0.006053925 0.9384766 0.345459
vn 0.006053925 0.9384766 0.345459
vn 0.006053925 0.9384766 0.345459
vn -0.1419678 0.3232422 -0.9355469
vn -0.1419678 0.3232422 -0.9355469
vn -0.1419678 0.3232422 -0.9355469
vn -0.1419678 0.3232422 -0.9355469
vn 0.1419678 -0.3232422 0.9355469
vn 0.1419678 -0.3232422 0.9355469
vn 0.1419678 -0.3232422 0.9355469
vn 0.1419678 -0.3232422 0.9355469
vn 0.08953857 -0.9052734 0.4152832
vn 0.08953857 -0.9052734 0.4152832
vn 0.08953857 -0.9052734 0.4152832
vn 0.08953857 -0.9052734 0.4152832
vn -0.08953857 0.9052734 -0.4152832
vn -0.08953857 0.9052734 -0.4152832
vn -0.08953857 0.9052734 -0.4152832
vn -0.08953857 0.9052734 -0.4152832
vn 0.9936523 0.02168274 -0.1098633
vn 0.9936523 0.02168274 -0.1098633
vn 0.9936523 0.02168274 -0.1098633
vn 0.9936523 0.02168274 -0.1098633
vn 0.9897461 0.0241394 -0.1412354
vn 0.9936523 0.02168274 -0.1098633
vn 0.9897461 0.0241394 -0.1412354
vn 0.9936523 0.02168274 -0.1098633
vn 0.9936523 0.02168274 -0.1098633
vn 0.1203003 0.4187012 0.8999023
vn 0.1203003 0.4187012 0.8999023
vn 0.1203003 0.4187012 0.8999023
vn 0.1203003 0.4187012 0.8999023
vn -0.1203003 -0.4187012 -0.8999023
vn -0.1203003 -0.4187012 -0.8999023
vn -0.1203003 -0.4187012 -0.8999023
vn -0.1203003 -0.4187012 -0.8999023
vn -0.006053925 -0.9384766 -0.345459
vn -0.006053925 -0.9384766 -0.345459
vn -0.006053925 -0.9384766 -0.345459
vn -0.006053925 -0.9384766 -0.345459
vn 0.03753662 0.9389648 0.3415527
vn 0.03753662 0.9389648 0.3415527
vn 0.03753662 0.9389648 0.3415527
vn 0.03753662 0.9389648 0.3415527
vn -0.1104736 0.3237305 -0.9394531
vn -0.1104736 0.3237305 -0.9394531
vn -0.1104736 0.3237305 -0.9394531
vn -0.1104736 0.3237305 -0.9394531
vn 0.1104736 -0.3237305 0.9394531
vn 0.1104736 -0.3237305 0.9394531
vn 0.1104736 -0.3237305 0.9394531
vn 0.1104736 -0.3237305 0.9394531
vn 0.05801392 -0.9057617 0.4194336
vn 0.05801392 -0.9057617 0.4194336
vn 0.05801392 -0.9057617 0.4194336
vn 0.05801392 -0.9057617 0.4194336
vn -0.05801392 0.9057617 -0.4194336
vn -0.05801392 0.9057617 -0.4194336
vn -0.05801392 0.9057617 -0.4194336
vn -0.05801392 0.9057617 -0.4194336
vn -0.9897461 -0.0241394 0.1412354
vn -0.9897461 -0.0241394 0.1412354
vn -0.9897461 -0.0241394 0.1412354
vn -0.9897461 -0.0241394 0.1412354
vn -0.9936523 -0.02168274 0.1098633
vn -0.9897461 -0.0241394 0.1412354
vn -0.9936523 -0.02168274 0.1098633
vn -0.9897461 -0.0241394 0.1412354
vn -0.9897461 -0.0241394 0.1412354
vn 0.08880615 0.4179688 0.9042969
vn 0.08880615 0.4179688 0.9042969
vn 0.08880615 0.4179688 0.9042969
vn 0.08880615 0.4179688 0.9042969
vn -0.08880615 -0.4179688 -0.9042969
vn -0.08880615 -0.4179688 -0.9042969
vn -0.08880615 -0.4179688 -0.9042969
vn -0.08880615 -0.4179688 -0.9042969
vn -0.996582 -0.01921082 0.07843018
vn -0.996582 -0.01921082 0.07843018
vn -0.996582 -0.01921082 0.07843018
vn -0.996582 -0.01921082 0.07843018
vn -0.996582 -0.01921082 0.07843018
vn -0.996582 -0.01921082 0.07843018
vn -0.9897461 -0.0241394 0.1412354
vn -0.9897461 -0.0241394 0.1412354
vn -0.9897461 -0.0241394 0.1412354
vn -0.9848633 -0.02656555 0.1724854
vn -0.9936523 -0.02168274 0.1098633
vn -0.9936523 -0.02168274 0.1098633
vn -0.9936523 -0.02168274 0.1098633
vn -0.9848633 -0.02656555 0.1724854
vn -0.9848633 -0.02656555 0.1724854
vn -0.9848633 -0.02656555 0.1724854
vn -0.9848633 -0.02656555 0.1724854
vn 0.9848633 0.02656555 -0.1724854
vn 0.9897461 0.0241394 -0.1412354
vn 0.9897461 0.0241394 -0.1412354
vn 0.996582 0.01921082 -0.07843018
vn 0.9848633 0.02656555 -0.1724854
vn 0.9848633 0.02656555 -0.1724854
vn 0.9848633 0.02656555 -0.1724854
vn 0.9936523 0.02168274 -0.1098633
vn 0.996582 0.01921082 -0.07843018
vn 0.996582 0.01921082 -0.07843018
vn 0.996582 0.01921082 -0.07843018
vn 0.9848633 0.02656555 -0.1724854
vn 0.9848633 0.02656555 -0.1724854
vn 0.9848633 0.02656555 -0.1724854
vn 0.9848633 0.02656555 -0.1724854
vn 0.996582 0.01921082 -0.07843018
vn 0.996582 0.01921082 -0.07843018
vn 0.996582 0.01921082 -0.07843018
vn 0.996582 0.01921082 -0.07843018
vn 0.9936523 0.02168274 -0.1098633
vn 0.9936523 0.02168274 -0.1098633
vn 0.9936523 0.02168274 -0.1098633
vn 0.996582 0.01921082 -0.07843018
vn 0.996582 0.01921082 -0.07843018
vn 0.996582 0.01921082 -0.07843018
vn 0.996582 0.01921082 -0.07843018
vn 0.9848633 0.02656555 -0.1724854
vn 0.9848633 0.02656555 -0.1724854
vn 0.9848633 0.02656555 -0.1724854
vn 0.9848633 0.02656555 -0.1724854
vn 0.9936523 0.02168274 -0.1098633
vn 0.9936523 0.02168274 -0.1098633
vn 0.9936523 0.02168274 -0.1098633
vn 0.9848633 0.02656555 -0.1724854
vn 0.9848633 0.02656555 -0.1724854
vn 0.9848633 0.02656555 -0.1724854
vn 0.9848633 0.02656555 -0.1724854
vn 0.9897461 0.0241394 -0.1412354
vn 0.9897461 0.0241394 -0.1412354
vn 0.9897461 0.0241394 -0.1412354
vn 0.996582 0.01921082 -0.07843018
vn 0.996582 0.01921082 -0.07843018
vn 0.996582 0.01921082 -0.07843018
vn 0.996582 0.01921082 -0.07843018
vn 0.9897461 0.0241394 -0.1412354
vn 0.9897461 0.0241394 -0.1412354
vn 0.9897461 0.0241394 -0.1412354
vn 0.9936523 0.02168274 -0.1098633
vn 0.9848633 0.02656555 -0.1724854
vn 0.9897461 0.0241394 -0.1412354
vn 0.9897461 0.0241394 -0.1412354
vn 0.9897461 0.0241394 -0.1412354
vn 0.996582 0.01921082 -0.07843018
vn 0.996582 0.01921082 -0.07843018
vn 0.996582 0.01921082 -0.07843018
vn -0.996582 -0.01921082 0.07843018
vn -0.9936523 -0.02168274 0.1098633
vn -0.9936523 -0.02168274 0.1098633
vn -0.9848633 -0.02656555 0.1724854
vn -0.996582 -0.01921082 0.07843018
vn -0.996582 -0.01921082 0.07843018
vn -0.996582 -0.01921082 0.07843018
vn -0.9897461 -0.0241394 0.1412354
vn -0.9848633 -0.02656555 0.1724854
vn -0.9848633 -0.02656555 0.1724854
vn -0.9848633 -0.02656555 0.1724854
vn -0.996582 -0.01921082 0.07843018
vn -0.996582 -0.01921082 0.07843018
vn -0.996582 -0.01921082 0.07843018
vn -0.996582 -0.01921082 0.07843018
vn -0.9848633 -0.02656555 0.1724854
vn -0.9848633 -0.02656555 0.1724854
vn -0.9848633 -0.02656555 0.1724854
vn -0.9848633 -0.02656555 0.1724854
vn -0.9897461 -0.0241394 0.1412354
vn -0.9897461 -0.0241394 0.1412354
vn -0.9897461 -0.0241394 0.1412354
vn -0.9848633 -0.02656555 0.1724854
vn -0.9848633 -0.02656555 0.1724854
vn -0.9848633 -0.02656555 0.1724854
vn -0.9848633 -0.02656555 0.1724854
vn -0.996582 -0.01921082 0.07843018
vn -0.996582 -0.01921082 0.07843018
vn -0.996582 -0.01921082 0.07843018
vn -0.996582 -0.01921082 0.07843018
vn -0.9897461 -0.0241394 0.1412354
vn -0.9897461 -0.0241394 0.1412354
vn -0.9897461 -0.0241394 0.1412354
vn -0.996582 -0.01921082 0.07843018
vn -0.996582 -0.01921082 0.07843018
vn -0.996582 -0.01921082 0.07843018
vn -0.996582 -0.01921082 0.07843018
vn -0.9936523 -0.02168274 0.1098633
vn -0.9936523 -0.02168274 0.1098633
vn -0.9936523 -0.02168274 0.1098633
vn -0.9848633 -0.02656555 0.1724854
vn -0.9848633 -0.02656555 0.1724854
vn -0.9848633 -0.02656555 0.1724854
vn -0.9848633 -0.02656555 0.1724854
vn -0.9936523 -0.02168274 0.1098633
vn -0.9936523 -0.02168274 0.1098633
vn -0.9936523 -0.02168274 0.1098633
vn -0.9897461 -0.0241394 0.1412354
vn -0.996582 -0.01921082 0.07843018
vn -0.9936523 -0.02168274 0.1098633
vn -0.9936523 -0.02168274 0.1098633
vn -0.9936523 -0.02168274 0.1098633
vn -0.9848633 -0.02656555 0.1724854
vn -0.9848633 -0.02656555 0.1724854
vn -0.9848633 -0.02656555 0.1724854
vn 0.9897461 0.0241394 -0.1412354
vn 0.9897461 0.0241394 -0.1412354
vn 0.9897461 0.0241394 -0.1412354
vn 0.9897461 0.0241394 -0.1412354
vn 0.9897461 0.0241394 -0.1412354
vn 0.9897461 0.0241394 -0.1412354
vn 0.9936523 0.02168274 -0.1098633
vn 0.9897461 0.0241394 -0.1412354
vn 0.9936523 0.02168274 -0.1098633
vn 0.9897461 0.0241394 -0.1412354
vn 0.9936523 0.02168274 -0.1098633
vn 0.9936523 0.02168274 -0.1098633
vn 0.9936523 0.02168274 -0.1098633
vn 0.9936523 0.02168274 -0.1098633
vn -0.9897461 -0.0241394 0.1412354
vn -0.9897461 -0.0241394 0.1412354
vn -0.9897461 -0.0241394 0.1412354
vn -0.9897461 -0.0241394 0.1412354
vn -0.9897461 -0.0241394 0.1412354
vn -0.9897461 -0.0241394 0.1412354
vn -0.9936523 -0.02168274 0.1098633
vn -0.9936523 -0.02168274 0.1098633
vn -0.9897461 -0.0241394 0.1412354
vn -0.9936523 -0.02168274 0.1098633
vn -0.9936523 -0.02168274 0.1098633
vn -0.9936523 -0.02168274 0.1098633
vn -0.9936523 -0.02168274 0.1098633
vn -0.9936523 -0.02168274 0.1098633
vn 0.9936523 0.02168274 -0.1098633
vn 0.9936523 0.02168274 -0.1098633
vn 0.9936523 0.02168274 -0.1098633
vn 0.9936523 0.02168274 -0.1098633
vn 0.9936523 0.02168274 -0.1098633
vn 0.9897461 0.0241394 -0.1412354
vn 0.9936523 0.02168274 -0.1098633
vn 0.9897461 0.0241394 -0.1412354
vn 0.9936523 0.02168274 -0.1098633
vn 0.9897461 0.0241394 -0.1412354
vn 0.9936523 0.02168274 -0.1098633
vn 0.9897461 0.0241394 -0.1412354
vn 0.9897461 0.0241394 -0.1412354
vn -0.9936523 -0.02168274 0.1098633
vn -0.9936523 -0.02168274 0.1098633
vn -0.9936523 -0.02168274 0.1098633
vn -0.9936523 -0.02168274 0.1098633
vn -0.9936523 -0.02168274 0.1098633
vn -0.9936523 -0.02168274 0.1098633
vn -0.9936523 -0.02168274 0.1098633
vn -0.9897461 -0.0241394 0.1412354
vn -0.9897461 -0.0241394 0.1412354
vn -0.9897461 -0.0241394 0.1412354
vn -0.9897461 -0.0241394 0.1412354
vn -0.9897461 -0.0241394 0.1412354
vn -0.9897461 -0.0241394 0.1412354
vn 0.9936523 0.02168274 -0.1098633
vn 0.9936523 0.02168274 -0.1098633
vn 0.9936523 0.02168274 -0.1098633
vn 0.9936523 0.02168274 -0.1098633
vn 0.9936523 0.02168274 -0.1098633
vn 0.9936523 0.02168274 -0.1098633
vn 0.9936523 0.02168274 -0.1098633
vn 0.9936523 0.02168274 -0.1098633
vn 0.9936523 0.02168274 -0.1098633
vn 0.9936523 0.02168274 -0.1098633
vn 0.9936523 0.02168274 -0.1098633
vn 0.9936523 0.02168274 -0.1098633
vn 0.9936523 0.02168274 -0.1098633
vn -0.9897461 -0.0241394 0.1412354
vn -0.9897461 -0.0241394 0.1412354
vn -0.9897461 -0.0241394 0.1412354
vn -0.9897461 -0.0241394 0.1412354
vn -0.9897461 -0.0241394 0.1412354
vn -0.9897461 -0.0241394 0.1412354
vn -0.9897461 -0.0241394 0.1412354
vn -0.9897461 -0.0241394 0.1412354
vn -0.9897461 -0.0241394 0.1412354
vn -0.9897461 -0.0241394 0.1412354
vn -0.9897461 -0.0241394 0.1412354
vn -0.9897461 -0.0241394 0.1412354
vn -0.9897461 -0.0241394 0.1412354
vn 0.9897461 0.0241394 -0.1412354
vn 0.9897461 0.0241394 -0.1412354
vn 0.9897461 0.0241394 -0.1412354
vn 0.9897461 0.0241394 -0.1412354
vn 0.9897461 0.0241394 -0.1412354
vn 0.9936523 0.02168274 -0.1098633
vn 0.9897461 0.0241394 -0.1412354
vn 0.9936523 0.02168274 -0.1098633
vn 0.9897461 0.0241394 -0.1412354
vn 0.9936523 0.02168274 -0.1098633
vn 0.9897461 0.0241394 -0.1412354
vn 0.9936523 0.02168274 -0.1098633
vn 0.9936523 0.02168274 -0.1098633
vn -0.9897461 -0.0241394 0.1412354
vn -0.9897461 -0.0241394 0.1412354
vn -0.9897461 -0.0241394 0.1412354
vn -0.9897461 -0.0241394 0.1412354
vn -0.9897461 -0.0241394 0.1412354
vn -0.9897461 -0.0241394 0.1412354
vn -0.9897461 -0.0241394 0.1412354
vn -0.9897461 -0.0241394 0.1412354
vn -0.9897461 -0.0241394 0.1412354
vn -0.9897461 -0.0241394 0.1412354
vn -0.9897461 -0.0241394 0.1412354
vn -0.9897461 -0.0241394 0.1412354
vn -0.9936523 -0.02168274 0.1098633
vn 0.9897461 0.0241394 -0.1412354
vn 0.9897461 0.0241394 -0.1412354
vn 0.9897461 0.0241394 -0.1412354
vn 0.9897461 0.0241394 -0.1412354
vn 0.9897461 0.0241394 -0.1412354
vn 0.9936523 0.02168274 -0.1098633
vn 0.9897461 0.0241394 -0.1412354
vn 0.9936523 0.02168274 -0.1098633
vn 0.9897461 0.0241394 -0.1412354
vn 0.9936523 0.02168274 -0.1098633
vn 0.9897461 0.0241394 -0.1412354
vn 0.9936523 0.02168274 -0.1098633
vn 0.9936523 0.02168274 -0.1098633
vn -0.9897461 -0.0241394 0.1412354
vn -0.9897461 -0.0241394 0.1412354
vn -0.9897461 -0.0241394 0.1412354
vn -0.9897461 -0.0241394 0.1412354
vn -0.9897461 -0.0241394 0.1412354
vn -0.9897461 -0.0241394 0.1412354
vn -0.9897461 -0.0241394 0.1412354
vn -0.9897461 -0.0241394 0.1412354
vn -0.9936523 -0.02168274 0.1098633
vn -0.9936523 -0.02168274 0.1098633
vn -0.9936523 -0.02168274 0.1098633
vn -0.9936523 -0.02168274 0.1098633
vn -0.9936523 -0.02168274 0.1098633
vn -0.996582 -0.01921082 0.07843018
vn -0.996582 -0.01921082 0.07843018
vn -0.996582 -0.01921082 0.07843018
vn -0.996582 -0.01921082 0.07843018
vn -0.996582 -0.01921082 0.07843018
vn -0.996582 -0.01921082 0.07843018
vn -0.9936523 -0.02168274 0.1098633
vn -0.9936523 -0.02168274 0.1098633
vn -0.9897461 -0.0241394 0.1412354
vn -0.9848633 -0.02656555 0.1724854
vn -0.9848633 -0.02656555 0.1724854
vn -0.9897461 -0.0241394 0.1412354
vn -0.9848633 -0.02656555 0.1724854
vn -0.9848633 -0.02656555 0.1724854
vn -0.9848633 -0.02656555 0.1724854
vn 0.9897461 0.0241394 -0.1412354
vn 0.9897461 0.0241394 -0.1412354
vn 0.9897461 0.0241394 -0.1412354
vn 0.9936523 0.02168274 -0.1098633
vn 0.9848633 0.02656555 -0.1724854
vn 0.996582 0.01921082 -0.07843018
vn 0.9848633 0.02656555 -0.1724854
vn 0.996582 0.01921082 -0.07843018
vn 0.996582 0.01921082 -0.07843018
vn 0.996582 0.01921082 -0.07843018
vn 0.996582 0.01921082 -0.07843018
vn 0.9897461 0.0241394 -0.1412354
vn 0.9848633 0.02656555 -0.1724854
vn 0.9897461 0.0241394 -0.1412354
vn 0.9897461 0.0241394 -0.1412354
vn 0.9897461 0.0241394 -0.1412354
vn 0.9897461 0.0241394 -0.1412354
vn 0.9897461 0.0241394 -0.1412354
vn 0.9897461 0.0241394 -0.1412354
vn 0.9897461 0.0241394 -0.1412354
vn 0.9936523 0.02168274 -0.1098633
vn 0.9897461 0.0241394 -0.1412354
vn 0.9936523 0.02168274 -0.1098633
vn 0.9897461 0.0241394 -0.1412354
vn 0.9936523 0.02168274 -0.1098633
vn 0.9897461 0.0241394 -0.1412354
vn 0.9936523 0.02168274 -0.1098633
vn 0.9936523 0.02168274 -0.1098633
vn -0.9936523 -0.02168274 0.1098633
vn -0.9936523 -0.02168274 0.1098633
vn -0.9936523 -0.02168274 0.1098633
vn -0.9897461 -0.0241394 0.1412354
vn -0.9936523 -0.02168274 0.1098633
vn -0.9897461 -0.0241394 0.1412354
vn -0.9897461 -0.0241394 0.1412354
vn -0.9897461 -0.0241394 0.1412354
vn -0.9897461 -0.0241394 0.1412354
vn -0.9897461 -0.0241394 0.1412354
vn -0.9897461 -0.0241394 0.1412354
vn -0.9897461 -0.0241394 0.1412354
vn -0.9897461 -0.0241394 0.1412354

vt 0.423584 0.7436523
vt 0.4157715 0.7436523
vt 0.4196777 0.7363281
vt 0.4082031 0.8481445
vt 0.4196777 0.8481445
vt 0.4196777 0.8632813
vt 0.4082031 0.8632813
vt 0.4082031 0.9326172
vt 0.4196777 0.9326172
vt 0.4196777 0.9521484
vt 0.4082031 0.9521484
vt 0.4082031 0.7783203
vt 0.4196777 0.7783203
vt 0.4196777 0.7939453
vt 0.4082031 0.7939453
vt 0.4082031 0.8286133
vt 0.4196777 0.8286133
vt 0.4196777 0.8481445
vt 0.4082031 0.8481445
vt 0.4082031 0.9174805
vt 0.4196777 0.9174805
vt 0.4196777 0.9326172
vt 0.4082031 0.9326172
vt 0.4082031 0.9677734
vt 0.4196777 0.9677734
vt 0.4196777 0.9868164
vt 0.4082031 0.9868164
vt 0.4082031 0.8134766
vt 0.4196777 0.8134766
vt 0.4196777 0.8286133
vt 0.4082031 0.8286133
vt 0.4082031 0.8979492
vt 0.4196777 0.8979492
vt 0.4196777 0.9174805
vt 0.4082031 0.9174805
vt 0.4082031 0.8632813
vt 0.4196777 0.8632813
vt 0.4196777 0.8828125
vt 0.4082031 0.8828125
vt 0.4082031 0.9521484
vt 0.4196777 0.9521484
vt 0.4196777 0.9677734
vt 0.4082031 0.9677734
vt 0.4082031 0.7939453
vt 0.4196777 0.7939453
vt 0.4196777 0.8134766
vt 0.4082031 0.8134766
vt 0.4082031 0.8828125
vt 0.4196777 0.8828125
vt 0.4196777 0.8979492
vt 0.4082031 0.8979492
vt 0.4082031 0.8828125
vt 0.4196777 0.8828125
vt 0.4196777 0.8979492
vt 0.4082031 0.8979492
vt 0.4082031 0.7939453
vt 0.4196777 0.7939453
vt 0.4196777 0.8134766
vt 0.4082031 0.8134766
vt 0.4082031 0.9521484
vt 0.4196777 0.9521484
vt 0.4196777 0.9677734
vt 0.4082031 0.9677734
vt 0.4082031 0.8632813
vt 0.4196777 0.8632813
vt 0.4196777 0.8828125
vt 0.4082031 0.8828125
vt 0.4082031 0.8979492
vt 0.4196777 0.8979492
vt 0.4196777 0.9174805
vt 0.4082031 0.9174805
vt 0.4082031 0.8134766
vt 0.4196777 0.8134766
vt 0.4196777 0.8286133
vt 0.4082031 0.8286133
vt 0.4082031 0.9677734
vt 0.4196777 0.9677734
vt 0.4196777 0.9868164
vt 0.4082031 0.9868164
vt 0.4082031 0.9174805
vt 0.4196777 0.9174805
vt 0.4196777 0.9326172
vt 0.4082031 0.9326172
vt 0.4082031 0.8286133
vt 0.4196777 0.8286133
vt 0.4196777 0.8481445
vt 0.4082031 0.8481445
vt 0.4082031 0.7783203
vt 0.4196777 0.7783203
vt 0.4196777 0.7939453
vt 0.4082031 0.7939453
vt 0.4082031 0.9326172
vt 0.4196777 0.9326172
vt 0.4196777 0.9521484
vt 0.4082031 0.9521484
vt 0.4082031 0.8481445
vt 0.4196777 0.8481445
vt 0.4196777 0.8632813
vt 0.4082031 0.8632813
vt 0.4082031 0.8828125
vt 0.4196777 0.8828125
vt 0.4196777 0.8979492
vt 0.4082031 0.8979492
vt 0.4082031 0.7939453
vt 0.4196777 0.7939453
vt 0.4196777 0.8134766
vt 0.4082031 0.8134766
vt 0.4082031 0.9521484
vt 0.4196777 0.9521484
vt 0.4196777 0.9677734
vt 0.4082031 0.9677734
vt 0.4082031 0.8632813
vt 0.4196777 0.8632813
vt 0.4196777 0.8828125
vt 0.4082031 0.8828125
vt 0.4082031 0.8979492
vt 0.4196777 0.8979492
vt 0.4196777 0.9174805
vt 0.4082031 0.9174805
vt 0.4082031 0.8134766
vt 0.4196777 0.8134766
vt 0.4196777 0.8286133
vt 0.4082031 0.8286133
vt 0.4082031 0.9677734
vt 0.4196777 0.9677734
vt 0.4196777 0.9868164
vt 0.4082031 0.9868164
vt 0.4082031 0.9174805
vt 0.4196777 0.9174805
vt 0.4196777 0.9326172
vt 0.4082031 0.9326172
vt 0.4082031 0.8286133
vt 0.4196777 0.8286133
vt 0.4196777 0.8481445
vt 0.4082031 0.8481445
vt 0.4082031 0.7783203
vt 0.4196777 0.7783203
vt 0.4196777 0.7939453
vt 0.4082031 0.7939453
vt 0.4082031 0.9326172
vt 0.4196777 0.9326172
vt 0.4196777 0.9521484
vt 0.4082031 0.9521484
vt 0.4082031 0.8481445
vt 0.4196777 0.8481445
vt 0.4196777 0.8632813
vt 0.4082031 0.8632813
vt 0.3735352 0.875
vt 0.4082031 0.875
vt 0.4082031 0.894043
vt 0.3735352 0.894043
vt 0.3735352 0.7822266
vt 0.4082031 0.7822266
vt 0.4082031 0.8017578
vt 0.3735352 0.8017578
vt 0.3735352 0.9482422
vt 0.4082031 0.9482422
vt 0.4082031 0.9677734
vt 0.3735352 0.9677734
vt 0.3735352 0.8554688
vt 0.4082031 0.8554688
vt 0.4082031 0.875
vt 0.3735352 0.875
vt 0.3735352 0.894043
vt 0.4082031 0.894043
vt 0.4082031 0.9135742
vt 0.3735352 0.9135742
vt 0.3735352 0.8017578
vt 0.4082031 0.8017578
vt 0.4082031 0.8168945
vt 0.3735352 0.8168945
vt 0.3735352 0.9677734
vt 0.4082031 0.9677734
vt 0.4082031 0.9868164
vt 0.3735352 0.9868164
vt 0.3735352 0.9135742
vt 0.4082031 0.9135742
vt 0.4082031 0.9291992
vt 0.3735352 0.9291992
vt 0.3735352 0.8168945
vt 0.4082031 0.8168945
vt 0.4082031 0.8364258
vt 0.3735352 0.8364258
vt 0.3735352 0.7631836
vt 0.4082031 0.7631836
vt 0.4082031 0.7822266
vt 0.3735352 0.7822266
vt 0.3735352 0.9291992
vt 0.4082031 0.9291992
vt 0.4082031 0.9482422
vt 0.3735352 0.9482422
vt 0.3735352 0.8364258
vt 0.4082031 0.8364258
vt 0.4082031 0.8554688
vt 0.3735352 0.8554688
vt 0.1766357 0.8632813
vt 0.2770996 0.8632813
vt 0.2770996 0.875
vt 0.1766357 0.875
vt 0.1766357 0.7939453
vt 0.2770996 0.7939453
vt 0.2770996 0.8095703
vt 0.1766357 0.8095703
vt 0.1766357 0.9174805
vt 0.2770996 0.9174805
vt 0.2770996 0.9326172
vt 0.1766357 0.9326172
vt 0.1766357 0.8481445
vt 0.2770996 0.8481445
vt 0.2770996 0.8632813
vt 0.1766357 0.8632813
vt 0.1766357 0.875
vt 0.2770996 0.875
vt 0.2770996 0.890625
vt 0.1766357 0.890625
vt 0.1766357 0.8095703
vt 0.2770996 0.8095703
vt 0.2770996 0.8208008
vt 0.1766357 0.8208008
vt 0.1766357 0.7670898
vt 0.2770996 0.7670898
vt 0.2770996 0.7822266
vt 0.1766357 0.7822266
vt 0.1766357 0.890625
vt 0.2770996 0.890625
vt 0.2770996 0.9057617
vt 0.1766357 0.9057617
vt 0.1766357 0.8208008
vt 0.2770996 0.8208008
vt 0.2770996 0.8364258
vt 0.1766357 0.8364258
vt 0.1766357 0.7822266
vt 0.2770996 0.7822266
vt 0.2770996 0.7939453
vt 0.1766357 0.7939453
vt 0.1766357 0.9057617
vt 0.2770996 0.9057617
vt 0.2770996 0.9174805
vt 0.1766357 0.9174805
vt 0.1766357 0.8364258
vt 0.2770996 0.8364258
vt 0.2770996 0.8481445
vt 0.1766357 0.8481445
vt 0.145752 0.9907227
vt 0.145752 0.9365234
vt 0.1535645 0.9365234
vt 0.1535645 0.9907227
vt 0.1921387 0.9907227
vt 0.1921387 0.9365234
vt 0.1998291 0.9365234
vt 0.1998291 0.9907227
vt 0.1728516 0.9907227
vt 0.1728516 0.9365234
vt 0.180542 0.9365234
vt 0.180542 0.9907227
vt 0.1380615 0.9907227
vt 0.1380615 0.9365234
vt 0.145752 0.9365234
vt 0.145752 0.9907227
vt 0.1535645 0.9907227
vt 0.1535645 0.9365234
vt 0.1612549 0.9365234
vt 0.1612549 0.9907227
vt 0.1998291 0.9907227
vt 0.1998291 0.9365234
vt 0.2075195 0.9365234
vt 0.2075195 0.9907227
vt 0.180542 0.9907227
vt 0.180542 0.9365234
vt 0.1844482 0.9365234
vt 0.1844482 0.9907227
vt 0.1612549 0.9907227
vt 0.1612549 0.9365234
vt 0.1650391 0.9365234
vt 0.1650391 0.9907227
vt 0.2075195 0.9907227
vt 0.2075195 0.9365234
vt 0.2114258 0.9365234
vt 0.2114258 0.9907227
vt 0.1844482 0.9907227
vt 0.1844482 0.9365234
vt 0.1921387 0.9365234
vt 0.1921387 0.9907227
vt 0.1650391 0.9907227
vt 0.1650391 0.9365234
vt 0.1728516 0.9365234
vt 0.1728516 0.9907227
vt 0.2114258 0.9907227
vt 0.2114258 0.9365234
vt 0.2191162 0.9365234
vt 0.2191162 0.9907227
vt 0.0262146 0.7631836
vt 0.03778076 0.7631836
vt 0.03778076 0.8520508
vt 0.0262146 0.8520508
vt 0.02235413 0.7631836
vt 0.02235413 0.8520508
vt 0.01077271 0.8520508
vt 0.01077271 0.7631836
vt 0.03778076 0.8520508
vt 0.03778076 0.7631836
vt 0.04550171 0.7631836
vt 0.04550171 0.8520508
vt 0.0262146 0.8520508
vt 0.0262146 0.8632813
vt 0.02235413 0.8632813
vt 0.02235413 0.8520508
vt 0.0262146 0.7514648
vt 0.0262146 0.7631836
vt 0.02235413 0.7631836
vt 0.02235413 0.7514648
vt 0.09564209 0.7475586
vt 0.09564209 0.7246094
vt 0.1072388 0.7246094
vt 0.111084 0.7475586
vt 0.09564209 0.7514648
vt 0.09564209 0.7475586
vt 0.111084 0.7475586
vt 0.111084 0.7514648
vt 0.09564209 0.7514648
vt 0.111084 0.7514648
vt 0.111084 0.7553711
vt 0.09564209 0.7553711
vt 0.09564209 0.7514648
vt 0.09564209 0.7514648
vt 0.111084 0.7514648
vt 0.111084 0.7514648
vt 0.1689453 0.7363281
vt 0.1689453 0.7324219
vt 0.1535645 0.7397461
vt 0.1650391 0.7475586
vt 0.1728516 0.7324219
vt 0.1689453 0.7363281
vt 0.1650391 0.7475586
vt 0.1728516 0.7475586
vt 0.2539063 0.7475586
vt 0.2539063 0.7324219
vt 0.2653809 0.7475586
vt 0.2578125 0.7363281
vt 0.1689453 0.6977539
vt 0.1535645 0.7285156
vt 0.1535645 0.6977539
vt 0.1689453 0.7285156
vt 0.1535645 0.7397461
vt 0.1689453 0.7324219
vt 0.1689453 0.7363281
vt 0.1728516 0.7475586
vt 0.1650391 0.7475586
vt 0.1728516 0.7324219
vt 0.2539063 0.7324219
vt 0.2539063 0.7475586
vt 0.2578125 0.7363281
vt 0.2653809 0.7475586
vt 0.1689453 0.7324219
vt 0.1535645 0.7285156
vt 0.1535645 0.7397461
vt 0.1689453 0.7285156
vt 0.1535645 0.6977539
vt 0.1689453 0.6977539
vt 0.1689453 0.7324219
vt 0.1689453 0.7363281
vt 0.1650391 0.7475586
vt 0.1535645 0.7397461
vt 0.09564209 0.8208008
vt 0.111084 0.8208008
vt 0.1072388 0.8442383
vt 0.09564209 0.8442383
vt 0.09564209 0.8168945
vt 0.111084 0.8168945
vt 0.111084 0.8208008
vt 0.09564209 0.8208008
vt 0.09564209 0.8134766
vt 0.09564209 0.8134766
vt 0.111084 0.8134766
vt 0.111084 0.8134766
vt 0.09564209 0.8134766
vt 0.111084 0.8134766
vt 0.111084 0.8168945
vt 0.09564209 0.8168945
vt 0.2578125 0.7363281
vt 0.2653809 0.7475586
vt 0.2731934 0.7397461
vt 0.2614746 0.7324219
vt 0.2614746 0.6977539
vt 0.2770996 0.6977539
vt 0.2770996 0.7285156
vt 0.2614746 0.7285156
vt 0.2731934 0.7397461
vt 0.2614746 0.7324219
vt 0.2614746 0.7324219
vt 0.2731934 0.7397461
vt 0.2770996 0.7285156
vt 0.2614746 0.7285156
vt 0.2770996 0.6977539
vt 0.2614746 0.6977539
vt 0.2614746 0.7324219
vt 0.2731934 0.7397461
vt 0.2653809 0.7475586
vt 0.2578125 0.7363281
vt 0.111084 0.7978516
vt 0.09564209 0.7978516
vt 0.09564209 0.7397461
vt 0.111084 0.7397461
vt 0.3039551 0.8286133
vt 0.3039551 0.8364258
vt 0.284668 0.8364258
vt 0.284668 0.8286133
vt 0.284668 0.8789063
vt 0.284668 0.8364258
vt 0.3039551 0.8364258
vt 0.3039551 0.8789063
vt 0.2807617 0.7631836
vt 0.2384033 0.7553711
vt 0.2384033 0.7631836
vt 0.2807617 0.7553711
vt 0.2885742 0.7783203
vt 0.2807617 0.7783203
vt 0.2885742 0.7285156
vt 0.2807617 0.7285156
vt 0.3039551 0.8286133
vt 0.284668 0.8286133
vt 0.284668 0.7900391
vt 0.3039551 0.7900391
vt 0.2885742 0.7783203
vt 0.2807617 0.7285156
vt 0.2885742 0.7285156
vt 0.2807617 0.7553711
vt 0.2807617 0.7631836
vt 0.2807617 0.7783203
vt 0.2384033 0.7631836
vt 0.2384033 0.7553711
vt 0.284668 0.9677734
vt 0.3039551 0.9677734
vt 0.3039551 0.9790039
vt 0.284668 0.9790039
vt 0.3039551 0.9946289
vt 0.284668 0.9946289
vt 0.284668 0.9790039
vt 0.3039551 0.9790039
vt 0.284668 0.9174805
vt 0.284668 0.9057617
vt 0.3039551 0.9057617
vt 0.3039551 0.9174805
vt 0.284668 0.8789063
vt 0.3039551 0.8789063
vt 0.3039551 0.9057617
vt 0.284668 0.9057617
vt 0.3039551 0.9677734
vt 0.284668 0.9677734
vt 0.284668 0.9174805
vt 0.3039551 0.9174805
vt 0.3039551 0.7011719
vt 0.3039551 0.7783203
vt 0.3000488 0.7783203
vt 0.3000488 0.7011719
vt 0.3117676 0.7011719
vt 0.3117676 0.7783203
vt 0.3039551 0.7783203
vt 0.3039551 0.7011719
vt 0.3271484 0.7011719
vt 0.3271484 0.7783203
vt 0.3193359 0.7783203
vt 0.3193359 0.7011719
vt 0.3310547 0.7011719
vt 0.3310547 0.7783203
vt 0.3271484 0.7783203
vt 0.3271484 0.7011719
vt 0.3193359 0.7011719
vt 0.3193359 0.7783203
vt 0.3117676 0.7783203
vt 0.3117676 0.7011719
vt 0.338623 0.7011719
vt 0.338623 0.7783203
vt 0.3310547 0.7783203
vt 0.3310547 0.7011719
vt 0.1998291 0.7592773
vt 0.1882324 0.7514648
vt 0.1959229 0.7514648
vt 0.1844482 0.7592773
vt 0.1959229 0.7631836
vt 0.1882324 0.7631836
vt 0.1303711 0.8671875
vt 0.145752 0.890625
vt 0.1303711 0.875
vt 0.1496582 0.8828125
vt 0.1342773 0.859375
vt 0.1535645 0.8710938
vt 0.1535645 0.8481445
vt 0.1342773 0.840332
vt 0.1380615 0.8325195
vt 0.1535645 0.8325195
vt 0.1342773 0.8286133
vt 0.1342773 0.8208008
vt 0.1496582 0.8168945
vt 0.1728516 0.875
vt 0.1612549 0.875
vt 0.1612549 0.8520508
vt 0.1728516 0.8520508
vt 0.1728516 0.8828125
vt 0.1612549 0.8828125
vt 0.1612549 0.875
vt 0.1728516 0.875
vt 0.1496582 0.8828125
vt 0.1303711 0.875
vt 0.145752 0.890625
vt 0.1303711 0.8671875
vt 0.1535645 0.8710938
vt 0.1342773 0.859375
vt 0.1535645 0.8481445
vt 0.1342773 0.840332
vt 0.1535645 0.8325195
vt 0.1380615 0.8325195
vt 0.1342773 0.8286133
vt 0.1496582 0.8168945
vt 0.1342773 0.8208008
vt 0.1612549 0.8442383
vt 0.1728516 0.8442383
vt 0.1728516 0.8520508
vt 0.1612549 0.8520508
vt 0.1728516 0.9213867
vt 0.1612549 0.9213867
vt 0.1612549 0.9135742
vt 0.1728516 0.9135742
vt 0.1612549 0.8325195
vt 0.1728516 0.8325195
vt 0.1728516 0.8442383
vt 0.1612549 0.8442383
vt 0.1728516 0.8867188
vt 0.1612549 0.8867188
vt 0.1612549 0.8828125
vt 0.1728516 0.8828125
vt 0.423584 0.7709961
vt 0.4157715 0.7709961
vt 0.4196777 0.7631836
vt 0.4196777 0.7631836
vt 0.423584 0.7670898
vt 0.423584 0.7709961
vt 0.4196777 0.7631836
vt 0.423584 0.7631836
vt 0.4196777 0.7631836
vt 0.4157715 0.7631836
vt 0.4121094 0.7436523
vt 0.4157715 0.7436523
vt 0.3850098 0.7050781
vt 0.3811035 0.7011719
vt 0.3850098 0.7011719
vt 0.3850098 0.7011719
vt 0.4157715 0.7436523
vt 0.4121094 0.7436523
vt 0.3811035 0.7050781
vt 0.3850098 0.7050781
vt 0.4196777 0.7363281
vt 0.4543457 0.7011719
vt 0.458252 0.7050781
vt 0.423584 0.7436523
vt 0.4157715 0.7436523
vt 0.3850098 0.7050781
vt 0.3850098 0.7011719
vt 0.4196777 0.7363281
vt 0.458252 0.7050781
vt 0.4543457 0.7011719
vt 0.458252 0.7011719
vt 0.458252 0.7011719
vt 0.423584 0.7436523
vt 0.458252 0.7050781
vt 0.458252 0.7050781
vt 0.4274902 0.7436523
vt 0.4196777 0.7285156
vt 0.4506836 0.7011719
vt 0.4543457 0.7011719
vt 0.4196777 0.7363281
vt 0.4196777 0.7363281
vt 0.4157715 0.7436523
vt 0.3850098 0.7050781
vt 0.3850098 0.7011719
vt 0.4196777 0.7631836
vt 0.4196777 0.7631836
vt 0.4157715 0.7436523
vt 0.423584 0.7436523
vt 0.4196777 0.7363281
vt 0.423584 0.7436523
vt 0.4196777 0.7363281
vt 0.4543457 0.7011719
vt 0.458252 0.7050781
vt 0.4196777 0.7285156
vt 0.4196777 0.7363281
vt 0.3850098 0.7011719
vt 0.388916 0.7011719
vt 0.4736328 0.7285156
vt 0.4736328 0.9868164
vt 0.4699707 0.9868164
vt 0.4699707 0.7285156
vt 0.4699707 0.7285156
vt 0.4699707 0.9868164
vt 0.4660645 0.9868164
vt 0.4660645 0.7285156
vt 0.4660645 0.7285156
vt 0.4660645 0.9868164
vt 0.4621582 0.9868164
vt 0.4621582 0.7285156
vt 0.4621582 0.7285156
vt 0.4621582 0.9868164
vt 0.458252 0.9868164
vt 0.458252 0.7285156
vt 0.4929199 0.7285156
vt 0.4929199 0.9868164
vt 0.4892578 0.9868164
vt 0.4892578 0.7285156
vt 0.4892578 0.7285156
vt 0.4892578 0.9868164
vt 0.4853516 0.9868164
vt 0.4853516 0.7285156
vt 0.4775391 0.7285156
vt 0.4775391 0.9868164
vt 0.4736328 0.9868164
vt 0.4736328 0.7285156
vt 0.4853516 0.7285156
vt 0.4853516 0.9868164
vt 0.4775391 0.9868164
vt 0.4775391 0.7285156
vt 0.4736328 0.7285156
vt 0.4736328 0.9868164
vt 0.4699707 0.9868164
vt 0.4699707 0.7285156
vt 0.4699707 0.7285156
vt 0.4699707 0.9868164
vt 0.4660645 0.9868164
vt 0.4660645 0.7285156
vt 0.4660645 0.7285156
vt 0.4660645 0.9868164
vt 0.4621582 0.9868164
vt 0.4621582 0.7285156
vt 0.4621582 0.7285156
vt 0.4621582 0.9868164
vt 0.458252 0.9868164
vt 0.458252 0.7285156
vt 0.4929199 0.7285156
vt 0.4929199 0.9868164
vt 0.4892578 0.9868164
vt 0.4892578 0.7285156
vt 0.4892578 0.7285156
vt 0.4892578 0.9868164
vt 0.4853516 0.9868164
vt 0.4853516 0.7285156
vt 0.4775391 0.7285156
vt 0.4775391 0.9868164
vt 0.4736328 0.9868164
vt 0.4736328 0.7285156
vt 0.4853516 0.7285156
vt 0.4853516 0.9868164
vt 0.4775391 0.9868164
vt 0.4775391 0.7285156
vt 0.4736328 0.7285156
vt 0.4736328 0.9868164
vt 0.4699707 0.9868164
vt 0.4699707 0.7285156
vt 0.4699707 0.7285156
vt 0.4699707 0.9868164
vt 0.4660645 0.9868164
vt 0.4660645 0.7285156
vt 0.4660645 0.7285156
vt 0.4660645 0.9868164
vt 0.4621582 0.9868164
vt 0.4621582 0.7285156
vt 0.4621582 0.7285156
vt 0.4621582 0.9868164
vt 0.458252 0.9868164
vt 0.458252 0.7285156
vt 0.4929199 0.7285156
vt 0.4929199 0.9868164
vt 0.4892578 0.9868164
vt 0.4892578 0.7285156
vt 0.4892578 0.7285156
vt 0.4892578 0.9868164
vt 0.4853516 0.9868164
vt 0.4853516 0.7285156
vt 0.4775391 0.7285156
vt 0.4775391 0.9868164
vt 0.4736328 0.9868164
vt 0.4736328 0.7285156
vt 0.4853516 0.7285156
vt 0.4853516 0.9868164
vt 0.4775391 0.9868164
vt 0.4775391 0.7285156
vt 0.4736328 0.7285156
vt 0.4736328 0.9868164
vt 0.4699707 0.9868164
vt 0.4699707 0.7285156
vt 0.4699707 0.7285156
vt 0.4699707 0.9868164
vt 0.4660645 0.9868164
vt 0.4660645 0.7285156
vt 0.4660645 0.7285156
vt 0.4660645 0.9868164
vt 0.4621582 0.9868164
vt 0.4621582 0.7285156
vt 0.4621582 0.7285156
vt 0.4621582 0.9868164
vt 0.458252 0.9868164
vt 0.458252 0.7285156
vt 0.4929199 0.7285156
vt 0.4929199 0.9868164
vt 0.4892578 0.9868164
vt 0.4892578 0.7285156
vt 0.4892578 0.7285156
vt 0.4892578 0.9868164
vt 0.4853516 0.9868164
vt 0.4853516 0.7285156
vt 0.4775391 0.7285156
vt 0.4775391 0.9868164
vt 0.4736328 0.9868164
vt 0.4736328 0.7285156
vt 0.4853516 0.7285156
vt 0.4853516 0.9868164
vt 0.4775391 0.9868164
vt 0.4775391 0.7285156
vt 0.4736328 0.9868164
vt 0.4736328 0.7285156
vt 0.4775391 0.7285156
vt 0.4775391 0.9868164
vt 0.4775391 0.9868164
vt 0.4775391 0.7285156
vt 0.4853516 0.7285156
vt 0.4853516 0.9868164
vt 0.4853516 0.9868164
vt 0.4853516 0.7285156
vt 0.4892578 0.7285156
vt 0.4892578 0.9868164
vt 0.4892578 0.9868164
vt 0.4892578 0.7285156
vt 0.4929199 0.7285156
vt 0.4929199 0.9868164
vt 0.458252 0.9868164
vt 0.458252 0.7285156
vt 0.4621582 0.7285156
vt 0.4621582 0.9868164
vt 0.4621582 0.9868164
vt 0.4621582 0.7285156
vt 0.4660645 0.7285156
vt 0.4660645 0.9868164
vt 0.4699707 0.9868164
vt 0.4699707 0.7285156
vt 0.4736328 0.7285156
vt 0.4736328 0.9868164
vt 0.4660645 0.9868164
vt 0.4660645 0.7285156
vt 0.4699707 0.7285156
vt 0.4699707 0.9868164
vt 0.4736328 0.7285156
vt 0.4736328 0.9868164
vt 0.4699707 0.9868164
vt 0.4699707 0.7285156
vt 0.4699707 0.7285156
vt 0.4699707 0.9868164
vt 0.4660645 0.9868164
vt 0.4660645 0.7285156
vt 0.4660645 0.7285156
vt 0.4660645 0.9868164
vt 0.4621582 0.9868164
vt 0.4621582 0.7285156
vt 0.4621582 0.7285156
vt 0.4621582 0.9868164
vt 0.458252 0.9868164
vt 0.458252 0.7285156
vt 0.4929199 0.7285156
vt 0.4929199 0.9868164
vt 0.4892578 0.9868164
vt 0.4892578 0.7285156
vt 0.4892578 0.7285156
vt 0.4892578 0.9868164
vt 0.4853516 0.9868164
vt 0.4853516 0.7285156
vt 0.4775391 0.7285156
vt 0.4775391 0.9868164
vt 0.4736328 0.9868164
vt 0.4736328 0.7285156
vt 0.4853516 0.7285156
vt 0.4853516 0.9868164
vt 0.4775391 0.9868164
vt 0.4775391 0.7285156
vt 0.09179688 0.824707
vt 0.08410645 0.824707
vt 0.08410645 0.8134766
vt 0.09179688 0.8134766
vt 0.09179688 0.8520508
vt 0.08410645 0.8520508
vt 0.08410645 0.824707
vt 0.09179688 0.824707
vt 0.09179688 0.8520508
vt 0.08410645 0.8520508
vt 0.08410645 0.824707
vt 0.09179688 0.824707
vt 0.0802002 0.8520508
vt 0.05706787 0.8520508
vt 0.05706787 0.824707
vt 0.0802002 0.824707
vt 0.0802002 0.824707
vt 0.05706787 0.8134766
vt 0.0802002 0.8134766
vt 0.0802002 0.8520508
vt 0.05706787 0.8520508
vt 0.05706787 0.824707
vt 0.0802002 0.824707
vt 0.05706787 0.824707
vt 0.05706787 0.8134766
vt 0.0802002 0.8134766
vt 0.0802002 0.7978516
vt 0.05706787 0.7978516
vt 0.05706787 0.7822266
vt 0.0802002 0.7822266
vt 0.0802002 0.8134766
vt 0.05706787 0.7978516
vt 0.05706787 0.8134766
vt 0.0802002 0.7822266
vt 0.05706787 0.7670898
vt 0.0802002 0.7670898
vt 0.0802002 0.7514648
vt 0.05706787 0.7670898
vt 0.05706787 0.7514648
vt 0.0802002 0.7363281
vt 0.0802002 0.7514648
vt 0.05706787 0.7363281
vt 0.0802002 0.7207031
vt 0.05706787 0.7363281
vt 0.05706787 0.7207031
vt 0.09179688 0.824707
vt 0.08410645 0.824707
vt 0.08410645 0.8134766
vt 0.09179688 0.8134766
vt 0.0802002 0.7822266
vt 0.05706787 0.7822266
vt 0.05706787 0.7670898
vt 0.0802002 0.7670898
vt 0.0802002 0.7978516
vt 0.05706787 0.7822266
vt 0.05706787 0.7978516
vt 0.0802002 0.8134766
vt 0.05706787 0.8134766
vt 0.0802002 0.7978516
vt 0.0802002 0.7514648
vt 0.0802002 0.7670898
vt 0.05706787 0.7514648
vt 0.0802002 0.7363281
vt 0.05706787 0.7514648
vt 0.05706787 0.7363281
vt 0.0802002 0.7207031
vt 0.0802002 0.7363281
vt 0.05706787 0.7207031
vt 0.09179688 0.7978516
vt 0.08410645 0.7978516
vt 0.08410645 0.7822266
vt 0.09179688 0.7822266
vt 0.09179688 0.7978516
vt 0.08410645 0.7978516
vt 0.08410645 0.7822266
vt 0.09179688 0.7822266
vt 0.09179688 0.7822266
vt 0.08410645 0.7822266
vt 0.08410645 0.7670898
vt 0.09179688 0.7670898
vt 0.09179688 0.7822266
vt 0.08410645 0.7822266
vt 0.08410645 0.7670898
vt 0.09179688 0.7670898
vt 0.09179688 0.8134766
vt 0.08410645 0.8134766
vt 0.08410645 0.7978516
vt 0.09179688 0.7978516
vt 0.09179688 0.8134766
vt 0.08410645 0.8134766
vt 0.08410645 0.7978516
vt 0.09179688 0.7978516
vt 0.09179688 0.7050781
vt 0.09179688 0.7207031
vt 0.08410645 0.7207031
vt 0.08410645 0.7050781
vt 0.09179688 0.6821289
vt 0.09179688 0.7050781
vt 0.08410645 0.7050781
vt 0.08410645 0.6821289
vt 0.09179688 0.6821289
vt 0.09179688 0.7050781
vt 0.08410645 0.7050781
vt 0.08410645 0.6821289
vt 0.0802002 0.6821289
vt 0.0802002 0.7089844
vt 0.05706787 0.7089844
vt 0.05706787 0.6821289
vt 0.0802002 0.7089844
vt 0.05706787 0.7207031
vt 0.0802002 0.7207031
vt 0.0802002 0.6821289
vt 0.05706787 0.7089844
vt 0.05706787 0.6821289
vt 0.0802002 0.7089844
vt 0.0802002 0.7207031
vt 0.05706787 0.7207031
vt 0.05706787 0.7089844
vt 0.09179688 0.7050781
vt 0.09179688 0.7207031
vt 0.08410645 0.7207031
vt 0.08410645 0.7050781
vt 0.09179688 0.7363281
vt 0.09179688 0.7475586
vt 0.08410645 0.7475586
vt 0.08410645 0.7363281
vt 0.09179688 0.7363281
vt 0.09179688 0.7475586
vt 0.08410645 0.7475586
vt 0.08410645 0.7363281
vt 0.09179688 0.7207031
vt 0.09179688 0.7363281
vt 0.08410645 0.7363281
vt 0.08410645 0.7207031
vt 0.09179688 0.7207031
vt 0.09179688 0.7363281
vt 0.08410645 0.7363281
vt 0.08410645 0.7207031
vt 0.09179688 0.7475586
vt 0.09179688 0.7670898
vt 0.08410645 0.7670898
vt 0.08410645 0.7475586
vt 0.09179688 0.7475586
vt 0.09179688 0.7670898
vt 0.08410645 0.7670898
vt 0.08410645 0.7475586
vt 0.3464355 0.8168945
vt 0.3696289 0.8168945
vt 0.3696289 0.840332
vt 0.3464355 0.840332
vt 0.3464355 0.9443359
vt 0.3696289 0.9443359
vt 0.3696289 0.9677734
vt 0.3464355 0.9677734
vt 0.3464355 0.7128906
vt 0.3696289 0.7128906
vt 0.3696289 0.7397461
vt 0.3464355 0.7397461
vt 0.3464355 0.7900391
vt 0.3696289 0.7900391
vt 0.3696289 0.8168945
vt 0.3464355 0.8168945
vt 0.3464355 0.9174805
vt 0.3696289 0.9174805
vt 0.3696289 0.9443359
vt 0.3464355 0.9443359
vt 0.3464355 0.6860352
vt 0.3696289 0.6860352
vt 0.3696289 0.7128906
vt 0.3464355 0.7128906
vt 0.3464355 0.7631836
vt 0.3696289 0.7631836
vt 0.3696289 0.7900391
vt 0.3464355 0.7900391
vt 0.3464355 0.890625
vt 0.3696289 0.890625
vt 0.3696289 0.9174805
vt 0.3464355 0.9174805
vt 0.3464355 0.840332
vt 0.3696289 0.840332
vt 0.3696289 0.8671875
vt 0.3464355 0.8671875
vt 0.3464355 0.9677734
vt 0.3696289 0.9677734
vt 0.3696289 0.9946289
vt 0.3464355 0.9946289
vt 0.3464355 0.7397461
vt 0.3696289 0.7397461
vt 0.3696289 0.7631836
vt 0.3464355 0.7631836
vt 0.3464355 0.8671875
vt 0.3696289 0.8671875
vt 0.3696289 0.890625
vt 0.3464355 0.890625
vt 0.1728516 0.9135742
vt 0.1612549 0.9135742
vt 0.1612549 0.909668
vt 0.1728516 0.909668
vt 0.1728516 0.9291992
vt 0.1612549 0.9291992
vt 0.1612549 0.9213867
vt 0.1728516 0.9213867
vt 0.1728516 0.909668
vt 0.1612549 0.909668
vt 0.1612549 0.8867188
vt 0.1728516 0.8867188
vt 0.1612549 0.8134766
vt 0.1728516 0.8134766
vt 0.1728516 0.8325195
vt 0.1612549 0.8325195
vt 0.1612549 0.7939453
vt 0.1728516 0.7939453
vt 0.1728516 0.8134766
vt 0.1612549 0.8134766
vt 0.1612549 0.7783203
vt 0.1728516 0.7783203
vt 0.1728516 0.7939453
vt 0.1612549 0.7939453
vt 0.423584 0.7709961
vt 0.4157715 0.7709961
vt 0.4196777 0.7631836
vt 0.4196777 0.7631836
vt 0.4157715 0.7709961
vt 0.4121094 0.7670898
vt 0.4157715 0.7631836
vt 0.4196777 0.7631836
vt 0.4196777 0.7631836
vt 0.4196777 0.7631836
vt 0.4157715 0.7436523
vt 0.423584 0.7436523
vt 0.423584 0.7631836
vt 0.4196777 0.7631836
vt 0.423584 0.7436523
vt 0.4274902 0.7436523
vt 0.1187744 0.8017578
vt 0.1187744 0.7900391
vt 0.1342773 0.7939453
vt 0.1303711 0.7783203
vt 0.1342773 0.7939453
vt 0.1419678 0.7783203
vt 0.1496582 0.7900391
vt 0.1342773 0.7939453
vt 0.1496582 0.8017578
vt 0.1303711 0.8134766
vt 0.1342773 0.7939453
vt 0.1419678 0.8134766
vt 0.1303711 0.7783203
vt 0.1342773 0.7939453
vt 0.1187744 0.7900391
vt 0.1342773 0.7939453
vt 0.1187744 0.8017578
vt 0.1303711 0.8134766
vt 0.1342773 0.7939453
vt 0.1419678 0.8134766
vt 0.1535645 0.8017578
vt 0.1419678 0.7783203
vt 0.1342773 0.7939453
vt 0.1535645 0.7900391
vt 0.1149292 0.6899414
vt 0.1496582 0.6899414
vt 0.1496582 0.7011719
vt 0.1149292 0.7011719
vt 0.1496582 0.7749023
vt 0.1149292 0.7749023
vt 0.1149292 0.7631836
vt 0.1496582 0.7631836
vt 0.1149292 0.7246094
vt 0.1496582 0.7246094
vt 0.1496582 0.7397461
vt 0.1149292 0.7397461
vt 0.1149292 0.7631836
vt 0.1496582 0.7631836
vt 0.1496582 0.7749023
vt 0.1149292 0.7749023
vt 0.1149292 0.7011719
vt 0.1496582 0.7011719
vt 0.1496582 0.7128906
vt 0.1149292 0.7128906
vt 0.1496582 0.7631836
vt 0.1149292 0.7631836
vt 0.1149292 0.7514648
vt 0.1496582 0.7514648
vt 0.1149292 0.7397461
vt 0.1496582 0.7397461
vt 0.1496582 0.7514648
vt 0.1149292 0.7514648
vt 0.1149292 0.6782227
vt 0.1496582 0.6782227
vt 0.1496582 0.6899414
vt 0.1149292 0.6899414
vt 0.1149292 0.7128906
vt 0.1496582 0.7128906
vt 0.1496582 0.7246094
vt 0.1149292 0.7246094
vt 0.1496582 0.7514648
vt 0.1149292 0.7514648
vt 0.1149292 0.7397461
vt 0.1496582 0.7397461
vt 0.1149292 0.7514648
vt 0.1496582 0.7514648
vt 0.1496582 0.7631836
vt 0.1149292 0.7631836
vt 0.1149292 0.6899414
vt 0.1496582 0.6899414
vt 0.1496582 0.7011719
vt 0.1149292 0.7011719
vt 0.1496582 0.7246094
vt 0.1149292 0.7246094
vt 0.1149292 0.7128906
vt 0.1496582 0.7128906
vt 0.1149292 0.7631836
vt 0.1496582 0.7631836
vt 0.1496582 0.7749023
vt 0.1149292 0.7749023
vt 0.1149292 0.7011719
vt 0.1496582 0.7011719
vt 0.1496582 0.7128906
vt 0.1149292 0.7128906
vt 0.1496582 0.7128906
vt 0.1149292 0.7128906
vt 0.1149292 0.7011719
vt 0.1496582 0.7011719
vt 0.1149292 0.6782227
vt 0.1496582 0.6782227
vt 0.1496582 0.6899414
vt 0.1149292 0.6899414
vt 0.1149292 0.7128906
vt 0.1496582 0.7128906
vt 0.1496582 0.7246094
vt 0.1149292 0.7246094
vt 0.1496582 0.7011719
vt 0.1149292 0.7011719
vt 0.1149292 0.6899414
vt 0.1496582 0.6899414
vt 0.1149292 0.6899414
vt 0.1496582 0.6899414
vt 0.1496582 0.7011719
vt 0.1149292 0.7011719
vt 0.1496582 0.7246094
vt 0.1149292 0.7246094
vt 0.1149292 0.7128906
vt 0.1496582 0.7128906
vt 0.1496582 0.6899414
vt 0.1149292 0.6899414
vt 0.1149292 0.6782227
vt 0.1496582 0.6782227
vt 0.1149292 0.7011719
vt 0.1496582 0.7011719
vt 0.1496582 0.7128906
vt 0.1149292 0.7128906
vt 0.1496582 0.7128906
vt 0.1149292 0.7128906
vt 0.1149292 0.7011719
vt 0.1496582 0.7011719
vt 0.1496582 0.7749023
vt 0.1149292 0.7749023
vt 0.1149292 0.7631836
vt 0.1496582 0.7631836
vt 0.1149292 0.7128906
vt 0.1496582 0.7128906
vt 0.1496582 0.7246094
vt 0.1149292 0.7246094
vt 0.1496582 0.7011719
vt 0.1149292 0.7011719
vt 0.1149292 0.6899414
vt 0.1496582 0.6899414
vt 0.1496582 0.7631836
vt 0.1149292 0.7631836
vt 0.1149292 0.7514648
vt 0.1496582 0.7514648
vt 0.1149292 0.7246094
vt 0.1496582 0.7246094
vt 0.1496582 0.7397461
vt 0.1149292 0.7397461
vt 0.1496582 0.7397461
vt 0.1149292 0.7397461
vt 0.1149292 0.7246094
vt 0.1496582 0.7246094
vt 0.1496582 0.6899414
vt 0.1149292 0.6899414
vt 0.1149292 0.6782227
vt 0.1496582 0.6782227
vt 0.1496582 0.7514648
vt 0.1149292 0.7514648
vt 0.1149292 0.7397461
vt 0.1496582 0.7397461
vt 0.1149292 0.7397461
vt 0.1496582 0.7397461
vt 0.1496582 0.7514648
vt 0.1149292 0.7514648
vt 0.1496582 0.7246094
vt 0.1149292 0.7246094
vt 0.1149292 0.7128906
vt 0.1496582 0.7128906
vt 0.1496582 0.7749023
vt 0.1149292 0.7749023
vt 0.1149292 0.7631836
vt 0.1496582 0.7631836
vt 0.1496582 0.7397461
vt 0.1149292 0.7397461
vt 0.1149292 0.7246094
vt 0.1496582 0.7246094
vt 0.1149292 0.7514648
vt 0.1496582 0.7514648
vt 0.1496582 0.7631836
vt 0.1149292 0.7631836
vt 0.1496582 0.7128906
vt 0.1149292 0.7128906
vt 0.1149292 0.7011719
vt 0.1496582 0.7011719
vt 0.1496582 0.7631836
vt 0.1149292 0.7631836
vt 0.1149292 0.7514648
vt 0.1496582 0.7514648
vt 0.1149292 0.7246094
vt 0.1496582 0.7246094
vt 0.1496582 0.7397461
vt 0.1149292 0.7397461
vt 0.1149292 0.7631836
vt 0.1496582 0.7631836
vt 0.1496582 0.7749023
vt 0.1149292 0.7749023
vt 0.1496582 0.7011719
vt 0.1149292 0.7011719
vt 0.1149292 0.6899414
vt 0.1496582 0.6899414
vt 0.1496582 0.7514648
vt 0.1149292 0.7514648
vt 0.1149292 0.7397461
vt 0.1496582 0.7397461
vt 0.1149292 0.7397461
vt 0.1496582 0.7397461
vt 0.1496582 0.7514648
vt 0.1149292 0.7514648
vt 0.1149292 0.6782227
vt 0.1496582 0.6782227
vt 0.1496582 0.6899414
vt 0.1149292 0.6899414
vt 0.1496582 0.6899414
vt 0.1149292 0.6899414
vt 0.1149292 0.6782227
vt 0.1496582 0.6782227
vt 0.1496582 0.7397461
vt 0.1149292 0.7397461
vt 0.1149292 0.7246094
vt 0.1496582 0.7246094
vt 0.1149292 0.7514648
vt 0.1496582 0.7514648
vt 0.1496582 0.7631836
vt 0.1149292 0.7631836
vt 0.0262146 0.7397461
vt 0.0262146 0.7363281
vt 0.0262146 0.7324219
vt 0.03005981 0.7363281
vt 0.0262146 0.7397461
vt 0.03005981 0.7397461
vt 0.03005981 0.7363281
vt 0.03005981 0.7363281
vt 0.03005981 0.7397461
vt 0.03005981 0.7397461
vt 0.0262146 0.7397461
vt 0.0262146 0.7397461
vt 0.0262146 0.7363281
vt 0.0262146 0.7363281
vt 0.0262146 0.7363281
vt 0.0262146 0.7363281
vt 0.0262146 0.7324219
vt 0.0262146 0.7324219
vt 0.03005981 0.7397461
vt 0.03005981 0.7397461
vt 0.0262146 0.7397461
vt 0.0262146 0.7397461
vt 0.04162598 0.7128906
vt 0.03778076 0.7128906
vt 0.03778076 0.7089844
vt 0.03778076 0.7167969
vt 0.04162598 0.7167969
vt 0.03778076 0.7167969
vt 0.03778076 0.7128906
vt 0.03778076 0.7128906
vt 0.03778076 0.7089844
vt 0.03778076 0.7089844
vt 0.04162598 0.7167969
vt 0.04162598 0.7167969
vt 0.03778076 0.7167969
vt 0.03778076 0.7167969
vt 0.03778076 0.7167969
vt 0.03778076 0.7167969
vt 0.03778076 0.7128906
vt 0.03778076 0.7128906
vt 0.04162598 0.7128906
vt 0.04162598 0.7128906
vt 0.04162598 0.7167969
vt 0.04162598 0.7167969
vt 0.03778076 0.7246094
vt 0.03005981 0.7246094
vt 0.03393555 0.7207031
vt 0.03005981 0.7285156
vt 0.03778076 0.7285156
vt 0.03393555 0.7285156
vt 0.03005981 0.7246094
vt 0.03005981 0.7246094
vt 0.03393555 0.7207031
vt 0.03393555 0.7207031
vt 0.03778076 0.7285156
vt 0.03778076 0.7285156
vt 0.03393555 0.7285156
vt 0.03393555 0.7285156
vt 0.03005981 0.7285156
vt 0.03005981 0.7285156
vt 0.03005981 0.7246094
vt 0.03005981 0.7246094
vt 0.03778076 0.7246094
vt 0.03778076 0.7246094
vt 0.03778076 0.7285156
vt 0.03778076 0.7285156
vt 0.03778076 0.7089844
vt 0.03778076 0.7089844
vt 0.04162598 0.7128906
vt 0.04162598 0.7128906
vt 0.03778076 0.7167969
vt 0.03778076 0.7167969
vt 0.03778076 0.7167969
vt 0.03778076 0.7167969
vt 0.0262146 0.7397461
vt 0.0262146 0.7397461
vt 0.0262146 0.7397461
vt 0.0262146 0.7397461
vt 0.0262146 0.7324219
vt 0.0262146 0.7324219
vt 0.03005981 0.7363281
vt 0.03005981 0.7363281
vt 0.03393555 0.7207031
vt 0.03393555 0.7207031
vt 0.03778076 0.7246094
vt 0.03778076 0.7246094
vt 0.03393555 0.7285156
vt 0.03393555 0.7285156
vt 0.03005981 0.7285156
vt 0.03005981 0.7285156
vt 0.4389648 0.9790039
vt 0.4389648 0.9790039
vt 0.423584 0.9790039
vt 0.423584 0.9790039
vt 0.4389648 0.9790039
vt 0.4389648 0.9907227
vt 0.423584 0.9907227
vt 0.423584 0.9790039
vt 0.4389648 0.7749023
vt 0.4389648 0.7822266
vt 0.423584 0.7822266
vt 0.423584 0.7749023
vt 0.4389648 0.9711914
vt 0.423584 0.9711914
vt 0.423584 0.925293
vt 0.4389648 0.925293
vt 0.423584 0.925293
vt 0.423584 0.9174805
vt 0.4389648 0.9174805
vt 0.4389648 0.925293
vt 0.423584 0.909668
vt 0.423584 0.9018555
vt 0.4389648 0.9018555
vt 0.4389648 0.909668
vt 0.423584 0.9018555
vt 0.423584 0.8867188
vt 0.4389648 0.8867188
vt 0.4389648 0.9018555
vt 0.423584 0.8867188
vt 0.423584 0.8710938
vt 0.4389648 0.8710938
vt 0.4389648 0.8867188
vt 0.423584 0.8710938
vt 0.423584 0.859375
vt 0.4389648 0.859375
vt 0.4389648 0.8710938
vt 0.423584 0.859375
vt 0.423584 0.8442383
vt 0.4389648 0.8442383
vt 0.4389648 0.859375
vt 0.423584 0.8442383
vt 0.423584 0.8325195
vt 0.4389648 0.8325195
vt 0.4389648 0.8442383
vt 0.4389648 0.8325195
vt 0.423584 0.8325195
vt 0.423584 0.7822266
vt 0.4389648 0.7822266
vt 0.423584 0.9790039
vt 0.4389648 0.9790039
vt 0.4389648 0.9790039
vt 0.423584 0.9790039
vt 0.423584 0.9790039
vt 0.4389648 0.9790039
vt 0.4389648 0.9907227
vt 0.423584 0.9907227
vt 0.423584 0.7749023
vt 0.4389648 0.7749023
vt 0.4389648 0.7822266
vt 0.423584 0.7822266
vt 0.4389648 0.925293
vt 0.423584 0.925293
vt 0.423584 0.9174805
vt 0.4389648 0.9174805
vt 0.4389648 0.909668
vt 0.423584 0.909668
vt 0.423584 0.9018555
vt 0.4389648 0.9018555
vt 0.4389648 0.9018555
vt 0.423584 0.9018555
vt 0.423584 0.8867188
vt 0.4389648 0.8867188
vt 0.4389648 0.8867188
vt 0.423584 0.8867188
vt 0.423584 0.8710938
vt 0.4389648 0.8710938
vt 0.4389648 0.8710938
vt 0.423584 0.8710938
vt 0.423584 0.859375
vt 0.4389648 0.859375
vt 0.4389648 0.859375
vt 0.423584 0.859375
vt 0.423584 0.8442383
vt 0.4389648 0.8442383
vt 0.4389648 0.8442383
vt 0.423584 0.8442383
vt 0.423584 0.8325195
vt 0.4389648 0.8325195
vt 0.4506836 0.7900391
vt 0.4428711 0.7978516
vt 0.4428711 0.7900391
vt 0.4506836 0.7978516
vt 0.4428711 0.8017578
vt 0.4506836 0.8017578
vt 0.4428711 0.8017578
vt 0.4506836 0.8017578
vt 0.4428711 0.8056641
vt 0.4506836 0.8056641
vt 0.4506836 0.8442383
vt 0.4428711 0.8442383
vt 0.4428711 0.8554688
vt 0.4506836 0.8554688
vt 0.4428711 0.8554688
vt 0.4506836 0.8554688
vt 0.4428711 0.859375
vt 0.4506836 0.859375
vt 0.4428711 0.8671875
vt 0.4506836 0.8671875
vt 0.4428711 0.8789063
vt 0.4428711 0.8671875
vt 0.4506836 0.8789063
vt 0.4506836 0.894043
vt 0.4428711 0.894043
vt 0.4428711 0.8789063
vt 0.4506836 0.894043
vt 0.4428711 0.9057617
vt 0.4506836 0.9057617
vt 0.4506836 0.9174805
vt 0.4428711 0.9174805
vt 0.4428711 0.9057617
vt 0.4506836 0.9174805
vt 0.4428711 0.9291992
vt 0.4506836 0.9291992
vt 0.4428711 0.9291992
vt 0.4506836 0.9750977
vt 0.4428711 0.9750977
vt 0.4428711 0.9790039
vt 0.4506836 0.9790039
vt 0.4506836 0.840332
vt 0.4506836 0.8520508
vt 0.4428711 0.8520508
vt 0.4428711 0.840332
vt 0.4506836 0.8520508
vt 0.4428711 0.8671875
vt 0.4506836 0.8671875
vt 0.4506836 0.7978516
vt 0.4428711 0.840332
vt 0.4428711 0.7978516
vt 0.4506836 0.7900391
vt 0.4428711 0.7900391
vt 0.4506836 0.8789063
vt 0.4428711 0.8789063
vt 0.4428711 0.8671875
vt 0.4506836 0.8789063
vt 0.4428711 0.890625
vt 0.4506836 0.890625
vt 0.4428711 0.9018555
vt 0.4428711 0.890625
vt 0.4506836 0.9018555
vt 0.4428711 0.909668
vt 0.4428711 0.9018555
vt 0.4506836 0.909668
vt 0.4428711 0.9135742
vt 0.4506836 0.9135742
vt 0.4428711 0.9174805
vt 0.4506836 0.9174805
vt 0.4428711 0.925293
vt 0.4506836 0.925293
vt 0.4428711 0.9638672
vt 0.4506836 0.9638672
vt 0.4428711 0.9677734
vt 0.4506836 0.9677734
vt 0.4428711 0.9711914
vt 0.4506836 0.9711914
vt 0.4428711 0.9711914
vt 0.4506836 0.9711914
vt 0.4428711 0.9790039
vt 0.4506836 0.9790039
vt 0.4389648 0.9711914
vt 0.423584 0.9711914
vt 0.423584 0.925293
vt 0.4389648 0.925293
vt 0.2578125 0.9868164
vt 0.2539063 0.9750977
vt 0.2653809 0.9829102
vt 0.2539063 0.9868164
vt 0.2460938 0.9868164
vt 0.2384033 0.9829102
vt 0.2384033 0.9750977
vt 0.2539063 0.9750977
vt 0.2384033 0.9829102
vt 0.2384033 0.9560547
vt 0.2539063 0.9560547
vt 0.2307129 0.9482422
vt 0.2539063 0.9482422
vt 0.2307129 0.9365234
vt 0.2539063 0.9404297
vt 0.2731934 0.9482422
vt 0.2731934 0.9365234
vt 0.2653809 0.9560547
vt 0.2653809 0.9750977
vt 0.2539063 0.9750977
vt 0.2653809 0.9829102
vt 0.3078613 0.9790039
vt 0.3425293 0.9790039
vt 0.3425293 0.9946289
vt 0.3078613 0.9946289
vt 0.2731934 0.9482422
vt 0.2539063 0.9404297
vt 0.2731934 0.9365234
vt 0.2539063 0.9482422
vt 0.2653809 0.9560547
vt 0.2307129 0.9365234
vt 0.2539063 0.9560547
vt 0.2307129 0.9482422
vt 0.2384033 0.9560547
vt 0.3425293 0.8017578
vt 0.3078613 0.8017578
vt 0.3078613 0.7861328
vt 0.3425293 0.7861328
vt 0.3078613 0.890625
vt 0.3078613 0.8789063
vt 0.3425293 0.8789063
vt 0.3425293 0.890625
vt 0.3078613 0.9135742
vt 0.3078613 0.9018555
vt 0.3425293 0.9018555
vt 0.3425293 0.9135742
vt 0.3078613 0.9018555
vt 0.3078613 0.890625
vt 0.3425293 0.890625
vt 0.3425293 0.9018555
vt 0.3078613 0.925293
vt 0.3425293 0.925293
vt 0.3425293 0.9560547
vt 0.3078613 0.9560547
vt 0.3078613 0.8632813
vt 0.3078613 0.8520508
vt 0.3425293 0.8520508
vt 0.3425293 0.8632813
vt 0.3425293 0.8520508
vt 0.3078613 0.8520508
vt 0.3078613 0.824707
vt 0.3425293 0.824707
vt 0.3078613 0.925293
vt 0.3078613 0.9135742
vt 0.3425293 0.9135742
vt 0.3425293 0.925293
vt 0.3078613 0.8789063
vt 0.3078613 0.8632813
vt 0.3425293 0.8632813
vt 0.3425293 0.8789063
vt 0.3425293 0.824707
vt 0.3078613 0.824707
vt 0.3078613 0.8017578
vt 0.3425293 0.8017578
vt 0.3078613 0.9560547
vt 0.3425293 0.9560547
vt 0.3425293 0.9790039
vt 0.3078613 0.9790039
vt 0.0262146 0.7631836
vt 0.0262146 0.8520508
vt 0.02235413 0.8520508
vt 0.02235413 0.7631836
vt 0.111084 0.7246094
vt 0.09564209 0.7246094
vt 0.09564209 0.7167969
vt 0.111084 0.7167969
vt 0.111084 0.7167969
vt 0.09564209 0.7167969
vt 0.09564209 0.6938477
vt 0.111084 0.6938477
vt 0.111084 0.7363281
vt 0.111084 0.7397461
vt 0.09564209 0.7397461
vt 0.09564209 0.7363281
vt 0.111084 0.7363281
vt 0.09564209 0.7363281
vt 0.09564209 0.7246094
vt 0.111084 0.7246094
vt 0.111084 0.8134766
vt 0.111084 0.8208008
vt 0.09564209 0.8208008
vt 0.09564209 0.8134766
vt 0.111084 0.8208008
vt 0.111084 0.8442383
vt 0.09564209 0.8442383
vt 0.09564209 0.8208008
vt 0.111084 0.8056641
vt 0.09564209 0.8056641
vt 0.09564209 0.7978516
vt 0.111084 0.7978516
vt 0.111084 0.8056641
vt 0.111084 0.8134766
vt 0.09564209 0.8134766
vt 0.09564209 0.8056641
vt 0.09564209 0.8134766
vt 0.09564209 0.7553711
vt 0.111084 0.7553711
vt 0.111084 0.8134766
vt 0.145752 0.9907227
vt 0.145752 0.9365234
vt 0.1535645 0.9365234
vt 0.1535645 0.9907227
vt 0.1921387 0.9907227
vt 0.1921387 0.9365234
vt 0.1998291 0.9365234
vt 0.1998291 0.9907227
vt 0.1728516 0.9907227
vt 0.1728516 0.9365234
vt 0.180542 0.9365234
vt 0.180542 0.9907227
vt 0.1380615 0.9907227
vt 0.1380615 0.9365234
vt 0.145752 0.9365234
vt 0.145752 0.9907227
vt 0.1535645 0.9907227
vt 0.1535645 0.9365234
vt 0.1612549 0.9365234
vt 0.1612549 0.9907227
vt 0.1998291 0.9907227
vt 0.1998291 0.9365234
vt 0.2075195 0.9365234
vt 0.2075195 0.9907227
vt 0.180542 0.9907227
vt 0.180542 0.9365234
vt 0.1844482 0.9365234
vt 0.1844482 0.9907227
vt 0.1612549 0.9907227
vt 0.1612549 0.9365234
vt 0.1650391 0.9365234
vt 0.1650391 0.9907227
vt 0.2075195 0.9907227
vt 0.2075195 0.9365234
vt 0.2114258 0.9365234
vt 0.2114258 0.9907227
vt 0.1844482 0.9907227
vt 0.1844482 0.9365234
vt 0.1921387 0.9365234
vt 0.1921387 0.9907227
vt 0.1650391 0.9907227
vt 0.1650391 0.9365234
vt 0.1728516 0.9365234
vt 0.1728516 0.9907227
vt 0.2114258 0.9907227
vt 0.2114258 0.9365234
vt 0.2191162 0.9365234
vt 0.2191162 0.9907227
vt 0.4389648 0.9135742
vt 0.423584 0.9135742
vt 0.423584 0.909668
vt 0.4389648 0.909668
vt 0.423584 0.9135742
vt 0.423584 0.909668
vt 0.4389648 0.909668
vt 0.4389648 0.9135742
vt 0.423584 0.9174805
vt 0.423584 0.9135742
vt 0.4389648 0.9135742
vt 0.4389648 0.9174805
vt 0.4389648 0.9174805
vt 0.423584 0.9174805
vt 0.423584 0.9135742
vt 0.4389648 0.9135742
vt 0.423584 0.9711914
vt 0.4389648 0.9711914
vt 0.4389648 0.9750977
vt 0.423584 0.9750977
vt 0.4389648 0.9711914
vt 0.4389648 0.9750977
vt 0.423584 0.9750977
vt 0.423584 0.9711914
vt 0.423584 0.9750977
vt 0.4389648 0.9750977
vt 0.4389648 0.9790039
vt 0.423584 0.9790039
vt 0.4389648 0.9750977
vt 0.4389648 0.9790039
vt 0.423584 0.9790039
vt 0.423584 0.9750977
vt 0.4389648 0.8325195
vt 0.423584 0.8325195
vt 0.423584 0.7822266
vt 0.4389648 0.7822266
vt 0.2578125 0.9868164
vt 0.2653809 0.9829102
vt 0.2539063 0.9750977
vt 0.2539063 0.9868164
vt 0.2460938 0.9868164
vt 0.2384033 0.9829102
vt 0.2384033 0.9750977
vt 0.2384033 0.9829102
vt 0.2539063 0.9750977
vt 0.2384033 0.9560547
vt 0.2539063 0.9560547
vt 0.2307129 0.9482422
vt 0.2539063 0.9482422
vt 0.2307129 0.9365234
vt 0.2539063 0.9404297
vt 0.2731934 0.9482422
vt 0.2731934 0.9365234
vt 0.2653809 0.9560547
vt 0.2653809 0.9750977
vt 0.2539063 0.9750977
vt 0.2653809 0.9829102
vt 0.3078613 0.9790039
vt 0.3078613 0.9946289
vt 0.3425293 0.9946289
vt 0.3425293 0.9790039
vt 0.2731934 0.9482422
vt 0.2731934 0.9365234
vt 0.2539063 0.9404297
vt 0.2539063 0.9482422
vt 0.2653809 0.9560547
vt 0.2307129 0.9365234
vt 0.2539063 0.9560547
vt 0.2307129 0.9482422
vt 0.2384033 0.9560547
vt 0.3425293 0.8017578
vt 0.3425293 0.7861328
vt 0.3078613 0.7861328
vt 0.3078613 0.8017578
vt 0.3078613 0.890625
vt 0.3425293 0.890625
vt 0.3425293 0.8789063
vt 0.3078613 0.8789063
vt 0.3078613 0.9135742
vt 0.3425293 0.9135742
vt 0.3425293 0.9018555
vt 0.3078613 0.9018555
vt 0.3078613 0.9018555
vt 0.3425293 0.9018555
vt 0.3425293 0.890625
vt 0.3078613 0.890625
vt 0.3078613 0.925293
vt 0.3078613 0.9560547
vt 0.3425293 0.9560547
vt 0.3425293 0.925293
vt 0.3078613 0.8632813
vt 0.3425293 0.8632813
vt 0.3425293 0.8520508
vt 0.3078613 0.8520508
vt 0.3425293 0.8520508
vt 0.3425293 0.824707
vt 0.3078613 0.824707
vt 0.3078613 0.8520508
vt 0.3078613 0.925293
vt 0.3425293 0.925293
vt 0.3425293 0.9135742
vt 0.3078613 0.9135742
vt 0.3078613 0.8789063
vt 0.3425293 0.8789063
vt 0.3425293 0.8632813
vt 0.3078613 0.8632813
vt 0.3425293 0.824707
vt 0.3425293 0.8017578
vt 0.3078613 0.8017578
vt 0.3078613 0.824707
vt 0.3078613 0.9560547
vt 0.3078613 0.9790039
vt 0.3425293 0.9790039
vt 0.3425293 0.9560547
vt 0.3310547 0.4274902
vt 0.3349609 0.423584
vt 0.3271484 0.4196777
vt 0.3271484 0.423584
vt 0.3193359 0.4274902
vt 0.3156738 0.4313965
vt 0.3193359 0.4350586
vt 0.3193359 0.4313965
vt 0.3271484 0.4313965
vt 0.3271484 0.4389648
vt 0.3349609 0.4313965
vt 0.3310547 0.4313965
vt 0.3232422 0.423584
vt 0.3193359 0.4196777
vt 0.3156738 0.423584
vt 0.3193359 0.423584
vt 0.3271484 0.423584
vt 0.3271484 0.4196777
vt 0.3193359 0.4196777
vt 0.3232422 0.423584
vt 0.3193359 0.4313965
vt 0.3193359 0.4350586
vt 0.3271484 0.4389648
vt 0.3271484 0.4313965
vt 0.3193359 0.4274902
vt 0.3193359 0.4313965
vt 0.3271484 0.4313965
vt 0.3232422 0.4274902
vt 0.3193359 0.423584
vt 0.3310547 0.4313965
vt 0.3232422 0.423584
vt 0.3310547 0.4274902
vt 0.3271484 0.423584
vt 0.3193359 0.423584
vt 0.3156738 0.423584
vt 0.3156738 0.4313965
vt 0.3193359 0.4274902
vt 0.3310547 0.4313965
vt 0.3349609 0.4313965
vt 0.3349609 0.423584
vt 0.3310547 0.4274902
vt 0.3271484 0.4313965
vt 0.3232422 0.4313965
vt 0.3193359 0.4350586
vt 0.3271484 0.4350586
vt 0.3232422 0.423584
vt 0.3271484 0.423584
vt 0.3271484 0.4196777
vt 0.3193359 0.4196777
vt 0.3271484 0.4274902
vt 0.3271484 0.4313965
vt 0.3310547 0.4313965
vt 0.3310547 0.423584
vt 0.3193359 0.4313965
vt 0.3193359 0.4274902
vt 0.3156738 0.4274902
vt 0.3156738 0.4313965
vt 0.3232422 0.4313965
vt 0.3193359 0.4313965
vt 0.3156738 0.4313965
vt 0.3193359 0.4350586
vt 0.3271484 0.423584
vt 0.3271484 0.4274902
vt 0.3310547 0.423584
vt 0.3271484 0.4196777
vt 0.3232422 0.423584
vt 0.3271484 0.4274902
vt 0.3271484 0.423584
vt 0.3232422 0.4274902
vt 0.3193359 0.4274902
vt 0.3271484 0.4313965
vt 0.3193359 0.4313965
vt 0.3271484 0.4313965
vt 0.3232422 0.4313965
vt 0.3193359 0.4274902
vt 0.3232422 0.423584
vt 0.3193359 0.4196777
vt 0.3156738 0.4274902
vt 0.3271484 0.4313965
vt 0.3271484 0.4313965
vt 0.3271484 0.4350586
vt 0.3310547 0.4313965
vt 0.1380615 0.9291992
vt 0.07250977 0.9213867
vt 0.1303711 0.894043
vt 0.111084 0.8710938
vt 0.07250977 0.9213867
vt 0.0802002 0.859375
vt 0.04934692 0.8632813
vt 0.07250977 0.9213867
vt 0.02235413 0.8867188
vt 0.01077271 0.9135742
vt 0.1264648 0.9560547
vt 0.07250977 0.9213867
vt 0.0994873 0.9790039
vt 0.06866455 0.9829102
vt 0.07250977 0.9213867
vt 0.01463318 0.9482422
vt 0.03778076 0.9711914
vt 0.1419678 0.7783203
vt 0.1496582 0.7900391
vt 0.1342773 0.7939453
vt 0.1496582 0.8017578
vt 0.1303711 0.7783203
vt 0.1342773 0.7939453
vt 0.1187744 0.7900391
vt 0.1187744 0.8017578
vt 0.1419678 0.8134766
vt 0.1342773 0.7939453
vt 0.1303711 0.8134766
vt 0.1419678 0.7783203
vt 0.1496582 0.7900391
vt 0.1342773 0.7939453
vt 0.1303711 0.7783203
vt 0.1187744 0.7900391
vt 0.1187744 0.8017578
vt 0.1342773 0.7939453
vt 0.1303711 0.8134766
vt 0.1496582 0.8017578
vt 0.1342773 0.7939453
vt 0.1419678 0.8134766
vt 0.1303711 0.8134766
vt 0.1187744 0.8017578
vt 0.1342773 0.7939453
vt 0.1419678 0.8134766
vt 0.1187744 0.7900391
vt 0.1303711 0.7783203
vt 0.1342773 0.7939453
vt 0.1419678 0.7783203
vt 0.1496582 0.8017578
vt 0.1342773 0.7939453
vt 0.1496582 0.7900391
vt 0.1187744 0.7900391
vt 0.1303711 0.7783203
vt 0.1342773 0.7939453
vt 0.1187744 0.8017578
vt 0.1419678 0.7783203
vt 0.1496582 0.7900391
vt 0.1342773 0.7939453
vt 0.1496582 0.8017578
vt 0.1303711 0.8134766
vt 0.1342773 0.7939453
vt 0.1419678 0.8134766
vt 0.1187744 0.8017578
vt 0.1187744 0.7900391
vt 0.1342773 0.7939453
vt 0.1303711 0.8134766
vt 0.1303711 0.7783203
vt 0.1419678 0.7783203
vt 0.1342773 0.7939453
vt 0.1496582 0.7900391
vt 0.1419678 0.8134766
vt 0.1342773 0.7939453
vt 0.1496582 0.8017578
vt 0.1303711 0.7783203
vt 0.1342773 0.7939453
vt 0.1187744 0.7900391
vt 0.1187744 0.8017578
vt 0.1419678 0.7783203
vt 0.1342773 0.7939453
vt 0.1535645 0.7900391
vt 0.1535645 0.8017578
vt 0.1342773 0.7939453
vt 0.1303711 0.8134766
vt 0.1419678 0.8134766
vt 0.1303711 0.7783203
vt 0.1342773 0.7939453
vt 0.1187744 0.7900391
vt 0.1419678 0.7783203
vt 0.1535645 0.7900391
vt 0.1535645 0.8017578
vt 0.1342773 0.7939453
vt 0.1419678 0.8134766
vt 0.1342773 0.7939453
vt 0.1187744 0.8017578
vt 0.1303711 0.8134766
vt 0.1303711 0.7783203
vt 0.1342773 0.7939453
vt 0.1187744 0.7900391
vt 0.1419678 0.7783203
vt 0.1187744 0.8017578
vt 0.1342773 0.7939453
vt 0.1303711 0.8134766
vt 0.1419678 0.8134766
vt 0.1535645 0.7900391
vt 0.1342773 0.7939453
vt 0.1535645 0.8017578
vt 0.1419678 0.7783203
vt 0.1342773 0.7939453
vt 0.1303711 0.7783203
vt 0.1535645 0.7900391
vt 0.1187744 0.7900391
vt 0.1342773 0.7939453
vt 0.1187744 0.8017578
vt 0.1303711 0.8134766
vt 0.1535645 0.8017578
vt 0.1342773 0.7939453
vt 0.1419678 0.8134766
vt 0.1187744 0.7900391
vt 0.1342773 0.7939453
vt 0.1187744 0.8017578
vt 0.1303711 0.7783203
vt 0.1303711 0.8134766
vt 0.1342773 0.7939453
vt 0.1419678 0.8134766
vt 0.1535645 0.8017578
vt 0.1419678 0.7783203
vt 0.1342773 0.7939453
vt 0.1535645 0.7900391
vt 0.0994873 0.9790039
vt 0.07250977 0.9213867
vt 0.1264648 0.9560547
vt 0.1380615 0.9291992
vt 0.1303711 0.894043
vt 0.06866455 0.9829102
vt 0.07250977 0.9213867
vt 0.111084 0.8710938
vt 0.03778076 0.9711914
vt 0.0802002 0.859375
vt 0.01463318 0.9482422
vt 0.04934692 0.8632813
vt 0.01077271 0.9135742
vt 0.02235413 0.8867188
vt 0.01463318 0.9482422
vt 0.07250977 0.9213867
vt 0.01077271 0.9135742
vt 0.02235413 0.8867188
vt 0.04934692 0.8632813
vt 0.03778076 0.9711914
vt 0.07250977 0.9213867
vt 0.0802002 0.859375
vt 0.06866455 0.9829102
vt 0.111084 0.8710938
vt 0.0994873 0.9790039
vt 0.1303711 0.894043
vt 0.1264648 0.9560547
vt 0.1380615 0.9291992
vt 0.0994873 0.9790039
vt 0.07250977 0.9213867
vt 0.1264648 0.9560547
vt 0.06866455 0.9829102
vt 0.1380615 0.9291992
vt 0.03778076 0.9711914
vt 0.1303711 0.894043
vt 0.01463318 0.9482422
vt 0.111084 0.8710938
vt 0.01077271 0.9135742
vt 0.0802002 0.859375
vt 0.02235413 0.8867188
vt 0.04934692 0.8632813
vt 0.01463318 0.9482422
vt 0.07250977 0.9213867
vt 0.01077271 0.9135742
vt 0.03778076 0.9711914
vt 0.02235413 0.8867188
vt 0.06866455 0.9829102
vt 0.04934692 0.8632813
vt 0.0994873 0.9790039
vt 0.0802002 0.859375
vt 0.1264648 0.9560547
vt 0.111084 0.8710938
vt 0.1380615 0.9291992
vt 0.1303711 0.894043
vt 0.0994873 0.9790039
vt 0.07250977 0.9213867
vt 0.1264648 0.9560547
vt 0.06866455 0.9829102
vt 0.1380615 0.9291992
vt 0.03778076 0.9711914
vt 0.1303711 0.894043
vt 0.01463318 0.9482422
vt 0.111084 0.8710938
vt 0.01077271 0.9135742
vt 0.0802002 0.859375
vt 0.02235413 0.8867188
vt 0.04934692 0.8632813
vt 0.01463318 0.9482422
vt 0.07250977 0.9213867
vt 0.01077271 0.9135742
vt 0.03778076 0.9711914
vt 0.02235413 0.8867188
vt 0.06866455 0.9829102
vt 0.04934692 0.8632813
vt 0.0994873 0.9790039
vt 0.0802002 0.859375
vt 0.1264648 0.9560547
vt 0.111084 0.8710938
vt 0.1380615 0.9291992
vt 0.1303711 0.894043
vt 0.0994873 0.9790039
vt 0.07250977 0.9213867
vt 0.1264648 0.9560547
vt 0.06866455 0.9829102
vt 0.1380615 0.9291992
vt 0.03778076 0.9711914
vt 0.1303711 0.894043
vt 0.01463318 0.9482422
vt 0.111084 0.8710938
vt 0.01077271 0.9135742
vt 0.0802002 0.859375
vt 0.02235413 0.8867188
vt 0.04934692 0.8632813
vt 0.01463318 0.9482422
vt 0.07250977 0.9213867
vt 0.01077271 0.9135742
vt 0.03778076 0.9711914
vt 0.02235413 0.8867188
vt 0.06866455 0.9829102
vt 0.04934692 0.8632813
vt 0.0994873 0.9790039
vt 0.0802002 0.859375
vt 0.1264648 0.9560547
vt 0.111084 0.8710938
vt 0.1380615 0.9291992
vt 0.1303711 0.894043
vt 0.1380615 0.9291992
vt 0.07250977 0.9213867
vt 0.1303711 0.894043
vt 0.1264648 0.9560547
vt 0.111084 0.8710938
vt 0.0994873 0.9790039
vt 0.0802002 0.859375
vt 0.06866455 0.9829102
vt 0.04934692 0.8632813
vt 0.03778076 0.9711914
vt 0.02235413 0.8867188
vt 0.01463318 0.9482422
vt 0.01077271 0.9135742
vt 0.1264648 0.9560547
vt 0.07250977 0.9213867
vt 0.1380615 0.9291992
vt 0.0994873 0.9790039
vt 0.1303711 0.894043
vt 0.06866455 0.9829102
vt 0.111084 0.8710938
vt 0.03778076 0.9711914
vt 0.0802002 0.859375
vt 0.01463318 0.9482422
vt 0.04934692 0.8632813
vt 0.01077271 0.9135742
vt 0.02235413 0.8867188
vt 0.07250977 0.9213867
vt 0.1303711 0.894043
vt 0.1380615 0.9291992
vt 0.111084 0.8710938
vt 0.1264648 0.9560547
vt 0.0802002 0.859375
vt 0.07250977 0.9213867
vt 0.04934692 0.8632813
vt 0.02235413 0.8867188
vt 0.01077271 0.9135742
vt 0.07250977 0.9213867
vt 0.0994873 0.9790039
vt 0.01463318 0.9482422
vt 0.06866455 0.9829102
vt 0.03778076 0.9711914
vt 0.07250977 0.9213867
vt 0.02235413 0.8867188
vt 0.04934692 0.8632813
vt 0.0802002 0.859375
vt 0.01077271 0.9135742
vt 0.111084 0.8710938
vt 0.01463318 0.9482422
vt 0.07250977 0.9213867
vt 0.1303711 0.894043
vt 0.1380615 0.9291992
vt 0.1264648 0.9560547
vt 0.07250977 0.9213867
vt 0.03778076 0.9711914
vt 0.0994873 0.9790039
vt 0.06866455 0.9829102
vt 0.1380615 0.9291992
vt 0.07635498 0.9213867
vt 0.1303711 0.894043
vt 0.1264648 0.9599609
vt 0.111084 0.8710938
vt 0.0994873 0.9790039
vt 0.0802002 0.859375
vt 0.06866455 0.9829102
vt 0.04934692 0.8632813
vt 0.03778076 0.9711914
vt 0.02235413 0.8867188
vt 0.01849365 0.9482422
vt 0.01077271 0.9135742
vt 0.1264648 0.9560547
vt 0.07250977 0.9213867
vt 0.1380615 0.9291992
vt 0.0994873 0.9790039
vt 0.1303711 0.894043
vt 0.06866455 0.9829102
vt 0.111084 0.8710938
vt 0.03778076 0.9711914
vt 0.0802002 0.859375
vt 0.01463318 0.9482422
vt 0.04934692 0.8632813
vt 0.01077271 0.9135742
vt 0.02235413 0.8867188

g Minigun_LOD0_1136_4
usemtl Minigun_LOD0_1136_4
usemap Minigun_LOD0_1136_4
f 1/1/1 3/3/3 2/2/2
f 4/4/4 6/6/6 5/5/5
f 4/4/4 7/7/7 6/6/6
f 8/8/8 10/10/10 9/9/9
f 8/8/8 11/11/11 10/10/10
f 12/12/12 14/14/14 13/13/13
f 12/12/12 15/15/15 14/14/14
f 16/16/16 18/18/18 17/17/17
f 16/16/16 19/19/19 18/18/18
f 20/20/20 22/22/22 21/21/21
f 20/20/20 23/23/23 22/22/22
f 24/24/24 26/26/26 25/25/25
f 24/24/24 27/27/27 26/26/26
f 28/28/28 30/30/30 29/29/29
f 28/28/28 31/31/31 30/30/30
f 32/32/32 34/34/34 33/33/33
f 32/32/32 35/35/35 34/34/34
f 36/36/36 38/38/38 37/37/37
f 36/36/36 39/39/39 38/38/38
f 40/40/40 42/42/42 41/41/41
f 40/40/40 43/43/43 42/42/42
f 44/44/44 46/46/46 45/45/45
f 44/44/44 47/47/47 46/46/46
f 48/48/48 50/50/50 49/49/49
f 48/48/48 51/51/51 50/50/50
f 52/52/52 54/54/54 53/53/53
f 52/52/52 55/55/55 54/54/54
f 56/56/56 58/58/58 57/57/57
f 56/56/56 59/59/59 58/58/58
f 60/60/60 62/62/62 61/61/61
f 60/60/60 63/63/63 62/62/62
f 64/64/64 66/66/66 65/65/65
f 64/64/64 67/67/67 66/66/66
f 68/68/68 70/70/70 69/69/69
f 68/68/68 71/71/71 70/70/70
f 72/72/72 74/74/74 73/73/73
f 72/72/72 75/75/75 74/74/74
f 76/76/76 78/78/78 77/77/77
f 76/76/76 79/79/79 78/78/78
f 80/80/80 82/82/82 81/81/81
f 80/80/80 83/83/83 82/82/82
f 84/84/84 86/86/86 85/85/85
f 84/84/84 87/87/87 86/86/86
f 88/88/88 90/90/90 89/89/89
f 88/88/88 91/91/91 90/90/90
f 92/92/92 94/94/94 93/93/93
f 92/92/92 95/95/95 94/94/94
f 96/96/96 98/98/98 97/97/97
f 96/96/96 99/99/99 98/98/98
f 100/100/100 102/102/102 101/101/101
f 100/100/100 103/103/103 102/102/102
f 104/104/104 106/106/106 105/105/105
f 104/104/104 107/107/107 106/106/106
f 108/108/108 110/110/110 109/109/109
f 108/108/108 111/111/111 110/110/110
f 112/112/112 114/114/114 113/113/113
f 112/112/112 115/115/115 114/114/114
f 116/116/116 118/118/118 117/117/117
f 116/116/116 119/119/119 118/118/118
f 120/120/120 122/122/122 121/121/121
f 120/120/120 123/123/123 122/122/122
f 124/124/124 126/126/126 125/125/125
f 124/124/124 127/127/127 126/126/126
f 128/128/128 130/130/130 129/129/129
f 128/128/128 131/131/131 130/130/130
f 132/132/132 134/134/134 133/133/133
f 132/132/132 135/135/135 134/134/134
f 136/136/136 138/138/138 137/137/137
f 136/136/136 139/139/139 138/138/138
f 140/140/140 142/142/142 141/141/141
f 140/140/140 143/143/143 142/142/142
f 144/144/144 146/146/146 145/145/145
f 144/144/144 147/147/147 146/146/146
f 148/148/148 150/150/150 149/149/149
f 148/148/148 151/151/151 150/150/150
f 152/152/152 154/154/154 153/153/153
f 152/152/152 155/155/155 154/154/154
f 156/156/156 158/158/158 157/157/157
f 156/156/156 159/159/159 158/158/158
f 160/160/160 162/162/162 161/161/161
f 160/160/160 163/163/163 162/162/162
f 164/164/164 166/166/166 165/165/165
f 164/164/164 167/167/167 166/166/166
f 168/168/168 170/170/170 169/169/169
f 168/168/168 171/171/171 170/170/170
f 172/172/172 174/174/174 173/173/173
f 172/172/172 175/175/175 174/174/174
f 176/176/176 178/178/178 177/177/177
f 176/176/176 179/179/179 178/178/178
f 180/180/180 182/182/182 181/181/181
f 180/180/180 183/183/183 182/182/182
f 184/184/184 186/186/186 185/185/185
f 184/184/184 187/187/187 186/186/186
f 188/188/188 190/190/190 189/189/189
f 188/188/188 191/191/191 190/190/190
f 192/192/192 194/194/194 193/193/193
f 192/192/192 195/195/195 194/194/194
f 196/196/196 198/198/198 197/197/197
f 196/196/196 199/199/199 198/198/198
f 200/200/200 202/202/202 201/201/201
f 200/200/200 203/203/203 202/202/202
f 204/204/204 206/206/206 205/205/205
f 204/204/204 207/207/207 206/206/206
f 208/208/208 210/210/210 209/209/209
f 208/208/208 211/211/211 210/210/210
f 212/212/212 214/214/214 213/213/213
f 212/212/212 215/215/215 214/214/214
f 216/216/216 218/218/218 217/217/217
f 216/216/216 219/219/219 218/218/218
f 220/220/220 222/222/222 221/221/221
f 220/220/220 223/223/223 222/222/222
f 224/224/224 226/226/226 225/225/225
f 224/224/224 227/227/227 226/226/226
f 228/228/228 230/230/230 229/229/229
f 228/228/228 231/231/231 230/230/230
f 232/232/232 234/234/234 233/233/233
f 232/232/232 235/235/235 234/234/234
f 236/236/236 238/238/238 237/237/237
f 236/236/236 239/239/239 238/238/238
f 240/240/240 242/242/242 241/241/241
f 240/240/240 243/243/243 242/242/242
f 244/244/244 246/246/246 245/245/245
f 244/244/244 247/247/247 246/246/246
f 248/248/248 250/250/250 249/249/249
f 248/248/248 251/251/251 250/250/250
f 252/252/252 254/254/254 253/253/253
f 252/252/252 255/255/255 254/254/254
f 256/256/256 258/258/258 257/257/257
f 256/256/256 259/259/259 258/258/258
f 260/260/260 262/262/262 261/261/261
f 260/260/260 263/263/263 262/262/262
f 264/264/264 266/266/266 265/265/265
f 264/264/264 267/267/267 266/266/266
f 268/268/268 270/270/270 269/269/269
f 268/268/268 271/271/271 270/270/270
f 272/272/272 274/274/274 273/273/273
f 272/272/272 275/275/275 274/274/274
f 276/276/276 278/278/278 277/277/277
f 276/276/276 279/279/279 278/278/278
f 280/280/280 282/282/282 281/281/281
f 280/280/280 283/283/283 282/282/282
f 284/284/284 286/286/286 285/285/285
f 284/284/284 287/287/287 286/286/286
f 288/288/288 290/290/290 289/289/289
f 288/288/288 291/291/291 290/290/290
f 292/292/292 294/294/294 293/293/293
f 292/292/292 295/295/295 294/294/294
f 296/296/296 298/298/298 297/297/297
f 296/296/296 299/299/299 298/298/298
f 300/300/300 302/302/302 301/301/301
f 300/300/300 303/303/303 302/302/302
f 304/304/304 306/306/306 305/305/305
f 304/304/304 307/307/307 306/306/306
f 308/308/308 310/310/310 309/309/309
f 308/308/308 311/311/311 310/310/310
f 312/312/312 314/314/314 313/313/313
f 312/312/312 315/315/315 314/314/314
f 316/316/316 318/318/318 317/317/317
f 316/316/316 319/319/319 318/318/318
f 320/320/320 322/322/322 321/321/321
f 320/320/320 323/323/323 322/322/322
f 324/324/324 326/326/326 325/325/325
f 324/324/324 327/327/327 326/326/326
f 328/328/328 330/330/330 329/329/329
f 328/328/328 331/331/331 330/330/330
f 332/332/332 334/334/334 333/333/333
f 332/332/332 335/335/335 334/334/334
f 332/332/332 336/336/336 335/335/335
f 332/332/332 337/337/337 336/336/336
f 337/337/337 338/338/338 336/336/336
f 337/337/337 339/339/339 338/338/338
f 340/340/340 342/342/342 341/341/341
f 340/340/340 341/341/341 343/343/343
f 343/343/343 341/341/341 344/344/344
f 343/343/343 344/344/344 345/345/345
f 346/346/346 348/348/348 347/347/347
f 346/346/346 347/347/347 349/349/349
f 350/350/350 349/349/349 347/347/347
f 350/350/350 347/347/347 351/351/351
f 352/352/352 350/350/350 351/351/351
f 352/352/352 351/351/351 353/353/353
f 354/354/354 356/356/356 355/355/355
f 354/354/354 355/355/355 357/357/357
f 357/357/357 355/355/355 358/358/358
f 357/357/357 358/358/358 359/359/359
f 360/360/360 362/362/362 361/361/361
f 360/360/360 363/363/363 362/362/362
f 364/364/364 366/366/366 365/365/365
f 364/364/364 367/367/367 366/366/366
f 368/368/368 370/370/370 369/369/369
f 368/368/368 371/371/371 370/370/370
f 372/372/372 374/374/374 373/373/373
f 372/372/372 375/375/375 374/374/374
f 376/376/376 378/378/378 377/377/377
f 376/376/376 379/379/379 378/378/378
f 380/380/380 382/382/382 381/381/381
f 380/380/380 383/383/383 382/382/382
f 384/384/384 386/386/386 385/385/385
f 384/384/384 387/387/387 386/386/386
f 387/387/387 388/388/388 386/386/386
f 387/387/387 389/389/389 388/388/388
f 390/390/390 392/392/392 391/391/391
f 390/390/390 393/393/393 392/392/392
f 393/393/393 394/394/394 392/392/392
f 393/393/393 395/395/395 394/394/394
f 396/396/396 398/398/398 397/397/397
f 396/396/396 399/399/399 398/398/398
f 400/400/400 402/402/402 401/401/401
f 400/400/400 403/403/403 402/402/402
f 404/404/404 406/406/406 405/405/405
f 404/404/404 407/407/407 406/406/406
f 408/408/408 410/410/410 409/409/409
f 408/408/408 411/411/411 410/410/410
f 412/412/412 414/414/414 413/413/413
f 412/412/412 413/413/413 415/415/415
f 416/416/416 412/412/412 415/415/415
f 416/416/416 417/417/417 412/412/412
f 415/415/415 418/418/418 416/416/416
f 415/415/415 419/419/419 418/418/418
f 420/420/420 422/422/422 421/421/421
f 420/420/420 423/423/423 422/422/422
f 424/424/424 426/426/426 425/425/425
f 424/424/424 425/425/425 427/427/427
f 428/428/428 424/424/424 427/427/427
f 428/428/428 429/429/429 424/424/424
f 427/427/427 430/430/430 428/428/428
f 427/427/427 431/431/431 430/430/430
f 432/432/432 434/434/434 433/433/433
f 432/432/432 435/435/435 434/434/434
f 436/436/436 438/438/438 437/437/437
f 436/436/436 439/439/439 438/438/438
f 440/440/440 442/442/442 441/441/441
f 440/440/440 443/443/443 442/442/442
f 444/444/444 446/446/446 445/445/445
f 444/444/444 447/447/447 446/446/446
f 448/448/448 450/450/450 449/449/449
f 448/448/448 451/451/451 450/450/450
f 452/452/452 454/454/454 453/453/453
f 452/452/452 455/455/455 454/454/454
f 456/456/456 458/458/458 457/457/457
f 456/456/456 459/459/459 458/458/458
f 460/460/460 462/462/462 461/461/461
f 460/460/460 463/463/463 462/462/462
f 464/464/464 466/466/466 465/465/465
f 464/464/464 467/467/467 466/466/466
f 468/468/468 470/470/470 469/469/469
f 468/468/468 471/471/471 470/470/470
f 472/472/472 474/474/474 473/473/473
f 472/472/472 475/475/475 474/474/474
f 476/476/476 478/478/478 477/477/477
f 476/476/476 477/477/477 479/479/479
f 479/479/479 480/480/480 476/476/476
f 479/479/479 481/481/481 480/480/480
f 482/482/482 484/484/484 483/483/483
f 482/482/482 483/483/483 485/485/485
f 486/486/486 482/482/482 485/485/485
f 486/486/486 485/485/485 487/487/487
f 486/486/486 487/487/487 488/488/488
f 489/489/489 486/486/486 488/488/488
f 490/490/490 489/489/489 488/488/488
f 490/490/490 488/488/488 491/491/491
f 492/492/492 490/490/490 491/491/491
f 493/493/493 492/492/492 491/491/491
f 493/493/493 491/491/491 494/494/494
f 495/495/495 497/497/497 496/496/496
f 495/495/495 498/498/498 497/497/497
f 499/499/499 501/501/501 500/500/500
f 499/499/499 502/502/502 501/501/501
f 503/503/503 505/505/505 504/504/504
f 503/503/503 504/504/504 506/506/506
f 507/507/507 503/503/503 506/506/506
f 507/507/507 506/506/506 508/508/508
f 509/509/509 507/507/507 508/508/508
f 509/509/509 508/508/508 510/510/510
f 511/511/511 509/509/509 510/510/510
f 511/511/511 510/510/510 512/512/512
f 511/511/511 512/512/512 513/513/513
f 514/514/514 511/511/511 513/513/513
f 514/514/514 513/513/513 515/515/515
f 516/516/516 518/518/518 517/517/517
f 516/516/516 519/519/519 518/518/518
f 520/520/520 522/522/522 521/521/521
f 520/520/520 523/523/523 522/522/522
f 524/524/524 526/526/526 525/525/525
f 524/524/524 527/527/527 526/526/526
f 528/528/528 530/530/530 529/529/529
f 528/528/528 531/531/531 530/530/530
f 532/532/532 534/534/534 533/533/533
f 532/532/532 535/535/535 534/534/534
f 536/536/536 538/538/538 537/537/537
f 536/536/536 539/539/539 538/538/538
f 540/540/540 542/542/542 541/541/541
f 540/540/540 543/543/543 542/542/542
f 544/544/544 546/546/546 545/545/545
f 544/544/544 547/547/547 546/546/546
f 548/548/548 550/550/550 549/549/549
f 548/548/548 551/551/551 550/550/550
f 552/552/552 554/554/554 553/553/553
f 552/552/552 555/555/555 554/554/554
f 556/556/556 558/558/558 557/557/557
f 556/556/556 559/559/559 558/558/558
f 560/560/560 562/562/562 561/561/561
f 560/560/560 563/563/563 562/562/562
f 564/564/564 566/566/566 565/565/565
f 564/564/564 567/567/567 566/566/566
f 568/568/568 570/570/570 569/569/569
f 568/568/568 571/571/571 570/570/570
f 572/572/572 574/574/574 573/573/573
f 572/572/572 575/575/575 574/574/574
f 576/576/576 578/578/578 577/577/577
f 576/576/576 579/579/579 578/578/578
f 579/579/579 580/580/580 578/578/578
f 581/581/581 583/583/583 582/582/582
f 581/581/581 584/584/584 583/583/583
f 585/585/585 587/587/587 586/586/586
f 585/585/585 588/588/588 587/587/587
f 589/589/589 591/591/591 590/590/590
f 589/589/589 592/592/592 591/591/591
f 593/593/593 595/595/595 594/594/594
f 593/593/593 596/596/596 595/595/595
f 597/597/597 599/599/599 598/598/598
f 597/597/597 600/600/600 599/599/599
f 601/601/601 603/603/603 602/602/602
f 601/601/601 604/604/604 603/603/603
f 605/605/605 607/607/607 606/606/606
f 605/605/605 608/608/608 607/607/607
f 609/609/609 611/611/611 610/610/610
f 609/609/609 612/612/612 611/611/611
f 613/613/613 615/615/615 614/614/614
f 613/613/613 616/616/616 615/615/615
f 617/617/617 619/619/619 618/618/618
f 617/617/617 620/620/620 619/619/619
f 621/621/621 623/623/623 622/622/622
f 621/621/621 624/624/624 623/623/623
f 625/625/625 627/627/627 626/626/626
f 625/625/625 628/628/628 627/627/627
f 629/629/629 631/631/631 630/630/630
f 629/629/629 632/632/632 631/631/631
f 633/633/633 635/635/635 634/634/634
f 633/633/633 636/636/636 635/635/635
f 637/637/637 639/639/639 638/638/638
f 637/637/637 640/640/640 639/639/639
f 641/641/641 643/643/643 642/642/642
f 641/641/641 644/644/644 643/643/643
f 645/645/645 647/647/647 646/646/646
f 645/645/645 648/648/648 647/647/647
f 649/649/649 651/651/651 650/650/650
f 649/649/649 652/652/652 651/651/651
f 653/653/653 655/655/655 654/654/654
f 653/653/653 656/656/656 655/655/655
f 657/657/657 659/659/659 658/658/658
f 657/657/657 660/660/660 659/659/659
f 661/661/661 663/663/663 662/662/662
f 661/661/661 664/664/664 663/663/663
f 665/665/665 667/667/667 666/666/666
f 665/665/665 668/668/668 667/667/667
f 669/669/669 671/671/671 670/670/670
f 669/669/669 672/672/672 671/671/671
f 673/673/673 675/675/675 674/674/674
f 673/673/673 676/676/676 675/675/675
f 677/677/677 679/679/679 678/678/678
f 677/677/677 680/680/680 679/679/679
f 681/681/681 683/683/683 682/682/682
f 681/681/681 684/684/684 683/683/683
f 685/685/685 687/687/687 686/686/686
f 685/685/685 688/688/688 687/687/687
f 689/689/689 691/691/691 690/690/690
f 689/689/689 692/692/692 691/691/691
f 693/693/693 695/695/695 694/694/694
f 693/693/693 696/696/696 695/695/695
f 697/697/697 699/699/699 698/698/698
f 697/697/697 700/700/700 699/699/699
f 701/701/701 703/703/703 702/702/702
f 701/701/701 704/704/704 703/703/703
f 705/705/705 707/707/707 706/706/706
f 705/705/705 708/708/708 707/707/707
f 709/709/709 711/711/711 710/710/710
f 709/709/709 712/712/712 711/711/711
f 713/713/713 715/715/715 714/714/714
f 713/713/713 716/716/716 715/715/715
f 717/717/717 719/719/719 718/718/718
f 717/717/717 720/720/720 719/719/719
f 721/721/721 723/723/723 722/722/722
f 721/721/721 724/724/724 723/723/723
f 725/725/725 727/727/727 726/726/726
f 725/725/725 728/728/728 727/727/727
f 729/729/729 731/731/731 730/730/730
f 729/729/729 732/732/732 731/731/731
f 733/733/733 735/735/735 734/734/734
f 733/733/733 736/736/736 735/735/735
f 737/737/737 739/739/739 738/738/738
f 737/737/737 740/740/740 739/739/739
f 741/741/741 743/743/743 742/742/742
f 741/741/741 744/744/744 743/743/743
f 745/745/745 747/747/747 746/746/746
f 745/745/745 748/748/748 747/747/747
f 749/749/749 751/751/751 750/750/750
f 749/749/749 752/752/752 751/751/751
f 753/753/753 755/755/755 754/754/754
f 753/753/753 756/756/756 755/755/755
f 757/757/757 759/759/759 758/758/758
f 757/757/757 760/760/760 759/759/759
f 761/761/761 763/763/763 762/762/762
f 761/761/761 764/764/764 763/763/763
f 765/765/765 767/767/767 766/766/766
f 765/765/765 768/768/768 767/767/767
f 769/769/769 771/771/771 770/770/770
f 769/769/769 772/772/772 771/771/771
f 773/773/773 775/775/775 774/774/774
f 773/773/773 776/776/776 775/775/775
f 777/777/777 779/779/779 778/778/778
f 777/777/777 780/780/780 779/779/779
f 781/781/781 783/783/783 782/782/782
f 781/781/781 784/784/784 783/783/783
f 785/785/785 787/787/787 786/786/786
f 785/785/785 788/788/788 787/787/787
f 789/789/789 791/791/791 790/790/790
f 789/789/789 792/792/792 791/791/791
f 793/793/793 795/795/795 794/794/794
f 793/793/793 796/796/796 795/795/795
f 797/797/797 798/798/798 795/795/795
f 797/797/797 799/799/799 798/798/798
f 800/800/800 802/802/802 801/801/801
f 800/800/800 803/803/803 802/802/802
f 803/803/803 805/805/805 804/804/804
f 803/803/803 806/806/806 805/805/805
f 807/807/807 809/809/809 808/808/808
f 807/807/807 810/810/810 809/809/809
f 811/811/811 807/807/807 812/812/812
f 811/811/811 812/812/812 813/813/813
f 814/814/814 815/815/815 809/809/809
f 814/814/814 816/816/816 815/815/815
f 817/817/817 818/818/818 816/816/816
f 817/817/817 819/819/819 818/818/818
f 820/820/820 819/819/819 821/821/821
f 820/820/820 822/822/822 819/819/819
f 823/823/823 824/824/824 820/820/820
f 823/823/823 825/825/825 824/824/824
f 826/826/826 828/828/828 827/827/827
f 826/826/826 829/829/829 828/828/828
f 830/830/830 832/832/832 831/831/831
f 830/830/830 833/833/833 832/832/832
f 834/834/834 830/830/830 835/835/835
f 834/834/834 835/835/835 836/836/836
f 837/837/837 836/836/836 838/838/838
f 837/837/837 839/839/839 836/836/836
f 840/840/840 832/832/832 841/841/841
f 840/840/840 842/842/842 832/832/832
f 843/843/843 844/844/844 840/840/840
f 843/843/843 845/845/845 844/844/844
f 846/846/846 845/845/845 847/847/847
f 846/846/846 848/848/848 845/845/845
f 849/849/849 851/851/851 850/850/850
f 849/849/849 852/852/852 851/851/851
f 853/853/853 855/855/855 854/854/854
f 853/853/853 856/856/856 855/855/855
f 857/857/857 859/859/859 858/858/858
f 857/857/857 860/860/860 859/859/859
f 861/861/861 863/863/863 862/862/862
f 861/861/861 864/864/864 863/863/863
f 865/865/865 867/867/867 866/866/866
f 865/865/865 868/868/868 867/867/867
f 869/869/869 871/871/871 870/870/870
f 869/869/869 872/872/872 871/871/871
f 873/873/873 875/875/875 874/874/874
f 873/873/873 876/876/876 875/875/875
f 877/877/877 879/879/879 878/878/878
f 877/877/877 880/880/880 879/879/879
f 881/881/881 883/883/883 882/882/882
f 881/881/881 884/884/884 883/883/883
f 885/885/885 887/887/887 886/886/886
f 885/885/885 888/888/888 887/887/887
f 889/889/889 887/887/887 890/890/890
f 889/889/889 890/890/890 891/891/891
f 892/892/892 894/894/894 893/893/893
f 892/892/892 893/893/893 895/895/895
f 895/895/895 897/897/897 896/896/896
f 895/895/895 898/898/898 897/897/897
f 899/899/899 901/901/901 900/900/900
f 899/899/899 902/902/902 901/901/901
f 903/903/903 905/905/905 904/904/904
f 903/903/903 906/906/906 905/905/905
f 907/907/907 909/909/909 908/908/908
f 907/907/907 910/910/910 909/909/909
f 911/911/911 913/913/913 912/912/912
f 911/911/911 914/914/914 913/913/913
f 915/915/915 917/917/917 916/916/916
f 915/915/915 918/918/918 917/917/917
f 919/919/919 921/921/921 920/920/920
f 919/919/919 922/922/922 921/921/921
f 923/923/923 925/925/925 924/924/924
f 923/923/923 926/926/926 925/925/925
f 927/927/927 929/929/929 928/928/928
f 927/927/927 930/930/930 929/929/929
f 931/931/931 933/933/933 932/932/932
f 931/931/931 934/934/934 933/933/933
f 935/935/935 937/937/937 936/936/936
f 935/935/935 938/938/938 937/937/937
f 939/939/939 941/941/941 940/940/940
f 939/939/939 942/942/942 941/941/941
f 943/943/943 945/945/945 944/944/944
f 943/943/943 946/946/946 945/945/945
f 947/947/947 949/949/949 948/948/948
f 947/947/947 950/950/950 949/949/949
f 951/951/951 953/953/953 952/952/952
f 951/951/951 954/954/954 953/953/953
f 955/955/955 957/957/957 956/956/956
f 955/955/955 958/958/958 957/957/957
f 959/959/959 961/961/961 960/960/960
f 959/959/959 962/962/962 961/961/961
f 963/963/963 965/965/965 964/964/964
f 963/963/963 966/966/966 965/965/965
f 967/967/967 969/969/969 968/968/968
f 967/967/967 970/970/970 969/969/969
f 971/971/971 973/973/973 972/972/972
f 971/971/971 974/974/974 973/973/973
f 975/975/975 977/977/977 976/976/976
f 975/975/975 978/978/978 977/977/977
f 979/979/979 981/981/981 980/980/980
f 979/979/979 982/982/982 981/981/981
f 983/983/983 985/985/985 984/984/984
f 983/983/983 986/986/986 985/985/985
f 987/987/987 989/989/989 988/988/988
f 987/987/987 990/990/990 989/989/989
f 991/991/991 993/993/993 992/992/992
f 991/991/991 994/994/994 993/993/993
f 995/995/995 997/997/997 996/996/996
f 995/995/995 998/998/998 997/997/997
f 999/999/999 1001/1001/1001 1000/1000/1000
f 999/999/999 1002/1002/1002 1001/1001/1001
f 1003/1003/1003 1005/1005/1005 1004/1004/1004
f 1003/1003/1003 1006/1006/1006 1005/1005/1005
f 1007/1007/1007 1009/1009/1009 1008/1008/1008
f 1007/1007/1007 1010/1010/1010 1009/1009/1009
f 1011/1011/1011 1013/1013/1013 1012/1012/1012
f 1011/1011/1011 1014/1014/1014 1013/1013/1013
f 1015/1015/1015 1017/1017/1017 1016/1016/1016
f 1016/1016/1016 1019/1019/1019 1018/1018/1018
f 1018/1018/1018 1019/1019/1019 1020/1020/1020
f 1020/1020/1020 1022/1022/1022 1021/1021/1021
f 1021/1021/1021 1022/1022/1022 1023/1023/1023
f 1024/1024/1024 1025/1025/1025 1015/1015/1015
f 1023/1023/1023 1025/1025/1025 1026/1026/1026
f 1026/1026/1026 1025/1025/1025 1024/1024/1024
f 1027/1027/1027 1029/1029/1029 1028/1028/1028
f 1029/1029/1029 1031/1031/1031 1030/1030/1030
f 1031/1031/1031 1032/1032/1032 1030/1030/1030
f 1032/1032/1032 1034/1034/1034 1033/1033/1033
f 1034/1034/1034 1035/1035/1035 1033/1033/1033
f 1036/1036/1036 1027/1027/1027 1037/1037/1037
f 1035/1035/1035 1038/1038/1038 1037/1037/1037
f 1038/1038/1038 1036/1036/1036 1037/1037/1037
f 1039/1039/1039 1041/1041/1041 1040/1040/1040
f 1039/1039/1039 1042/1042/1042 1041/1041/1041
f 1043/1043/1043 1045/1045/1045 1044/1044/1044
f 1043/1043/1043 1046/1046/1046 1045/1045/1045
f 1047/1047/1047 1049/1049/1049 1048/1048/1048
f 1047/1047/1047 1050/1050/1050 1049/1049/1049
f 1051/1051/1051 1053/1053/1053 1052/1052/1052
f 1051/1051/1051 1054/1054/1054 1053/1053/1053
f 1055/1055/1055 1057/1057/1057 1056/1056/1056
f 1055/1055/1055 1058/1058/1058 1057/1057/1057
f 1059/1059/1059 1061/1061/1061 1060/1060/1060
f 1059/1059/1059 1062/1062/1062 1061/1061/1061
f 1063/1063/1063 1065/1065/1065 1064/1064/1064
f 1063/1063/1063 1066/1066/1066 1065/1065/1065
f 1067/1067/1067 1069/1069/1069 1068/1068/1068
f 1067/1067/1067 1070/1070/1070 1069/1069/1069
f 1071/1071/1071 1073/1073/1073 1072/1072/1072
f 1071/1071/1071 1074/1074/1074 1073/1073/1073
f 1075/1075/1075 1077/1077/1077 1076/1076/1076
f 1075/1075/1075 1078/1078/1078 1077/1077/1077
f 1079/1079/1079 1081/1081/1081 1080/1080/1080
f 1079/1079/1079 1082/1082/1082 1081/1081/1081
f 1083/1083/1083 1085/1085/1085 1084/1084/1084
f 1083/1083/1083 1086/1086/1086 1085/1085/1085
f 1087/1087/1087 1089/1089/1089 1088/1088/1088
f 1087/1087/1087 1090/1090/1090 1089/1089/1089
f 1091/1091/1091 1093/1093/1093 1092/1092/1092
f 1091/1091/1091 1094/1094/1094 1093/1093/1093
f 1095/1095/1095 1097/1097/1097 1096/1096/1096
f 1095/1095/1095 1098/1098/1098 1097/1097/1097
f 1099/1099/1099 1101/1101/1101 1100/1100/1100
f 1099/1099/1099 1102/1102/1102 1101/1101/1101
f 1103/1103/1103 1105/1105/1105 1104/1104/1104
f 1103/1103/1103 1106/1106/1106 1105/1105/1105
f 1107/1107/1107 1109/1109/1109 1108/1108/1108
f 1107/1107/1107 1110/1110/1110 1109/1109/1109
f 1111/1111/1111 1113/1113/1113 1112/1112/1112
f 1111/1111/1111 1114/1114/1114 1113/1113/1113
f 1115/1115/1115 1117/1117/1117 1116/1116/1116
f 1115/1115/1115 1118/1118/1118 1117/1117/1117
f 1119/1119/1119 1121/1121/1121 1120/1120/1120
f 1119/1119/1119 1122/1122/1122 1121/1121/1121
f 1123/1123/1123 1125/1125/1125 1124/1124/1124
f 1123/1123/1123 1126/1126/1126 1125/1125/1125
f 1127/1127/1127 1129/1129/1129 1128/1128/1128
f 1127/1127/1127 1130/1130/1130 1129/1129/1129
f 1131/1131/1131 1133/1133/1133 1132/1132/1132
f 1131/1131/1131 1134/1134/1134 1133/1133/1133
f 1135/1135/1135 1137/1137/1137 1136/1136/1136
f 1135/1135/1135 1138/1138/1138 1137/1137/1137
f 1139/1139/1139 1141/1141/1141 1140/1140/1140
f 1139/1139/1139 1142/1142/1142 1141/1141/1141
f 1143/1143/1143 1145/1145/1145 1144/1144/1144
f 1143/1143/1143 1146/1146/1146 1145/1145/1145
f 1147/1147/1147 1149/1149/1149 1148/1148/1148
f 1147/1147/1147 1150/1150/1150 1149/1149/1149
f 1151/1151/1151 1153/1153/1153 1152/1152/1152
f 1151/1151/1151 1154/1154/1154 1153/1153/1153
f 1155/1155/1155 1157/1157/1157 1156/1156/1156
f 1155/1155/1155 1158/1158/1158 1157/1157/1157
f 1159/1159/1159 1161/1161/1161 1160/1160/1160
f 1159/1159/1159 1162/1162/1162 1161/1161/1161
f 1163/1163/1163 1165/1165/1165 1164/1164/1164
f 1163/1163/1163 1166/1166/1166 1165/1165/1165
f 1167/1167/1167 1169/1169/1169 1168/1168/1168
f 1167/1167/1167 1170/1170/1170 1169/1169/1169
f 1171/1171/1171 1173/1173/1173 1172/1172/1172
f 1171/1171/1171 1174/1174/1174 1173/1173/1173
f 1175/1175/1175 1177/1177/1177 1176/1176/1176
f 1175/1175/1175 1178/1178/1178 1177/1177/1177
f 1179/1179/1179 1181/1181/1181 1180/1180/1180
f 1179/1179/1179 1182/1182/1182 1181/1181/1181
f 1183/1183/1183 1185/1185/1185 1184/1184/1184
f 1183/1183/1183 1186/1186/1186 1185/1185/1185
f 1187/1187/1187 1189/1189/1189 1188/1188/1188
f 1187/1187/1187 1190/1190/1190 1189/1189/1189
f 1191/1191/1191 1193/1193/1193 1192/1192/1192
f 1191/1191/1191 1194/1194/1194 1193/1193/1193
f 1195/1195/1195 1197/1197/1197 1196/1196/1196
f 1195/1195/1195 1198/1198/1198 1197/1197/1197
f 1199/1199/1199 1201/1201/1201 1200/1200/1200
f 1199/1199/1199 1202/1202/1202 1201/1201/1201
f 1203/1203/1203 1205/1205/1205 1204/1204/1204
f 1203/1203/1203 1206/1206/1206 1205/1205/1205
f 1207/1207/1207 1209/1209/1209 1208/1208/1208
f 1207/1207/1207 1210/1210/1210 1209/1209/1209
f 1211/1211/1211 1213/1213/1213 1212/1212/1212
f 1211/1211/1211 1214/1214/1214 1213/1213/1213
f 1215/1215/1215 1217/1217/1217 1216/1216/1216
f 1215/1215/1215 1218/1218/1218 1217/1217/1217
f 1219/1219/1219 1221/1221/1221 1220/1220/1220
f 1219/1219/1219 1222/1222/1222 1221/1221/1221
f 1223/1223/1223 1225/1225/1225 1224/1224/1224
f 1223/1223/1223 1226/1226/1226 1225/1225/1225
f 1227/1227/1227 1229/1229/1229 1228/1228/1228
f 1227/1227/1227 1230/1230/1230 1229/1229/1229
f 1231/1231/1231 1233/1233/1233 1232/1232/1232
f 1231/1231/1231 1234/1234/1234 1233/1233/1233
f 1235/1235/1235 1234/1234/1234 1231/1231/1231
f 1235/1235/1235 1236/1236/1236 1234/1234/1234
f 1237/1237/1237 1239/1239/1239 1238/1238/1238
f 1237/1237/1237 1240/1240/1240 1239/1239/1239
f 1241/1241/1241 1243/1243/1243 1242/1242/1242
f 1241/1241/1241 1244/1244/1244 1243/1243/1243
f 1245/1245/1245 1247/1247/1247 1246/1246/1246
f 1245/1245/1245 1248/1248/1248 1247/1247/1247
f 1249/1249/1249 1251/1251/1251 1250/1250/1250
f 1249/1249/1249 1252/1252/1252 1251/1251/1251
f 1253/1253/1253 1255/1255/1255 1254/1254/1254
f 1253/1253/1253 1254/1254/1254 1256/1256/1256
f 1257/1257/1257 1253/1253/1253 1256/1256/1256
f 1257/1257/1257 1256/1256/1256 1258/1258/1258
f 1259/1259/1259 1261/1261/1261 1260/1260/1260
f 1259/1259/1259 1262/1262/1262 1261/1261/1261
f 1263/1263/1263 1265/1265/1265 1264/1264/1264
f 1263/1263/1263 1266/1266/1266 1265/1265/1265
f 1267/1267/1267 1269/1269/1269 1268/1268/1268
f 1267/1267/1267 1270/1270/1270 1269/1269/1269
f 1271/1271/1271 1273/1273/1273 1272/1272/1272
f 1271/1271/1271 1274/1274/1274 1273/1273/1273
f 1275/1275/1275 1277/1277/1277 1276/1276/1276
f 1275/1275/1275 1276/1276/1276 1278/1278/1278
f 1279/1279/1279 1275/1275/1275 1278/1278/1278
f 1279/1279/1279 1278/1278/1278 1280/1280/1280
f 1281/1281/1281 1283/1283/1283 1282/1282/1282
f 1281/1281/1281 1284/1284/1284 1283/1283/1283
f 1285/1285/1285 1287/1287/1287 1286/1286/1286
f 1285/1285/1285 1288/1288/1288 1287/1287/1287
f 1289/1289/1289 1291/1291/1291 1290/1290/1290
f 1289/1289/1289 1292/1292/1292 1291/1291/1291
f 1293/1293/1293 1295/1295/1295 1294/1294/1294
f 1293/1293/1293 1296/1296/1296 1295/1295/1295
f 1297/1297/1297 1299/1299/1299 1298/1298/1298
f 1297/1297/1297 1300/1300/1300 1299/1299/1299
f 1301/1301/1301 1303/1303/1303 1302/1302/1302
f 1301/1301/1301 1304/1304/1304 1303/1303/1303
f 1305/1305/1305 1307/1307/1307 1306/1306/1306
f 1305/1305/1305 1308/1308/1308 1307/1307/1307
f 1309/1309/1309 1311/1311/1311 1310/1310/1310
f 1309/1309/1309 1312/1312/1312 1311/1311/1311
f 1313/1313/1313 1315/1315/1315 1314/1314/1314
f 1313/1313/1313 1316/1316/1316 1315/1315/1315
f 1317/1317/1317 1319/1319/1319 1318/1318/1318
f 1317/1317/1317 1320/1320/1320 1319/1319/1319
f 1321/1321/1321 1323/1323/1323 1322/1322/1322
f 1321/1321/1321 1324/1324/1324 1323/1323/1323
f 1325/1325/1325 1327/1327/1327 1326/1326/1326
f 1325/1325/1325 1328/1328/1328 1327/1327/1327
f 1329/1329/1329 1331/1331/1331 1330/1330/1330
f 1329/1329/1329 1332/1332/1332 1331/1331/1331
f 1333/1333/1333 1335/1335/1335 1334/1334/1334
f 1333/1333/1333 1336/1336/1336 1335/1335/1335
f 1337/1337/1337 1339/1339/1339 1338/1338/1338
f 1337/1337/1337 1340/1340/1340 1339/1339/1339
f 1341/1341/1341 1343/1343/1343 1342/1342/1342
f 1341/1341/1341 1344/1344/1344 1343/1343/1343
f 1345/1345/1345 1347/1347/1347 1346/1346/1346
f 1345/1345/1345 1348/1348/1348 1347/1347/1347
f 1349/1349/1349 1351/1351/1351 1350/1350/1350
f 1349/1349/1349 1352/1352/1352 1351/1351/1351
f 1353/1353/1353 1355/1355/1355 1354/1354/1354
f 1353/1353/1353 1356/1356/1356 1355/1355/1355
f 1357/1357/1357 1359/1359/1359 1358/1358/1358
f 1357/1357/1357 1360/1360/1360 1359/1359/1359
f 1361/1361/1361 1363/1363/1363 1362/1362/1362
f 1361/1361/1361 1364/1364/1364 1363/1363/1363
f 1365/1365/1365 1367/1367/1367 1366/1366/1366
f 1365/1365/1365 1368/1368/1368 1367/1367/1367
f 1369/1369/1369 1371/1371/1371 1370/1370/1370
f 1369/1369/1369 1372/1372/1372 1371/1371/1371
f 1373/1373/1373 1375/1375/1375 1374/1374/1374
f 1373/1373/1373 1376/1376/1376 1375/1375/1375
f 1377/1377/1377 1379/1379/1379 1378/1378/1378
f 1377/1377/1377 1380/1380/1380 1379/1379/1379
f 1381/1381/1381 1383/1383/1383 1382/1382/1382
f 1381/1381/1381 1384/1384/1384 1383/1383/1383
f 1385/1385/1385 1387/1387/1387 1386/1386/1386
f 1385/1385/1385 1388/1388/1388 1387/1387/1387
f 1389/1389/1389 1391/1391/1391 1390/1390/1390
f 1389/1389/1389 1392/1392/1392 1391/1391/1391
f 1393/1393/1393 1395/1395/1395 1394/1394/1394
f 1393/1393/1393 1396/1396/1396 1395/1395/1395
f 1397/1397/1397 1399/1399/1399 1398/1398/1398
f 1397/1397/1397 1400/1400/1400 1399/1399/1399
f 1401/1401/1401 1403/1403/1403 1402/1402/1402
f 1401/1401/1401 1404/1404/1404 1403/1403/1403
f 1405/1405/1405 1407/1407/1407 1406/1406/1406
f 1405/1405/1405 1408/1408/1408 1407/1407/1407
f 1409/1409/1409 1411/1411/1411 1410/1410/1410
f 1409/1409/1409 1410/1410/1410 1412/1412/1412
f 1412/1412/1412 1410/1410/1410 1413/1413/1413
f 1412/1412/1412 1413/1413/1413 1414/1414/1414
f 1414/1414/1414 1413/1413/1413 1415/1415/1415
f 1414/1414/1414 1415/1415/1415 1416/1416/1416
f 1416/1416/1416 1415/1415/1415 1417/1417/1417
f 1416/1416/1416 1417/1417/1417 1418/1418/1418
f 1417/1417/1417 1419/1419/1419 1418/1418/1418
f 1417/1417/1417 1420/1420/1420 1419/1419/1419
f 1419/1419/1419 1420/1420/1420 1421/1421/1421
f 1419/1419/1419 1421/1421/1421 1422/1422/1422
f 1422/1422/1422 1421/1421/1421 1423/1423/1423
f 1422/1422/1422 1423/1423/1423 1424/1424/1424
f 1424/1424/1424 1423/1423/1423 1425/1425/1425
f 1424/1424/1424 1425/1425/1425 1426/1426/1426
f 1426/1426/1426 1425/1425/1425 1427/1427/1427
f 1426/1426/1426 1427/1427/1427 1428/1428/1428
f 1428/1428/1428 1430/1430/1430 1429/1429/1429
f 1428/1428/1428 1429/1429/1429 1431/1431/1431
f 1431/1431/1431 1433/1433/1433 1432/1432/1432
f 1431/1431/1431 1434/1434/1434 1433/1433/1433
f 1435/1435/1435 1433/1433/1433 1436/1436/1436
f 1435/1435/1435 1436/1436/1436 1437/1437/1437
f 1437/1437/1437 1439/1439/1439 1438/1438/1438
f 1437/1437/1437 1440/1440/1440 1439/1439/1439
f 1441/1441/1441 1439/1439/1439 1442/1442/1442
f 1441/1441/1441 1442/1442/1442 1443/1443/1443
f 1444/1444/1444 1445/1445/1445 1443/1443/1443
f 1444/1444/1444 1446/1446/1446 1445/1445/1445
f 1445/1445/1445 1446/1446/1446 1447/1447/1447
f 1445/1445/1445 1447/1447/1447 1448/1448/1448
f 1449/1449/1449 1451/1451/1451 1450/1450/1450
f 1449/1449/1449 1452/1452/1452 1451/1451/1451
f 1453/1453/1453 1451/1451/1451 1454/1454/1454
f 1453/1453/1453 1454/1454/1454 1455/1455/1455
f 1456/1456/1456 1457/1457/1457 1449/1449/1449
f 1456/1456/1456 1458/1458/1458 1457/1457/1457
f 1459/1459/1459 1458/1458/1458 1456/1456/1456
f 1459/1459/1459 1460/1460/1460 1458/1458/1458
f 1455/1455/1455 1462/1462/1462 1461/1461/1461
f 1455/1455/1455 1463/1463/1463 1462/1462/1462
f 1464/1464/1464 1462/1462/1462 1465/1465/1465
f 1464/1464/1464 1465/1465/1465 1466/1466/1466
f 1466/1466/1466 1468/1468/1468 1467/1467/1467
f 1466/1466/1466 1467/1467/1467 1469/1469/1469
f 1469/1469/1469 1471/1471/1471 1470/1470/1470
f 1469/1469/1469 1470/1470/1470 1472/1472/1472
f 1472/1472/1472 1470/1470/1470 1473/1473/1473
f 1472/1472/1472 1473/1473/1473 1474/1474/1474
f 1474/1474/1474 1473/1473/1473 1475/1475/1475
f 1474/1474/1474 1475/1475/1475 1476/1476/1476
f 1476/1476/1476 1475/1475/1475 1477/1477/1477
f 1476/1476/1476 1477/1477/1477 1478/1478/1478
f 1478/1478/1478 1477/1477/1477 1479/1479/1479
f 1478/1478/1478 1479/1479/1479 1480/1480/1480
f 1480/1480/1480 1479/1479/1479 1481/1481/1481
f 1480/1480/1480 1481/1481/1481 1482/1482/1482
f 1482/1482/1482 1481/1481/1481 1483/1483/1483
f 1482/1482/1482 1483/1483/1483 1484/1484/1484
f 1484/1484/1484 1483/1483/1483 1485/1485/1485
f 1484/1484/1484 1485/1485/1485 1486/1486/1486
f 1486/1486/1486 1485/1485/1485 1487/1487/1487
f 1486/1486/1486 1487/1487/1487 1488/1488/1488
f 1489/1489/1489 1491/1491/1491 1490/1490/1490
f 1489/1489/1489 1492/1492/1492 1491/1491/1491
f 1493/1493/1493 1495/1495/1495 1494/1494/1494
f 1496/1496/1496 1493/1493/1493 1494/1494/1494
f 1497/1497/1497 1496/1496/1496 1494/1494/1494
f 1498/1498/1498 1497/1497/1497 1494/1494/1494
f 1499/1499/1499 1501/1501/1501 1500/1500/1500
f 1500/1500/1500 1502/1502/1502 1499/1499/1499
f 1500/1500/1500 1503/1503/1503 1502/1502/1502
f 1503/1503/1503 1504/1504/1504 1502/1502/1502
f 1503/1503/1503 1505/1505/1505 1504/1504/1504
f 1505/1505/1505 1506/1506/1506 1504/1504/1504
f 1505/1505/1505 1507/1507/1507 1506/1506/1506
f 1508/1508/1508 1507/1507/1507 1505/1505/1505
f 1508/1508/1508 1509/1509/1509 1507/1507/1507
f 1510/1510/1510 1508/1508/1508 1505/1505/1505
f 1510/1510/1510 1505/1505/1505 1503/1503/1503
f 1511/1511/1511 1510/1510/1510 1503/1503/1503
f 1511/1511/1511 1503/1503/1503 1512/1512/1512
f 1513/1513/1513 1511/1511/1511 1512/1512/1512
f 1514/1514/1514 1516/1516/1516 1515/1515/1515
f 1514/1514/1514 1517/1517/1517 1516/1516/1516
f 1518/1518/1518 1520/1520/1520 1519/1519/1519
f 1518/1518/1518 1519/1519/1519 1521/1521/1521
f 1522/1522/1522 1518/1518/1518 1521/1521/1521
f 1521/1521/1521 1519/1519/1519 1523/1523/1523
f 1522/1522/1522 1521/1521/1521 1524/1524/1524
f 1521/1521/1521 1523/1523/1523 1525/1525/1525
f 1524/1524/1524 1521/1521/1521 1525/1525/1525
f 1524/1524/1524 1525/1525/1525 1526/1526/1526
f 1527/1527/1527 1529/1529/1529 1528/1528/1528
f 1527/1527/1527 1530/1530/1530 1529/1529/1529
f 1531/1531/1531 1533/1533/1533 1532/1532/1532
f 1531/1531/1531 1534/1534/1534 1533/1533/1533
f 1535/1535/1535 1537/1537/1537 1536/1536/1536
f 1535/1535/1535 1538/1538/1538 1537/1537/1537
f 1539/1539/1539 1541/1541/1541 1540/1540/1540
f 1539/1539/1539 1542/1542/1542 1541/1541/1541
f 1543/1543/1543 1545/1545/1545 1544/1544/1544
f 1543/1543/1543 1546/1546/1546 1545/1545/1545
f 1547/1547/1547 1549/1549/1549 1548/1548/1548
f 1547/1547/1547 1550/1550/1550 1549/1549/1549
f 1551/1551/1551 1553/1553/1553 1552/1552/1552
f 1551/1551/1551 1554/1554/1554 1553/1553/1553
f 1555/1555/1555 1557/1557/1557 1556/1556/1556
f 1555/1555/1555 1558/1558/1558 1557/1557/1557
f 1559/1559/1559 1561/1561/1561 1560/1560/1560
f 1559/1559/1559 1562/1562/1562 1561/1561/1561
f 1563/1563/1563 1565/1565/1565 1564/1564/1564
f 1563/1563/1563 1566/1566/1566 1565/1565/1565
f 1567/1567/1567 1569/1569/1569 1568/1568/1568
f 1567/1567/1567 1570/1570/1570 1569/1569/1569
f 1571/1571/1571 1573/1573/1573 1572/1572/1572
f 1571/1571/1571 1574/1574/1574 1573/1573/1573
f 1575/1575/1575 1577/1577/1577 1576/1576/1576
f 1575/1575/1575 1578/1578/1578 1577/1577/1577
f 1579/1579/1579 1581/1581/1581 1580/1580/1580
f 1579/1579/1579 1582/1582/1582 1581/1581/1581
f 1583/1583/1583 1585/1585/1585 1584/1584/1584
f 1583/1583/1583 1586/1586/1586 1585/1585/1585
f 1587/1587/1587 1589/1589/1589 1588/1588/1588
f 1587/1587/1587 1590/1590/1590 1589/1589/1589
f 1591/1591/1591 1593/1593/1593 1592/1592/1592
f 1591/1591/1591 1594/1594/1594 1593/1593/1593
f 1595/1595/1595 1597/1597/1597 1596/1596/1596
f 1595/1595/1595 1598/1598/1598 1597/1597/1597
f 1599/1599/1599 1601/1601/1601 1600/1600/1600
f 1599/1599/1599 1602/1602/1602 1601/1601/1601
f 1603/1603/1603 1605/1605/1605 1604/1604/1604
f 1603/1603/1603 1606/1606/1606 1605/1605/1605
f 1607/1607/1607 1609/1609/1609 1608/1608/1608
f 1607/1607/1607 1610/1610/1610 1609/1609/1609
f 1611/1611/1611 1613/1613/1613 1612/1612/1612
f 1611/1611/1611 1614/1614/1614 1613/1613/1613
f 1615/1615/1615 1617/1617/1617 1616/1616/1616
f 1615/1615/1615 1618/1618/1618 1617/1617/1617
f 1619/1619/1619 1621/1621/1621 1620/1620/1620
f 1619/1619/1619 1622/1622/1622 1621/1621/1621
f 1623/1623/1623 1625/1625/1625 1624/1624/1624
f 1623/1623/1623 1626/1626/1626 1625/1625/1625
f 1627/1627/1627 1629/1629/1629 1628/1628/1628
f 1627/1627/1627 1630/1630/1630 1629/1629/1629
f 1631/1631/1631 1633/1633/1633 1632/1632/1632
f 1631/1631/1631 1634/1634/1634 1633/1633/1633
f 1635/1635/1635 1637/1637/1637 1636/1636/1636
f 1635/1635/1635 1638/1638/1638 1637/1637/1637
f 1639/1639/1639 1641/1641/1641 1640/1640/1640
f 1639/1639/1639 1642/1642/1642 1641/1641/1641
f 1643/1643/1643 1645/1645/1645 1644/1644/1644
f 1643/1643/1643 1646/1646/1646 1645/1645/1645
f 1647/1647/1647 1649/1649/1649 1648/1648/1648
f 1647/1647/1647 1650/1650/1650 1649/1649/1649
f 1651/1651/1651 1653/1653/1653 1652/1652/1652
f 1651/1651/1651 1654/1654/1654 1653/1653/1653
f 1655/1655/1655 1657/1657/1657 1656/1656/1656
f 1655/1655/1655 1658/1658/1658 1657/1657/1657
f 1659/1659/1659 1661/1661/1661 1660/1660/1660
f 1659/1659/1659 1662/1662/1662 1661/1661/1661
f 1663/1663/1663 1665/1665/1665 1664/1664/1664
f 1663/1663/1663 1666/1666/1666 1665/1665/1665
f 1667/1667/1667 1669/1669/1669 1668/1668/1668
f 1667/1667/1667 1670/1670/1670 1669/1669/1669
f 1671/1671/1671 1673/1673/1673 1672/1672/1672
f 1671/1671/1671 1674/1674/1674 1673/1673/1673
f 1675/1675/1675 1677/1677/1677 1676/1676/1676
f 1675/1675/1675 1678/1678/1678 1677/1677/1677
f 1679/1679/1679 1681/1681/1681 1680/1680/1680
f 1679/1679/1679 1682/1682/1682 1681/1681/1681
f 1683/1683/1683 1685/1685/1685 1684/1684/1684
f 1683/1683/1683 1686/1686/1686 1685/1685/1685
f 1687/1687/1687 1689/1689/1689 1688/1688/1688
f 1687/1687/1687 1690/1690/1690 1689/1689/1689
f 1691/1691/1691 1693/1693/1693 1692/1692/1692
f 1691/1691/1691 1694/1694/1694 1693/1693/1693
f 1695/1695/1695 1697/1697/1697 1696/1696/1696
f 1698/1698/1698 1697/1697/1697 1695/1695/1695
f 1699/1699/1699 1697/1697/1697 1698/1698/1698
f 1700/1700/1700 1697/1697/1697 1699/1699/1699
f 1701/1701/1701 1703/1703/1703 1702/1702/1702
f 1703/1703/1703 1701/1701/1701 1704/1704/1704
f 1703/1703/1703 1704/1704/1704 1705/1705/1705
f 1705/1705/1705 1704/1704/1704 1706/1706/1706
f 1705/1705/1705 1706/1706/1706 1707/1707/1707
f 1707/1707/1707 1706/1706/1706 1708/1708/1708
f 1707/1707/1707 1708/1708/1708 1709/1709/1709
f 1710/1710/1710 1707/1707/1707 1709/1709/1709
f 1710/1710/1710 1709/1709/1709 1711/1711/1711
f 1712/1712/1712 1707/1707/1707 1710/1710/1710
f 1712/1712/1712 1705/1705/1705 1707/1707/1707
f 1713/1713/1713 1705/1705/1705 1712/1712/1712
f 1713/1713/1713 1714/1714/1714 1705/1705/1705
f 1715/1715/1715 1714/1714/1714 1713/1713/1713
f 1716/1716/1716 1718/1718/1718 1717/1717/1717
f 1716/1716/1716 1719/1719/1719 1718/1718/1718
f 1720/1720/1720 1722/1722/1722 1721/1721/1721
f 1720/1720/1720 1723/1723/1723 1722/1722/1722
f 1724/1724/1724 1723/1723/1723 1720/1720/1720
f 1723/1723/1723 1725/1725/1725 1722/1722/1722
f 1724/1724/1724 1726/1726/1726 1723/1723/1723
f 1723/1723/1723 1727/1727/1727 1725/1725/1725
f 1726/1726/1726 1727/1727/1727 1723/1723/1723
f 1726/1726/1726 1728/1728/1728 1727/1727/1727
f 1729/1729/1729 1731/1731/1731 1730/1730/1730
f 1729/1729/1729 1732/1732/1732 1731/1731/1731
f 1733/1733/1733 1735/1735/1735 1734/1734/1734
f 1733/1733/1733 1736/1736/1736 1735/1735/1735
f 1737/1737/1737 1739/1739/1739 1738/1738/1738
f 1737/1737/1737 1740/1740/1740 1739/1739/1739
f 1741/1741/1741 1743/1743/1743 1742/1742/1742
f 1741/1741/1741 1744/1744/1744 1743/1743/1743
f 1745/1745/1745 1747/1747/1747 1746/1746/1746
f 1745/1745/1745 1748/1748/1748 1747/1747/1747
f 1749/1749/1749 1751/1751/1751 1750/1750/1750
f 1749/1749/1749 1752/1752/1752 1751/1751/1751
f 1753/1753/1753 1755/1755/1755 1754/1754/1754
f 1753/1753/1753 1756/1756/1756 1755/1755/1755
f 1757/1757/1757 1759/1759/1759 1758/1758/1758
f 1757/1757/1757 1760/1760/1760 1759/1759/1759
f 1761/1761/1761 1763/1763/1763 1762/1762/1762
f 1761/1761/1761 1764/1764/1764 1763/1763/1763
f 1765/1765/1765 1767/1767/1767 1766/1766/1766
f 1765/1765/1765 1768/1768/1768 1767/1767/1767
f 1769/1769/1769 1771/1771/1771 1770/1770/1770
f 1769/1769/1769 1772/1772/1772 1771/1771/1771
f 1773/1773/1773 1775/1775/1775 1774/1774/1774
f 1773/1773/1773 1776/1776/1776 1775/1775/1775
f 1777/1777/1777 1779/1779/1779 1778/1778/1778
f 1777/1777/1777 1780/1780/1780 1779/1779/1779
f 1781/1781/1781 1783/1783/1783 1782/1782/1782
f 1781/1781/1781 1784/1784/1784 1783/1783/1783
f 1785/1785/1785 1787/1787/1787 1786/1786/1786
f 1785/1785/1785 1788/1788/1788 1787/1787/1787
f 1789/1789/1789 1791/1791/1791 1790/1790/1790
f 1789/1789/1789 1792/1792/1792 1791/1791/1791
f 1793/1793/1793 1795/1795/1795 1794/1794/1794
f 1793/1793/1793 1796/1796/1796 1795/1795/1795
f 1797/1797/1797 1799/1799/1799 1798/1798/1798
f 1797/1797/1797 1800/1800/1800 1799/1799/1799
f 1801/1801/1801 1800/1800/1800 1797/1797/1797
f 1800/1800/1800 1802/1802/1802 1799/1799/1799
f 1801/1801/1801 1803/1803/1803 1800/1800/1800
f 1800/1800/1800 1804/1804/1804 1802/1802/1802
f 1803/1803/1803 1804/1804/1804 1800/1800/1800
f 1803/1803/1803 1805/1805/1805 1804/1804/1804
f 1806/1806/1806 1808/1808/1808 1807/1807/1807
f 1806/1806/1806 1809/1809/1809 1808/1808/1808
f 1810/1810/1810 1812/1812/1812 1811/1811/1811
f 1810/1810/1810 1813/1813/1813 1812/1812/1812
f 1814/1814/1814 1816/1816/1816 1815/1815/1815
f 1814/1814/1814 1817/1817/1817 1816/1816/1816
f 1818/1818/1818 1820/1820/1820 1819/1819/1819
f 1818/1818/1818 1821/1821/1821 1820/1820/1820
f 1822/1822/1822 1824/1824/1824 1823/1823/1823
f 1822/1822/1822 1825/1825/1825 1824/1824/1824
f 1826/1826/1826 1828/1828/1828 1827/1827/1827
f 1826/1826/1826 1829/1829/1829 1828/1828/1828
f 1830/1830/1830 1832/1832/1832 1831/1831/1831
f 1830/1830/1830 1833/1833/1833 1832/1832/1832
f 1834/1834/1834 1836/1836/1836 1835/1835/1835
f 1834/1834/1834 1837/1837/1837 1836/1836/1836
f 1838/1838/1838 1840/1840/1840 1839/1839/1839
f 1838/1838/1838 1839/1839/1839 1841/1841/1841
f 1842/1842/1842 1838/1838/1838 1841/1841/1841
f 1841/1841/1841 1839/1839/1839 1843/1843/1843
f 1842/1842/1842 1841/1841/1841 1844/1844/1844
f 1841/1841/1841 1843/1843/1843 1845/1845/1845
f 1844/1844/1844 1841/1841/1841 1845/1845/1845
f 1844/1844/1844 1845/1845/1845 1846/1846/1846
f 1847/1847/1847 1849/1849/1849 1848/1848/1848
f 1847/1847/1847 1850/1850/1850 1849/1849/1849
f 1851/1851/1851 1853/1853/1853 1852/1852/1852
f 1851/1851/1851 1854/1854/1854 1853/1853/1853
f 1855/1855/1855 1857/1857/1857 1856/1856/1856
f 1857/1857/1857 1858/1858/1858 1856/1856/1856
f 1858/1858/1858 1860/1860/1860 1859/1859/1859
f 1860/1860/1860 1861/1861/1861 1859/1859/1859
f 1861/1861/1861 1863/1863/1863 1862/1862/1862
f 1863/1863/1863 1864/1864/1864 1862/1862/1862
f 1865/1865/1865 1855/1855/1855 1866/1866/1866
f 1867/1867/1867 1865/1865/1865 1866/1866/1866
f 1868/1868/1868 1867/1867/1867 1866/1866/1866
f 1864/1864/1864 1870/1870/1870 1869/1869/1869
f 1871/1871/1871 1868/1868/1868 1869/1869/1869
f 1870/1870/1870 1871/1871/1871 1869/1869/1869
f 1872/1872/1872 1874/1874/1874 1873/1873/1873
f 1873/1873/1873 1874/1874/1874 1875/1875/1875
f 1876/1876/1876 1877/1877/1877 1872/1872/1872
f 1878/1878/1878 1877/1877/1877 1876/1876/1876
f 1879/1879/1879 1877/1877/1877 1878/1878/1878
f 1875/1875/1875 1881/1881/1881 1880/1880/1880
f 1882/1882/1882 1881/1881/1881 1879/1879/1879
f 1880/1880/1880 1881/1881/1881 1882/1882/1882
f 1883/1883/1883 1885/1885/1885 1884/1884/1884
f 1886/1886/1886 1885/1885/1885 1883/1883/1883
f 1887/1887/1887 1885/1885/1885 1886/1886/1886
f 1888/1888/1888 1889/1889/1889 1887/1887/1887
f 1890/1890/1890 1889/1889/1889 1888/1888/1888
f 1884/1884/1884 1892/1892/1892 1891/1891/1891
f 1893/1893/1893 1892/1892/1892 1890/1890/1890
f 1891/1891/1891 1892/1892/1892 1893/1893/1893
f 1894/1894/1894 1896/1896/1896 1895/1895/1895
f 1897/1897/1897 1896/1896/1896 1894/1894/1894
f 1895/1895/1895 1896/1896/1896 1898/1898/1898
f 1898/1898/1898 1900/1900/1900 1899/1899/1899
f 1899/1899/1899 1900/1900/1900 1901/1901/1901
f 1902/1902/1902 1903/1903/1903 1897/1897/1897
f 1901/1901/1901 1903/1903/1903 1904/1904/1904
f 1904/1904/1904 1903/1903/1903 1902/1902/1902
f 1905/1905/1905 1907/1907/1907 1906/1906/1906
f 1908/1908/1908 1907/1907/1907 1905/1905/1905
f 1906/1906/1906 1907/1907/1907 1909/1909/1909
f 1909/1909/1909 1911/1911/1911 1910/1910/1910
f 1910/1910/1910 1911/1911/1911 1912/1912/1912
f 1913/1913/1913 1914/1914/1914 1908/1908/1908
f 1912/1912/1912 1914/1914/1914 1915/1915/1915
f 1915/1915/1915 1914/1914/1914 1913/1913/1913
f 1916/1916/1916 1918/1918/1918 1917/1917/1917
f 1919/1919/1919 1918/1918/1918 1916/1916/1916
f 1917/1917/1917 1918/1918/1918 1920/1920/1920
f 1920/1920/1920 1922/1922/1922 1921/1921/1921
f 1921/1921/1921 1922/1922/1922 1923/1923/1923
f 1924/1924/1924 1925/1925/1925 1919/1919/1919
f 1923/1923/1923 1925/1925/1925 1926/1926/1926
f 1926/1926/1926 1925/1925/1925 1924/1924/1924
f 1927/1927/1927 1929/1929/1929 1928/1928/1928
f 1929/1929/1929 1930/1930/1930 1928/1928/1928
f 1931/1931/1931 1927/1927/1927 1932/1932/1932
f 1933/1933/1933 1931/1931/1931 1932/1932/1932
f 1934/1934/1934 1933/1933/1933 1932/1932/1932
f 1930/1930/1930 1936/1936/1936 1935/1935/1935
f 1937/1937/1937 1934/1934/1934 1935/1935/1935
f 1936/1936/1936 1937/1937/1937 1935/1935/1935
f 1938/1938/1938 1940/1940/1940 1939/1939/1939
f 1941/1941/1941 1938/1938/1938 1939/1939/1939
f 1942/1942/1942 1941/1941/1941 1939/1939/1939
f 1943/1943/1943 1942/1942/1942 1944/1944/1944
f 1945/1945/1945 1943/1943/1943 1944/1944/1944
f 1940/1940/1940 1947/1947/1947 1946/1946/1946
f 1948/1948/1948 1945/1945/1945 1946/1946/1946
f 1947/1947/1947 1948/1948/1948 1946/1946/1946
f 1949/1949/1949 1951/1951/1951 1950/1950/1950
f 1952/1952/1952 1949/1949/1949 1950/1950/1950
f 1951/1951/1951 1953/1953/1953 1950/1950/1950
f 1953/1953/1953 1955/1955/1955 1954/1954/1954
f 1955/1955/1955 1956/1956/1956 1954/1954/1954
f 1957/1957/1957 1952/1952/1952 1958/1958/1958
f 1956/1956/1956 1959/1959/1959 1958/1958/1958
f 1959/1959/1959 1957/1957/1957 1958/1958/1958
f 1960/1960/1960 1962/1962/1962 1961/1961/1961
f 1963/1963/1963 1960/1960/1960 1961/1961/1961
f 1962/1962/1962 1964/1964/1964 1961/1961/1961
f 1964/1964/1964 1966/1966/1966 1965/1965/1965
f 1966/1966/1966 1967/1967/1967 1965/1965/1965
f 1968/1968/1968 1963/1963/1963 1969/1969/1969
f 1967/1967/1967 1970/1970/1970 1969/1969/1969
f 1970/1970/1970 1968/1968/1968 1969/1969/1969
f 1971/1971/1971 1973/1973/1973 1972/1972/1972
f 1974/1974/1974 1971/1971/1971 1972/1972/1972
f 1973/1973/1973 1975/1975/1975 1972/1972/1972
f 1975/1975/1975 1977/1977/1977 1976/1976/1976
f 1977/1977/1977 1978/1978/1978 1976/1976/1976
f 1979/1979/1979 1974/1974/1974 1980/1980/1980
f 1978/1978/1978 1981/1981/1981 1980/1980/1980
f 1981/1981/1981 1979/1979/1979 1980/1980/1980
f 1982/1982/1982 1984/1984/1984 1983/1983/1983
f 1984/1984/1984 1985/1985/1985 1983/1983/1983
f 1985/1985/1985 1986/1986/1986 1983/1983/1983
f 1987/1987/1987 1982/1982/1982 1988/1988/1988
f 1986/1986/1986 1989/1989/1989 1988/1988/1988
f 1990/1990/1990 1987/1987/1987 1988/1988/1988
f 1989/1989/1989 1991/1991/1991 1988/1988/1988
f 1992/1992/1992 1990/1990/1990 1988/1988/1988
f 1991/1991/1991 1993/1993/1993 1988/1988/1988
f 1994/1994/1994 1992/1992/1992 1988/1988/1988
f 1993/1993/1993 1995/1995/1995 1988/1988/1988
f 1995/1995/1995 1994/1994/1994 1988/1988/1988
f 1996/1996/1996 1998/1998/1998 1997/1997/1997
f 1998/1998/1998 1999/1999/1999 1997/1997/1997
f 1999/1999/1999 2000/2000/2000 1997/1997/1997
f 2001/2001/2001 1996/1996/1996 2002/2002/2002
f 2000/2000/2000 2003/2003/2003 2002/2002/2002
f 2004/2004/2004 2001/2001/2001 2002/2002/2002
f 2003/2003/2003 2005/2005/2005 2002/2002/2002
f 2006/2006/2006 2004/2004/2004 2002/2002/2002
f 2005/2005/2005 2007/2007/2007 2002/2002/2002
f 2008/2008/2008 2006/2006/2006 2002/2002/2002
f 2007/2007/2007 2009/2009/2009 2002/2002/2002
f 2009/2009/2009 2008/2008/2008 2002/2002/2002
f 2010/2010/2010 2012/2012/2012 2011/2011/2011
f 2013/2013/2013 2010/2010/2010 2011/2011/2011
f 2012/2012/2012 2014/2014/2014 2011/2011/2011
f 2015/2015/2015 2013/2013/2013 2011/2011/2011
f 2014/2014/2014 2016/2016/2016 2011/2011/2011
f 2017/2017/2017 2015/2015/2015 2011/2011/2011
f 2016/2016/2016 2018/2018/2018 2011/2011/2011
f 2019/2019/2019 2017/2017/2017 2011/2011/2011
f 2018/2018/2018 2020/2020/2020 2011/2011/2011
f 2021/2021/2021 2019/2019/2019 2011/2011/2011
f 2020/2020/2020 2022/2022/2022 2011/2011/2011
f 2022/2022/2022 2021/2021/2021 2011/2011/2011
f 2023/2023/2023 2025/2025/2025 2024/2024/2024
f 2026/2026/2026 2023/2023/2023 2024/2024/2024
f 2025/2025/2025 2027/2027/2027 2024/2024/2024
f 2028/2028/2028 2026/2026/2026 2024/2024/2024
f 2027/2027/2027 2029/2029/2029 2024/2024/2024
f 2030/2030/2030 2028/2028/2028 2024/2024/2024
f 2029/2029/2029 2031/2031/2031 2024/2024/2024
f 2032/2032/2032 2030/2030/2030 2024/2024/2024
f 2031/2031/2031 2033/2033/2033 2024/2024/2024
f 2034/2034/2034 2032/2032/2032 2024/2024/2024
f 2033/2033/2033 2035/2035/2035 2024/2024/2024
f 2035/2035/2035 2034/2034/2034 2024/2024/2024
f 2036/2036/2036 2038/2038/2038 2037/2037/2037
f 2039/2039/2039 2036/2036/2036 2037/2037/2037
f 2038/2038/2038 2040/2040/2040 2037/2037/2037
f 2041/2041/2041 2039/2039/2039 2037/2037/2037
f 2040/2040/2040 2042/2042/2042 2037/2037/2037
f 2043/2043/2043 2041/2041/2041 2037/2037/2037
f 2042/2042/2042 2044/2044/2044 2037/2037/2037
f 2045/2045/2045 2043/2043/2043 2037/2037/2037
f 2044/2044/2044 2046/2046/2046 2037/2037/2037
f 2047/2047/2047 2045/2045/2045 2037/2037/2037
f 2046/2046/2046 2048/2048/2048 2037/2037/2037
f 2048/2048/2048 2047/2047/2047 2037/2037/2037
f 2049/2049/2049 2051/2051/2051 2050/2050/2050
f 2052/2052/2052 2049/2049/2049 2050/2050/2050
f 2051/2051/2051 2053/2053/2053 2050/2050/2050
f 2054/2054/2054 2052/2052/2052 2050/2050/2050
f 2053/2053/2053 2055/2055/2055 2050/2050/2050
f 2056/2056/2056 2054/2054/2054 2050/2050/2050
f 2055/2055/2055 2057/2057/2057 2050/2050/2050
f 2058/2058/2058 2056/2056/2056 2050/2050/2050
f 2057/2057/2057 2059/2059/2059 2050/2050/2050
f 2060/2060/2060 2058/2058/2058 2050/2050/2050
f 2059/2059/2059 2061/2061/2061 2050/2050/2050
f 2061/2061/2061 2060/2060/2060 2050/2050/2050
f 2062/2062/2062 2064/2064/2064 2063/2063/2063
f 2065/2065/2065 2062/2062/2062 2063/2063/2063
f 2064/2064/2064 2066/2066/2066 2063/2063/2063
f 2067/2067/2067 2065/2065/2065 2063/2063/2063
f 2066/2066/2066 2068/2068/2068 2063/2063/2063
f 2069/2069/2069 2067/2067/2067 2063/2063/2063
f 2068/2068/2068 2070/2070/2070 2063/2063/2063
f 2071/2071/2071 2069/2069/2069 2063/2063/2063
f 2070/2070/2070 2072/2072/2072 2063/2063/2063
f 2073/2073/2073 2071/2071/2071 2063/2063/2063
f 2072/2072/2072 2074/2074/2074 2063/2063/2063
f 2074/2074/2074 2073/2073/2073 2063/2063/2063
f 2075/2075/2075 2077/2077/2077 2076/2076/2076
f 2078/2078/2078 2075/2075/2075 2076/2076/2076
f 2077/2077/2077 2079/2079/2079 2076/2076/2076
f 2080/2080/2080 2078/2078/2078 2076/2076/2076
f 2079/2079/2079 2081/2081/2081 2076/2076/2076
f 2082/2082/2082 2080/2080/2080 2076/2076/2076
f 2081/2081/2081 2083/2083/2083 2076/2076/2076
f 2084/2084/2084 2082/2082/2082 2076/2076/2076
f 2083/2083/2083 2085/2085/2085 2076/2076/2076
f 2086/2086/2086 2084/2084/2084 2076/2076/2076
f 2085/2085/2085 2087/2087/2087 2076/2076/2076
f 2087/2087/2087 2086/2086/2086 2076/2076/2076
f 2088/2088/2088 2090/2090/2090 2089/2089/2089
f 2091/2091/2091 2088/2088/2088 2089/2089/2089
f 2090/2090/2090 2092/2092/2092 2089/2089/2089
f 2093/2093/2093 2091/2091/2091 2089/2089/2089
f 2092/2092/2092 2094/2094/2094 2089/2089/2089
f 2095/2095/2095 2093/2093/2093 2089/2089/2089
f 2094/2094/2094 2096/2096/2096 2089/2089/2089
f 2097/2097/2097 2095/2095/2095 2089/2089/2089
f 2096/2096/2096 2098/2098/2098 2089/2089/2089
f 2099/2099/2099 2097/2097/2097 2089/2089/2089
f 2098/2098/2098 2100/2100/2100 2089/2089/2089
f 2100/2100/2100 2099/2099/2099 2089/2089/2089
f 2101/2101/2101 2103/2103/2103 2102/2102/2102
f 2104/2104/2104 2101/2101/2101 2102/2102/2102
f 2103/2103/2103 2105/2105/2105 2102/2102/2102
f 2106/2106/2106 2104/2104/2104 2102/2102/2102
f 2105/2105/2105 2107/2107/2107 2102/2102/2102
f 2108/2108/2108 2106/2106/2106 2102/2102/2102
f 2107/2107/2107 2109/2109/2109 2102/2102/2102
f 2110/2110/2110 2108/2108/2108 2102/2102/2102
f 2109/2109/2109 2111/2111/2111 2102/2102/2102
f 2112/2112/2112 2110/2110/2110 2102/2102/2102
f 2111/2111/2111 2113/2113/2113 2102/2102/2102
f 2113/2113/2113 2112/2112/2112 2102/2102/2102
f 2114/2114/2114 2116/2116/2116 2115/2115/2115
f 2114/2114/2114 2115/2115/2115 2117/2117/2117
f 2114/2114/2114 2118/2118/2118 2116/2116/2116
f 2114/2114/2114 2117/2117/2117 2119/2119/2119
f 2120/2120/2120 2119/2119/2119 2121/2121/2121
f 2120/2120/2120 2121/2121/2121 2122/2122/2122
f 2120/2120/2120 2122/2122/2122 2123/2123/2123
f 2124/2124/2124 2125/2125/2125 2118/2118/2118
f 2124/2124/2124 2123/2123/2123 2126/2126/2126
f 2124/2124/2124 2127/2127/2127 2125/2125/2125
f 2124/2124/2124 2126/2126/2126 2128/2128/2128
f 2124/2124/2124 2128/2128/2128 2127/2127/2127
f 2129/2129/2129 2131/2131/2131 2130/2130/2130
f 2129/2129/2129 2132/2132/2132 2131/2131/2131
f 2129/2129/2129 2130/2130/2130 2133/2133/2133
f 2129/2129/2129 2134/2134/2134 2132/2132/2132
f 2129/2129/2129 2133/2133/2133 2135/2135/2135
f 2136/2136/2136 2137/2137/2137 2134/2134/2134
f 2136/2136/2136 2138/2138/2138 2137/2137/2137
f 2136/2136/2136 2139/2139/2139 2138/2138/2138
f 2140/2140/2140 2135/2135/2135 2141/2141/2141
f 2140/2140/2140 2142/2142/2142 2139/2139/2139
f 2140/2140/2140 2141/2141/2141 2143/2143/2143
f 2140/2140/2140 2143/2143/2143 2142/2142/2142
f 2144/2144/2144 2146/2146/2146 2145/2145/2145
f 2147/2147/2147 2144/2144/2144 2145/2145/2145
f 2146/2146/2146 2148/2148/2148 2145/2145/2145
f 2149/2149/2149 2147/2147/2147 2145/2145/2145
f 2148/2148/2148 2150/2150/2150 2145/2145/2145
f 2151/2151/2151 2149/2149/2149 2145/2145/2145
f 2150/2150/2150 2152/2152/2152 2145/2145/2145
f 2153/2153/2153 2151/2151/2151 2145/2145/2145
f 2152/2152/2152 2154/2154/2154 2145/2145/2145
f 2155/2155/2155 2153/2153/2153 2145/2145/2145
f 2154/2154/2154 2156/2156/2156 2145/2145/2145
f 2156/2156/2156 2155/2155/2155 2145/2145/2145
f 2157/2157/2157 2159/2159/2159 2158/2158/2158
f 2160/2160/2160 2157/2157/2157 2158/2158/2158
f 2159/2159/2159 2161/2161/2161 2158/2158/2158
f 2162/2162/2162 2160/2160/2160 2158/2158/2158
f 2161/2161/2161 2163/2163/2163 2158/2158/2158
f 2164/2164/2164 2162/2162/2162 2158/2158/2158
f 2163/2163/2163 2165/2165/2165 2158/2158/2158
f 2166/2166/2166 2164/2164/2164 2158/2158/2158
f 2165/2165/2165 2167/2167/2167 2158/2158/2158
f 2168/2168/2168 2166/2166/2166 2158/2158/2158
f 2167/2167/2167 2169/2169/2169 2158/2158/2158
f 2169/2169/2169 2168/2168/2168 2158/2158/2158
