#Parthenon_428_98.obj

v 2.848039 -14.29718 1.179911
v 2.50385 -14.45299 4.32655
v 2.494491 -14.44363 1.179911
v 2.848043 -14.31042 4.326551
v 2.545201 -14.49434 7.473191
v 2.848039 -14.3689 7.473191
v 2.50385 -14.45299 4.32655
v 2.848039 -14.29718 1.179911
v 2.848043 -14.31042 4.326551
v 4.746731 -14.29718 1.179911
v 4.402542 -14.45299 4.32655
v 4.393183 -14.44363 1.179911
v 4.746735 -14.31042 4.326551
v 4.443893 -14.49434 7.473191
v 4.746731 -14.3689 7.473191
v 4.402542 -14.45299 4.32655
v 4.746731 -14.29718 1.179911
v 4.746735 -14.31042 4.326551
v 6.645423 -14.29718 1.179911
v 6.301234 -14.45299 4.32655
v 6.291867 -14.44362 1.179911
v 6.645426 -14.31042 4.326551
v 6.342585 -14.49434 7.473191
v 6.645422 -14.3689 7.473191
v 6.301234 -14.45299 4.32655
v 6.645423 -14.29718 1.179911
v 6.645426 -14.31042 4.326551
v 6.645422 -15.27928 4.444928
v 6.989621 -15.14137 4.32655
v 6.301229 -15.14137 4.32655
v 6.989621 -15.14137 4.32655
v 6.645428 -15.28394 4.283603
v 6.301229 -15.14137 4.32655
v -2.848036 -14.29718 1.179911
v -3.192225 -14.45299 4.32655
v -3.201584 -14.44363 1.179911
v -2.848032 -14.31042 4.326551
v -3.150874 -14.49435 7.473191
v -2.848036 -14.36891 7.473191
v -3.192225 -14.45299 4.32655
v -2.848036 -14.29718 1.179911
v -2.848032 -14.31042 4.326551
v -4.746727 -14.29718 1.179911
v -5.090917 -14.45299 4.32655
v -5.100276 -14.44363 1.179911
v -4.746724 -14.31042 4.326551
v -5.049566 -14.49435 7.473191
v -4.746727 -14.36891 7.473191
v -5.090917 -14.45299 4.32655
v -4.746727 -14.29718 1.179911
v -4.746724 -14.31042 4.326551
v -6.645419 -14.29718 1.179911
v -6.989608 -14.45299 4.32655
v -6.998968 -14.44363 1.179911
v -6.645416 -14.31042 4.326551
v -6.948257 -14.49435 7.473191
v -6.645411 -14.36891 7.473191
v -6.989608 -14.45299 4.32655
v -6.645419 -14.29718 1.179911
v -6.645416 -14.31042 4.326551
v 9.129555E-06 -15.21604 12.51236
v 1.501335E-06 -15.21604 10.85582
v -6.976842 -15.21604 10.85582
v -6.97684 -14.37834 10.85582
v 3.159911E-06 -14.37834 10.85582
v 3.159911E-06 -14.37834 12.51236
v 6.976854 -14.37833 10.85582
v 0.416182 -14.37834 11.82838
v 3.159911E-06 -14.37834 10.85582
v 0.416182 -14.37834 11.82838
v 6.976854 -14.37833 10.85582
v 3.488425 -14.37833 11.57938
v 0.9493477 -14.29718 1.179911
v 0.6051585 -14.45299 4.32655
v 0.5957994 -14.44363 1.179911
v 0.9493512 -14.31042 4.326551
v 0.6465095 -14.49434 7.473191
v 0.9493475 -14.3689 7.473191
v 0.6051585 -14.45299 4.32655
v 0.9493477 -14.29718 1.179911
v 0.9493512 -14.31042 4.326551
v -6.645412 -12.39849 1.179912
v -6.98961 -12.5543 4.326551
v -6.998969 -12.54494 1.179912
v -6.645417 -12.41173 4.326551
v -6.948251 -12.59566 7.473191
v -6.645413 -12.47022 7.473191
v -6.98961 -12.5543 4.326551
v -6.645412 -12.39849 1.179912
v -6.645417 -12.41173 4.326551
v -6.645414 -10.4998 1.179913
v -6.989611 -10.65561 4.326552
v -6.99897 -10.64625 1.179913
v -6.645418 -10.51304 4.326552
v -6.948252 -10.69697 7.473192
v -6.645414 -10.57152 7.473192
v -6.989611 -10.65561 4.326552
v -6.645414 -10.4998 1.179913
v -6.645418 -10.51304 4.326552
v -6.645416 -6.702416 1.179914
v -6.989613 -6.858226 4.326553
v -6.998972 -6.848864 1.179914
v -6.645421 -6.715657 4.326554
v -6.948255 -6.89958 7.473193
v -6.645416 -6.774141 7.473193
v -6.989613 -6.858226 4.326553
v -6.645416 -6.702416 1.179914
v -6.645421 -6.715657 4.326554
v -6.645417 -4.803724 1.179915
v -6.989614 -4.959534 4.326554
v -6.998973 -4.950171 1.179915
v -6.645422 -4.816963 4.326554
v -6.948256 -5.000891 7.473194
v -6.645418 -4.87545 7.473194
v -6.989614 -4.959534 4.326554
v -6.645417 -4.803724 1.179915
v -6.645422 -4.816963 4.326554
v -6.645419 -2.905034 1.179916
v -6.989608 -3.060842 4.326555
v -6.998974 -3.05148 1.179916
v -6.645422 -2.918273 4.326555
v -6.948257 -3.102197 7.473195
v -6.645419 -2.976758 7.473195
v -6.989608 -3.060842 4.326555
v -6.645419 -2.905034 1.179916
v -6.645422 -2.918273 4.326555
v -6.645423 4.689733 1.179919
v -6.989613 4.533925 4.326558
v -6.998971 4.543287 1.179919
v -6.64542 4.676492 4.326558
v -6.948261 4.492568 7.473198
v -6.645423 4.618009 7.473198
v -6.989613 4.533925 4.326558
v -6.645423 4.689733 1.179919
v -6.64542 4.676492 4.326558
v -6.645425 8.487114 1.179921
v -6.989615 8.331307 4.32656
v -6.998974 8.340667 1.17992
v -6.645422 8.473875 4.32656
v -6.948264 8.289951 7.473199
v -6.645418 8.41539 7.473199
v -6.989615 8.331307 4.32656
v -6.645425 8.487114 1.179921
v -6.645422 8.473875 4.32656
v -6.64542 12.2845 1.179922
v -6.989617 12.12869 4.326561
v -6.998976 12.13805 1.179922
v -6.645424 12.27126 4.326561
v -6.948258 12.08733 7.473201
v -6.645421 12.21277 7.473201
v -6.989617 12.12869 4.326561
v -6.64542 12.2845 1.179922
v -6.645424 12.27126 4.326561
v -6.645422 14.18319 1.179923
v -6.989618 14.02738 4.326561
v -6.998978 14.03674 1.179923
v -6.645426 14.16995 4.326561
v -6.94826 13.98603 7.473202
v -6.645422 14.11147 7.473201
v -6.989618 14.02738 4.326561
v -6.645422 14.18319 1.179923
v -6.645426 14.16995 4.326561
v 6.645421 -10.4998 1.179913
v 6.301231 -10.6556 4.326552
v 6.291872 -10.64624 1.179913
v 6.645424 -10.51303 4.326552
v 6.342582 -10.69696 7.473192
v 6.64542 -10.57152 7.473192
v 6.301231 -10.6556 4.326552
v 6.645421 -10.4998 1.179913
v 6.645424 -10.51303 4.326552
v 6.645419 -8.601103 1.179914
v 6.30123 -8.756913 4.326552
v 6.291871 -8.747551 1.179914
v 6.645423 -8.614343 4.326552
v 6.342589 -8.798266 7.473192
v 6.645427 -8.672827 7.473193
v 6.30123 -8.756913 4.326552
v 6.645419 -8.601103 1.179914
v 6.645423 -8.614343 4.326552
v 6.645424 -4.80372 1.179915
v 6.301228 -4.95953 4.326554
v 6.291869 -4.950167 1.179915
v 6.645421 -4.816959 4.326554
v 6.342587 -5.000885 7.473194
v 6.645424 -4.875445 7.473194
v 6.301228 -4.95953 4.326554
v 6.645424 -4.80372 1.179915
v 6.645421 -4.816959 4.326554
v 6.989611 -3.060837 4.326555
v 7.132185 -3.40503 4.326555
v 6.645419 -2.918271 4.326555
v 7.132185 -3.40503 4.326555
v 6.985189 -3.082798 4.663324
v 6.645419 -2.918271 4.326555
v 6.645422 -1.006336 1.179917
v 6.301225 -1.162146 4.326556
v 6.291866 -1.152784 1.179917
v 6.645418 -1.019577 4.326556
v 6.342584 -1.203501 7.473196
v 6.645422 -1.078062 7.473196
v 6.301225 -1.162146 4.326556
v 6.645422 -1.006336 1.179917
v 6.645418 -1.019577 4.326556
v 6.64542 2.791045 1.179918
v 6.30123 2.635237 4.326557
v 6.291864 2.6446 1.179918
v 6.645416 2.777806 4.326557
v 6.329223 2.607236 6.380561
v 6.645424 2.738209 6.380561
v 6.30123 2.635237 4.326557
v 6.64542 2.791045 1.179918
v 6.645416 2.777806 4.326557
v 6.301225 3.845543 4.326558
v 6.989609 3.845543 4.326558
v 6.645416 3.702975 4.205513
v 6.645415 10.38581 1.179921
v 6.301226 10.23 4.32656
v 6.291867 10.23937 1.179921
v 6.645419 10.37257 4.32656
v 6.342577 10.18865 7.4732
v 6.645415 10.31409 7.4732
v 6.301226 10.23 4.32656
v 6.645415 10.38581 1.179921
v 6.645419 10.37257 4.32656
v 6.645414 12.2845 1.179922
v 6.301225 12.12869 4.326561
v 6.291866 12.13805 1.179922
v 6.645418 12.27126 4.326561
v 6.342583 12.08734 7.473201
v 6.645422 12.21278 7.473201
v 6.301225 12.12869 4.326561
v 6.645414 12.2845 1.179922
v 6.645418 12.27126 4.326561
v 6.645413 14.18319 1.179923
v 6.301224 14.02738 4.326561
v 6.291864 14.03675 1.179923
v 6.645416 14.16995 4.326561
v 6.342582 13.98603 7.473202
v 6.64542 14.11147 7.473201
v 6.301224 14.02738 4.326561
v 6.645413 14.18319 1.179923
v 6.645416 14.16995 4.326561
v 7.116158 13.6832 5.08547
v 6.980219 14.018 5.041047
v 6.98022 13.34839 5.041047
v 6.980219 14.018 5.041047
v 7.121644 13.68319 5.0184
v 6.98022 13.34839 5.041047
v 6.645421 0.8923535 1.179917
v 6.301224 0.7365454 4.326557
v 6.291865 0.7459079 1.179917
v 6.645417 0.8791143 4.326557
v 6.342583 0.6951905 7.473197
v 6.645421 0.8206299 7.473197
v 6.301224 0.7365454 4.326557
v 6.645421 0.8923535 1.179917
v 6.645417 0.8791143 4.326557
v 6.645422 -12.39849 1.179912
v 6.301232 -12.5543 4.326551
v 6.291873 -12.54493 1.179912
v 6.645425 -12.41173 4.326551
v 6.342584 -12.59565 7.473191
v 6.645422 -12.47021 7.473191
v 6.301232 -12.5543 4.326551
v 6.645422 -12.39849 1.179912
v 6.645425 -12.41173 4.326551
v 6.645411 16.08188 1.179924
v 6.301222 15.92607 4.326562
v 6.291863 15.93544 1.179924
v 6.645415 16.06865 4.326562
v 6.342581 15.88472 7.473203
v 6.645419 16.01016 7.473203
v 6.301222 15.92607 4.326562
v 6.645411 16.08188 1.179924
v 6.645415 16.06865 4.326562
v 5.070405 15.90556 5.784879
v 4.746726 16.0424 5.738624
v 5.207241 15.58188 5.738623
v 4.746726 16.0424 5.738624
v 5.074312 15.90948 5.682239
v 5.207241 15.58188 5.738623
v -0.9493476 16.08188 1.179924
v -1.293544 15.92607 4.326562
v -1.302904 15.93544 1.179924
v -0.9493517 16.06865 4.326562
v -1.252186 15.88472 7.473203
v -0.9493477 16.01016 7.473203
v -1.293544 15.92607 4.326562
v -0.9493476 16.08188 1.179924
v -0.9493517 16.06865 4.326562
v -2.848039 16.08188 1.179924
v -3.192236 15.92607 4.326562
v -3.201595 15.93544 1.179924
v -2.848043 16.06864 4.326562
v -3.150877 15.88472 7.473203
v -2.848039 16.01016 7.473203
v -3.192236 15.92607 4.326562
v -2.848039 16.08188 1.179924
v -2.848043 16.06864 4.326562
v -6.645422 16.08188 1.179924
v -6.98962 15.92607 4.326562
v -6.998979 15.93543 1.179924
v -6.645427 16.06864 4.326562
v -6.948261 15.88472 7.473203
v -6.645423 16.01016 7.473203
v -6.98962 15.92607 4.326562
v -6.645422 16.08188 1.179924
v -6.645427 16.06864 4.326562
v 1.250002 16.74283 0.7866182
v 1.035437 16.47814 1.179924
v 0.4166753 16.74283 1.179924
v 1.250002 16.74283 0.7866182
v 1.464558 16.74283 1.179924
v 1.035437 16.47814 1.179924
v 7.730923 5.760869 1.002241
v 8.056734 6.782095 1.17992
v 7.884677 5.805747 0.7866138
v 8.056734 6.782095 1.17992
v 8.056734 6.782095 0.7866141
v 7.884677 5.805747 0.7866138
v 7.557773 5.783764 1.179919
v 8.056734 6.782095 1.17992
v 7.730923 5.760869 1.002241
v 8.056737 4.806747 0.7866133
v 8.056737 4.806747 1.179919
v 7.884677 5.805747 0.7866138
v 8.056737 4.806747 1.179919
v 7.730923 5.760869 1.002241
v 7.884677 5.805747 0.7866138
v 8.056737 4.806747 1.179919
v 7.557773 5.783764 1.179919
v 7.730923 5.760869 1.002241
v 8.056741 -4.855671 0.7866095
v 7.960112 -4.764209 1.179915
v 8.056743 -4.335366 1.179915
v -7.903263 -4.99375 1.034598
v -8.056739 -4.335372 1.179915
v -7.729881 -4.764214 1.179915
v -8.056739 -4.335372 0.7866096
v -7.903263 -4.99375 1.034598
v -8.056737 -4.901977 0.7866095
v -7.903263 -4.99375 1.034598
v -8.056739 -4.335372 0.7866096
v -8.056739 -4.335372 1.179915
v 8.056741 -4.855671 0.7866095
v 8.056741 -5.467437 1.179915
v 7.960112 -4.764209 1.179915
v -8.056732 -5.467443 1.179915
v -7.903263 -4.99375 1.034598
v -7.729881 -4.764214 1.179915
v -8.250377 -14.37952 0.7866057
v -8.61392 -16.09639 0.7866049
v -8.41683 -14.37952 0.3933
v -8.61392 -16.09639 0.7866049
v -8.61392 -16.09639 0.3932992
v -8.41683 -14.37952 0.3933
v 8.111224 6.465998 0.5436457
v 8.613918 7.441179 0.7866144
v 8.309459 6.465998 0.3933083
v 8.613918 7.441179 0.7866144
v 8.613917 7.317319 0.3933087
v 8.309459 6.465998 0.3933083
v -8.613919 3.651958 0.7866129
v -8.204987 2.559213 0.7866125
v -8.613924 2.559213 0.3933068
v 8.377356 5.032108 0.3933077
v 8.233481 5.032108 0.7866134
v 8.309459 6.465998 0.3933083
v 8.233481 5.032108 0.7866134
v 8.111224 6.465998 0.5436457
v 8.309459 6.465998 0.3933083
v -8.204987 2.559213 0.7866125
v -8.458303 1.62648 0.7866121
v -8.613924 2.559213 0.3933068
v -8.458303 1.62648 0.7866121
v -8.458303 1.62648 0.3933063
v -8.613924 2.559213 0.3933068
v 8.613917 3.813516 0.7866129
v 8.233481 5.032108 0.7866134
v 8.613917 3.813516 0.3933072
v 8.233481 5.032108 0.7866134
v 8.377356 5.032108 0.3933077
v 8.613917 3.813516 0.3933072
v -8.159801 -16.74467 0.393299
v -8.159795 -16.5781 0.7866048
v -7.039604 -16.74466 0.393299
v -8.159795 -16.5781 0.7866048
v -7.589634 -16.48096 0.7866049
v -7.039604 -16.74466 0.393299
v -4.878613 17.52937 0.3933128
v -3.949941 17.23718 0.7866184
v -5.513361 17.52937 0.7866185
v 8.006687 6.309831 0.7866139
v 8.111224 6.465998 0.5436457
v 8.233481 5.032108 0.7866134
v 8.613918 7.441179 0.7866144
v 8.111224 6.465998 0.5436457
v 8.006687 6.309831 0.7866139
v -7.039604 -16.74466 0.393299
v -7.589634 -16.48096 0.7866049
v -6.489577 -16.74466 0.7866047
v -3.949941 17.23718 0.7866184
v -4.878613 17.52937 0.3933128
v -3.143803 17.52937 0.7866185
v 8.613926 -9.866878 0.3933017
v 8.613924 -10.88974 0.7866071
v 8.345827 -9.841708 0.7866075
v -8.613916 -13.33149 0.3933004
v -8.613916 -13.33148 0.7866061
v -8.41683 -14.37952 0.3933
v -8.613916 -13.33148 0.7866061
v -8.250377 -14.37952 0.7866057
v -8.41683 -14.37952 0.3933
v 8.613926 -9.866878 0.3933017
v 8.345827 -9.841708 0.7866075
v 8.613928 -8.869183 0.7866079
v 5.702082 -17.53119 -7.035958E-06
v 5.702082 -17.53119 0.3932987
v 6.699951 -17.34792 -6.962404E-06
v 5.702082 -17.53119 0.3932987
v 6.699949 -17.19219 0.3932988
v 6.699951 -17.34792 -6.962404E-06
v 2.827285 18.3159 7.350888E-06
v 3.785128 18.20155 7.304996E-06
v 2.827285 18.3159 0.3933131
v 3.785128 18.20155 7.304996E-06
v 3.785134 18.09947 0.393313
v 2.827285 18.3159 0.3933131
v 7.403753 -17.53119 -7.035957E-06
v 6.699951 -17.34792 -6.962404E-06
v 7.403753 -17.53119 0.3932987
v 6.699951 -17.34792 -6.962404E-06
v 6.699949 -17.19219 0.3932988
v 7.403753 -17.53119 0.3932987
v 3.785134 18.09947 0.393313
v 3.785128 18.20155 7.304996E-06
v 6.003952 18.3159 0.3933131
v 3.785128 18.20155 7.304996E-06
v 6.003952 18.3159 7.350888E-06
v 6.003952 18.3159 0.3933131
v 9.323568 -2.799265 -1.123457E-06
v 9.323566 -3.608283 0.3933043
v 8.891756 -1.99025 0.3933049
v -8.897253 -1.990258 0.3933049
v -9.323568 -3.60829 0.3933043
v -9.323565 -1.990257 -7.987672E-07
v 8.891756 -1.99025 0.3933049
v 9.32357 -1.038992 0.3933053
v 9.323568 -2.799265 -1.123457E-06
v 9.32357 -1.038992 0.3933053
v 9.32357 -1.038992 -4.169892E-07
v 9.323568 -2.799265 -1.123457E-06
v -9.045958 -0.5411866 -2.17198E-07
v -9.045958 -0.5411866 0.3933055
v -9.323565 -1.990257 -7.987672E-07
v -9.045958 -0.5411866 0.3933055
v -8.897253 -1.990258 0.3933049
v -9.323565 -1.990257 -7.987672E-07
v -9.323576 12.39543 4.974775E-06
v -9.323569 13.42457 0.3933111
v -9.070476 12.44969 0.3933107
v -2.614646 18.3159 7.350888E-06
v -2.614648 18.03385 0.393313
v -3.986134 18.3159 0.3933131
v -2.614648 18.03385 0.393313
v -2.614646 18.3159 7.350888E-06
v -1.381645 18.3159 0.3933131
v -9.323576 12.39543 4.974775E-06
v -9.070476 12.44969 0.3933107
v -9.323569 11.31203 0.3933102
v -6.977004 16.00072 10.85583
v -4.387891 16.00073 10.85583
v -5.193809 16.00073 11.27515
v -5.19381 15.16303 11.27515
v -4.387892 15.16303 10.85583
v -6.977005 15.16303 10.85583
v 2.215143 -11.4585 1.573218
v 1.870954 -11.61431 5.369436
v 1.861587 -11.60495 1.573218
v 2.215147 -11.47174 5.369436
v 1.912305 -11.65566 9.17883
v 2.215143 -11.53022 9.17883
v 1.870954 -11.61431 5.369436
v 2.215143 -11.4585 1.573218
v 2.215147 -11.47174 5.369436
v 2.215144 -12.4585 1.573218
v 2.559341 -12.30269 5.369436
v 2.5687 -12.31205 1.573218
v 2.21514 -12.44526 5.369435
v 2.517982 -12.26134 9.178831
v 2.215144 -12.38678 9.178831
v 2.559341 -12.30269 5.369436
v 2.215144 -12.4585 1.573218
v 2.21514 -12.44526 5.369435
v 4.746729 -11.4585 1.573218
v 4.40254 -11.61431 5.369436
v 4.393181 -11.60494 1.573218
v 4.746733 -11.47174 5.369436
v 4.443891 -11.65566 9.17883
v 4.746729 -11.53022 9.17883
v 4.40254 -11.61431 5.369436
v 4.746729 -11.4585 1.573218
v 4.746733 -11.47174 5.369436
v 4.74673 -12.4585 1.573218
v 5.090927 -12.30269 5.369436
v 5.100286 -12.31205 1.573218
v 4.746735 -12.44526 5.369435
v 5.049569 -12.26134 9.178831
v 4.74673 -12.38678 9.178831
v 5.090927 -12.30269 5.369436
v 4.74673 -12.4585 1.573218
v 4.746735 -12.44526 5.369435
v -2.215135 -11.4585 1.573218
v -2.559332 -11.61431 5.369436
v -2.568691 -11.60495 1.573218
v -2.215139 -11.47174 5.369436
v -2.517973 -11.65566 9.17883
v -2.215135 -11.53022 9.17883
v -2.559332 -11.61431 5.369436
v -2.215135 -11.4585 1.573218
v -2.215139 -11.47174 5.369436
v -2.215134 -12.4585 1.573218
v -1.870945 -12.30269 5.369436
v -1.861586 -12.31205 1.573218
v -2.215138 -12.44526 5.369435
v -1.912296 -12.26134 9.178831
v -2.215134 -12.38678 9.178831
v -1.870945 -12.30269 5.369436
v -2.215134 -12.4585 1.573218
v -2.215138 -12.44526 5.369435
v -4.746729 -11.4585 1.573218
v -5.090918 -11.61431 5.369436
v -5.100277 -11.60495 1.573218
v -4.746726 -11.47174 5.369436
v -5.04956 -11.65566 9.17883
v -4.746722 -11.53023 9.17883
v -5.090918 -11.61431 5.369436
v -4.746729 -11.4585 1.573218
v -4.746726 -11.47174 5.369436
v -4.746728 -12.4585 1.573218
v -4.402532 -12.30269 5.369436
v -4.393172 -12.31205 1.573218
v -4.746724 -12.44526 5.369435
v -4.443882 -12.26134 9.178831
v -4.746728 -12.38678 9.178831
v -4.402532 -12.30269 5.369436
v -4.746728 -12.4585 1.573218
v -4.746724 -12.44526 5.369435
v -4.454977 -9.476679 4.883237
v -4.454977 -10.95142 1.573219
v -4.454974 -10.45987 6.808752
v -5.038479 -10.95142 1.573219
v -5.038479 -9.476679 4.883237
v -5.038476 -10.45987 6.808752
v 5.068236 -5.551784 3.075816
v 5.068236 -7.026521 1.57322
v 5.068236 -7.026521 2.590663
v 4.563741 -7.026522 1.57322
v 4.563741 -5.551785 3.075816
v 4.563741 -7.026522 2.590663
v 2.215135 14.18319 1.573228
v 1.870945 14.02738 5.369446
v 1.861586 14.03675 1.573228
v 2.215138 14.16995 5.369446
v 1.912297 13.98603 9.178841
v 2.215135 14.11147 9.178841
v 1.870945 14.02738 5.369446
v 2.215135 14.18319 1.573228
v 2.215138 14.16995 5.369446
v 2.215135 13.18319 1.573228
v 2.559332 13.339 5.369446
v 2.568691 13.32964 1.573228
v 2.21514 13.19643 5.369446
v 2.517974 13.38035 9.178841
v 2.215136 13.25491 9.178841
v 2.559332 13.339 5.369446
v 2.215135 13.18319 1.573228
v 2.21514 13.19643 5.369446
v 4.746721 14.18319 1.573228
v 4.402532 14.02738 5.369446
v 4.393173 14.03675 1.573228
v 4.746725 14.16996 5.369446
v 4.443891 13.98603 9.178841
v 4.746728 14.11147 9.178841
v 4.402532 14.02738 5.369446
v 4.746721 14.18319 1.573228
v 4.746725 14.16996 5.369446
v 4.746722 13.1832 1.573228
v 5.090919 13.339 5.369446
v 5.100278 13.32964 1.573228
v 4.746726 13.19643 5.369446
v 5.049568 13.38035 9.178841
v 4.74673 13.25491 9.178841
v 5.090919 13.339 5.369446
v 4.746722 13.1832 1.573228
v 4.746726 13.19643 5.369446
v -4.74673 14.18319 1.573228
v -5.090927 14.02738 5.369446
v -5.100286 14.03674 1.573228
v -4.746734 14.16995 5.369446
v -5.049568 13.98603 9.046099
v -4.74673 14.11146 9.106231
v -5.090927 14.02738 5.369446
v -4.74673 14.18319 1.573228
v -4.746734 14.16995 5.369446
v -4.746729 13.18319 1.573228
v -4.40254 13.33899 5.369446
v -4.393181 13.32964 1.573228
v -4.746732 13.19642 5.369446
v -4.443891 13.38035 8.961141
v -4.746729 13.25491 9.10623
v -4.40254 13.33899 5.369446
v -4.746729 13.18319 1.573228
v -4.746732 13.19642 5.369446
v -2.559338 13.339 5.369446
v -2.701905 13.68319 5.369447
v -2.215146 13.19643 5.369446
v -2.21514 14.16995 5.483359
v -2.215146 13.19643 5.369446
v -2.701905 13.68319 5.369447
v -2.215146 13.19643 5.369446
v -1.728381 13.68319 5.209301
v -1.870953 13.339 5.369446
v -2.21514 14.16995 5.483359
v -1.728381 13.68319 5.209301
v -2.215146 13.19643 5.369446
v -1.728381 13.68319 5.209301
v -2.21514 14.16995 5.483359
v -1.870948 14.02738 5.2093
v -2.21514 14.16995 5.483359
v -2.701905 13.68319 5.369447
v -2.559333 14.02738 5.2093
v -5.049567 13.38035 9.111174
v -5.17501 13.68319 9.178841
v -5.049568 13.98603 9.046099
v -4.443891 13.38035 8.961141
v -4.443892 13.98603 9.106231
v -4.318456 13.68319 9.106231
v 5.068241 -10.16535 8.289823
v 5.068233 -11.64009 1.573218
v 5.068241 -11.64009 8.241998
v 4.563746 -11.64009 1.573218
v 4.563746 -10.16535 8.289823
v 4.563746 -11.64009 8.241998
v 4.246731 -7.329648 1.57322
v 4.402537 -7.673843 5.369437
v 4.393178 -7.683202 1.57322
v 4.25997 -7.32965 5.369438
v 4.443894 -7.63249 8.740166
v 4.318451 -7.329652 8.773004
v 4.402537 -7.673843 5.369437
v 4.246731 -7.329648 1.57322
v 4.25997 -7.32965 5.369438
v 7.153504 -1.322891 10.30663
v 7.153504 -1.322891 9.191104
v 7.15351 -2.78446 10.20994
v 7.14742 -15.30527 10.30663
v 7.153508 -3.371692 10.30663
v 7.14742 -15.30527 9.191098
v 7.15351 -2.78446 10.20994
v 7.153504 -1.322891 9.191104
v 7.153508 -3.371692 10.30663
v 6.137334 -1.322892 10.30663
v 6.13734 -2.78446 10.20994
v 6.137334 -1.322892 9.191104
v 6.137344 -14.2891 10.30663
v 6.137337 -14.2891 9.191099
v 6.137337 -3.371692 10.30663
v 6.13734 -2.78446 10.20994
v 6.137334 -1.322892 9.191104
v 6.137337 -3.371692 10.30663
v 2.095581 -16.39707 0.7866049
v 1.936958 -16.37235 0.8822396
v 1.835395 -16.01977 0.786605
v 1.936958 -16.37235 0.8822396
v 1.835395 -16.01977 1.057526
v 1.835395 -16.01977 0.786605
v 1.936958 -16.37235 0.8822396
v 1.678578 -16.54402 0.9655682
v 1.835395 -16.01977 1.057526
v 1.678578 -16.54402 0.9655682
v 1.757656 -16.6998 0.7866047
v 1.372008 -16.45292 0.7866049
v 1.412139 -16.09954 0.7866049
v 1.527787 -16.18775 1.057526
v 1.372008 -16.45292 0.7866049
v 2.095581 -16.39707 0.7866049
v 1.757656 -16.6998 0.7866047
v 1.936958 -16.37235 0.8822396
v 1.757656 -16.6998 0.7866047
v 1.678578 -16.54402 0.9655682
v 1.936958 -16.37235 0.8822396
v 1.835395 -16.01977 1.057526
v 1.678578 -16.54402 0.9655682
v 1.527787 -16.18775 1.057526
v 1.372008 -16.45292 0.7866049
v 1.527787 -16.18775 1.057526
v 1.678578 -16.54402 0.9655682
v 1.527787 -16.18775 1.057526
v 1.412139 -16.09954 0.7866049
v 1.835395 -16.01977 1.057526
v 1.412139 -16.09954 0.7866049
v 1.835395 -16.01977 0.786605
v 1.835395 -16.01977 1.057526
v 4.829645 3.474354 1.713382
v 5.365836 3.192673 1.713382
v 5.169383 3.469883 1.587942
v 6.553316 5.364168 1.672029
v 5.898539 5.597953 1.672029
v 6.145413 5.327806 1.52946
v 7.141174 2.876493 1.179918
v 7.224979 3.067425 1.510271
v 7.635249 3.149798 1.179918
v 7.224979 3.067425 1.510271
v 7.815259 3.182096 1.402363
v 7.635249 3.149798 1.179918
v 7.224979 3.067425 1.510271
v 7.241081 3.518624 1.412363
v 7.815259 3.182096 1.402363
v 7.241081 3.518624 1.412363
v 6.981824 3.500849 1.179918
v 7.311738 3.803531 1.179919
v 7.742074 3.6356 1.179919
v 7.706685 3.624179 1.531801
v 7.311738 3.803531 1.179919
v 7.141174 2.876493 1.179918
v 6.981824 3.500849 1.179918
v 7.224979 3.067425 1.510271
v 6.981824 3.500849 1.179918
v 7.241081 3.518624 1.412363
v 7.224979 3.067425 1.510271
v 7.815259 3.182096 1.402363
v 7.241081 3.518624 1.412363
v 7.706685 3.624179 1.531801
v 7.311738 3.803531 1.179919
v 7.706685 3.624179 1.531801
v 7.241081 3.518624 1.412363
v 7.706685 3.624179 1.531801
v 7.742074 3.6356 1.179919
v 7.815259 3.182096 1.402363
v 7.742074 3.6356 1.179919
v 7.635249 3.149798 1.179918
v 7.815259 3.182096 1.402363
v 8.53422 6.013667 0.6083564
v 8.872546 5.853144 0.6954165
v 8.7111 5.453496 0.5821543
v 8.872546 5.853144 0.6954165
v 8.82718 6.278461 0.3933082
v 9.045541 5.576071 0.3933079
v 8.634175 5.425303 0.3933078
v 8.7111 5.453496 0.5821543
v 9.045541 5.576071 0.3933079
v 8.7111 5.453496 0.5821543
v 8.872546 5.853144 0.6954165
v 9.045541 5.576071 0.3933079
v 8.381371 6.115071 0.3933081
v 8.82718 6.278461 0.3933082
v 8.53422 6.013667 0.6083564
v 8.82718 6.278461 0.3933082
v 8.872546 5.853144 0.6954165
v 8.53422 6.013667 0.6083564
v 7.877903 8.99508 1.179921
v 7.709939 8.833363 1.349251
v 7.216613 9.064785 1.179921
v 7.709939 8.833363 1.349251
v 7.216613 9.064785 1.65961
v 7.216613 9.064785 1.179921
v 7.709939 8.833363 1.349251
v 7.67914 8.359132 1.496791
v 7.216613 9.064785 1.65961
v 7.67914 8.359132 1.496791
v 7.927216 8.297058 1.17992
v 7.304874 8.089679 1.17992
v 6.935372 8.488319 1.179921
v 7.138234 8.536408 1.65961
v 7.304874 8.089679 1.17992
v 7.877903 8.99508 1.179921
v 7.927216 8.297058 1.17992
v 7.709939 8.833363 1.349251
v 7.927216 8.297058 1.17992
v 7.67914 8.359132 1.496791
v 7.709939 8.833363 1.349251
v 7.216613 9.064785 1.65961
v 7.67914 8.359132 1.496791
v 7.138234 8.536408 1.65961
v 7.304874 8.089679 1.17992
v 7.138234 8.536408 1.65961
v 7.67914 8.359132 1.496791
v 7.138234 8.536408 1.65961
v 6.935372 8.488319 1.179921
v 7.216613 9.064785 1.65961
v 6.935372 8.488319 1.179921
v 7.216613 9.064785 1.179921
v 7.216613 9.064785 1.65961
v -6.645419 0.8622274 1.179916
v -6.989615 0.7064174 4.326556
v -6.998975 0.7157799 1.179916
v -6.645423 0.8489863 4.326555
v -6.948257 0.6650626 7.473196
v -6.645419 0.7905019 7.473196
v -6.989615 0.7064174 4.326556
v -6.645419 0.8622274 1.179916
v -6.645423 0.8489863 4.326555
v -6.645419 2.766928 1.179915
v -6.989615 2.61112 4.326555
v -6.998974 2.620481 1.179916
v -6.645422 2.753687 4.326554
v -6.948257 2.569763 7.473196
v -6.645419 2.695203 7.473195
v -6.989615 2.61112 4.326555
v -6.645419 2.766928 1.179915
v -6.645422 2.753687 4.326554
v -6.768589 -1.052153 1.179919
v -7.112779 -1.207961 4.326557
v -7.122146 -1.198599 1.179919
v -6.768594 -1.065392 4.326557
v -7.084787 -1.235962 6.380562
v -6.768593 -1.104989 6.380562
v -7.112779 -1.207961 4.326557
v -6.768589 -1.052153 1.179919
v -6.768594 -1.065392 4.326557
v -7.084783 -1.86835 6.457021
v -7.255351 -1.552155 4.326557
v -7.215756 -1.552156 6.294616
v -7.215756 -1.552156 6.294616
v -7.112779 -1.207961 4.326557
v -7.084787 -1.235962 6.380562
v -6.768593 -1.104989 6.380562
v -6.424395 -1.20796 4.326557
v -6.452396 -1.235962 6.265481
v -6.452396 -1.235962 6.265481
v -6.281827 -1.552153 4.326557
v -6.321423 -1.552156 6.457021
v -6.321423 -1.552156 6.457021
v -6.424399 -1.896347 4.326557
v -6.452399 -1.868349 6.425817
v -6.452399 -1.868349 6.425817
v -6.768592 -2.038916 4.326558
v -6.768593 -1.999321 6.457021
v -6.321423 -1.552156 6.457021
v -6.452399 -1.868349 6.425817
v -7.215756 -1.552156 6.294616
v -7.084787 -1.235962 6.380562
v -6.452396 -1.235962 6.265481
v -6.321423 -1.552156 6.457021
v -7.084787 -1.235962 6.380562
v -6.768593 -1.104989 6.380562
v -6.452396 -1.235962 6.265481
v -6.321423 -1.552156 6.457021
v -7.215756 -1.552156 6.294616
v -7.084787 -1.235962 6.380562
v -7.215756 -1.552156 6.294616
v -6.452399 -1.868349 6.425817
v -7.084783 -1.86835 6.457021
v -7.084783 -1.86835 6.457021
v -6.452399 -1.868349 6.425817
v -6.768593 -1.999321 6.457021
v 1.264208 15.97122 1.179918
v 0.9106582 16.10443 4.08851
v 0.9106548 16.11767 1.179918
v 0.9106582 16.10443 4.08851
v 1.264208 15.97122 1.179918
v 1.25485 15.96186 4.216066
v 0.9106548 16.11767 1.179918
v 0.5664656 15.96186 4.228043
v 0.5571064 15.97123 1.179918
v 0.5664656 15.96186 4.228043
v 0.9106548 16.11767 1.179918
v 0.9106582 16.10443 4.08851
v 0.5571064 15.97123 1.179918
v 0.4238935 15.61767 4.283521
v 0.4106544 15.61767 1.179918
v 0.4238935 15.61767 4.283521
v 0.5571064 15.97123 1.179918
v 0.5664656 15.96186 4.228043
v 0.4106544 15.61767 1.179918
v 0.5664606 15.27347 4.326557
v 0.5571018 15.26412 1.179918
v 0.5664606 15.27347 4.326557
v 0.4106544 15.61767 1.179918
v 0.4238935 15.61767 4.283521
v 0.5571018 15.26412 1.179918
v 0.9106597 15.13091 4.205513
v 0.9106554 15.11767 1.179918
v 0.9106597 15.13091 4.205513
v 0.5571018 15.26412 1.179918
v 0.5664606 15.27347 4.326557
v 0.9106554 15.11767 1.179918
v 1.254852 15.27347 4.326557
v 1.264211 15.26412 1.179918
v 1.254852 15.27347 4.326557
v 0.9106554 15.11767 1.179918
v 0.9106597 15.13091 4.205513
v 1.264211 15.26412 1.179918
v 1.397417 15.61767 4.188734
v 1.410656 15.61767 1.179918
v 1.397417 15.61767 4.188734
v 1.264211 15.26412 1.179918
v 1.254852 15.27347 4.326557
v 1.410656 15.61767 1.179918
v 1.25485 15.96186 4.216066
v 1.264208 15.97122 1.179918
v 1.25485 15.96186 4.216066
v 1.410656 15.61767 1.179918
v 1.397417 15.61767 4.188734
v 0.4238935 15.61767 4.283521
v 1.254852 15.27347 4.326557
v 0.5664606 15.27347 4.326557
v 0.5664656 15.96186 4.228043
v 1.25485 15.96186 4.216066
v 0.5664606 15.27347 4.326557
v 1.254852 15.27347 4.326557
v 0.9106597 15.13091 4.205513
v 1.254852 15.27347 4.326557
v 0.4238935 15.61767 4.283521
v 1.397417 15.61767 4.188734
v 1.397417 15.61767 4.188734
v 0.4238935 15.61767 4.283521
v 1.25485 15.96186 4.216066
v 1.25485 15.96186 4.216066
v 0.5664656 15.96186 4.228043
v 0.9106582 16.10443 4.08851
v 3.201593 -14.44363 1.179911
v 2.848043 -14.31042 4.326551
v 2.848039 -14.29718 1.179911
v 3.192235 -14.45299 4.32655
v 2.848039 -14.3689 7.473191
v 3.150878 -14.49434 7.473191
v 2.494491 -14.44363 1.179911
v 2.361278 -14.79718 4.32655
v 2.348039 -14.79718 1.179911
v 2.50385 -14.45299 4.32655
v 2.419766 -14.79718 7.47319
v 2.545201 -14.49434 7.473191
v 2.348039 -14.79718 1.179911
v 2.503853 -15.14138 4.32655
v 2.494487 -15.15073 1.179911
v 2.361278 -14.79718 4.32655
v 2.545202 -15.10002 7.47319
v 2.419766 -14.79718 7.47319
v 2.494487 -15.15073 1.179911
v 2.848044 -15.28394 4.32655
v 2.84804 -15.29718 1.179911
v 2.503853 -15.14138 4.32655
v 2.84804 -15.22546 7.47319
v 2.545202 -15.10002 7.47319
v 2.84804 -15.29718 1.179911
v 3.192237 -15.14137 4.32655
v 3.201596 -15.15073 1.179911
v 2.848044 -15.28394 4.32655
v 3.150878 -15.10002 7.47319
v 2.84804 -15.22546 7.47319
v 3.201596 -15.15073 1.179911
v 3.334801 -14.79718 4.32655
v 3.348041 -14.79718 1.179911
v 3.192237 -15.14137 4.32655
v 3.276321 -14.79718 7.47319
v 3.150878 -15.10002 7.47319
v 3.348041 -14.79718 1.179911
v 3.192235 -14.45299 4.32655
v 3.201593 -14.44363 1.179911
v 3.334801 -14.79718 4.32655
v 3.150878 -14.49434 7.473191
v 3.276321 -14.79718 7.47319
v 3.201593 -14.44363 7.473191
v 2.848046 -14.17886 7.787311
v 2.84804 -14.29718 7.473191
v 3.285259 -14.35997 7.787311
v 2.84804 -14.29718 7.473191
v 2.410826 -14.35997 7.787311
v 2.494491 -14.44363 7.473191
v 2.848046 -14.17886 7.787311
v 2.494491 -14.44363 7.473191
v 2.229719 -14.79718 7.787311
v 2.348039 -14.79718 7.47319
v 2.410826 -14.35997 7.787311
v 2.348039 -14.79718 7.47319
v 2.410821 -15.2344 7.787311
v 2.494487 -15.15074 7.47319
v 2.229719 -14.79718 7.787311
v 2.494487 -15.15074 7.47319
v 2.848041 -15.4155 7.787311
v 2.84804 -15.29718 7.47319
v 2.410821 -15.2344 7.787311
v 2.84804 -15.29718 7.47319
v 3.285261 -15.2344 7.787311
v 3.201596 -15.15074 7.47319
v 2.848041 -15.4155 7.787311
v 3.201596 -15.15074 7.47319
v 3.46636 -14.79718 7.787311
v 3.348041 -14.79718 7.47319
v 3.285261 -15.2344 7.787311
v 3.348041 -14.79718 7.47319
v 3.285259 -14.35997 7.787311
v 3.201593 -14.44363 7.473191
v 3.46636 -14.79718 7.787311
v 3.201596 -15.15074 7.47319
v 3.348041 -14.79718 7.47319
v 3.201593 -14.44363 7.473191
v 2.84804 -14.29718 7.473191
v 2.84804 -15.29718 7.47319
v 2.494491 -14.44363 7.473191
v 2.494487 -15.15074 7.47319
v 2.348039 -14.79718 7.47319
v 2.215143 -15.43008 7.787311
v 3.48094 -15.43008 8.180616
v 3.48094 -15.43008 7.787311
v 2.215143 -15.43008 8.180616
v 2.215147 -14.16429 8.180616
v 3.480937 -14.16428 7.787311
v 3.480937 -14.16428 8.180616
v 2.215147 -14.16429 7.787311
v 2.215147 -14.16429 7.787311
v 3.48094 -15.43008 7.787311
v 3.480937 -14.16428 7.787311
v 2.215143 -15.43008 7.787311
v 3.48094 -15.43008 7.787311
v 3.480937 -14.16428 8.180616
v 3.480937 -14.16428 7.787311
v 3.48094 -15.43008 8.180616
v 2.215147 -14.16429 7.787311
v 2.215143 -15.43008 8.180616
v 2.215143 -15.43008 7.787311
v 2.215147 -14.16429 8.180616
v 5.100285 -14.44363 1.179911
v 4.746735 -14.31042 4.326551
v 4.746731 -14.29718 1.179911
v 5.090926 -14.45299 4.32655
v 4.746731 -14.3689 7.473191
v 5.049569 -14.49434 7.473191
v 4.393183 -14.44363 1.179911
v 4.25997 -14.79718 4.32655
v 4.246731 -14.79718 1.179911
v 4.402542 -14.45299 4.32655
v 4.318458 -14.79718 7.47319
v 4.443893 -14.49434 7.473191
v 4.246731 -14.79718 1.179911
v 4.402544 -15.14137 4.32655
v 4.393178 -15.15073 1.179911
v 4.25997 -14.79718 4.32655
v 4.443894 -15.10002 7.47319
v 4.318458 -14.79718 7.47319
v 4.393178 -15.15073 1.179911
v 4.746736 -15.28394 4.32655
v 4.746732 -15.29718 1.179911
v 4.402544 -15.14137 4.32655
v 4.746732 -15.22546 7.47319
v 4.443894 -15.10002 7.47319
v 4.746732 -15.29718 1.179911
v 5.090929 -15.14137 4.32655
v 5.100288 -15.15073 1.179911
v 4.746736 -15.28394 4.32655
v 5.04957 -15.10002 7.47319
v 4.746732 -15.22546 7.47319
v 5.100288 -15.15073 1.179911
v 5.233493 -14.79718 4.32655
v 5.246732 -14.79718 1.179911
v 5.090929 -15.14137 4.32655
v 5.175013 -14.79718 7.47319
v 5.04957 -15.10002 7.47319
v 5.246732 -14.79718 1.179911
v 5.090926 -14.45299 4.32655
v 5.100285 -14.44363 1.179911
v 5.233493 -14.79718 4.32655
v 5.049569 -14.49434 7.473191
v 5.175013 -14.79718 7.47319
v 5.100285 -14.44363 7.473191
v 4.74673 -14.17886 7.787311
v 4.746731 -14.29718 7.473191
v 5.183951 -14.35996 7.787311
v 4.746731 -14.29718 7.473191
v 4.309518 -14.35996 7.787311
v 4.393183 -14.44363 7.473191
v 4.74673 -14.17886 7.787311
v 4.393183 -14.44363 7.473191
v 4.128411 -14.79718 7.787311
v 4.246731 -14.79718 7.47319
v 4.309518 -14.35996 7.787311
v 4.246731 -14.79718 7.47319
v 4.309513 -15.2344 7.787311
v 4.393178 -15.15074 7.47319
v 4.128411 -14.79718 7.787311
v 4.393178 -15.15074 7.47319
v 4.746733 -15.4155 7.787311
v 4.746732 -15.29718 7.47319
v 4.309513 -15.2344 7.787311
v 4.746732 -15.29718 7.47319
v 5.183953 -15.2344 7.787311
v 5.100288 -15.15073 7.47319
v 4.746733 -15.4155 7.787311
v 5.100288 -15.15073 7.47319
v 5.365052 -14.79718 7.787311
v 5.246732 -14.79718 7.47319
v 5.183953 -15.2344 7.787311
v 5.246732 -14.79718 7.47319
v 5.183951 -14.35996 7.787311
v 5.100285 -14.44363 7.473191
v 5.365052 -14.79718 7.787311
v 5.100288 -15.15073 7.47319
v 5.246732 -14.79718 7.47319
v 5.100285 -14.44363 7.473191
v 4.746731 -14.29718 7.473191
v 4.746732 -15.29718 7.47319
v 4.393183 -14.44363 7.473191
v 4.393178 -15.15074 7.47319
v 4.246731 -14.79718 7.47319
v 4.113835 -15.43008 7.787311
v 5.379632 -15.43008 8.180616
v 5.379632 -15.43008 7.787311
v 4.113835 -15.43008 8.180616
v 4.113839 -14.16429 8.180616
v 5.379628 -14.16428 7.787311
v 5.379628 -14.16428 8.180616
v 4.113839 -14.16429 7.787311
v 4.113839 -14.16429 7.787311
v 5.379632 -15.43008 7.787311
v 5.379628 -14.16428 7.787311
v 4.113835 -15.43008 7.787311
v 5.379632 -15.43008 7.787311
v 5.379628 -14.16428 8.180616
v 5.379628 -14.16428 7.787311
v 5.379632 -15.43008 8.180616
v 4.113839 -14.16429 7.787311
v 4.113835 -15.43008 8.180616
v 4.113835 -15.43008 7.787311
v 4.113839 -14.16429 8.180616
v 6.998976 -14.44362 1.179911
v 6.645426 -14.31042 4.326551
v 6.645423 -14.29718 1.179911
v 6.989618 -14.45299 4.32655
v 6.645422 -14.3689 7.473191
v 6.948261 -14.49434 7.473191
v 6.291867 -14.44362 1.179911
v 6.158661 -14.79718 4.32655
v 6.145422 -14.79718 1.179911
v 6.301234 -14.45299 4.32655
v 6.21715 -14.79718 7.47319
v 6.342585 -14.49434 7.473191
v 6.145422 -14.79718 1.179911
v 6.301229 -15.14137 4.32655
v 6.29187 -15.15073 1.179911
v 6.158661 -14.79718 4.32655
v 6.342586 -15.10002 7.47319
v 6.21715 -14.79718 7.47319
v 6.29187 -15.15073 1.179911
v 6.645428 -15.28394 4.283603
v 6.645423 -15.29718 1.179911
v 6.301229 -15.14137 4.32655
v 6.645423 -15.29718 1.179911
v 6.989621 -15.14137 4.32655
v 6.99898 -15.15073 1.179911
v 6.645428 -15.28394 4.283603
v 6.99898 -15.15073 1.179911
v 7.132185 -14.79718 4.32655
v 7.145424 -14.79718 1.179911
v 6.989621 -15.14137 4.32655
v 7.073704 -14.79718 7.47319
v 6.948262 -15.10002 7.47319
v 7.145424 -14.79718 1.179911
v 6.989618 -14.45299 4.32655
v 6.998976 -14.44362 1.179911
v 7.132185 -14.79718 4.32655
v 6.948261 -14.49434 7.473191
v 7.073704 -14.79718 7.47319
v 6.998977 -14.44363 7.473191
v 6.645422 -14.17886 7.787311
v 6.645423 -14.29718 7.473191
v 7.082643 -14.35996 7.787311
v 6.645423 -14.29718 7.473191
v 6.20821 -14.35996 7.787311
v 6.291874 -14.44363 7.473191
v 6.645422 -14.17886 7.787311
v 6.291874 -14.44363 7.473191
v 6.027103 -14.79718 7.787311
v 6.145422 -14.79718 7.47319
v 6.20821 -14.35996 7.787311
v 6.145422 -14.79718 7.47319
v 6.208204 -15.2344 7.787311
v 6.29187 -15.15073 7.47319
v 6.027103 -14.79718 7.787311
v 6.29187 -15.15073 7.47319
v 6.645425 -15.4155 7.787311
v 6.645423 -15.29718 7.47319
v 6.208204 -15.2344 7.787311
v 6.645423 -15.29718 7.47319
v 7.082644 -15.2344 7.787311
v 6.99898 -15.15073 7.47319
v 6.645425 -15.4155 7.787311
v 6.99898 -15.15073 7.47319
v 7.263743 -14.79718 7.787311
v 7.145424 -14.79718 7.47319
v 7.082644 -15.2344 7.787311
v 7.145424 -14.79718 7.47319
v 7.082643 -14.35996 7.787311
v 6.998977 -14.44363 7.473191
v 7.263743 -14.79718 7.787311
v 6.99898 -15.15073 7.47319
v 7.145424 -14.79718 7.47319
v 6.998977 -14.44363 7.473191
v 6.645423 -14.29718 7.473191
v 6.645423 -15.29718 7.47319
v 6.291874 -14.44363 7.473191
v 6.29187 -15.15073 7.47319
v 6.145422 -14.79718 7.47319
v 6.012527 -15.43008 7.787311
v 7.278324 -15.43008 8.180616
v 7.278324 -15.43008 7.787311
v 6.012527 -15.43008 8.180616
v 6.012531 -14.16428 8.180616
v 7.27832 -14.16428 7.787311
v 7.27832 -14.16428 8.180616
v 6.012531 -14.16428 7.787311
v 6.012531 -14.16428 7.787311
v 7.278324 -15.43008 7.787311
v 7.27832 -14.16428 7.787311
v 6.012527 -15.43008 7.787311
v 7.278324 -15.43008 7.787311
v 7.27832 -14.16428 8.180616
v 7.27832 -14.16428 7.787311
v 7.278324 -15.43008 8.180616
v 6.012531 -14.16428 7.787311
v 6.012527 -15.43008 8.180616
v 6.012527 -15.43008 7.787311
v 6.012531 -14.16428 8.180616
v 6.301229 -15.14137 4.32655
v 6.645424 -15.22546 7.47319
v 6.645422 -15.27928 4.444928
v 6.342586 -15.10002 7.47319
v 6.645422 -15.27928 4.444928
v 6.948262 -15.10002 7.47319
v 6.989621 -15.14137 4.32655
v 6.645424 -15.22546 7.47319
v -2.494482 -14.44363 1.179911
v -2.848032 -14.31042 4.326551
v -2.848036 -14.29718 1.179911
v -2.503841 -14.45299 4.32655
v -2.848036 -14.36891 7.473191
v -2.54519 -14.49435 7.473191
v -3.201584 -14.44363 1.179911
v -3.334797 -14.79718 4.32655
v -3.348036 -14.79718 1.179911
v -3.192225 -14.45299 4.32655
v -3.276309 -14.79718 7.47319
v -3.150874 -14.49435 7.473191
v -3.348036 -14.79718 1.179911
v -3.192222 -15.14138 4.32655
v -3.201589 -15.15074 1.179911
v -3.334797 -14.79718 4.32655
v -3.150873 -15.10002 7.47319
v -3.276309 -14.79718 7.47319
v -3.201589 -15.15074 1.179911
v -2.848031 -15.28395 4.32655
v -2.848035 -15.29718 1.179911
v -3.192222 -15.14138 4.32655
v -2.848035 -15.22546 7.47319
v -3.150873 -15.10002 7.47319
v -2.848035 -15.29718 1.179911
v -2.503838 -15.14138 4.32655
v -2.494479 -15.15073 1.179911
v -2.848031 -15.28395 4.32655
v -2.545197 -15.10002 7.47319
v -2.848035 -15.22546 7.47319
v -2.494479 -15.15073 1.179911
v -2.361274 -14.79718 4.32655
v -2.348035 -14.79718 1.179911
v -2.503838 -15.14138 4.32655
v -2.419754 -14.79718 7.47319
v -2.545197 -15.10002 7.47319
v -2.348035 -14.79718 1.179911
v -2.503841 -14.45299 4.32655
v -2.494482 -14.44363 1.179911
v -2.361274 -14.79718 4.32655
v -2.54519 -14.49435 7.473191
v -2.419754 -14.79718 7.47319
v -2.494482 -14.44363 7.473191
v -2.848029 -14.17886 7.787311
v -2.848036 -14.29718 7.473191
v -2.410816 -14.35997 7.787311
v -2.848036 -14.29718 7.473191
v -3.285249 -14.35997 7.787311
v -3.201584 -14.44363 7.473191
v -2.848029 -14.17886 7.787311
v -3.201584 -14.44363 7.473191
v -3.466356 -14.79718 7.787311
v -3.348036 -14.79718 7.47319
v -3.285249 -14.35997 7.787311
v -3.348036 -14.79718 7.47319
v -3.285254 -15.2344 7.787311
v -3.201589 -15.15074 7.47319
v -3.466356 -14.79718 7.787311
v -3.201589 -15.15074 7.47319
v -2.848034 -15.4155 7.787311
v -2.848035 -15.29718 7.47319
v -3.285254 -15.2344 7.787311
v -2.848035 -15.29718 7.47319
v -2.410814 -15.2344 7.787311
v -2.494479 -15.15074 7.47319
v -2.848034 -15.4155 7.787311
v -2.494479 -15.15074 7.47319
v -2.229715 -14.79718 7.787311
v -2.348035 -14.79718 7.47319
v -2.410814 -15.2344 7.787311
v -2.348035 -14.79718 7.47319
v -2.410816 -14.35997 7.787311
v -2.494482 -14.44363 7.473191
v -2.229715 -14.79718 7.787311
v -2.494479 -15.15074 7.47319
v -2.348035 -14.79718 7.47319
v -2.494482 -14.44363 7.473191
v -2.848036 -14.29718 7.473191
v -2.848035 -15.29718 7.47319
v -3.201584 -14.44363 7.473191
v -3.201589 -15.15074 7.47319
v -3.348036 -14.79718 7.47319
v -3.480932 -15.43008 7.787311
v -2.215135 -15.43008 8.180616
v -2.215135 -15.43008 7.787311
v -3.480932 -15.43008 8.180616
v -3.480928 -14.16429 8.180616
v -2.215138 -14.16429 7.787311
v -2.215138 -14.16429 8.180616
v -3.480928 -14.16429 7.787311
v -3.480928 -14.16429 7.787311
v -2.215135 -15.43008 7.787311
v -2.215138 -14.16429 7.787311
v -3.480932 -15.43008 7.787311
v -2.215135 -15.43008 7.787311
v -2.215138 -14.16429 8.180616
v -2.215138 -14.16429 7.787311
v -2.215135 -15.43008 8.180616
v -3.480928 -14.16429 7.787311
v -3.480932 -15.43008 8.180616
v -3.480932 -15.43008 7.787311
v -3.480928 -14.16429 8.180616
v -4.393174 -14.44363 1.179911
v -4.746724 -14.31042 4.326551
v -4.746727 -14.29718 1.179911
v -4.402533 -14.45299 4.32655
v -4.746727 -14.36891 7.473191
v -4.443882 -14.49435 7.473191
v -5.100276 -14.44363 1.179911
v -5.233489 -14.79718 4.32655
v -5.246728 -14.79718 1.179911
v -5.090917 -14.45299 4.32655
v -5.175 -14.79718 7.47319
v -5.049566 -14.49435 7.473191
v -5.246728 -14.79718 1.179911
v -5.090914 -15.14138 4.32655
v -5.10028 -15.15074 1.179911
v -5.233489 -14.79718 4.32655
v -5.049565 -15.10002 7.47319
v -5.175 -14.79718 7.47319
v -5.10028 -15.15074 1.179911
v -4.746723 -15.28395 4.32655
v -4.746727 -15.29718 1.179911
v -5.090914 -15.14138 4.32655
v -4.746727 -15.22546 7.47319
v -5.049565 -15.10002 7.47319
v -4.746727 -15.29718 1.179911
v -4.40253 -15.14138 4.32655
v -4.393171 -15.15074 1.179911
v -4.746723 -15.28395 4.32655
v -4.443888 -15.10002 7.47319
v -4.746727 -15.22546 7.47319
v -4.393171 -15.15074 1.179911
v -4.259965 -14.79718 4.32655
v -4.246727 -14.79718 1.179911
v -4.40253 -15.14138 4.32655
v -4.318446 -14.79718 7.47319
v -4.443888 -15.10002 7.47319
v -4.246727 -14.79718 1.179911
v -4.402533 -14.45299 4.32655
v -4.393174 -14.44363 1.179911
v -4.259965 -14.79718 4.32655
v -4.443882 -14.49435 7.473191
v -4.318446 -14.79718 7.47319
v -4.393174 -14.44363 7.473191
v -4.746721 -14.17886 7.787311
v -4.746727 -14.29719 7.473191
v -4.309508 -14.35997 7.787311
v -4.746727 -14.29719 7.473191
v -5.18394 -14.35997 7.787311
v -5.100276 -14.44363 7.473191
v -4.746721 -14.17886 7.787311
v -5.100276 -14.44363 7.473191
v -5.365047 -14.79718 7.787311
v -5.24672 -14.79718 7.47319
v -5.18394 -14.35997 7.787311
v -5.24672 -14.79718 7.47319
v -5.183939 -15.2344 7.787311
v -5.10028 -15.15074 7.47319
v -5.365047 -14.79718 7.787311
v -5.10028 -15.15074 7.47319
v -4.746726 -15.41551 7.787311
v -4.746727 -15.29718 7.47319
v -5.183939 -15.2344 7.787311
v -4.746727 -15.29718 7.47319
v -4.309506 -15.2344 7.787311
v -4.393171 -15.15074 7.47319
v -4.746726 -15.41551 7.787311
v -4.393171 -15.15074 7.47319
v -4.128407 -14.79718 7.787311
v -4.246727 -14.79718 7.47319
v -4.309506 -15.2344 7.787311
v -4.246727 -14.79718 7.47319
v -4.309508 -14.35997 7.787311
v -4.393174 -14.44363 7.473191
v -4.128407 -14.79718 7.787311
v -4.393171 -15.15074 7.47319
v -4.246727 -14.79718 7.47319
v -4.393174 -14.44363 7.473191
v -4.746727 -14.29719 7.473191
v -4.746727 -15.29718 7.47319
v -5.100276 -14.44363 7.473191
v -5.10028 -15.15074 7.47319
v -5.24672 -14.79718 7.47319
v -5.379624 -15.43008 7.787311
v -4.113827 -15.43008 8.180616
v -4.113827 -15.43008 7.787311
v -5.379624 -15.43008 8.180616
v -5.37962 -14.16429 8.180616
v -4.113822 -14.16429 7.787311
v -4.113822 -14.16429 8.180616
v -5.37962 -14.16429 7.787311
v -5.37962 -14.16429 7.787311
v -4.113827 -15.43008 7.787311
v -4.113822 -14.16429 7.787311
v -5.379624 -15.43008 7.787311
v -4.113827 -15.43008 7.787311
v -4.113822 -14.16429 8.180616
v -4.113822 -14.16429 7.787311
v -4.113827 -15.43008 8.180616
v -5.37962 -14.16429 7.787311
v -5.379624 -15.43008 8.180616
v -5.379624 -15.43008 7.787311
v -5.37962 -14.16429 8.180616
v -6.291865 -14.44363 1.179911
v -6.645416 -14.31042 4.326551
v -6.645419 -14.29718 1.179911
v -6.301224 -14.45299 4.32655
v -6.645411 -14.36891 7.473191
v -6.342581 -14.49435 7.473191
v -6.998968 -14.44363 1.179911
v -7.13218 -14.79718 4.32655
v -7.14542 -14.79718 1.179911
v -6.989608 -14.45299 4.32655
v -7.073692 -14.79719 7.47319
v -6.948257 -14.49435 7.473191
v -7.14542 -14.79718 1.179911
v -6.989605 -15.14138 4.32655
v -6.998972 -15.15074 1.179911
v -7.13218 -14.79718 4.32655
v -6.948256 -15.10003 7.47319
v -7.073692 -14.79719 7.47319
v -6.998972 -15.15074 1.179911
v -6.645414 -15.28395 4.32655
v -6.645419 -15.29718 1.179911
v -6.989605 -15.14138 4.32655
v -6.645418 -15.22546 7.47319
v -6.948256 -15.10003 7.47319
v -6.645419 -15.29718 1.179911
v -6.301221 -15.14138 4.32655
v -6.291862 -15.15074 1.179911
v -6.645414 -15.28395 4.32655
v -6.34258 -15.10003 7.47319
v -6.645418 -15.22546 7.47319
v -6.291862 -15.15074 1.179911
v -6.158649 -14.79718 4.32655
v -6.145418 -14.79718 1.179911
v -6.301221 -15.14138 4.32655
v -6.217138 -14.79719 7.47319
v -6.34258 -15.10003 7.47319
v -6.145418 -14.79718 1.179911
v -6.301224 -14.45299 4.32655
v -6.291865 -14.44363 1.179911
v -6.158649 -14.79718 4.32655
v -6.342581 -14.49435 7.473191
v -6.217138 -14.79719 7.47319
v -6.291858 -14.44363 7.473191
v -6.645412 -14.17887 7.787311
v -6.645419 -14.29719 7.473191
v -6.2082 -14.35997 7.787311
v -6.645419 -14.29719 7.473191
v -7.082633 -14.35997 7.787311
v -6.998968 -14.44363 7.473191
v -6.645412 -14.17887 7.787311
v -6.998968 -14.44363 7.473191
v -7.263739 -14.79719 7.787311
v -7.145412 -14.79719 7.47319
v -7.082633 -14.35997 7.787311
v -7.145412 -14.79719 7.47319
v -7.08263 -15.2344 7.787311
v -6.998972 -15.15074 7.47319
v -7.263739 -14.79719 7.787311
v -6.998972 -15.15074 7.47319
v -6.645417 -15.41551 7.787311
v -6.645418 -15.29718 7.47319
v -7.08263 -15.2344 7.787311
v -6.645418 -15.29718 7.47319
v -6.208198 -15.2344 7.787311
v -6.291862 -15.15074 7.47319
v -6.645417 -15.41551 7.787311
v -6.291862 -15.15074 7.47319
v -6.027098 -14.79718 7.787311
v -6.145418 -14.79718 7.47319
v -6.208198 -15.2344 7.787311
v -6.145418 -14.79718 7.47319
v -6.2082 -14.35997 7.787311
v -6.291858 -14.44363 7.473191
v -6.027098 -14.79718 7.787311
v -6.291862 -15.15074 7.47319
v -6.145418 -14.79718 7.47319
v -6.291858 -14.44363 7.473191
v -6.645419 -14.29719 7.473191
v -6.645418 -15.29718 7.47319
v -6.998968 -14.44363 7.473191
v -6.998972 -15.15074 7.47319
v -7.145412 -14.79719 7.47319
v -7.278316 -15.43008 7.787311
v -6.012518 -15.43008 8.180616
v -6.012518 -15.43008 7.787311
v -7.278316 -15.43008 8.180616
v -7.278311 -14.16429 8.180616
v -6.012514 -14.16429 7.787311
v -6.012514 -14.16429 8.180616
v -7.278311 -14.16429 7.787311
v -7.278311 -14.16429 7.787311
v -6.012518 -15.43008 7.787311
v -6.012514 -14.16429 7.787311
v -7.278316 -15.43008 7.787311
v -6.012518 -15.43008 7.787311
v -6.012514 -14.16429 8.180616
v -6.012514 -14.16429 7.787311
v -6.012518 -15.43008 8.180616
v -7.278311 -14.16429 7.787311
v -7.278316 -15.43008 8.180616
v -7.278316 -15.43008 7.787311
v -7.278311 -14.16429 8.180616
v -6.97684 -14.37834 10.85582
v 9.129555E-06 -15.21604 12.51236
v -6.976842 -15.21604 10.85582
v 3.159911E-06 -14.37834 12.51236
v 3.159911E-06 -14.37834 12.51236
v 1.501335E-06 -15.21604 10.85582
v 9.129555E-06 -15.21604 12.51236
v 3.159911E-06 -14.37834 10.85582
v 3.488431 -15.21603 11.57938
v 6.976854 -14.37833 10.85582
v 6.976852 -15.21603 10.85582
v 3.488425 -14.37833 11.57938
v 0.416188 -15.21604 11.82838
v 0.416182 -14.37834 11.82838
v 3.488431 -15.21603 11.57938
v 1.501335E-06 -15.21604 10.85582
v 0.416188 -15.21604 11.82838
v 6.976852 -15.21603 10.85582
v 0.416182 -14.37834 11.82838
v 1.501335E-06 -15.21604 10.85582
v 3.159911E-06 -14.37834 10.85582
v 0.416188 -15.21604 11.82838
v 3.159911E-06 -14.37834 10.85582
v 6.976852 -15.21603 10.85582
v 6.976854 -14.37833 10.85582
v 1.501335E-06 -15.21604 10.85582
v -1.58224 -15.43008 7.787311
v -0.3164434 -15.43008 8.180616
v -0.3164434 -15.43008 7.787311
v -1.58224 -15.43008 8.180616
v -1.582236 -14.16429 8.180616
v -0.3164467 -14.16429 7.787311
v -0.3164467 -14.16429 8.180616
v -1.582236 -14.16429 7.787311
v -1.582236 -14.16429 7.787311
v -0.3164434 -15.43008 7.787311
v -0.3164467 -14.16429 7.787311
v -1.58224 -15.43008 7.787311
v -0.3164434 -15.43008 7.787311
v -0.3164467 -14.16429 8.180616
v -0.3164467 -14.16429 7.787311
v -0.3164434 -15.43008 8.180616
v -1.582236 -14.16429 7.787311
v -1.58224 -15.43008 8.180616
v -1.58224 -15.43008 7.787311
v -1.582236 -14.16429 8.180616
v 1.302901 -14.44363 1.179911
v 0.9493512 -14.31042 4.326551
v 0.9493477 -14.29718 1.179911
v 1.293543 -14.45299 4.32655
v 0.9493475 -14.3689 7.473191
v 1.252186 -14.49434 7.473191
v 0.5957994 -14.44363 1.179911
v 0.4625865 -14.79718 4.32655
v 0.4493474 -14.79718 1.179911
v 0.6051585 -14.45299 4.32655
v 0.5210748 -14.79718 7.47319
v 0.6465095 -14.49434 7.473191
v 0.4493474 -14.79718 1.179911
v 0.6051612 -15.14138 4.32655
v 0.5957949 -15.15073 1.179911
v 0.4625865 -14.79718 4.32655
v 0.6465103 -15.10002 7.47319
v 0.5210748 -14.79718 7.47319
v 0.5957949 -15.15073 1.179911
v 0.9493526 -15.28394 4.32655
v 0.9493484 -15.29718 1.179911
v 0.6051612 -15.14138 4.32655
v 0.9493487 -15.22546 7.47319
v 0.6465103 -15.10002 7.47319
v 0.9493484 -15.29718 1.179911
v 1.293545 -15.14138 4.32655
v 1.302904 -15.15073 1.179911
v 0.9493526 -15.28394 4.32655
v 1.252187 -15.10002 7.47319
v 0.9493487 -15.22546 7.47319
v 1.302904 -15.15073 1.179911
v 1.43611 -14.79718 4.32655
v 1.449349 -14.79718 1.179911
v 1.293545 -15.14138 4.32655
v 1.377629 -14.79718 7.47319
v 1.252187 -15.10002 7.47319
v 1.449349 -14.79718 1.179911
v 1.293543 -14.45299 4.32655
v 1.302901 -14.44363 1.179911
v 1.43611 -14.79718 4.32655
v 1.252186 -14.49434 7.473191
v 1.377629 -14.79718 7.47319
v 1.302901 -14.44363 7.473191
v 0.9493543 -14.17886 7.787311
v 0.9493478 -14.29718 7.473191
v 1.386567 -14.35997 7.787311
v 0.9493478 -14.29718 7.473191
v 0.5121345 -14.35997 7.787311
v 0.5957994 -14.44363 7.473191
v 0.9493543 -14.17886 7.787311
v 0.5957994 -14.44363 7.473191
v 0.3310278 -14.79718 7.787311
v 0.4493474 -14.79718 7.47319
v 0.5121345 -14.35997 7.787311
v 0.4493474 -14.79718 7.47319
v 0.512129 -15.2344 7.787311
v 0.5957949 -15.15074 7.47319
v 0.3310278 -14.79718 7.787311
v 0.5957949 -15.15074 7.47319
v 0.9493496 -15.4155 7.787311
v 0.9493484 -15.29718 7.47319
v 0.512129 -15.2344 7.787311
v 0.9493484 -15.29718 7.47319
v 1.386569 -15.2344 7.787311
v 1.302904 -15.15074 7.47319
v 0.9493496 -15.4155 7.787311
v 1.302904 -15.15074 7.47319
v 1.567668 -14.79718 7.787311
v 1.449349 -14.79718 7.47319
v 1.386569 -15.2344 7.787311
v 1.449349 -14.79718 7.47319
v 1.386567 -14.35997 7.787311
v 1.302901 -14.44363 7.473191
v 1.567668 -14.79718 7.787311
v 1.302904 -15.15074 7.47319
v 1.449349 -14.79718 7.47319
v 1.302901 -14.44363 7.473191
v 0.9493478 -14.29718 7.473191
v 0.9493484 -15.29718 7.47319
v 0.5957994 -14.44363 7.473191
v 0.5957949 -15.15074 7.47319
v 0.4493474 -14.79718 7.47319
v 0.3164513 -15.43008 7.787311
v 1.582248 -15.43008 8.180616
v 1.582248 -15.43008 7.787311
v 0.3164513 -15.43008 8.180616
v 0.3164556 -14.16429 8.180616
v 1.582245 -14.16429 7.787311
v 1.582245 -14.16429 8.180616
v 0.3164556 -14.16429 7.787311
v 0.3164556 -14.16429 7.787311
v 1.582248 -15.43008 7.787311
v 1.582245 -14.16429 7.787311
v 0.3164513 -15.43008 7.787311
v 1.582248 -15.43008 7.787311
v 1.582245 -14.16429 8.180616
v 1.582245 -14.16429 7.787311
v 1.582248 -15.43008 8.180616
v 0.3164556 -14.16429 7.787311
v 0.3164513 -15.43008 8.180616
v 0.3164513 -15.43008 7.787311
v 0.3164556 -14.16429 8.180616
v -6.291867 -12.54494 1.179912
v -6.645417 -12.41173 4.326551
v -6.645412 -12.39849 1.179912
v -6.301225 -12.5543 4.326551
v -6.645413 -12.47022 7.473191
v -6.342575 -12.59566 7.473191
v -6.998969 -12.54494 1.179912
v -7.132182 -12.89849 4.326551
v -7.145413 -12.89849 1.179912
v -6.98961 -12.5543 4.326551
v -7.08752 -12.89849 6.729406
v -6.948251 -12.59566 7.473191
v -7.073693 -12.89849 7.473191
v -7.145413 -12.89849 1.179912
v -6.989607 -13.24269 4.32655
v -6.998973 -13.25205 1.179912
v -7.132182 -12.89849 4.326551
v -6.963555 -13.21664 6.308719
v -7.08752 -12.89849 6.729406
v -6.948257 -13.20133 7.473191
v -6.952502 -13.20558 7.150093
v -7.073693 -12.89849 7.473191
v -6.998973 -13.25205 1.179912
v -6.645415 -13.38525 4.32655
v -6.64542 -13.39849 1.179912
v -6.989607 -13.24269 4.32655
v -6.645413 -13.3406 6.729406
v -6.963555 -13.21664 6.308719
v -6.952502 -13.20558 7.150093
v -6.645419 -13.32677 7.473191
v -6.948257 -13.20133 7.473191
v -6.64542 -13.39849 1.179912
v -6.301223 -13.24269 4.32655
v -6.291863 -13.25204 1.179912
v -6.645415 -13.38525 4.32655
v -6.645413 -13.3406 6.729406
v -6.342581 -13.20133 7.473191
v -6.645419 -13.32677 7.473191
v -6.291863 -13.25204 1.179912
v -6.15865 -12.89849 4.326551
v -6.145419 -12.89849 1.179912
v -6.301223 -13.24269 4.32655
v -6.217139 -12.89849 7.473191
v -6.342581 -13.20133 7.473191
v -6.145419 -12.89849 1.179912
v -6.301225 -12.5543 4.326551
v -6.291867 -12.54494 1.179912
v -6.15865 -12.89849 4.326551
v -6.342575 -12.59566 7.473191
v -6.217139 -12.89849 7.473191
v -6.291859 -12.54494 7.473191
v -6.645414 -12.28017 7.787312
v -6.645412 -12.39849 7.473191
v -6.208193 -12.46128 7.787311
v -6.645412 -12.39849 7.473191
v -7.082633 -12.46128 7.787311
v -6.998969 -12.54494 7.473191
v -6.645414 -12.28017 7.787312
v -6.998969 -12.54494 7.473191
v -7.263732 -12.89849 7.787311
v -7.145413 -12.89849 7.473191
v -7.082633 -12.46128 7.787311
v -7.145413 -12.89849 7.473191
v -7.082632 -13.33571 7.787311
v -6.998973 -13.25205 7.473191
v -7.263732 -12.89849 7.787311
v -6.998973 -13.25205 7.473191
v -6.645419 -13.51682 7.787311
v -6.645412 -13.39849 7.473191
v -7.082632 -13.33571 7.787311
v -6.645412 -13.39849 7.473191
v -6.208199 -13.33571 7.787311
v -6.291863 -13.25205 7.473191
v -6.645419 -13.51682 7.787311
v -6.291863 -13.25205 7.473191
v -6.027092 -12.89849 7.787311
v -6.145419 -12.89849 7.473191
v -6.208199 -13.33571 7.787311
v -6.145419 -12.89849 7.473191
v -6.208193 -12.46128 7.787311
v -6.291859 -12.54494 7.473191
v -6.027092 -12.89849 7.787311
v -6.291863 -13.25205 7.473191
v -6.145419 -12.89849 7.473191
v -6.291859 -12.54494 7.473191
v -6.645412 -12.39849 7.473191
v -6.645412 -13.39849 7.473191
v -6.998969 -12.54494 7.473191
v -6.998973 -13.25205 7.473191
v -7.145413 -12.89849 7.473191
v -7.278309 -13.53139 7.787311
v -6.01252 -13.53139 8.180616
v -6.01252 -13.53139 7.787311
v -7.278309 -13.53139 8.180616
v -7.278312 -12.2656 8.180618
v -6.012516 -12.2656 7.787312
v -6.012516 -12.2656 8.180618
v -7.278312 -12.2656 7.787312
v -7.278312 -12.2656 7.787312
v -6.01252 -13.53139 7.787311
v -6.012516 -12.2656 7.787312
v -7.278309 -13.53139 7.787311
v -6.01252 -13.53139 7.787311
v -6.012516 -12.2656 8.180618
v -6.012516 -12.2656 7.787312
v -6.01252 -13.53139 8.180616
v -7.278312 -12.2656 7.787312
v -7.278309 -13.53139 8.180616
v -7.278309 -13.53139 7.787311
v -7.278312 -12.2656 8.180618
v -6.963555 -13.21664 6.308719
v -7.08752 -12.89849 6.729406
v -6.645413 -13.3406 6.729406
v -6.952502 -13.20558 7.150093
v -6.29186 -10.64625 1.179913
v -6.645418 -10.51304 4.326552
v -6.645414 -10.4998 1.179913
v -6.301227 -10.65561 4.326552
v -6.645414 -10.57152 7.473192
v -6.342576 -10.69697 7.473192
v -6.99897 -10.64625 1.179913
v -7.132175 -10.9998 4.326552
v -7.145414 -10.9998 1.179913
v -6.989611 -10.65561 4.326552
v -7.073694 -10.9998 7.473192
v -6.948252 -10.69697 7.473192
v -7.145414 -10.9998 1.179913
v -6.989608 -11.34399 4.326552
v -6.998974 -11.35335 1.179913
v -7.132175 -10.9998 4.326552
v -6.948251 -11.30264 7.473191
v -7.073694 -10.9998 7.473192
v -6.998974 -11.35335 1.179913
v -6.645417 -11.48656 4.326551
v -6.645421 -11.4998 1.179912
v -6.989608 -11.34399 4.326552
v -6.645413 -11.42808 7.473191
v -6.948251 -11.30264 7.473191
v -6.645421 -11.4998 1.179912
v -6.301224 -11.34399 4.326552
v -6.291865 -11.35335 1.179913
v -6.645417 -11.48656 4.326551
v -6.342575 -11.30264 7.473191
v -6.645413 -11.42808 7.473191
v -6.291865 -11.35335 1.179913
v -6.158652 -10.9998 4.326552
v -6.145421 -10.9998 1.179913
v -6.301224 -11.34399 4.326552
v -6.21714 -10.9998 7.473192
v -6.342575 -11.30264 7.473191
v -6.145421 -10.9998 1.179913
v -6.301227 -10.65561 4.326552
v -6.29186 -10.64625 1.179913
v -6.158652 -10.9998 4.326552
v -6.342576 -10.69697 7.473192
v -6.21714 -10.9998 7.473192
v -6.29186 -10.64625 7.473192
v -6.645415 -10.38148 7.787313
v -6.645414 -10.4998 7.473192
v -6.208194 -10.56258 7.787313
v -6.645414 -10.4998 7.473192
v -7.082634 -10.56258 7.787313
v -6.99897 -10.64625 7.473192
v -6.645415 -10.38148 7.787313
v -6.99897 -10.64625 7.473192
v -7.263734 -10.9998 7.787313
v -7.145414 -10.9998 7.473192
v -7.082634 -10.56258 7.787313
v -7.145414 -10.9998 7.473192
v -7.082633 -11.43702 7.787312
v -6.998967 -11.35336 7.473191
v -7.263734 -10.9998 7.787313
v -6.998967 -11.35336 7.473191
v -6.64542 -11.61812 7.787312
v -6.645413 -11.4998 7.473191
v -7.082633 -11.43702 7.787312
v -6.645413 -11.4998 7.473191
v -6.2082 -11.43702 7.787312
v -6.291865 -11.35336 7.473191
v -6.64542 -11.61812 7.787312
v -6.291865 -11.35336 7.473191
v -6.027093 -10.9998 7.787313
v -6.145421 -10.9998 7.473192
v -6.2082 -11.43702 7.787312
v -6.145421 -10.9998 7.473192
v -6.208194 -10.56258 7.787313
v -6.29186 -10.64625 7.473192
v -6.027093 -10.9998 7.787313
v -6.291865 -11.35336 7.473191
v -6.145421 -10.9998 7.473192
v -6.29186 -10.64625 7.473192
v -6.645414 -10.4998 7.473192
v -6.645413 -11.4998 7.473191
v -6.99897 -10.64625 7.473192
v -6.998967 -11.35336 7.473191
v -7.145414 -10.9998 7.473192
v -7.27831 -11.6327 7.787312
v -6.012521 -11.6327 8.180617
v -6.012521 -11.6327 7.787312
v -7.27831 -11.6327 8.180617
v -7.278314 -10.36691 8.180617
v -6.012516 -10.36691 7.787313
v -6.012516 -10.36691 8.180617
v -7.278314 -10.36691 7.787313
v -7.278314 -10.36691 7.787313
v -6.012521 -11.6327 7.787312
v -6.012516 -10.36691 7.787313
v -7.27831 -11.6327 7.787312
v -6.012521 -11.6327 7.787312
v -6.012516 -10.36691 8.180617
v -6.012516 -10.36691 7.787313
v -6.012521 -11.6327 8.180617
v -7.278314 -10.36691 7.787313
v -7.27831 -11.6327 8.180617
v -7.27831 -11.6327 7.787312
v -7.278314 -10.36691 8.180617
v -6.291862 -8.747558 7.473193
v -6.645416 -8.482792 7.787313
v -6.645415 -8.601111 7.473193
v -6.208196 -8.663893 7.787313
v -6.645415 -8.601111 7.473193
v -7.082636 -8.663893 7.787313
v -6.998971 -8.747559 7.473193
v -6.645416 -8.482792 7.787313
v -6.998971 -8.747559 7.473193
v -7.263735 -9.101111 7.787313
v -7.145415 -9.101112 7.473192
v -7.082636 -8.663893 7.787313
v -7.145415 -9.101112 7.473192
v -7.082633 -9.53833 7.787313
v -6.998968 -9.454664 7.473192
v -7.263735 -9.101111 7.787313
v -6.998968 -9.454664 7.473192
v -6.645413 -9.719433 7.787313
v -6.645414 -9.601111 7.473192
v -7.082633 -9.53833 7.787313
v -6.645414 -9.601111 7.473192
v -6.208201 -9.53833 7.787313
v -6.291866 -9.454664 7.473192
v -6.645413 -9.719433 7.787313
v -6.291866 -9.454664 7.473192
v -6.027094 -9.10111 7.787313
v -6.145414 -9.101111 7.473192
v -6.208201 -9.53833 7.787313
v -6.145414 -9.101111 7.473192
v -6.208196 -8.663893 7.787313
v -6.291862 -8.747558 7.473193
v -6.027094 -9.10111 7.787313
v -6.291866 -9.454664 7.473192
v -6.145414 -9.101111 7.473192
v -6.291862 -8.747558 7.473193
v -6.645415 -8.601111 7.473193
v -6.645414 -9.601111 7.473192
v -6.998971 -8.747559 7.473193
v -6.998968 -9.454664 7.473192
v -7.145415 -9.101112 7.473192
v -7.278311 -9.73401 7.787313
v -6.012522 -9.734009 8.180618
v -6.012522 -9.734009 7.787313
v -7.278311 -9.73401 8.180618
v -7.278315 -8.468215 8.180619
v -6.012518 -8.468214 7.787313
v -6.012518 -8.468214 8.180619
v -7.278315 -8.468215 7.787313
v -7.278315 -8.468215 7.787313
v -6.012522 -9.734009 7.787313
v -6.012518 -8.468214 7.787313
v -7.278311 -9.73401 7.787313
v -6.012522 -9.734009 7.787313
v -6.012518 -8.468214 8.180619
v -6.012518 -8.468214 7.787313
v -6.012522 -9.734009 8.180618
v -7.278315 -8.468215 7.787313
v -7.278311 -9.73401 8.180618
v -7.278311 -9.73401 7.787313
v -7.278315 -8.468215 8.180619
v -6.291862 -6.848864 1.179914
v -6.645421 -6.715657 4.326554
v -6.645416 -6.702416 1.179914
v -6.301221 -6.858227 4.326553
v -6.645416 -6.774141 7.473193
v -6.342578 -6.899582 7.473193
v -6.998972 -6.848864 1.179914
v -7.132177 -7.202417 4.326553
v -7.145417 -7.202417 1.179914
v -6.989613 -6.858226 4.326553
v -7.073697 -7.202419 7.473193
v -6.948255 -6.89958 7.473193
v -7.145417 -7.202417 1.179914
v -6.98961 -7.54661 4.326553
v -6.998969 -7.555969 1.179914
v -7.132177 -7.202417 4.326553
v -6.948254 -7.505259 7.473193
v -7.073697 -7.202419 7.473193
v -6.998969 -7.555969 1.179914
v -6.645419 -7.68918 4.326553
v -6.645415 -7.702417 1.179914
v -6.98961 -7.54661 4.326553
v -6.645415 -7.630698 7.473193
v -6.948254 -7.505259 7.473193
v -6.645415 -7.702417 1.179914
v -6.301226 -7.546611 4.326553
v -6.291867 -7.55597 1.179914
v -6.645419 -7.68918 4.326553
v -6.342577 -7.505258 7.473193
v -6.645415 -7.630698 7.473193
v -6.291867 -7.55597 1.179914
v -6.158654 -7.202418 4.326553
v -6.145415 -7.202416 1.179914
v -6.301226 -7.546611 4.326553
v -6.217135 -7.20242 7.473193
v -6.342577 -7.505258 7.473193
v -6.145415 -7.202416 1.179914
v -6.301221 -6.858227 4.326553
v -6.291862 -6.848864 1.179914
v -6.158654 -7.202418 4.326553
v -6.342578 -6.899582 7.473193
v -6.217135 -7.20242 7.473193
v -6.291862 -6.848866 7.473193
v -6.645417 -6.5841 7.787314
v -6.645416 -6.70242 7.473193
v -6.208197 -6.765201 7.787314
v -6.645416 -6.70242 7.473193
v -7.082637 -6.765201 7.787314
v -6.998972 -6.848867 7.473193
v -6.645417 -6.5841 7.787314
v -6.998972 -6.848867 7.473193
v -7.263736 -7.20242 7.787314
v -7.145416 -7.202421 7.473193
v -7.082637 -6.765201 7.787314
v -7.145416 -7.202421 7.473193
v -7.082635 -7.639638 7.787313
v -6.998969 -7.555973 7.473193
v -7.263736 -7.20242 7.787314
v -6.998969 -7.555973 7.473193
v -6.645414 -7.820741 7.787313
v -6.645415 -7.702419 7.473193
v -7.082635 -7.639638 7.787313
v -6.645415 -7.702419 7.473193
v -6.208195 -7.639639 7.787313
v -6.291867 -7.555974 7.473193
v -6.645414 -7.820741 7.787313
v -6.291867 -7.555974 7.473193
v -6.027095 -7.202419 7.787314
v -6.145415 -7.20242 7.473193
v -6.208195 -7.639639 7.787313
v -6.145415 -7.20242 7.473193
v -6.208197 -6.765201 7.787314
v -6.291862 -6.848866 7.473193
v -6.027095 -7.202419 7.787314
v -6.291867 -7.555974 7.473193
v -6.145415 -7.20242 7.473193
v -6.291862 -6.848866 7.473193
v -6.645416 -6.70242 7.473193
v -6.645415 -7.702419 7.473193
v -6.998972 -6.848867 7.473193
v -6.998969 -7.555973 7.473193
v -7.145416 -7.202421 7.473193
v -7.278313 -7.835317 7.787313
v -6.012516 -7.835317 8.180619
v -6.012516 -7.835317 7.787313
v -7.278313 -7.835317 8.180619
v -7.278316 -6.569524 8.180619
v -6.012519 -6.569522 7.787314
v -6.012519 -6.569522 8.180619
v -7.278316 -6.569524 7.787314
v -7.278316 -6.569524 7.787314
v -6.012516 -7.835317 7.787313
v -6.012519 -6.569522 7.787314
v -7.278313 -7.835317 7.787313
v -6.012516 -7.835317 7.787313
v -6.012519 -6.569522 8.180619
v -6.012519 -6.569522 7.787314
v -6.012516 -7.835317 8.180619
v -7.278316 -6.569524 7.787314
v -7.278313 -7.835317 8.180619
v -7.278313 -7.835317 7.787313
v -7.278316 -6.569524 8.180619
v -6.291864 -4.950172 1.179915
v -6.645422 -4.816963 4.326554
v -6.645417 -4.803724 1.179915
v -6.301222 -4.959533 4.326554
v -6.645418 -4.87545 7.473194
v -6.342579 -5.00089 7.473194
v -6.998973 -4.950171 1.179915
v -7.132179 -5.303728 4.326554
v -7.145418 -5.303725 1.179915
v -6.989614 -4.959534 4.326554
v -7.073698 -5.303728 7.473193
v -6.948256 -5.000891 7.473194
v -7.145418 -5.303725 1.179915
v -6.989612 -5.64792 4.326554
v -6.998971 -5.657278 1.179915
v -7.132179 -5.303728 4.326554
v -6.948255 -5.606567 7.473193
v -7.073698 -5.303728 7.473193
v -6.998971 -5.657278 1.179915
v -6.64542 -5.790489 4.326554
v -6.645417 -5.803726 1.179915
v -6.989612 -5.64792 4.326554
v -6.645416 -5.732006 7.473193
v -6.948255 -5.606567 7.473193
v -6.645417 -5.803726 1.179915
v -6.301228 -5.64792 4.326554
v -6.291868 -5.657278 1.179915
v -6.64542 -5.790489 4.326554
v -6.342578 -5.606566 7.473193
v -6.645416 -5.732006 7.473193
v -6.291868 -5.657278 1.179915
v -6.158655 -5.303728 4.326554
v -6.145416 -5.303725 1.179915
v -6.301228 -5.64792 4.326554
v -6.217136 -5.303728 7.473193
v -6.342578 -5.606566 7.473193
v -6.145416 -5.303725 1.179915
v -6.301222 -4.959533 4.326554
v -6.291864 -4.950172 1.179915
v -6.158655 -5.303728 4.326554
v -6.342579 -5.00089 7.473194
v -6.217136 -5.303728 7.473193
v -6.291864 -4.950174 7.473194
v -6.645418 -4.685409 7.787314
v -6.645417 -4.803728 7.473194
v -6.208198 -4.866509 7.787314
v -6.645417 -4.803728 7.473194
v -7.082638 -4.866509 7.787314
v -6.998973 -4.950175 7.473194
v -6.645418 -4.685409 7.787314
v -6.998973 -4.950175 7.473194
v -7.263737 -5.30373 7.787314
v -7.145418 -5.303729 7.473193
v -7.082638 -4.866509 7.787314
v -7.145418 -5.303729 7.473193
v -7.082636 -5.740948 7.787314
v -6.99897 -5.657281 7.473193
v -7.263737 -5.30373 7.787314
v -6.99897 -5.657281 7.473193
v -6.645415 -5.922049 7.787314
v -6.645417 -5.803728 7.473193
v -7.082636 -5.740948 7.787314
v -6.645417 -5.803728 7.473193
v -6.208196 -5.740948 7.787314
v -6.291861 -5.657282 7.473193
v -6.645415 -5.922049 7.787314
v -6.291861 -5.657282 7.473193
v -6.027097 -5.303729 7.787314
v -6.145416 -5.303729 7.473193
v -6.208196 -5.740948 7.787314
v -6.145416 -5.303729 7.473193
v -6.208198 -4.866509 7.787314
v -6.291864 -4.950174 7.473194
v -6.027097 -5.303729 7.787314
v -6.291861 -5.657282 7.473193
v -6.145416 -5.303729 7.473193
v -6.291864 -4.950174 7.473194
v -6.645417 -4.803728 7.473194
v -6.645417 -5.803728 7.473193
v -6.998973 -4.950175 7.473194
v -6.99897 -5.657281 7.473193
v -7.145418 -5.303729 7.473193
v -7.278314 -5.936627 7.787314
v -6.012517 -5.936625 8.18062
v -6.012517 -5.936625 7.787314
v -7.278314 -5.936627 8.18062
v -7.278317 -4.670832 8.18062
v -6.01252 -4.67083 7.787314
v -6.01252 -4.67083 8.18062
v -7.278317 -4.670832 7.787314
v -7.278317 -4.670832 7.787314
v -6.012517 -5.936625 7.787314
v -6.01252 -4.67083 7.787314
v -7.278314 -5.936627 7.787314
v -6.012517 -5.936625 7.787314
v -6.01252 -4.67083 8.18062
v -6.01252 -4.67083 7.787314
v -6.012517 -5.936625 8.18062
v -7.278317 -4.670832 7.787314
v -7.278314 -5.936627 8.18062
v -7.278314 -5.936627 7.787314
v -7.278317 -4.670832 8.18062
v -6.291865 -3.051481 1.179916
v -6.645422 -2.918273 4.326555
v -6.645419 -2.905034 1.179916
v -6.301224 -3.060842 4.326555
v -6.645419 -2.976758 7.473195
v -6.34258 -3.102198 7.473195
v -6.998974 -3.05148 1.179916
v -7.13218 -3.405036 4.326555
v -7.145419 -3.405034 1.179916
v -6.989608 -3.060842 4.326555
v -7.073699 -3.405038 7.473195
v -6.948257 -3.102197 7.473195
v -7.145419 -3.405034 1.179916
v -6.989613 -3.749228 4.326555
v -6.998971 -3.758588 1.179916
v -7.13218 -3.405036 4.326555
v -6.948256 -3.707876 7.473195
v -7.073699 -3.405038 7.473195
v -6.998971 -3.758588 1.179916
v -6.645421 -3.891797 4.326554
v -6.645418 -3.905034 1.179916
v -6.989613 -3.749228 4.326555
v -6.645418 -3.833316 7.473195
v -6.948256 -3.707876 7.473195
v -6.645418 -3.905034 1.179916
v -6.301229 -3.749228 4.326555
v -6.291862 -3.758586 1.179916
v -6.645421 -3.891797 4.326554
v -6.342579 -3.707877 7.473195
v -6.645418 -3.833316 7.473195
v -6.291862 -3.758586 1.179916
v -6.158657 -3.405034 4.326555
v -6.145418 -3.405033 1.179916
v -6.301229 -3.749228 4.326555
v -6.217137 -3.405036 7.473195
v -6.342579 -3.707877 7.473195
v -6.145418 -3.405033 1.179916
v -6.301224 -3.060842 4.326555
v -6.291865 -3.051481 1.179916
v -6.158657 -3.405034 4.326555
v -6.34258 -3.102198 7.473195
v -6.217137 -3.405036 7.473195
v -6.291865 -3.051484 7.473195
v -6.64542 -2.786717 7.787316
v -6.645419 -2.905036 7.473195
v -6.208199 -2.967819 7.787315
v -6.645419 -2.905036 7.473195
v -7.082639 -2.96782 7.787315
v -6.998974 -3.051484 7.473195
v -6.64542 -2.786717 7.787316
v -6.998974 -3.051484 7.473195
v -7.263739 -3.405036 7.787315
v -7.145419 -3.405037 7.473195
v -7.082639 -2.96782 7.787315
v -7.145419 -3.405037 7.473195
v -7.082637 -3.842254 7.787315
v -6.998971 -3.758591 7.473195
v -7.263739 -3.405036 7.787315
v -6.998971 -3.758591 7.473195
v -6.645417 -4.023357 7.787315
v -6.645418 -3.905038 7.473195
v -7.082637 -3.842254 7.787315
v -6.645418 -3.905038 7.473195
v -6.208197 -3.842256 7.787315
v -6.291862 -3.75859 7.473195
v -6.645417 -4.023357 7.787315
v -6.291862 -3.75859 7.473195
v -6.027098 -3.405037 7.787315
v -6.145417 -3.405037 7.473195
v -6.208197 -3.842256 7.787315
v -6.145417 -3.405037 7.473195
v -6.208199 -2.967819 7.787315
v -6.291865 -3.051484 7.473195
v -6.027098 -3.405037 7.787315
v -6.291862 -3.75859 7.473195
v -6.145417 -3.405037 7.473195
v -6.291865 -3.051484 7.473195
v -6.645419 -2.905036 7.473195
v -6.645418 -3.905038 7.473195
v -6.998974 -3.051484 7.473195
v -6.998971 -3.758591 7.473195
v -7.145419 -3.405037 7.473195
v -7.278315 -4.037933 7.787315
v -6.012518 -4.037934 8.180621
v -6.012518 -4.037934 7.787315
v -7.278315 -4.037935 8.180621
v -7.278318 -2.77214 8.180621
v -6.012521 -2.772141 7.787316
v -6.012521 -2.772141 8.180621
v -7.278318 -2.77214 7.787316
v -7.278318 -2.77214 7.787316
v -6.012518 -4.037934 7.787315
v -6.012521 -2.772141 7.787316
v -7.278315 -4.037933 7.787315
v -6.012518 -4.037934 7.787315
v -6.012521 -2.772141 8.180621
v -6.012521 -2.772141 7.787316
v -6.012518 -4.037934 8.180621
v -7.278318 -2.77214 7.787316
v -7.278315 -4.037935 8.180621
v -7.278315 -4.037933 7.787315
v -7.278318 -2.77214 8.180621
v -7.278316 -2.139244 7.787316
v -6.012519 -2.139242 8.180621
v -6.012519 -2.139242 7.787316
v -7.278316 -2.139244 8.180621
v -7.278319 -0.8734485 8.180621
v -6.012522 -0.8734489 7.787316
v -6.012522 -0.8734489 8.180621
v -7.278319 -0.8734485 7.787316
v -7.278319 -0.8734485 7.787316
v -6.012519 -2.139242 7.787316
v -6.012522 -0.8734489 7.787316
v -7.278316 -2.139244 7.787316
v -6.012519 -2.139242 7.787316
v -6.012522 -0.8734489 8.180621
v -6.012522 -0.8734489 7.787316
v -6.012519 -2.139242 8.180621
v -7.278319 -0.8734485 7.787316
v -7.278316 -2.139244 8.180621
v -7.278316 -2.139244 7.787316
v -7.278319 -0.8734485 8.180621
v -6.291868 2.644591 7.473197
v -6.645423 2.909359 7.787317
v -6.645422 2.791037 7.473197
v -6.208202 2.728256 7.787317
v -6.645422 2.791037 7.473197
v -7.082635 2.728256 7.787317
v -6.998971 2.644591 7.473197
v -6.645423 2.909359 7.787317
v -6.998971 2.644591 7.473197
v -7.263742 2.291037 7.787317
v -7.145422 2.291038 7.473197
v -7.082635 2.728256 7.787317
v -7.145422 2.291038 7.473197
v -7.082641 1.853819 7.787318
v -6.998975 1.937484 7.473197
v -7.263742 2.291037 7.787317
v -6.998975 1.937484 7.473197
v -6.64542 1.672718 7.787317
v -6.645422 1.791037 7.473197
v -7.082641 1.853819 7.787318
v -6.645422 1.791037 7.473197
v -6.2082 1.853819 7.787318
v -6.291865 1.937485 7.473197
v -6.64542 1.672718 7.787317
v -6.291865 1.937485 7.473197
v -6.027102 2.291038 7.787317
v -6.145421 2.291039 7.473197
v -6.2082 1.853819 7.787318
v -6.145421 2.291039 7.473197
v -6.208202 2.728256 7.787317
v -6.291868 2.644591 7.473197
v -6.027102 2.291038 7.787317
v -6.291865 1.937485 7.473197
v -6.145421 2.291039 7.473197
v -6.291868 2.644591 7.473197
v -6.645422 2.791037 7.473197
v -6.645422 1.791037 7.473197
v -6.998971 2.644591 7.473197
v -6.998975 1.937484 7.473197
v -7.145422 2.291038 7.473197
v -7.278318 1.65814 7.787317
v -6.012521 1.658141 8.180623
v -6.012521 1.658141 7.787317
v -7.278318 1.65814 8.180623
v -7.278314 2.923933 8.180623
v -6.012525 2.923934 7.787317
v -6.012525 2.923934 8.180623
v -7.278314 2.923935 7.787317
v -7.278314 2.923935 7.787317
v -6.012521 1.658141 7.787317
v -6.012525 2.923934 7.787317
v -7.278318 1.65814 7.787317
v -6.012521 1.658141 7.787317
v -6.012525 2.923934 8.180623
v -6.012525 2.923934 7.787317
v -6.012521 1.658141 8.180623
v -7.278314 2.923935 7.787317
v -7.278318 1.65814 8.180623
v -7.278318 1.65814 7.787317
v -7.278314 2.923933 8.180623
v -6.29187 4.543286 1.179919
v -6.64542 4.676492 4.326558
v -6.645423 4.689733 1.179919
v -6.301228 4.533923 4.326558
v -6.645423 4.618009 7.473198
v -6.342585 4.492568 7.473198
v -6.998971 4.543287 1.179919
v -7.132185 4.189731 4.326558
v -7.145423 4.189734 1.179919
v -6.989613 4.533925 4.326558
v -7.073696 4.189729 7.473198
v -6.948261 4.492568 7.473198
v -7.145423 4.189734 1.179919
v -6.98961 3.845538 4.326558
v -6.998976 3.836179 1.179919
v -7.132185 4.189731 4.326558
v -6.948261 3.886889 7.473197
v -7.073696 4.189729 7.473198
v -6.998976 3.836179 1.179919
v -6.645418 3.70297 4.326558
v -6.645422 3.689733 1.179919
v -6.98961 3.845538 4.326558
v -6.645422 3.761451 7.473197
v -6.948261 3.886889 7.473197
v -6.645422 3.689733 1.179919
v -6.301226 3.845537 4.326558
v -6.291866 3.836179 1.179919
v -6.645418 3.70297 4.326558
v -6.342584 3.88689 7.473197
v -6.645422 3.761451 7.473197
v -6.291866 3.836179 1.179919
v -6.158661 4.189731 4.326558
v -6.145422 4.189732 1.179919
v -6.301226 3.845537 4.326558
v -6.217142 4.189731 7.473198
v -6.342584 3.88689 7.473197
v -6.145422 4.189732 1.179919
v -6.301228 4.533923 4.326558
v -6.29187 4.543286 1.179919
v -6.158661 4.189731 4.326558
v -6.342585 4.492568 7.473198
v -6.217142 4.189731 7.473198
v -6.29187 4.543283 7.473198
v -6.645417 4.80805 7.787318
v -6.645423 4.689729 7.473198
v -6.208204 4.626947 7.787318
v -6.645423 4.689729 7.473198
v -7.082636 4.626947 7.787318
v -6.998971 4.543283 7.473198
v -6.645417 4.80805 7.787318
v -6.998971 4.543283 7.473198
v -7.263743 4.189728 7.787318
v -7.145423 4.18973 7.473198
v -7.082636 4.626947 7.787318
v -7.145423 4.18973 7.473198
v -7.082642 3.752511 7.787318
v -6.998976 3.836175 7.473197
v -7.263743 4.189728 7.787318
v -6.998976 3.836175 7.473197
v -6.645422 3.571409 7.787318
v -6.645422 3.689729 7.473197
v -7.082642 3.752511 7.787318
v -6.645422 3.689729 7.473197
v -6.208201 3.752511 7.787318
v -6.291866 3.836177 7.473197
v -6.645422 3.571409 7.787318
v -6.291866 3.836177 7.473197
v -6.027102 4.189729 7.787318
v -6.145422 4.18973 7.473198
v -6.208201 3.752511 7.787318
v -6.145422 4.18973 7.473198
v -6.208204 4.626947 7.787318
v -6.29187 4.543283 7.473198
v -6.027102 4.189729 7.787318
v -6.291866 3.836177 7.473197
v -6.145422 4.18973 7.473198
v -6.29187 4.543283 7.473198
v -6.645423 4.689729 7.473198
v -6.645422 3.689729 7.473197
v -6.998971 4.543283 7.473198
v -6.998976 3.836175 7.473197
v -7.145423 4.18973 7.473198
v -7.27832 3.556832 7.787318
v -6.012523 3.556833 8.180624
v -6.012523 3.556833 7.787318
v -7.27832 3.556832 8.180624
v -7.278316 4.822625 8.180624
v -6.012526 4.822626 7.787318
v -6.012526 4.822626 8.180624
v -7.278316 4.822625 7.787318
v -7.278316 4.822625 7.787318
v -6.012523 3.556833 7.787318
v -6.012526 4.822626 7.787318
v -7.27832 3.556832 7.787318
v -6.012523 3.556833 7.787318
v -6.012526 4.822626 8.180624
v -6.012526 4.822626 7.787318
v -6.012523 3.556833 8.180624
v -7.278316 4.822625 7.787318
v -7.27832 3.556832 8.180624
v -7.27832 3.556832 7.787318
v -7.278316 4.822625 8.180624
v -6.291872 8.34067 1.17992
v -6.645422 8.473875 4.32656
v -6.645425 8.487114 1.179921
v -6.30123 8.331306 4.32656
v -6.645418 8.41539 7.473199
v -6.34258 8.289952 7.473199
v -6.998974 8.340667 1.17992
v -7.132187 7.987113 4.32656
v -7.145426 7.987113 1.17992
v -6.989615 8.331307 4.32656
v -7.073699 7.987113 7.473199
v -6.948264 8.289951 7.473199
v -7.145426 7.987113 1.17992
v -6.989612 7.64292 4.326559
v -6.998979 7.633564 1.17992
v -7.132187 7.987113 4.32656
v -6.948263 7.684275 7.473199
v -7.073699 7.987113 7.473199
v -6.998979 7.633564 1.17992
v -6.645421 7.500351 4.326559
v -6.645425 7.487116 1.17992
v -6.989612 7.64292 4.326559
v -6.645424 7.558832 7.473199
v -6.948263 7.684275 7.473199
v -6.645425 7.487116 1.17992
v -6.301228 7.642922 4.326559
v -6.291869 7.633564 1.17992
v -6.645421 7.500351 4.326559
v -6.342587 7.684272 7.473199
v -6.645424 7.558832 7.473199
v -6.291869 7.633564 1.17992
v -6.158664 7.987114 4.32656
v -6.145424 7.987113 1.17992
v -6.301228 7.642922 4.326559
v -6.217144 7.987114 7.473199
v -6.342587 7.684272 7.473199
v -6.145424 7.987113 1.17992
v -6.30123 8.331306 4.32656
v -6.291872 8.34067 1.17992
v -6.158664 7.987114 4.32656
v -6.34258 8.289952 7.473199
v -6.217144 7.987114 7.473199
v -6.291872 8.340666 7.473199
v -6.645419 8.605433 7.78732
v -6.645418 8.487114 7.473199
v -6.208206 8.424331 7.78732
v -6.645418 8.487114 7.473199
v -7.082639 8.424333 7.78732
v -6.998974 8.340667 7.473199
v -6.645419 8.605433 7.78732
v -6.998974 8.340667 7.473199
v -7.263745 7.987112 7.78732
v -7.145418 7.987113 7.473199
v -7.082639 8.424333 7.78732
v -7.145418 7.987113 7.473199
v -7.082637 7.549892 7.787319
v -6.998979 7.633561 7.473199
v -7.263745 7.987112 7.78732
v -6.998979 7.633561 7.473199
v -6.645424 7.368793 7.787319
v -6.645417 7.487113 7.473199
v -7.082637 7.549892 7.787319
v -6.645417 7.487113 7.473199
v -6.208204 7.549894 7.787319
v -6.291869 7.63356 7.473199
v -6.645424 7.368793 7.787319
v -6.291869 7.63356 7.473199
v -6.027105 7.987111 7.78732
v -6.145424 7.987113 7.473199
v -6.208204 7.549894 7.787319
v -6.145424 7.987113 7.473199
v -6.208206 8.424331 7.78732
v -6.291872 8.340666 7.473199
v -6.027105 7.987111 7.78732
v -6.291869 7.63356 7.473199
v -6.145424 7.987113 7.473199
v -6.291872 8.340666 7.473199
v -6.645418 8.487114 7.473199
v -6.645417 7.487113 7.473199
v -6.998974 8.340667 7.473199
v -6.998979 7.633561 7.473199
v -7.145418 7.987113 7.473199
v -7.278322 7.354213 7.787319
v -6.012525 7.354213 8.180625
v -6.012525 7.354213 7.787319
v -7.278322 7.354213 8.180625
v -7.278318 8.62001 8.180625
v -6.012521 8.620009 7.78732
v -6.012521 8.620009 8.180625
v -7.278318 8.62001 7.78732
v -7.278318 8.62001 7.78732
v -6.012525 7.354213 7.787319
v -6.012521 8.620009 7.78732
v -7.278322 7.354213 7.787319
v -6.012525 7.354213 7.787319
v -6.012521 8.620009 8.180625
v -6.012521 8.620009 7.78732
v -6.012525 7.354213 8.180625
v -7.278318 8.62001 7.78732
v -7.278322 7.354213 8.180625
v -7.278322 7.354213 7.787319
v -7.278318 8.62001 8.180625
v -6.291867 12.13805 1.179922
v -6.645424 12.27126 4.326561
v -6.64542 12.2845 1.179922
v -6.301233 12.12869 4.326561
v -6.645421 12.21277 7.473201
v -6.342582 12.08734 7.473201
v -6.998976 12.13805 1.179922
v -7.132182 11.7845 4.326561
v -7.145421 11.7845 1.179922
v -6.989617 12.12869 4.326561
v -7.073701 11.7845 7.473201
v -6.948258 12.08733 7.473201
v -7.145421 11.7845 1.179922
v -6.989614 11.4403 4.326561
v -6.998981 11.43094 1.179922
v -7.132182 11.7845 4.326561
v -6.948257 11.48165 7.473201
v -7.073701 11.7845 7.473201
v -6.998981 11.43094 1.179922
v -6.645423 11.29774 4.32656
v -6.64542 11.2845 1.179922
v -6.989614 11.4403 4.326561
v -6.645419 11.35622 7.473201
v -6.948257 11.48165 7.473201
v -6.64542 11.2845 1.179922
v -6.30123 11.44031 4.326561
v -6.291871 11.43094 1.179922
v -6.645423 11.29774 4.32656
v -6.342581 11.48166 7.473201
v -6.645419 11.35622 7.473201
v -6.291871 11.43094 1.179922
v -6.158659 11.7845 4.326561
v -6.145427 11.7845 1.179922
v -6.30123 11.44031 4.326561
v -6.217146 11.7845 7.473201
v -6.342581 11.48166 7.473201
v -6.145427 11.7845 1.179922
v -6.301233 12.12869 4.326561
v -6.291867 12.13805 1.179922
v -6.158659 11.7845 4.326561
v -6.342582 12.08734 7.473201
v -6.217146 11.7845 7.473201
v -6.291867 12.13805 7.473201
v -6.645422 12.40282 7.787322
v -6.64542 12.2845 7.473201
v -6.208201 12.22171 7.787321
v -6.64542 12.2845 7.473201
v -7.082641 12.22172 7.787321
v -6.998976 12.13805 7.473201
v -6.645422 12.40282 7.787322
v -6.998976 12.13805 7.473201
v -7.26374 11.7845 7.787321
v -7.145421 11.7845 7.473201
v -7.082641 12.22172 7.787321
v -7.145421 11.7845 7.473201
v -7.082639 11.34728 7.787321
v -6.998973 11.43094 7.473201
v -7.26374 11.7845 7.787321
v -6.998973 11.43094 7.473201
v -6.645419 11.16618 7.787321
v -6.64542 11.2845 7.473201
v -7.082639 11.34728 7.787321
v -6.64542 11.2845 7.473201
v -6.208206 11.34728 7.787321
v -6.291871 11.43094 7.473201
v -6.645419 11.16618 7.787321
v -6.291871 11.43094 7.473201
v -6.0271 11.7845 7.787321
v -6.145419 11.7845 7.473201
v -6.208206 11.34728 7.787321
v -6.145419 11.7845 7.473201
v -6.208201 12.22171 7.787321
v -6.291867 12.13805 7.473201
v -6.0271 11.7845 7.787321
v -6.291871 11.43094 7.473201
v -6.145419 11.7845 7.473201
v -6.291867 12.13805 7.473201
v -6.64542 12.2845 7.473201
v -6.64542 11.2845 7.473201
v -6.998976 12.13805 7.473201
v -6.998973 11.43094 7.473201
v -7.145421 11.7845 7.473201
v -7.278316 11.1516 7.787321
v -6.012527 11.1516 8.180627
v -6.012527 11.1516 7.787321
v -7.278316 11.1516 8.180627
v -7.27832 12.41739 8.180627
v -6.012523 12.41739 7.787322
v -6.012523 12.41739 8.180627
v -7.27832 12.41739 7.787322
v -7.27832 12.41739 7.787322
v -6.012527 11.1516 7.787321
v -6.012523 12.41739 7.787322
v -7.278316 11.1516 7.787321
v -6.012527 11.1516 7.787321
v -6.012523 12.41739 8.180627
v -6.012523 12.41739 7.787322
v -6.012527 11.1516 8.180627
v -7.27832 12.41739 7.787322
v -7.278316 11.1516 8.180627
v -7.278316 11.1516 7.787321
v -7.27832 12.41739 8.180627
v -6.291868 14.03674 1.179923
v -6.645426 14.16995 4.326561
v -6.645422 14.18319 1.179923
v -6.301234 14.02738 4.326561
v -6.645422 14.11147 7.473201
v -6.342583 13.98603 7.473202
v -6.998978 14.03674 1.179923
v -7.132183 13.68319 4.326562
v -7.145422 13.68319 1.179922
v -6.989618 14.02738 4.326561
v -7.073702 13.68319 7.473202
v -6.94826 13.98603 7.473202
v -7.145422 13.68319 1.179922
v -6.989616 13.33899 4.326562
v -6.998974 13.32964 1.179922
v -7.132183 13.68319 4.326562
v -6.948259 13.38035 7.473201
v -7.073702 13.68319 7.473202
v -6.998974 13.32964 1.179922
v -6.645424 13.19643 4.326562
v -6.645421 13.18319 1.179922
v -6.989616 13.33899 4.326562
v -6.645421 13.25491 7.473201
v -6.948259 13.38035 7.473201
v -6.645421 13.18319 1.179922
v -6.301231 13.339 4.326562
v -6.291873 13.32963 1.179922
v -6.645424 13.19643 4.326562
v -6.342582 13.38035 7.473201
v -6.645421 13.25491 7.473201
v -6.291873 13.32963 1.179922
v -6.158659 13.68319 4.326562
v -6.145421 13.68319 1.179922
v -6.301231 13.339 4.326562
v -6.217148 13.68319 7.473202
v -6.342582 13.38035 7.473201
v -6.145421 13.68319 1.179922
v -6.301234 14.02738 4.326561
v -6.291868 14.03674 1.179923
v -6.158659 13.68319 4.326562
v -6.342583 13.98603 7.473202
v -6.217148 13.68319 7.473202
v -6.291868 14.03674 7.473201
v -6.645422 14.30151 7.787322
v -6.645422 14.18319 7.473201
v -6.208202 14.12041 7.787322
v -6.645422 14.18319 7.473201
v -7.082643 14.12041 7.787322
v -6.998977 14.03674 7.473201
v -6.645422 14.30151 7.787322
v -6.998977 14.03674 7.473201
v -7.263741 13.68319 7.787323
v -7.145422 13.68319 7.473202
v -7.082643 14.12041 7.787322
v -7.145422 13.68319 7.473202
v -7.08264 13.24597 7.787322
v -6.998974 13.32963 7.473201
v -7.263741 13.68319 7.787323
v -6.998974 13.32963 7.473201
v -6.64542 13.06487 7.787322
v -6.645421 13.18319 7.473201
v -7.08264 13.24597 7.787322
v -6.645421 13.18319 7.473201
v -6.208208 13.24597 7.787322
v -6.291873 13.32963 7.473201
v -6.64542 13.06487 7.787322
v -6.291873 13.32963 7.473201
v -6.027101 13.68319 7.787323
v -6.145421 13.68319 7.473202
v -6.208208 13.24597 7.787322
v -6.145421 13.68319 7.473202
v -6.208202 14.12041 7.787322
v -6.291868 14.03674 7.473201
v -6.027101 13.68319 7.787323
v -6.291873 13.32963 7.473201
v -6.145421 13.68319 7.473202
v -6.291868 14.03674 7.473201
v -6.645422 14.18319 7.473201
v -6.645421 13.18319 7.473201
v -6.998977 14.03674 7.473201
v -6.998974 13.32963 7.473201
v -7.145422 13.68319 7.473202
v -7.278318 13.05029 7.787322
v -6.012528 13.05029 8.180627
v -6.012528 13.05029 7.787322
v -7.278318 13.05029 8.180627
v -7.278321 14.31608 8.180628
v -6.012524 14.31608 7.787322
v -6.012524 14.31608 8.180628
v -7.278321 14.31608 7.787322
v -7.278321 14.31608 7.787322
v -6.012528 13.05029 7.787322
v -6.012524 14.31608 7.787322
v -7.278318 13.05029 7.787322
v -6.012528 13.05029 7.787322
v -6.012524 14.31608 8.180628
v -6.012524 14.31608 7.787322
v -6.012528 13.05029 8.180627
v -7.278321 14.31608 7.787322
v -7.278318 13.05029 8.180627
v -7.278318 13.05029 7.787322
v -7.278321 14.31608 8.180628
v -6.291867 0.745899 7.473197
v -6.645422 1.010667 7.787317
v -6.645421 0.8923452 7.473197
v -6.208201 0.8295639 7.787317
v -6.645421 0.8923452 7.473197
v -7.082642 0.8295636 7.787317
v -6.998977 0.7458996 7.473197
v -6.645422 1.010667 7.787317
v -6.998977 0.7458996 7.473197
v -7.263741 0.392345 7.787316
v -7.145421 0.3923461 7.473196
v -7.082642 0.8295636 7.787317
v -7.145421 0.3923461 7.473196
v -7.08264 -0.04487295 7.787316
v -6.998974 0.03879196 7.473196
v -7.263741 0.392345 7.787316
v -6.998974 0.03879196 7.473196
v -6.645419 -0.2259739 7.787316
v -6.64542 -0.1076543 7.473196
v -7.08264 -0.04487295 7.787316
v -6.64542 -0.1076543 7.473196
v -6.208199 -0.04487266 7.787316
v -6.291864 0.0387932 7.473196
v -6.645419 -0.2259739 7.787316
v -6.291864 0.0387932 7.473196
v -6.0271 0.3923459 7.787316
v -6.14542 0.3923467 7.473196
v -6.208199 -0.04487266 7.787316
v -6.14542 0.3923467 7.473196
v -6.208201 0.8295639 7.787317
v -6.291867 0.745899 7.473197
v -6.0271 0.3923459 7.787316
v -6.291864 0.0387932 7.473196
v -6.14542 0.3923467 7.473196
v -6.291867 0.745899 7.473197
v -6.645421 0.8923452 7.473197
v -6.64542 -0.1076543 7.473196
v -6.998977 0.7458996 7.473197
v -6.998974 0.03879196 7.473196
v -7.145421 0.3923461 7.473196
v -7.278317 -0.2405519 7.787316
v -6.01252 -0.2405504 8.180622
v -6.01252 -0.2405504 7.787316
v -7.278317 -0.2405519 8.180622
v -7.278321 1.025241 8.180623
v -6.012524 1.025243 7.787317
v -6.012524 1.025243 8.180623
v -7.278321 1.025243 7.787317
v -7.278321 1.025243 7.787317
v -6.01252 -0.2405504 7.787316
v -6.012524 1.025243 7.787317
v -7.278317 -0.2405519 7.787316
v -6.01252 -0.2405504 7.787316
v -6.012524 1.025243 8.180623
v -6.012524 1.025243 7.787317
v -6.01252 -0.2405504 8.180622
v -7.278321 1.025243 7.787317
v -7.278317 -0.2405519 8.180622
v -7.278317 -0.2405519 7.787316
v -7.278321 1.025241 8.180623
v 6.998974 -10.64624 1.179913
v 6.645424 -10.51303 4.326552
v 6.645421 -10.4998 1.179913
v 6.989615 -10.6556 4.326552
v 6.64542 -10.57152 7.473192
v 6.948267 -10.69696 7.473192
v 6.291872 -10.64624 1.179913
v 6.158659 -10.9998 4.326552
v 6.14542 -10.9998 1.179913
v 6.301231 -10.6556 4.326552
v 6.217147 -10.9998 7.473192
v 6.342582 -10.69696 7.473192
v 6.14542 -10.9998 1.179913
v 6.301234 -11.34399 4.326552
v 6.291868 -11.35335 1.179913
v 6.158659 -10.9998 4.326552
v 6.342583 -11.30264 7.473191
v 6.217147 -10.9998 7.473192
v 6.291868 -11.35335 1.179913
v 6.645425 -11.48656 4.326551
v 6.645421 -11.49979 1.179912
v 6.301234 -11.34399 4.326552
v 6.645422 -11.42808 7.473191
v 6.342583 -11.30264 7.473191
v 6.645421 -11.49979 1.179912
v 6.989618 -11.34399 4.326552
v 6.998977 -11.35335 1.179913
v 6.645425 -11.48656 4.326551
v 6.948259 -11.30264 7.473191
v 6.645422 -11.42808 7.473191
v 6.998977 -11.35335 1.179913
v 7.132183 -10.9998 4.326552
v 7.145422 -10.99979 1.179913
v 6.989618 -11.34399 4.326552
v 7.073702 -10.9998 7.473192
v 6.948259 -11.30264 7.473191
v 7.145422 -10.99979 1.179913
v 6.989615 -10.6556 4.326552
v 6.998974 -10.64624 1.179913
v 7.132183 -10.9998 4.326552
v 6.948267 -10.69696 7.473192
v 7.073702 -10.9998 7.473192
v 6.998974 -10.64624 7.473192
v 6.645427 -10.38148 7.787313
v 6.645421 -10.4998 7.473192
v 7.08264 -10.56258 7.787313
v 6.645421 -10.4998 7.473192
v 6.208207 -10.56258 7.787313
v 6.291872 -10.64624 7.473192
v 6.645427 -10.38148 7.787313
v 6.291872 -10.64624 7.473192
v 6.027101 -10.9998 7.787313
v 6.145428 -10.9998 7.473192
v 6.208207 -10.56258 7.787313
v 6.145428 -10.9998 7.473192
v 6.208202 -11.43702 7.787312
v 6.291868 -11.35335 7.473191
v 6.027101 -10.9998 7.787313
v 6.291868 -11.35335 7.473191
v 6.645422 -11.61812 7.787312
v 6.645421 -11.4998 7.473191
v 6.208202 -11.43702 7.787312
v 6.645421 -11.4998 7.473191
v 7.082642 -11.43702 7.787312
v 6.998977 -11.35335 7.473191
v 6.645422 -11.61812 7.787312
v 6.998977 -11.35335 7.473191
v 7.263741 -10.9998 7.787313
v 7.145422 -10.9998 7.473192
v 7.082642 -11.43702 7.787312
v 7.145422 -10.9998 7.473192
v 7.08264 -10.56258 7.787313
v 6.998974 -10.64624 7.473192
v 7.263741 -10.9998 7.787313
v 6.998977 -11.35335 7.473191
v 7.145422 -10.9998 7.473192
v 6.998974 -10.64624 7.473192
v 6.645421 -10.4998 7.473192
v 6.645421 -11.4998 7.473191
v 6.291872 -10.64624 7.473192
v 6.291868 -11.35335 7.473191
v 6.145428 -10.9998 7.473192
v 6.012524 -11.6327 7.787312
v 7.278321 -11.63269 8.180617
v 7.278321 -11.63269 7.787312
v 6.012524 -11.6327 8.180617
v 6.012528 -10.3669 8.180617
v 7.278326 -10.3669 7.787313
v 7.278326 -10.3669 8.180617
v 6.012528 -10.3669 7.787313
v 6.012528 -10.3669 7.787313
v 7.278321 -11.63269 7.787312
v 7.278326 -10.3669 7.787313
v 6.012524 -11.6327 7.787312
v 7.278321 -11.63269 7.787312
v 7.278326 -10.3669 8.180617
v 7.278326 -10.3669 7.787313
v 7.278321 -11.63269 8.180617
v 6.012528 -10.3669 7.787313
v 6.012524 -11.6327 8.180617
v 6.012524 -11.6327 7.787312
v 6.012528 -10.3669 8.180617
v 6.998973 -8.747549 1.179914
v 6.645423 -8.614343 4.326552
v 6.645419 -8.601103 1.179914
v 6.989614 -8.756912 4.326552
v 6.645427 -8.672827 7.473193
v 6.948265 -8.798267 7.473192
v 6.291871 -8.747551 1.179914
v 6.158658 -9.101105 4.326552
v 6.145419 -9.101104 1.179913
v 6.30123 -8.756913 4.326552
v 6.217146 -9.101107 7.473192
v 6.342589 -8.798266 7.473192
v 6.145419 -9.101104 1.179913
v 6.301233 -9.445298 4.326552
v 6.291866 -9.454657 1.179913
v 6.158658 -9.101105 4.326552
v 6.342582 -9.403945 7.473192
v 6.217146 -9.101107 7.473192
v 6.291866 -9.454657 1.179913
v 6.645424 -9.587868 4.326552
v 6.64542 -9.601104 1.179913
v 6.301233 -9.445298 4.326552
v 6.64542 -9.529385 7.473192
v 6.342582 -9.403945 7.473192
v 6.64542 -9.601104 1.179913
v 6.989617 -9.445297 4.326552
v 6.998976 -9.454657 1.179913
v 6.645424 -9.587868 4.326552
v 6.948266 -9.403944 7.473192
v 6.64542 -9.529385 7.473192
v 6.998976 -9.454657 1.179913
v 7.132189 -9.101104 4.326552
v 7.145421 -9.101103 1.179913
v 6.989617 -9.445297 4.326552
v 7.073701 -9.101107 7.473192
v 6.948266 -9.403944 7.473192
v 7.145421 -9.101103 1.179913
v 6.989614 -8.756912 4.326552
v 6.998973 -8.747549 1.179914
v 7.132189 -9.101104 4.326552
v 6.948265 -8.798267 7.473192
v 7.073701 -9.101107 7.473192
v 6.998981 -8.747551 7.473193
v 6.645426 -8.482787 7.787313
v 6.64542 -8.601107 7.473193
v 7.082639 -8.663888 7.787313
v 6.64542 -8.601107 7.473193
v 6.208206 -8.663889 7.787313
v 6.291871 -8.747553 7.473193
v 6.645426 -8.482787 7.787313
v 6.291871 -8.747553 7.473193
v 6.027107 -9.101108 7.787313
v 6.145427 -9.101107 7.473192
v 6.208206 -8.663889 7.787313
v 6.145427 -9.101107 7.473192
v 6.208208 -9.538326 7.787313
v 6.291874 -9.454659 7.473192
v 6.027107 -9.101108 7.787313
v 6.291874 -9.454659 7.473192
v 6.645421 -9.719428 7.787313
v 6.64542 -9.601108 7.473192
v 6.208208 -9.538326 7.787313
v 6.64542 -9.601108 7.473192
v 7.082641 -9.538326 7.787313
v 6.998976 -9.454659 7.473192
v 6.645421 -9.719428 7.787313
v 6.998976 -9.454659 7.473192
v 7.263748 -9.101107 7.787313
v 7.145421 -9.101107 7.473192
v 7.082641 -9.538326 7.787313
v 7.145421 -9.101107 7.473192
v 7.082639 -8.663888 7.787313
v 6.998981 -8.747551 7.473193
v 7.263748 -9.101107 7.787313
v 6.998976 -9.454659 7.473192
v 7.145421 -9.101107 7.473192
v 6.998981 -8.747551 7.473193
v 6.64542 -8.601107 7.473193
v 6.64542 -9.601108 7.473192
v 6.291871 -8.747553 7.473193
v 6.291874 -9.454659 7.473192
v 6.145427 -9.101107 7.473192
v 6.012523 -9.734004 7.787313
v 7.27832 -9.734004 8.180618
v 7.27832 -9.734004 7.787313
v 6.012523 -9.734004 8.180618
v 6.012527 -8.468209 8.180619
v 7.278324 -8.468207 7.787313
v 7.278324 -8.468207 8.180619
v 6.012527 -8.468209 7.787313
v 6.012527 -8.468209 7.787313
v 7.27832 -9.734004 7.787313
v 7.278324 -8.468207 7.787313
v 6.012523 -9.734004 7.787313
v 7.27832 -9.734004 7.787313
v 7.278324 -8.468207 8.180619
v 7.278324 -8.468207 7.787313
v 7.27832 -9.734004 8.180618
v 6.012527 -8.468209 7.787313
v 6.012523 -9.734004 8.180618
v 6.012523 -9.734004 7.787313
v 6.012527 -8.468209 8.180619
v 6.99898 -6.848862 7.473193
v 6.645425 -6.584095 7.787314
v 6.645426 -6.702415 7.473193
v 7.082645 -6.765197 7.787314
v 6.645426 -6.702415 7.473193
v 6.208205 -6.765197 7.787314
v 6.29187 -6.848863 7.473193
v 6.645425 -6.584095 7.787314
v 6.29187 -6.848863 7.473193
v 6.027106 -7.202415 7.787314
v 6.145425 -7.202415 7.473193
v 6.208205 -6.765197 7.787314
v 6.145425 -7.202415 7.473193
v 6.208207 -7.639633 7.787313
v 6.291873 -7.555968 7.473193
v 6.027106 -7.202415 7.787314
v 6.291873 -7.555968 7.473193
v 6.64542 -7.820736 7.787313
v 6.645426 -7.702415 7.473193
v 6.208207 -7.639633 7.787313
v 6.645426 -7.702415 7.473193
v 7.08264 -7.639635 7.787313
v 6.998975 -7.555969 7.473193
v 6.64542 -7.820736 7.787313
v 6.998975 -7.555969 7.473193
v 7.263746 -7.202415 7.787314
v 7.145427 -7.202415 7.473193
v 7.08264 -7.639635 7.787313
v 7.145427 -7.202415 7.473193
v 7.082645 -6.765197 7.787314
v 6.99898 -6.848862 7.473193
v 7.263746 -7.202415 7.787314
v 6.998975 -7.555969 7.473193
v 7.145427 -7.202415 7.473193
v 6.99898 -6.848862 7.473193
v 6.645426 -6.702415 7.473193
v 6.645426 -7.702415 7.473193
v 6.29187 -6.848863 7.473193
v 6.291873 -7.555968 7.473193
v 6.145425 -7.202415 7.473193
v 6.012529 -7.835312 7.787313
v 7.278319 -7.835313 8.180619
v 7.278319 -7.835313 7.787313
v 6.012529 -7.835312 8.180619
v 6.012526 -6.569519 8.180619
v 7.278323 -6.569518 7.787314
v 7.278323 -6.569518 8.180619
v 6.012526 -6.569519 7.787314
v 6.012526 -6.569519 7.787314
v 7.278319 -7.835313 7.787313
v 7.278323 -6.569518 7.787314
v 6.012529 -7.835312 7.787313
v 7.278319 -7.835313 7.787313
v 7.278323 -6.569518 8.180619
v 7.278323 -6.569518 7.787314
v 7.278319 -7.835313 8.180619
v 6.012526 -6.569519 7.787314
v 6.012529 -7.835312 8.180619
v 6.012529 -7.835312 7.787313
v 6.012526 -6.569519 8.180619
v 6.998978 -4.950168 1.179915
v 6.645421 -4.816959 4.326554
v 6.645424 -4.80372 1.179915
v 6.989612 -4.959529 4.326554
v 6.645424 -4.875445 7.473194
v 6.948263 -5.000885 7.473194
v 6.291869 -4.950167 1.179915
v 6.158663 -5.303721 4.326554
v 6.145424 -5.303721 1.179915
v 6.301228 -4.95953 4.326554
v 6.217144 -5.303723 7.473193
v 6.342587 -5.000885 7.473194
v 6.145424 -5.303721 1.179915
v 6.30123 -5.647914 4.326554
v 6.291872 -5.657273 1.179915
v 6.158663 -5.303721 4.326554
v 6.342587 -5.606563 7.473193
v 6.217144 -5.303723 7.473193
v 6.291872 -5.657273 1.179915
v 6.645422 -5.790484 4.326554
v 6.645418 -5.803721 1.179915
v 6.30123 -5.647914 4.326554
v 6.645426 -5.732001 7.473193
v 6.342587 -5.606563 7.473193
v 6.645418 -5.803721 1.179915
v 6.989614 -5.647915 4.326554
v 6.998974 -5.657274 1.179915
v 6.645422 -5.790484 4.326554
v 6.948264 -5.606562 7.473193
v 6.645426 -5.732001 7.473193
v 6.998974 -5.657274 1.179915
v 7.132186 -5.303721 4.326554
v 7.145418 -5.30372 1.179915
v 6.989614 -5.647915 4.326554
v 7.073699 -5.303724 7.473193
v 6.948264 -5.606562 7.473193
v 7.145418 -5.30372 1.179915
v 6.989612 -4.959529 4.326554
v 6.998978 -4.950168 1.179915
v 7.132186 -5.303721 4.326554
v 6.948263 -5.000885 7.473194
v 7.073699 -5.303724 7.473193
v 6.998978 -4.95017 7.473194
v 6.645423 -4.685404 7.787314
v 6.645425 -4.803723 7.473194
v 7.082644 -4.866505 7.787314
v 6.645425 -4.803723 7.473194
v 6.208204 -4.866505 7.787314
v 6.291869 -4.950171 7.473194
v 6.645423 -4.685404 7.787314
v 6.291869 -4.950171 7.473194
v 6.027105 -5.303724 7.787314
v 6.145424 -5.303723 7.473193
v 6.208204 -4.866505 7.787314
v 6.145424 -5.303723 7.473193
v 6.208206 -5.740943 7.787314
v 6.291872 -5.657277 7.473193
v 6.027105 -5.303724 7.787314
v 6.291872 -5.657277 7.473193
v 6.645419 -5.922045 7.787314
v 6.645425 -5.803723 7.473193
v 6.208206 -5.740943 7.787314
v 6.645425 -5.803723 7.473193
v 7.082639 -5.740943 7.787314
v 6.998974 -5.657278 7.473193
v 6.645419 -5.922045 7.787314
v 6.998974 -5.657278 7.473193
v 7.263745 -5.303723 7.787314
v 7.145426 -5.303724 7.473193
v 7.082639 -5.740943 7.787314
v 7.145426 -5.303724 7.473193
v 7.082644 -4.866505 7.787314
v 6.998978 -4.95017 7.473194
v 7.263745 -5.303723 7.787314
v 6.998974 -5.657278 7.473193
v 7.145426 -5.303724 7.473193
v 6.998978 -4.95017 7.473194
v 6.645425 -4.803723 7.473194
v 6.645425 -5.803723 7.473193
v 6.291869 -4.950171 7.473194
v 6.291872 -5.657277 7.473193
v 6.145424 -5.303723 7.473193
v 6.012528 -5.936623 7.787314
v 7.278317 -5.936621 8.18062
v 7.278317 -5.936621 7.787314
v 6.012528 -5.936623 8.18062
v 6.012525 -4.670827 8.18062
v 7.278322 -4.670826 7.787314
v 7.278322 -4.670826 8.18062
v 6.012525 -4.670827 7.787314
v 6.012525 -4.670827 7.787314
v 7.278317 -5.936621 7.787314
v 7.278322 -4.670826 7.787314
v 6.012528 -5.936623 7.787314
v 7.278317 -5.936621 7.787314
v 7.278322 -4.670826 8.18062
v 7.278322 -4.670826 7.787314
v 7.278317 -5.936621 8.18062
v 6.012525 -4.670827 7.787314
v 6.012528 -5.936623 8.18062
v 6.012528 -5.936623 7.787314
v 6.012525 -4.670827 8.18062
v 6.998977 -3.051476 1.179916
v 6.645419 -2.918271 4.326555
v 6.645423 -2.905028 1.179916
v 6.989611 -3.060837 4.326555
v 6.645423 -2.905028 1.179916
v 6.301227 -3.060838 4.326555
v 6.291867 -3.051476 1.179916
v 6.645419 -2.918271 4.326555
v 6.342585 -3.102193 7.473195
v 6.645423 -2.976753 7.473195
v 6.291867 -3.051476 1.179916
v 6.158662 -3.405031 4.326555
v 6.145423 -3.405029 1.179916
v 6.301227 -3.060838 4.326555
v 6.217143 -3.405033 7.473195
v 6.342585 -3.102193 7.473195
v 6.145423 -3.405029 1.179916
v 6.301229 -3.749224 4.326555
v 6.291871 -3.758583 1.179916
v 6.158662 -3.405031 4.326555
v 6.342586 -3.707871 7.473195
v 6.217143 -3.405033 7.473195
v 6.291871 -3.758583 1.179916
v 6.645421 -3.891792 4.326554
v 6.645424 -3.90503 1.179916
v 6.301229 -3.749224 4.326555
v 6.645424 -3.833312 7.473195
v 6.342586 -3.707871 7.473195
v 6.645424 -3.90503 1.179916
v 6.989614 -3.749223 4.326555
v 6.998972 -3.758582 1.179916
v 6.645421 -3.891792 4.326554
v 6.948263 -3.707872 7.473195
v 6.645424 -3.833312 7.473195
v 6.998972 -3.758582 1.179916
v 7.132185 -3.40503 4.326555
v 7.145424 -3.405028 1.179916
v 6.989614 -3.749223 4.326555
v 7.073697 -3.405032 7.473195
v 6.948263 -3.707872 7.473195
v 7.145424 -3.405028 1.179916
v 6.989611 -3.060837 4.326555
v 6.998977 -3.051476 1.179916
v 7.132185 -3.40503 4.326555
v 6.998977 -3.051478 7.473195
v 6.645422 -2.786712 7.787316
v 6.645423 -2.905032 7.473195
v 7.082643 -2.967813 7.787315
v 6.645423 -2.905032 7.473195
v 6.208202 -2.967813 7.787315
v 6.291867 -3.051479 7.473195
v 6.645422 -2.786712 7.787316
v 6.291867 -3.051479 7.473195
v 6.027103 -3.405032 7.787315
v 6.145423 -3.405033 7.473195
v 6.208202 -2.967813 7.787315
v 6.145423 -3.405033 7.473195
v 6.208205 -3.84225 7.787315
v 6.291871 -3.758585 7.473195
v 6.027103 -3.405032 7.787315
v 6.291871 -3.758585 7.473195
v 6.645425 -4.023353 7.787315
v 6.645424 -3.905033 7.473195
v 6.208205 -3.84225 7.787315
v 6.645424 -3.905033 7.473195
v 7.082637 -3.84225 7.787315
v 6.998972 -3.758586 7.473195
v 6.645425 -4.023353 7.787315
v 6.998972 -3.758586 7.473195
v 7.263744 -3.405031 7.787315
v 7.145424 -3.405032 7.473195
v 7.082637 -3.84225 7.787315
v 7.145424 -3.405032 7.473195
v 7.082643 -2.967813 7.787315
v 6.998977 -3.051478 7.473195
v 7.263744 -3.405031 7.787315
v 6.998972 -3.758586 7.473195
v 7.145424 -3.405032 7.473195
v 6.998977 -3.051478 7.473195
v 6.645423 -2.905032 7.473195
v 6.645424 -3.905033 7.473195
v 6.291867 -3.051479 7.473195
v 6.291871 -3.758585 7.473195
v 6.145423 -3.405033 7.473195
v 6.012527 -4.037929 7.787315
v 7.278316 -4.03793 8.180621
v 7.278316 -4.03793 7.787315
v 6.012527 -4.037929 8.180621
v 6.012524 -2.772136 8.180621
v 7.278321 -2.772136 7.787316
v 7.278321 -2.772136 8.180621
v 6.012524 -2.772136 7.787316
v 6.012524 -2.772136 7.787316
v 7.278316 -4.03793 7.787315
v 7.278321 -2.772136 7.787316
v 6.012527 -4.037929 7.787315
v 7.278316 -4.03793 7.787315
v 7.278321 -2.772136 8.180621
v 7.278321 -2.772136 7.787316
v 7.278316 -4.03793 8.180621
v 6.012524 -2.772136 7.787316
v 6.012527 -4.037929 8.180621
v 6.012527 -4.037929 7.787315
v 6.012524 -2.772136 8.180621
v 6.985189 -3.082798 4.663324
v 6.645423 -2.976753 7.473195
v 6.645419 -2.918271 4.326555
v 6.948262 -3.102194 7.473195
v 7.132185 -3.40503 4.326555
v 6.948262 -3.102194 7.473195
v 6.985189 -3.082798 4.663324
v 7.073697 -3.405032 7.473195
v 6.998976 -1.152784 1.179917
v 6.645418 -1.019577 4.326556
v 6.645422 -1.006336 1.179917
v 6.989617 -1.162145 4.326556
v 6.645422 -1.078062 7.473196
v 6.94826 -1.2035 7.473196
v 6.291866 -1.152784 1.179917
v 6.158661 -1.50634 4.326555
v 6.145422 -1.506337 1.179917
v 6.301225 -1.162146 4.326556
v 6.217142 -1.506341 7.473196
v 6.342584 -1.203501 7.473196
v 6.145422 -1.506337 1.179917
v 6.301228 -1.850532 4.326555
v 6.291869 -1.859892 1.179916
v 6.158661 -1.50634 4.326555
v 6.342585 -1.809179 7.473195
v 6.217142 -1.506341 7.473196
v 6.291869 -1.859892 1.179916
v 6.64542 -1.993101 4.326555
v 6.645423 -2.006338 1.179916
v 6.301228 -1.850532 4.326555
v 6.645423 -1.93462 7.473195
v 6.342585 -1.809179 7.473195
v 6.645423 -2.006338 1.179916
v 6.989612 -1.850532 4.326555
v 6.998971 -1.85989 1.179916
v 6.64542 -1.993101 4.326555
v 6.948261 -1.80918 7.473195
v 6.645423 -1.93462 7.473195
v 6.998971 -1.85989 1.179916
v 7.132184 -1.506338 4.326555
v 7.145423 -1.506337 1.179917
v 6.989612 -1.850532 4.326555
v 7.073704 -1.50634 7.473196
v 6.948261 -1.80918 7.473195
v 7.145423 -1.506337 1.179917
v 6.989617 -1.162145 4.326556
v 6.998976 -1.152784 1.179917
v 7.132184 -1.506338 4.326555
v 6.94826 -1.2035 7.473196
v 7.073704 -1.50634 7.473196
v 6.998976 -1.152786 7.473196
v 6.645421 -0.8880206 7.787316
v 6.645422 -1.00634 7.473196
v 7.082642 -1.069123 7.787316
v 6.645422 -1.00634 7.473196
v 6.208201 -1.069124 7.787316
v 6.291866 -1.152788 7.473196
v 6.645421 -0.8880206 7.787316
v 6.291866 -1.152788 7.473196
v 6.027102 -1.50634 7.787316
v 6.145422 -1.506341 7.473196
v 6.208201 -1.069124 7.787316
v 6.145422 -1.506341 7.473196
v 6.208203 -1.943558 7.787315
v 6.291869 -1.859893 7.473195
v 6.027102 -1.50634 7.787316
v 6.291869 -1.859893 7.473195
v 6.645424 -2.124661 7.787316
v 6.645423 -2.006341 7.473195
v 6.208203 -1.943558 7.787315
v 6.645423 -2.006341 7.473195
v 7.082644 -1.943558 7.787315
v 6.998979 -1.859894 7.473195
v 6.645424 -2.124661 7.787316
v 6.998979 -1.859894 7.473195
v 7.263743 -1.506341 7.787316
v 7.145423 -1.506341 7.473196
v 7.082644 -1.943558 7.787315
v 7.145423 -1.506341 7.473196
v 7.082642 -1.069123 7.787316
v 6.998976 -1.152786 7.473196
v 7.263743 -1.506341 7.787316
v 6.998979 -1.859894 7.473195
v 7.145423 -1.506341 7.473196
v 6.998976 -1.152786 7.473196
v 6.645422 -1.00634 7.473196
v 6.645423 -2.006341 7.473195
v 6.291866 -1.152788 7.473196
v 6.291869 -1.859893 7.473195
v 6.145422 -1.506341 7.473196
v 6.012526 -2.139237 7.787316
v 7.278323 -2.139238 8.180621
v 7.278323 -2.139238 7.787316
v 6.012526 -2.139237 8.180621
v 6.012523 -0.873444 8.180621
v 7.278319 -0.8734445 7.787316
v 7.278319 -0.8734445 8.180621
v 6.012523 -0.873444 7.787316
v 6.012523 -0.873444 7.787316
v 7.278323 -2.139238 7.787316
v 7.278319 -0.8734445 7.787316
v 6.012526 -2.139237 7.787316
v 7.278323 -2.139238 7.787316
v 7.278319 -0.8734445 8.180621
v 7.278319 -0.8734445 7.787316
v 7.278323 -2.139238 8.180621
v 6.012523 -0.873444 7.787316
v 6.012526 -2.139237 8.180621
v 6.012526 -2.139237 7.787316
v 6.012523 -0.873444 8.180621
v 6.998973 2.644599 1.179918
v 6.645416 2.777806 4.326557
v 6.64542 2.791045 1.179918
v 6.989615 2.635238 4.326557
v 6.645424 2.738209 6.380561
v 6.961614 2.607236 6.26548
v 6.291864 2.6446 1.179918
v 6.158659 2.291044 4.326557
v 6.14542 2.291046 1.179918
v 6.30123 2.635237 4.326557
v 6.198254 2.291042 6.294616
v 6.329223 2.607236 6.380561
v 6.14542 2.291046 1.179918
v 6.301226 1.946851 4.326557
v 6.291867 1.937492 1.179918
v 6.158659 2.291044 4.326557
v 6.329227 1.974849 6.457021
v 6.198254 2.291042 6.294616
v 6.291867 1.937492 1.179918
v 6.645417 1.804283 4.326557
v 6.645421 1.791046 1.179918
v 6.301226 1.946851 4.326557
v 6.645417 1.843878 6.457021
v 6.329227 1.974849 6.457021
v 6.645421 1.791046 1.179918
v 6.98961 1.946852 4.326557
v 6.998977 1.937493 1.179918
v 6.645417 1.804283 4.326557
v 6.961618 1.974849 6.425818
v 6.645417 1.843878 6.457021
v 6.998977 1.937493 1.179918
v 7.132182 2.291043 4.326557
v 7.145421 2.291047 1.179918
v 6.98961 1.946852 4.326557
v 7.092587 2.291043 6.457021
v 6.961618 1.974849 6.425818
v 7.145421 2.291047 1.179918
v 6.989615 2.635238 4.326557
v 6.998973 2.644599 1.179918
v 7.132182 2.291043 4.326557
v 7.132182 2.291043 4.326557
v 6.961614 2.607236 6.26548
v 7.092587 2.291043 6.457021
v 6.329223 2.607236 6.380561
v 6.645424 2.738209 6.380561
v 6.961614 2.607236 6.26548
v 7.092587 2.291043 6.457021
v 6.198254 2.291042 6.294616
v 6.961618 1.974849 6.425818
v 6.329227 1.974849 6.457021
v 6.645417 1.843878 6.457021
v 6.998972 4.543291 1.179919
v 6.645422 4.676496 4.088511
v 6.645419 4.689737 1.179919
v 6.989614 4.53393 4.216067
v 6.645419 4.689737 1.179919
v 6.301229 4.533929 4.228044
v 6.291862 4.543291 1.179919
v 6.645422 4.676496 4.088511
v 6.291862 4.543291 1.179919
v 6.158658 4.189735 4.283521
v 6.145418 4.189738 1.179919
v 6.301229 4.533929 4.228044
v 6.145418 4.189738 1.179919
v 6.301225 3.845543 4.326558
v 6.291866 3.836184 1.179919
v 6.158658 4.189735 4.283521
v 6.291866 3.836184 1.179919
v 6.645416 3.702975 4.205513
v 6.64542 3.689737 1.179919
v 6.301225 3.845543 4.326558
v 6.64542 3.689737 1.179919
v 6.989609 3.845543 4.326558
v 6.998975 3.836185 1.179919
v 6.645416 3.702975 4.205513
v 6.998975 3.836185 1.179919
v 7.132181 4.189735 4.188735
v 7.14542 4.189738 1.179919
v 6.989609 3.845543 4.326558
v 7.14542 4.189738 1.179919
v 6.989614 4.53393 4.216067
v 6.998972 4.543291 1.179919
v 7.132181 4.189735 4.188735
v 6.158658 4.189735 4.283521
v 6.989609 3.845543 4.326558
v 6.301225 3.845543 4.326558
v 7.132181 4.189735 4.188735
v 6.989614 4.53393 4.216067
v 6.301229 4.533929 4.228044
v 6.645422 4.676496 4.088511
v 6.998971 6.44198 1.17992
v 6.64542 6.582198 2.66134
v 6.645418 6.588428 1.17992
v 6.994569 6.437575 2.66134
v 6.645418 6.588428 1.17992
v 6.296273 6.437573 2.66134
v 6.291862 6.441981 1.17992
v 6.64542 6.582198 2.66134
v 6.291862 6.441981 1.17992
v 6.151651 6.088428 2.730451
v 6.145417 6.088429 1.17992
v 6.296273 6.437573 2.66134
v 6.145417 6.088429 1.17992
v 6.296274 5.739283 2.639705
v 6.291864 5.734875 1.179919
v 6.151651 6.088428 2.730451
v 6.291864 5.734875 1.179919
v 6.645416 5.594659 2.561194
v 6.645418 5.588429 1.179919
v 6.296274 5.739283 2.639705
v 6.645418 5.588429 1.179919
v 6.994563 5.739282 2.561194
v 6.998974 5.734877 1.179919
v 6.645416 5.594659 2.561194
v 6.998974 5.734877 1.179919
v 7.139184 6.088428 2.661339
v 7.145419 6.088428 1.17992
v 6.994563 5.739282 2.561194
v 7.145419 6.088428 1.17992
v 6.994569 6.437575 2.66134
v 6.998971 6.44198 1.17992
v 7.139184 6.088428 2.661339
v 6.296274 5.739283 2.639705
v 6.994563 5.739282 2.561194
v 6.645416 5.594659 2.561194
v 6.151651 6.088428 2.730451
v 7.139184 6.088428 2.661339
v 6.994569 6.437575 2.66134
v 6.296273 6.437573 2.66134
v 6.64542 6.582198 2.66134
v 6.99897 8.340674 1.17992
v 6.64542 8.473884 4.32656
v 6.645416 8.487119 1.179921
v 6.989611 8.331311 4.32656
v 6.645415 8.447184 5.665743
v 6.970737 8.312438 5.734525
v 6.645416 8.487119 1.179921
v 6.301227 8.331308 4.32656
v 6.291868 8.340674 1.17992
v 6.64542 8.473884 4.32656
v 6.291868 8.340674 1.17992
v 6.158655 7.987117 4.32656
v 6.145416 7.987121 1.17992
v 6.301227 8.331308 4.32656
v 6.185355 7.987116 5.836968
v 6.320101 8.312433 5.734525
v 6.145416 7.987121 1.17992
v 6.30123 7.642924 4.326559
v 6.291863 7.633569 1.17992
v 6.158655 7.987117 4.32656
v 6.158655 7.987117 4.32656
v 6.320105 7.661802 5.671631
v 6.185355 7.987116 5.836968
v 6.291863 7.633569 1.17992
v 6.645422 7.500356 4.326559
v 6.645417 7.487121 1.17992
v 6.30123 7.642924 4.326559
v 6.645418 7.527048 5.724708
v 6.320105 7.661802 5.671631
v 6.645417 7.487121 1.17992
v 6.989614 7.642927 4.326559
v 6.998973 7.633568 1.17992
v 6.645422 7.500356 4.326559
v 6.970733 7.661802 5.633492
v 6.645418 7.527048 5.724708
v 6.998973 7.633568 1.17992
v 7.132178 7.987118 4.32656
v 7.145417 7.987122 1.17992
v 6.989614 7.642927 4.326559
v 7.105487 7.987119 5.713175
v 6.970733 7.661802 5.633492
v 7.145417 7.987122 1.17992
v 6.989611 8.331311 4.32656
v 6.99897 8.340674 1.17992
v 7.132178 7.987118 4.32656
v 6.970737 8.312438 5.734525
v 7.105487 7.987119 5.713175
v 6.64542 8.473884 4.32656
v 6.320101 8.312433 5.734525
v 6.301227 8.331308 4.32656
v 6.645415 8.447184 5.665743
v 6.320101 8.312433 5.734525
v 6.645415 8.447184 5.665743
v 6.970737 8.312438 5.734525
v 7.105487 7.987119 5.713175
v 6.185355 7.987116 5.836968
v 6.970733 7.661802 5.633492
v 6.320105 7.661802 5.671631
v 6.645418 7.527048 5.724708
v 6.998969 10.23937 1.179921
v 6.645419 10.37257 4.32656
v 6.645415 10.38581 1.179921
v 6.98961 10.23 4.32656
v 6.645415 10.31409 7.4732
v 6.948253 10.18865 7.4732
v 6.291867 10.23937 1.179921
v 6.158654 9.885809 4.32656
v 6.145415 9.885813 1.179921
v 6.301226 10.23 4.32656
v 6.217142 9.885809 7.4732
v 6.342577 10.18865 7.4732
v 6.145415 9.885813 1.179921
v 6.301229 9.541616 4.32656
v 6.291862 9.532261 1.179921
v 6.158654 9.885809 4.32656
v 6.342578 9.582971 7.4732
v 6.217142 9.885809 7.4732
v 6.291862 9.532261 1.179921
v 6.64542 9.399048 4.32656
v 6.645416 9.385813 1.179921
v 6.301229 9.541616 4.32656
v 6.645416 9.457528 7.4732
v 6.342578 9.582971 7.4732
v 6.645416 9.385813 1.179921
v 6.989613 9.541618 4.32656
v 6.998972 9.53226 1.179921
v 6.64542 9.399048 4.32656
v 6.948254 9.582968 7.4732
v 6.645416 9.457528 7.4732
v 6.998972 9.53226 1.179921
v 7.132177 9.88581 4.32656
v 7.145416 9.885814 1.179921
v 6.989613 9.541618 4.32656
v 7.073697 9.88581 7.4732
v 6.948254 9.582968 7.4732
v 7.145416 9.885814 1.179921
v 6.98961 10.23 4.32656
v 6.998969 10.23937 1.179921
v 7.132177 9.88581 4.32656
v 6.948253 10.18865 7.4732
v 7.073697 9.88581 7.4732
v 6.998969 10.23936 7.4732
v 6.645422 10.50413 7.787321
v 6.645415 10.38581 7.4732
v 7.082635 10.32303 7.787321
v 6.645415 10.38581 7.4732
v 6.208202 10.32303 7.787321
v 6.291867 10.23936 7.4732
v 6.645422 10.50413 7.787321
v 6.291867 10.23936 7.4732
v 6.027095 9.885808 7.787321
v 6.145422 9.885809 7.4732
v 6.208202 10.32303 7.787321
v 6.145422 9.885809 7.4732
v 6.208197 9.448588 7.787321
v 6.291862 9.532257 7.4732
v 6.027095 9.885808 7.787321
v 6.291862 9.532257 7.4732
v 6.645417 9.267486 7.787321
v 6.645416 9.385809 7.4732
v 6.208197 9.448588 7.787321
v 6.645416 9.385809 7.4732
v 7.082637 9.448586 7.787321
v 6.998972 9.532256 7.4732
v 6.645417 9.267486 7.787321
v 6.998972 9.532256 7.4732
v 7.263736 9.885807 7.787321
v 7.145416 9.88581 7.4732
v 7.082637 9.448586 7.787321
v 7.145416 9.88581 7.4732
v 7.082635 10.32303 7.787321
v 6.998969 10.23936 7.4732
v 7.263736 9.885807 7.787321
v 6.998972 9.532256 7.4732
v 7.145416 9.88581 7.4732
v 6.998969 10.23936 7.4732
v 6.645415 10.38581 7.4732
v 6.645416 9.385809 7.4732
v 6.291867 10.23936 7.4732
v 6.291862 9.532257 7.4732
v 6.145422 9.885809 7.4732
v 6.012519 9.252909 7.787321
v 7.278316 9.252909 8.180626
v 7.278316 9.252909 7.787321
v 6.012519 9.252909 8.180626
v 6.012523 10.51871 8.180627
v 7.278312 10.51871 7.787321
v 7.278312 10.51871 8.180627
v 6.012523 10.51871 7.787321
v 6.012523 10.51871 7.787321
v 7.278316 9.252909 7.787321
v 7.278312 10.51871 7.787321
v 6.012519 9.252909 7.787321
v 7.278316 9.252909 7.787321
v 7.278312 10.51871 8.180627
v 7.278312 10.51871 7.787321
v 7.278316 9.252909 8.180626
v 6.012523 10.51871 7.787321
v 6.012519 9.252909 8.180626
v 6.012519 9.252909 7.787321
v 6.012523 10.51871 8.180627
v 7.278316 9.252909 8.180626
v 6.012523 10.51871 8.180627
v 7.278312 10.51871 8.180627
v 6.012519 9.252909 8.180626
v 6.998968 12.13805 1.179922
v 6.645418 12.27126 4.326561
v 6.645414 12.2845 1.179922
v 6.989609 12.12869 4.326561
v 6.645422 12.21278 7.473201
v 6.94826 12.08734 7.473201
v 6.291866 12.13805 1.179922
v 6.158653 11.7845 4.326561
v 6.145414 11.7845 1.179922
v 6.301225 12.12869 4.326561
v 6.217141 11.7845 7.473201
v 6.342583 12.08734 7.473201
v 6.145414 11.7845 1.179922
v 6.301228 11.44031 4.326561
v 6.291861 11.43095 1.179922
v 6.158653 11.7845 4.326561
v 6.342577 11.48166 7.473201
v 6.217141 11.7845 7.473201
v 6.291861 11.43095 1.179922
v 6.645419 11.29774 4.32656
v 6.645415 11.2845 1.179922
v 6.301228 11.44031 4.326561
v 6.645415 11.35622 7.473201
v 6.342577 11.48166 7.473201
v 6.645415 11.2845 1.179922
v 6.989612 11.44031 4.326561
v 6.998971 11.43095 1.179922
v 6.645419 11.29774 4.32656
v 6.948253 11.48166 7.473201
v 6.645415 11.35622 7.473201
v 6.998971 11.43095 1.179922
v 7.132176 11.7845 4.326561
v 7.145415 11.7845 1.179922
v 6.989612 11.44031 4.326561
v 7.073695 11.7845 7.473201
v 6.948253 11.48166 7.473201
v 7.145415 11.7845 1.179922
v 6.989609 12.12869 4.326561
v 6.998968 12.13805 1.179922
v 7.132176 11.7845 4.326561
v 6.94826 12.08734 7.473201
v 7.073695 11.7845 7.473201
v 6.998975 12.13805 7.473201
v 6.645421 12.40282 7.787322
v 6.645414 12.2845 7.473201
v 7.082633 12.22172 7.787321
v 6.645414 12.2845 7.473201
v 6.208201 12.22172 7.787321
v 6.291866 12.13805 7.473201
v 6.645421 12.40282 7.787322
v 6.291866 12.13805 7.473201
v 6.027094 11.7845 7.787321
v 6.145422 11.7845 7.473201
v 6.208201 12.22172 7.787321
v 6.145422 11.7845 7.473201
v 6.208195 11.34728 7.787321
v 6.291861 11.43095 7.473201
v 6.027094 11.7845 7.787321
v 6.291861 11.43095 7.473201
v 6.645416 11.16618 7.787321
v 6.645415 11.2845 7.473201
v 6.208195 11.34728 7.787321
v 6.645415 11.2845 7.473201
v 7.082636 11.34728 7.787321
v 6.998971 11.43095 7.473201
v 6.645416 11.16618 7.787321
v 6.998971 11.43095 7.473201
v 7.263735 11.7845 7.787321
v 7.145415 11.7845 7.473201
v 7.082636 11.34728 7.787321
v 7.145415 11.7845 7.473201
v 7.082633 12.22172 7.787321
v 6.998975 12.13805 7.473201
v 7.263735 11.7845 7.787321
v 6.998971 11.43095 7.473201
v 7.145415 11.7845 7.473201
v 6.998975 12.13805 7.473201
v 6.645414 12.2845 7.473201
v 6.645415 11.2845 7.473201
v 6.291866 12.13805 7.473201
v 6.291861 11.43095 7.473201
v 6.145422 11.7845 7.473201
v 6.012517 11.1516 7.787321
v 7.278315 11.1516 8.180627
v 7.278315 11.1516 7.787321
v 6.012517 11.1516 8.180627
v 6.012522 12.4174 8.180627
v 7.278311 12.4174 7.787322
v 7.278311 12.4174 8.180627
v 6.012522 12.4174 7.787322
v 6.012522 12.4174 7.787322
v 7.278315 11.1516 7.787321
v 7.278311 12.4174 7.787322
v 6.012517 11.1516 7.787321
v 7.278315 11.1516 7.787321
v 7.278311 12.4174 8.180627
v 7.278311 12.4174 7.787322
v 7.278315 11.1516 8.180627
v 6.012522 12.4174 7.787322
v 6.012517 11.1516 8.180627
v 6.012517 11.1516 7.787321
v 6.012522 12.4174 8.180627
v 6.998967 14.03675 1.179923
v 6.645416 14.16995 4.326561
v 6.645413 14.18319 1.179923
v 6.989608 14.02739 4.326561
v 6.980219 14.018 5.041047
v 6.64542 14.11147 7.473201
v 6.948259 13.98603 7.473202
v 6.291864 14.03675 1.179923
v 6.158651 13.68319 4.326562
v 6.14542 13.68319 1.179922
v 6.301224 14.02738 4.326561
v 6.21714 13.68319 7.473202
v 6.342582 13.98603 7.473202
v 6.14542 13.68319 1.179922
v 6.301226 13.339 4.326562
v 6.29186 13.32964 1.179922
v 6.158651 13.68319 4.326562
v 6.342583 13.38035 7.473201
v 6.21714 13.68319 7.473202
v 6.29186 13.32964 1.179922
v 6.645418 13.19643 4.326562
v 6.645413 13.1832 1.179922
v 6.301226 13.339 4.326562
v 6.645414 13.25491 7.473201
v 6.342583 13.38035 7.473201
v 6.645413 13.1832 1.179922
v 6.98961 13.339 4.326562
v 6.99897 13.32964 1.179922
v 6.645418 13.19643 4.326562
v 6.98022 13.34839 5.041047
v 6.645414 13.25491 7.473201
v 6.948259 13.38035 7.473201
v 6.99897 13.32964 1.179922
v 7.132183 13.68319 4.326562
v 7.145414 13.68319 1.179922
v 6.98961 13.339 4.326562
v 7.121644 13.68319 5.0184
v 6.98022 13.34839 5.041047
v 7.145414 13.68319 1.179922
v 6.989608 14.02739 4.326561
v 6.998967 14.03675 1.179923
v 7.132183 13.68319 4.326562
v 6.980219 14.018 5.041047
v 7.121644 13.68319 5.0184
v 6.998974 14.03675 7.473201
v 6.64542 14.30151 7.787322
v 6.645421 14.18319 7.473201
v 7.082633 14.12041 7.787322
v 6.645421 14.18319 7.473201
v 6.2082 14.12041 7.787322
v 6.291864 14.03674 7.473201
v 6.64542 14.30151 7.787322
v 6.291864 14.03674 7.473201
v 6.027101 13.68319 7.787323
v 6.14542 13.68319 7.473202
v 6.2082 14.12041 7.787322
v 6.14542 13.68319 7.473202
v 6.208202 13.24597 7.787322
v 6.29186 13.32964 7.473201
v 6.027101 13.68319 7.787323
v 6.29186 13.32964 7.473201
v 6.645415 13.06487 7.787322
v 6.645421 13.18319 7.473201
v 6.208202 13.24597 7.787322
v 6.645421 13.18319 7.473201
v 7.082634 13.24597 7.787322
v 6.99897 13.32964 7.473201
v 6.645415 13.06487 7.787322
v 6.99897 13.32964 7.473201
v 7.263741 13.68319 7.787323
v 7.145414 13.68319 7.473202
v 7.082634 13.24597 7.787322
v 7.145414 13.68319 7.473202
v 7.082633 14.12041 7.787322
v 6.998974 14.03675 7.473201
v 7.263741 13.68319 7.787323
v 6.99897 13.32964 7.473201
v 7.145414 13.68319 7.473202
v 6.998974 14.03675 7.473201
v 6.645421 14.18319 7.473201
v 6.645421 13.18319 7.473201
v 6.291864 14.03674 7.473201
v 6.29186 13.32964 7.473201
v 6.14542 13.68319 7.473202
v 6.012516 13.05029 7.787322
v 7.278314 13.05029 8.180627
v 7.278314 13.05029 7.787322
v 6.012516 13.05029 8.180627
v 6.012521 14.31609 8.180628
v 7.278318 14.31609 7.787322
v 7.278318 14.31609 8.180628
v 6.012521 14.31609 7.787322
v 6.012521 14.31609 7.787322
v 7.278314 13.05029 7.787322
v 7.278318 14.31609 7.787322
v 6.012516 13.05029 7.787322
v 7.278314 13.05029 7.787322
v 7.278318 14.31609 8.180628
v 7.278318 14.31609 7.787322
v 7.278314 13.05029 8.180627
v 6.012521 14.31609 7.787322
v 6.012516 13.05029 8.180627
v 6.012516 13.05029 7.787322
v 6.012521 14.31609 8.180628
v 6.98022 13.34839 5.041047
v 7.073694 13.68319 7.473202
v 7.116158 13.6832 5.08547
v 6.948259 13.38035 7.473201
v 7.116158 13.6832 5.08547
v 6.948259 13.98603 7.473202
v 6.980219 14.018 5.041047
v 7.073694 13.68319 7.473202
v 6.998975 0.7459072 1.179917
v 6.645417 0.8791143 4.326557
v 6.645421 0.8923535 1.179917
v 6.989616 0.7365462 4.326557
v 6.645421 0.8206299 7.473197
v 6.948259 0.6951895 7.473197
v 6.291865 0.7459079 1.179917
v 6.15866 0.392352 4.326557
v 6.145421 0.3923543 1.179917
v 6.301224 0.7365454 4.326557
v 6.217141 0.3923502 7.473196
v 6.342583 0.6951905 7.473197
v 6.145421 0.3923543 1.179917
v 6.301227 0.04815931 4.326556
v 6.291868 0.03880022 1.179917
v 6.15866 0.392352 4.326557
v 6.342584 0.08951222 7.473196
v 6.217141 0.3923502 7.473196
v 6.291868 0.03880022 1.179917
v 6.645418 -0.09440895 4.326556
v 6.645422 -0.107646 1.179917
v 6.301227 0.04815931 4.326556
v 6.645422 -0.0359282 7.473196
v 6.342584 0.08951222 7.473196
v 6.645422 -0.107646 1.179917
v 6.989611 0.04816002 4.326556
v 6.99897 0.03880133 1.179917
v 6.645418 -0.09440895 4.326556
v 6.94826 0.08951114 7.473196
v 6.645422 -0.0359282 7.473196
v 6.99897 0.03880133 1.179917
v 7.132183 0.3923535 4.326557
v 7.145422 0.392355 1.179917
v 6.989611 0.04816002 4.326556
v 7.073702 0.3923515 7.473196
v 6.94826 0.08951114 7.473196
v 7.145422 0.392355 1.179917
v 6.989616 0.7365462 4.326557
v 6.998975 0.7459072 1.179917
v 7.132183 0.3923535 4.326557
v 6.948259 0.6951895 7.473197
v 7.073702 0.3923515 7.473196
v 6.998975 0.7459053 7.473197
v 6.64542 1.010671 7.787317
v 6.645421 0.8923516 7.473197
v 7.082641 0.8295683 7.787317
v 6.645421 0.8923516 7.473197
v 6.2082 0.829568 7.787317
v 6.291865 0.7459041 7.473197
v 6.64542 1.010671 7.787317
v 6.291865 0.7459041 7.473197
v 6.027101 0.3923513 7.787316
v 6.145421 0.3923505 7.473196
v 6.2082 0.829568 7.787317
v 6.145421 0.3923505 7.473196
v 6.208202 -0.0448666 7.787316
v 6.291868 0.03879641 7.473196
v 6.027101 0.3923513 7.787316
v 6.291868 0.03879641 7.473196
v 6.645423 -0.2259694 7.787316
v 6.645422 -0.1076498 7.473196
v 6.208202 -0.0448666 7.787316
v 6.645422 -0.1076498 7.473196
v 7.082643 -0.0448663 7.787316
v 6.998978 0.03879765 7.473196
v 6.645423 -0.2259694 7.787316
v 6.998978 0.03879765 7.473196
v 7.263742 0.3923504 7.787316
v 7.145422 0.3923512 7.473196
v 7.082643 -0.0448663 7.787316
v 7.145422 0.3923512 7.473196
v 7.082641 0.8295683 7.787317
v 6.998975 0.7459053 7.473197
v 7.263742 0.3923504 7.787316
v 6.998978 0.03879765 7.473196
v 7.145422 0.3923512 7.473196
v 6.998975 0.7459053 7.473197
v 6.645421 0.8923516 7.473197
v 6.645422 -0.1076498 7.473196
v 6.291865 0.7459041 7.473197
v 6.291868 0.03879641 7.473196
v 6.145421 0.3923505 7.473196
v 6.012525 -0.2405455 7.787316
v 7.278322 -0.2405459 8.180622
v 7.278322 -0.2405459 7.787316
v 6.012525 -0.2405474 8.180622
v 6.012521 1.025248 8.180623
v 7.278318 1.025247 7.787317
v 7.278318 1.025247 8.180623
v 6.012521 1.025248 7.787317
v 6.012521 1.025248 7.787317
v 7.278322 -0.2405459 7.787316
v 7.278318 1.025247 7.787317
v 6.012525 -0.2405455 7.787316
v 7.278322 -0.2405459 7.787316
v 7.278318 1.025247 8.180623
v 7.278318 1.025247 7.787317
v 7.278322 -0.2405459 8.180622
v 6.012521 1.025248 7.787317
v 6.012525 -0.2405474 8.180622
v 6.012525 -0.2405455 7.787316
v 6.012521 1.025248 8.180623
v 7.278322 -0.2405459 8.180622
v 6.012521 1.025248 8.180623
v 7.278318 1.025247 8.180623
v 6.012525 -0.2405474 8.180622
v 6.998975 -12.54493 1.179912
v 6.645425 -12.41173 4.326551
v 6.645422 -12.39849 1.179912
v 6.989617 -12.55429 4.326551
v 6.645422 -12.47021 7.473191
v 6.94826 -12.59565 7.473191
v 6.291873 -12.54493 1.179912
v 6.15866 -12.89849 4.326551
v 6.145422 -12.89849 1.179912
v 6.301232 -12.5543 4.326551
v 6.217149 -12.89849 7.473191
v 6.342584 -12.59565 7.473191
v 6.145422 -12.89849 1.179912
v 6.301235 -13.24268 4.32655
v 6.291869 -13.25204 1.179912
v 6.15866 -12.89849 4.326551
v 6.342584 -13.20133 7.473191
v 6.217149 -12.89849 7.473191
v 6.291869 -13.25204 1.179912
v 6.645427 -13.38525 4.32655
v 6.645422 -13.39849 1.179912
v 6.301235 -13.24268 4.32655
v 6.645422 -13.32677 7.473191
v 6.342584 -13.20133 7.473191
v 6.645422 -13.39849 1.179912
v 6.989619 -13.24268 4.32655
v 6.998978 -13.25204 1.179912
v 6.645427 -13.38525 4.32655
v 6.948261 -13.20133 7.473191
v 6.645422 -13.32677 7.473191
v 6.998978 -13.25204 1.179912
v 7.132184 -12.89849 4.326551
v 7.145423 -12.89849 1.179912
v 6.989619 -13.24268 4.32655
v 7.073703 -12.89849 7.473191
v 6.948261 -13.20133 7.473191
v 7.145423 -12.89849 1.179912
v 6.989617 -12.55429 4.326551
v 6.998975 -12.54493 1.179912
v 7.132184 -12.89849 4.326551
v 6.94826 -12.59565 7.473191
v 7.073703 -12.89849 7.473191
v 6.998975 -12.54494 7.473191
v 6.645421 -12.28017 7.787312
v 6.645422 -12.39849 7.473191
v 7.082641 -12.46127 7.787311
v 6.645422 -12.39849 7.473191
v 6.208209 -12.46127 7.787311
v 6.291873 -12.54494 7.473191
v 6.645421 -12.28017 7.787312
v 6.291873 -12.54494 7.473191
v 6.027102 -12.89849 7.787311
v 6.145422 -12.89849 7.473191
v 6.208209 -12.46127 7.787311
v 6.145422 -12.89849 7.473191
v 6.208203 -13.33571 7.787311
v 6.291869 -13.25204 7.473191
v 6.027102 -12.89849 7.787311
v 6.291869 -13.25204 7.473191
v 6.645423 -13.51681 7.787311
v 6.645422 -13.39849 7.473191
v 6.208203 -13.33571 7.787311
v 6.645422 -13.39849 7.473191
v 7.082644 -13.33571 7.787311
v 6.998979 -13.25204 7.473191
v 6.645423 -13.51681 7.787311
v 6.998979 -13.25204 7.473191
v 7.263742 -12.89849 7.787311
v 7.145423 -12.89849 7.473191
v 7.082644 -13.33571 7.787311
v 7.145423 -12.89849 7.473191
v 7.082641 -12.46127 7.787311
v 6.998975 -12.54494 7.473191
v 7.263742 -12.89849 7.787311
v 6.998979 -13.25204 7.473191
v 7.145423 -12.89849 7.473191
v 6.998975 -12.54494 7.473191
v 6.645422 -12.39849 7.473191
v 6.645422 -13.39849 7.473191
v 6.291873 -12.54494 7.473191
v 6.291869 -13.25204 7.473191
v 6.145422 -12.89849 7.473191
v 6.012525 -13.53139 7.787311
v 7.278322 -13.53139 8.180616
v 7.278322 -13.53139 7.787311
v 6.012525 -13.53139 8.180616
v 6.012529 -12.26559 8.180618
v 7.278319 -12.26559 7.787312
v 7.278319 -12.26559 8.180618
v 6.012529 -12.26559 7.787312
v 6.012529 -12.26559 7.787312
v 7.278322 -13.53139 7.787311
v 7.278319 -12.26559 7.787312
v 6.012525 -13.53139 7.787311
v 7.278322 -13.53139 7.787311
v 7.278319 -12.26559 8.180618
v 7.278319 -12.26559 7.787312
v 7.278322 -13.53139 8.180616
v 6.012529 -12.26559 7.787312
v 6.012525 -13.53139 8.180616
v 6.012525 -13.53139 7.787311
v 6.012529 -12.26559 8.180618
v 6.998973 15.93544 1.179924
v 6.645415 16.06865 4.326562
v 6.645411 16.08188 1.179924
v 6.989606 15.92608 4.326562
v 6.645419 16.01016 7.473203
v 6.948257 15.88472 7.473203
v 6.291863 15.93544 1.179924
v 6.158658 15.58188 4.326562
v 6.145419 15.58188 1.179923
v 6.301222 15.92607 4.326562
v 6.217139 15.58188 7.473202
v 6.342581 15.88472 7.473203
v 6.145419 15.58188 1.179923
v 6.301225 15.23769 4.326562
v 6.291866 15.22833 1.179923
v 6.158658 15.58188 4.326562
v 6.342582 15.27904 7.473202
v 6.217139 15.58188 7.473202
v 6.291866 15.22833 1.179923
v 6.645417 15.09512 4.326562
v 6.645412 15.08188 1.179923
v 6.301225 15.23769 4.326562
v 6.64542 15.1536 7.473202
v 6.342582 15.27904 7.473202
v 6.645412 15.08188 1.179923
v 6.989609 15.23769 4.326562
v 6.998968 15.22834 1.179923
v 6.645417 15.09512 4.326562
v 6.948258 15.27904 7.473202
v 6.64542 15.1536 7.473202
v 6.998968 15.22834 1.179923
v 7.132181 15.58189 4.326562
v 7.145413 15.58188 1.179923
v 6.989609 15.23769 4.326562
v 7.073693 15.58188 7.473202
v 6.948258 15.27904 7.473202
v 7.145413 15.58188 1.179923
v 6.989606 15.92608 4.326562
v 6.998973 15.93544 1.179924
v 7.132181 15.58189 4.326562
v 6.948257 15.88472 7.473203
v 7.073693 15.58188 7.473202
v 6.998973 15.93544 7.473203
v 6.645418 16.2002 7.787323
v 6.64542 16.08188 7.473203
v 7.082639 16.0191 7.787323
v 6.64542 16.08188 7.473203
v 6.208199 16.0191 7.787323
v 6.291863 15.93543 7.473203
v 6.645418 16.2002 7.787323
v 6.291863 15.93543 7.473203
v 6.027099 15.58188 7.787323
v 6.145419 15.58188 7.473202
v 6.208199 16.0191 7.787323
v 6.145419 15.58188 7.473202
v 6.2082 15.14466 7.787323
v 6.291866 15.22833 7.473202
v 6.027099 15.58188 7.787323
v 6.291866 15.22833 7.473202
v 6.645413 14.96356 7.787323
v 6.64542 15.08188 7.473202
v 6.2082 15.14466 7.787323
v 6.64542 15.08188 7.473202
v 7.082633 15.14466 7.787323
v 6.998969 15.22833 7.473202
v 6.645413 14.96356 7.787323
v 6.998969 15.22833 7.473202
v 7.26374 15.58188 7.787323
v 7.145421 15.58188 7.473202
v 7.082633 15.14466 7.787323
v 7.145421 15.58188 7.473202
v 7.082639 16.0191 7.787323
v 6.998973 15.93544 7.473203
v 7.26374 15.58188 7.787323
v 6.998969 15.22833 7.473202
v 7.145421 15.58188 7.473202
v 6.998973 15.93544 7.473203
v 6.64542 16.08188 7.473203
v 6.64542 15.08188 7.473202
v 6.291863 15.93543 7.473203
v 6.291866 15.22833 7.473202
v 6.145419 15.58188 7.473202
v 6.012523 14.94898 7.787323
v 7.278312 14.94898 8.180628
v 7.278312 14.94898 7.787323
v 6.012523 14.94898 8.180628
v 6.012519 16.21478 8.180629
v 7.278316 16.21478 7.787323
v 7.278316 16.21478 8.180629
v 6.012519 16.21478 7.787323
v 6.012519 16.21478 7.787323
v 7.278312 14.94898 7.787323
v 7.278316 16.21478 7.787323
v 6.012523 14.94898 7.787323
v 7.278312 14.94898 7.787323
v 7.278316 16.21478 8.180629
v 7.278316 16.21478 7.787323
v 7.278312 14.94898 8.180628
v 6.012519 16.21478 7.787323
v 6.012523 14.94898 8.180628
v 6.012523 14.94898 7.787323
v 6.012519 16.21478 8.180629
v 5.100281 15.93544 1.179924
v 4.746724 16.06865 4.326562
v 4.746727 16.08188 1.179924
v 5.090915 15.92608 4.326562
v 4.746726 16.0424 5.738624
v 5.074312 15.90948 5.682239
v 4.746727 16.08188 1.179924
v 4.402531 15.92607 4.326562
v 4.393172 15.93544 1.179924
v 4.746724 16.06865 4.326562
v 4.746726 16.0424 5.738624
v 4.393172 15.93544 1.179924
v 4.259966 15.58188 4.326562
v 4.246727 15.58188 1.179923
v 4.402531 15.92607 4.326562
v 4.318447 15.58188 7.473202
v 4.443889 15.88472 7.473203
v 4.246727 15.58188 1.179923
v 4.402534 15.23769 4.326562
v 4.393175 15.22833 1.179923
v 4.259966 15.58188 4.326562
v 4.44389 15.27904 7.473202
v 4.318447 15.58188 7.473202
v 4.393175 15.22833 1.179923
v 4.746725 15.09512 4.326562
v 4.746728 15.08189 1.179923
v 4.402534 15.23769 4.326562
v 4.746728 15.15361 7.473202
v 4.44389 15.27904 7.473202
v 4.746728 15.08189 1.179923
v 5.090918 15.23769 4.326562
v 5.100276 15.22833 1.179923
v 4.746725 15.09512 4.326562
v 5.049567 15.27904 7.473202
v 4.746728 15.15361 7.473202
v 5.100276 15.22833 1.179923
v 5.23349 15.58188 4.326562
v 5.246728 15.58188 1.179923
v 5.090918 15.23769 4.326562
v 5.207241 15.58188 5.738623
v 5.049567 15.27904 7.473202
v 5.175001 15.58188 7.473202
v 5.246728 15.58188 1.179923
v 5.090915 15.92608 4.326562
v 5.100281 15.93544 1.179924
v 5.23349 15.58188 4.326562
v 5.074312 15.90948 5.682239
v 5.207241 15.58188 5.738623
v 4.402531 15.92607 4.326562
v 4.746726 16.0424 5.738624
v 4.443889 15.88472 7.473203
v 4.746727 16.01016 7.473203
v 5.100281 15.93544 7.473203
v 4.746727 16.2002 7.787323
v 4.746727 16.08188 7.473203
v 5.183947 16.0191 7.787323
v 4.746727 16.08188 7.473203
v 4.309507 16.0191 7.787323
v 4.393172 15.93543 7.473203
v 4.746727 16.2002 7.787323
v 4.393172 15.93543 7.473203
v 4.128407 15.58188 7.787323
v 4.246727 15.58188 7.473202
v 4.309507 16.0191 7.787323
v 4.246727 15.58188 7.473202
v 4.309509 15.14466 7.787323
v 4.393175 15.22833 7.473202
v 4.128407 15.58188 7.787323
v 4.393175 15.22833 7.473202
v 4.746729 14.96356 7.787323
v 4.746728 15.08188 7.473202
v 4.309509 15.14466 7.787323
v 4.746728 15.08188 7.473202
v 5.183941 15.14466 7.787323
v 5.100276 15.22833 7.473202
v 4.746729 14.96356 7.787323
v 5.100276 15.22833 7.473202
v 5.365048 15.58188 7.787323
v 5.246728 15.58188 7.473202
v 5.183941 15.14466 7.787323
v 5.246728 15.58188 7.473202
v 5.183947 16.0191 7.787323
v 5.100281 15.93544 7.473203
v 5.365048 15.58188 7.787323
v 5.100276 15.22833 7.473202
v 5.246728 15.58188 7.473202
v 5.100281 15.93544 7.473203
v 4.746727 16.08188 7.473203
v 4.746728 15.08188 7.473202
v 4.393172 15.93543 7.473203
v 4.393175 15.22833 7.473202
v 4.246727 15.58188 7.473202
v 4.113831 14.94898 7.787323
v 5.379621 14.94898 8.180628
v 5.379621 14.94898 7.787323
v 4.113831 14.94898 8.180628
v 4.113828 16.21478 8.180629
v 5.379625 16.21478 7.787323
v 5.379625 16.21478 8.180629
v 4.113828 16.21478 7.787323
v 4.113828 16.21478 7.787323
v 5.379621 14.94898 7.787323
v 5.379625 16.21478 7.787323
v 4.113831 14.94898 7.787323
v 5.379621 14.94898 7.787323
v 5.379625 16.21478 8.180629
v 5.379625 16.21478 7.787323
v 5.379621 14.94898 8.180628
v 4.113828 16.21478 7.787323
v 4.113831 14.94898 8.180628
v 4.113831 14.94898 7.787323
v 4.113828 16.21478 8.180629
v 5.070405 15.90556 5.784879
v 4.746727 16.01016 7.473203
v 4.746726 16.0424 5.738624
v 5.049566 15.88472 7.473203
v 5.207241 15.58188 5.738623
v 5.049566 15.88472 7.473203
v 5.070405 15.90556 5.784879
v 5.175001 15.58188 7.473202
v 3.20159 15.93543 7.473203
v 2.848035 16.2002 7.787323
v 2.848036 16.08188 7.473203
v 3.285255 16.0191 7.787323
v 2.848036 16.08188 7.473203
v 2.410815 16.0191 7.787323
v 2.49448 15.93543 7.473203
v 2.848035 16.2002 7.787323
v 2.49448 15.93543 7.473203
v 2.229716 15.58188 7.787323
v 2.348036 15.58188 7.473202
v 2.410815 16.0191 7.787323
v 2.348036 15.58188 7.473202
v 2.410817 15.14466 7.787323
v 2.494483 15.22833 7.473202
v 2.229716 15.58188 7.787323
v 2.494483 15.22833 7.473202
v 2.848038 14.96356 7.787323
v 2.848037 15.08188 7.473202
v 2.410817 15.14466 7.787323
v 2.848037 15.08188 7.473202
v 3.28525 15.14466 7.787323
v 3.201585 15.22833 7.473202
v 2.848038 14.96356 7.787323
v 3.201585 15.22833 7.473202
v 3.466357 15.58188 7.787323
v 3.348037 15.58188 7.473202
v 3.28525 15.14466 7.787323
v 3.348037 15.58188 7.473202
v 3.285255 16.0191 7.787323
v 3.20159 15.93543 7.473203
v 3.466357 15.58188 7.787323
v 3.201585 15.22833 7.473202
v 3.348037 15.58188 7.473202
v 3.20159 15.93543 7.473203
v 2.848036 16.08188 7.473203
v 2.848037 15.08188 7.473202
v 2.49448 15.93543 7.473203
v 2.494483 15.22833 7.473202
v 2.348036 15.58188 7.473202
v 2.215139 14.94899 7.787323
v 3.480929 14.94899 8.180628
v 3.480929 14.94899 7.787323
v 2.215139 14.94899 8.180628
v 2.215136 16.21478 8.180629
v 3.480933 16.21478 7.787323
v 3.480933 16.21478 8.180629
v 2.215136 16.21478 7.787323
v 2.215136 16.21478 7.787323
v 3.480929 14.94899 7.787323
v 3.480933 16.21478 7.787323
v 2.215139 14.94899 7.787323
v 3.480929 14.94899 7.787323
v 3.480933 16.21478 8.180629
v 3.480933 16.21478 7.787323
v 3.480929 14.94899 8.180628
v 2.215136 16.21478 7.787323
v 2.215139 14.94899 8.180628
v 2.215139 14.94899 7.787323
v 2.215136 16.21478 8.180629
v 1.302898 15.93543 7.473203
v 0.9493431 16.2002 7.787323
v 0.9493443 16.08188 7.473203
v 1.386564 16.0191 7.787323
v 0.9493443 16.08188 7.473203
v 0.5121233 16.0191 7.787323
v 0.5957882 15.93543 7.473203
v 0.9493431 16.2002 7.787323
v 0.5957882 15.93543 7.473203
v 0.3310243 15.58188 7.787323
v 0.4493439 15.58188 7.473202
v 0.5121233 16.0191 7.787323
v 0.4493439 15.58188 7.473202
v 0.5121254 15.14466 7.787323
v 0.5957913 15.22833 7.473202
v 0.3310243 15.58188 7.787323
v 0.5957913 15.22833 7.473202
v 0.949346 14.96356 7.787323
v 0.9493449 15.08188 7.473202
v 0.5121254 15.14466 7.787323
v 0.9493449 15.08188 7.473202
v 1.386558 15.14466 7.787323
v 1.302893 15.22833 7.473202
v 0.949346 14.96356 7.787323
v 1.302893 15.22833 7.473202
v 1.567665 15.58188 7.787323
v 1.449345 15.58188 7.473202
v 1.386558 15.14466 7.787323
v 1.449345 15.58188 7.473202
v 1.386564 16.0191 7.787323
v 1.302898 15.93543 7.473203
v 1.567665 15.58188 7.787323
v 1.302893 15.22833 7.473202
v 1.449345 15.58188 7.473202
v 1.302898 15.93543 7.473203
v 0.9493443 16.08188 7.473203
v 0.9493449 15.08188 7.473202
v 0.5957882 15.93543 7.473203
v 0.5957913 15.22833 7.473202
v 0.4493439 15.58188 7.473202
v 0.3164477 14.94899 7.787323
v 1.582237 14.94898 8.180628
v 1.582237 14.94898 7.787323
v 0.3164477 14.94899 8.180628
v 0.3164443 16.21478 8.180629
v 1.582241 16.21478 7.787323
v 1.582241 16.21478 8.180629
v 0.3164443 16.21478 7.787323
v 0.3164443 16.21478 7.787323
v 1.582237 14.94898 7.787323
v 1.582241 16.21478 7.787323
v 0.3164477 14.94899 7.787323
v 1.582237 14.94898 7.787323
v 1.582241 16.21478 8.180629
v 1.582241 16.21478 7.787323
v 1.582237 14.94898 8.180628
v 0.3164443 16.21478 7.787323
v 0.3164477 14.94899 8.180628
v 0.3164477 14.94899 7.787323
v 0.3164443 16.21478 8.180629
v -0.595794 15.93544 1.179924
v -0.9493517 16.06865 4.326562
v -0.9493476 16.08188 1.179924
v -0.6051602 15.92607 4.326562
v -0.9493477 16.01016 7.473203
v -0.6465094 15.88472 7.473203
v -1.302904 15.93544 1.179924
v -1.436109 15.58188 4.326562
v -1.449348 15.58188 1.179923
v -1.293544 15.92607 4.326562
v -1.377628 15.58188 7.473202
v -1.252186 15.88472 7.473203
v -1.449348 15.58188 1.179923
v -1.293542 15.23769 4.326562
v -1.3029 15.22833 1.179923
v -1.436109 15.58188 4.326562
v -1.252185 15.27904 7.473202
v -1.377628 15.58188 7.473202
v -1.3029 15.22833 1.179923
v -0.9493502 15.09512 4.326562
v -0.9493468 15.08188 1.179923
v -1.293542 15.23769 4.326562
v -0.9493465 15.1536 7.473202
v -1.252185 15.27904 7.473202
v -0.9493468 15.08188 1.179923
v -0.6051576 15.23769 4.326562
v -0.5957985 15.22833 1.179923
v -0.9493502 15.09512 4.326562
v -0.6465085 15.27904 7.473202
v -0.9493465 15.1536 7.473202
v -0.5957985 15.22833 1.179923
v -0.4625855 15.58188 4.326562
v -0.4493465 15.58188 1.179923
v -0.6051576 15.23769 4.326562
v -0.5210738 15.58188 7.473202
v -0.6465085 15.27904 7.473202
v -0.4493465 15.58188 1.179923
v -0.6051602 15.92607 4.326562
v -0.595794 15.93544 1.179924
v -0.4625855 15.58188 4.326562
v -0.6465094 15.88472 7.473203
v -0.5210738 15.58188 7.473202
v -0.5957938 15.93543 7.473203
v -0.9493486 16.2002 7.787323
v -0.9493474 16.08188 7.473203
v -0.512128 16.0191 7.787323
v -0.9493474 16.08188 7.473203
v -1.386568 16.0191 7.787323
v -1.302904 15.93543 7.473203
v -0.9493486 16.2002 7.787323
v -1.302904 15.93543 7.473203
v -1.567667 15.58188 7.787323
v -1.449348 15.58188 7.473202
v -1.386568 16.0191 7.787323
v -1.449348 15.58188 7.473202
v -1.386566 15.14466 7.787323
v -1.3029 15.22833 7.473202
v -1.567667 15.58188 7.787323
v -1.3029 15.22833 7.473202
v -0.9493457 14.96356 7.787323
v -0.9493468 15.08188 7.473202
v -1.386566 15.14466 7.787323
v -0.9493468 15.08188 7.473202
v -0.5121335 15.14466 7.787323
v -0.5957985 15.22833 7.473202
v -0.9493457 14.96356 7.787323
v -0.5957985 15.22833 7.473202
v -0.3310269 15.58188 7.787323
v -0.4493465 15.58188 7.473202
v -0.5121335 15.14466 7.787323
v -0.4493465 15.58188 7.473202
v -0.512128 16.0191 7.787323
v -0.5957938 15.93543 7.473203
v -0.3310269 15.58188 7.787323
v -0.5957985 15.22833 7.473202
v -0.4493465 15.58188 7.473202
v -0.5957938 15.93543 7.473203
v -0.9493474 16.08188 7.473203
v -0.9493468 15.08188 7.473202
v -1.302904 15.93543 7.473203
v -1.3029 15.22833 7.473202
v -1.449348 15.58188 7.473202
v -1.582244 14.94898 7.787323
v -0.3164546 14.94898 8.180628
v -0.3164546 14.94898 7.787323
v -1.582244 14.94898 8.180628
v -1.582247 16.21478 8.180629
v -0.3164503 16.21478 7.787323
v -0.3164503 16.21478 8.180629
v -1.582247 16.21478 7.787323
v -1.582247 16.21478 7.787323
v -0.3164546 14.94898 7.787323
v -0.3164503 16.21478 7.787323
v -1.582244 14.94898 7.787323
v -0.3164546 14.94898 7.787323
v -0.3164503 16.21478 8.180629
v -0.3164503 16.21478 7.787323
v -0.3164546 14.94898 8.180628
v -1.582247 16.21478 7.787323
v -1.582244 14.94898 8.180628
v -1.582244 14.94898 7.787323
v -1.582247 16.21478 8.180629
v -2.494486 15.93544 1.179924
v -2.848043 16.06864 4.326562
v -2.848039 16.08188 1.179924
v -2.503852 15.92607 4.326562
v -2.848039 16.01016 7.473203
v -2.545201 15.88472 7.473203
v -3.201595 15.93544 1.179924
v -3.3348 15.58188 4.326562
v -3.34804 15.58188 1.179923
v -3.192236 15.92607 4.326562
v -3.27632 15.58188 7.473202
v -3.150877 15.88472 7.473203
v -3.34804 15.58188 1.179923
v -3.192234 15.23769 4.326562
v -3.201592 15.22833 1.179923
v -3.3348 15.58188 4.326562
v -3.150877 15.27904 7.473202
v -3.27632 15.58188 7.473202
v -3.201592 15.22833 1.179923
v -2.848042 15.09512 4.326562
v -2.848039 15.08188 1.179923
v -3.192234 15.23769 4.326562
v -2.848038 15.1536 7.473202
v -3.150877 15.27904 7.473202
v -2.848039 15.08188 1.179923
v -2.503849 15.23769 4.326562
v -2.49449 15.22833 1.179923
v -2.848042 15.09512 4.326562
v -2.5452 15.27904 7.473202
v -2.848038 15.1536 7.473202
v -2.49449 15.22833 1.179923
v -2.361277 15.58188 4.326562
v -2.348038 15.58188 1.179923
v -2.503849 15.23769 4.326562
v -2.419765 15.58188 7.473202
v -2.5452 15.27904 7.473202
v -2.348038 15.58188 1.179923
v -2.503852 15.92607 4.326562
v -2.494486 15.93544 1.179924
v -2.361277 15.58188 4.326562
v -2.545201 15.88472 7.473203
v -2.419765 15.58188 7.473202
v -2.494486 15.93543 7.473203
v -2.84804 16.2002 7.787323
v -2.848039 16.08187 7.473203
v -2.41082 16.0191 7.787323
v -2.848039 16.08187 7.473203
v -3.28526 16.0191 7.787323
v -3.201595 15.93543 7.473203
v -2.84804 16.2002 7.787323
v -3.201595 15.93543 7.473203
v -3.466359 15.58188 7.787323
v -3.34804 15.58188 7.473202
v -3.28526 16.0191 7.787323
v -3.34804 15.58188 7.473202
v -3.285258 15.14466 7.787323
v -3.201592 15.22833 7.473202
v -3.466359 15.58188 7.787323
v -3.201592 15.22833 7.473202
v -2.848037 14.96356 7.787323
v -2.848039 15.08188 7.473202
v -3.285258 15.14466 7.787323
v -2.848039 15.08188 7.473202
v -2.410825 15.14466 7.787323
v -2.49449 15.22833 7.473202
v -2.848037 14.96356 7.787323
v -2.49449 15.22833 7.473202
v -2.229718 15.58188 7.787323
v -2.348038 15.58188 7.473202
v -2.410825 15.14466 7.787323
v -2.348038 15.58188 7.473202
v -2.41082 16.0191 7.787323
v -2.494486 15.93543 7.473203
v -2.229718 15.58188 7.787323
v -2.49449 15.22833 7.473202
v -2.348038 15.58188 7.473202
v -2.494486 15.93543 7.473203
v -2.848039 16.08187 7.473203
v -2.848039 15.08188 7.473202
v -3.201595 15.93543 7.473203
v -3.201592 15.22833 7.473202
v -3.34804 15.58188 7.473202
v -3.480936 14.94898 7.787323
v -2.215146 14.94898 8.180628
v -2.215146 14.94898 7.787323
v -3.480936 14.94898 8.180628
v -3.480939 16.21478 8.180629
v -2.215142 16.21478 7.787323
v -2.215142 16.21478 8.180629
v -3.480939 16.21478 7.787323
v -3.480939 16.21478 7.787323
v -2.215146 14.94898 7.787323
v -2.215142 16.21478 7.787323
v -3.480936 14.94898 7.787323
v -2.215146 14.94898 7.787323
v -2.215142 16.21478 8.180629
v -2.215142 16.21478 7.787323
v -2.215146 14.94898 8.180628
v -3.480939 16.21478 7.787323
v -3.480936 14.94898 8.180628
v -3.480936 14.94898 7.787323
v -3.480939 16.21478 8.180629
v -5.379627 14.94898 7.787323
v -4.113838 14.94898 8.180628
v -4.113838 14.94898 7.787323
v -5.379627 14.94898 8.180628
v -5.379631 16.21478 8.180629
v -4.113834 16.21478 7.787323
v -4.113834 16.21478 8.180629
v -5.379631 16.21478 7.787323
v -5.379631 16.21478 7.787323
v -4.113838 14.94898 7.787323
v -4.113834 16.21478 7.787323
v -5.379627 14.94898 7.787323
v -4.113838 14.94898 7.787323
v -4.113834 16.21478 8.180629
v -4.113834 16.21478 7.787323
v -4.113838 14.94898 8.180628
v -5.379631 16.21478 7.787323
v -5.379627 14.94898 8.180628
v -5.379627 14.94898 7.787323
v -5.379631 16.21478 8.180629
v -6.291869 15.93543 1.179924
v -6.645427 16.06864 4.326562
v -6.645422 16.08188 1.179924
v -6.301235 15.92607 4.326562
v -6.645423 16.01016 7.473203
v -6.342585 15.88472 7.473203
v -6.998979 15.93543 1.179924
v -7.132184 15.58188 4.326562
v -7.145423 15.58188 1.179923
v -6.98962 15.92607 4.326562
v -7.073703 15.58188 7.473202
v -6.948261 15.88472 7.473203
v -7.145423 15.58188 1.179923
v -6.989617 15.23769 4.326562
v -6.998976 15.22833 1.179923
v -7.132184 15.58188 4.326562
v -6.94826 15.27904 7.473202
v -7.073703 15.58188 7.473202
v -6.998976 15.22833 1.179923
v -6.645425 15.09512 4.326562
v -6.645422 15.08188 1.179923
v -6.989617 15.23769 4.326562
v -6.645422 15.1536 7.473202
v -6.94826 15.27904 7.473202
v -6.645422 15.08188 1.179923
v -6.301233 15.23769 4.326562
v -6.291873 15.22833 1.179923
v -6.645425 15.09512 4.326562
v -6.342584 15.27904 7.473202
v -6.645422 15.1536 7.473202
v -6.291873 15.22833 1.179923
v -6.15866 15.58188 4.326562
v -6.145422 15.58188 1.179923
v -6.301233 15.23769 4.326562
v -6.217141 15.58188 7.473202
v -6.342584 15.27904 7.473202
v -6.145422 15.58188 1.179923
v -6.301235 15.92607 4.326562
v -6.291869 15.93543 1.179924
v -6.15866 15.58188 4.326562
v -6.342585 15.88472 7.473203
v -6.217141 15.58188 7.473202
v -6.291869 15.93543 7.473203
v -6.645424 16.2002 7.787323
v -6.645422 16.08188 7.473203
v -6.208203 16.01909 7.787323
v -6.645422 16.08188 7.473203
v -7.082644 16.01909 7.787323
v -6.998979 15.93543 7.473203
v -6.645424 16.2002 7.787323
v -6.998979 15.93543 7.473203
v -7.263742 15.58188 7.787323
v -7.145423 15.58188 7.473202
v -7.082644 16.01909 7.787323
v -7.145423 15.58188 7.473202
v -7.082642 15.14466 7.787323
v -6.998976 15.22833 7.473202
v -7.263742 15.58188 7.787323
v -6.998976 15.22833 7.473202
v -6.645421 14.96356 7.787323
v -6.645422 15.08188 7.473202
v -7.082642 15.14466 7.787323
v -6.645422 15.08188 7.473202
v -6.208201 15.14466 7.787323
v -6.291873 15.22833 7.473202
v -6.645421 14.96356 7.787323
v -6.291873 15.22833 7.473202
v -6.027102 15.58188 7.787323
v -6.145422 15.58188 7.473202
v -6.208201 15.14466 7.787323
v -6.145422 15.58188 7.473202
v -6.208203 16.01909 7.787323
v -6.291869 15.93543 7.473203
v -6.027102 15.58188 7.787323
v -6.291873 15.22833 7.473202
v -6.145422 15.58188 7.473202
v -6.291869 15.93543 7.473203
v -6.645422 16.08188 7.473203
v -6.645422 15.08188 7.473202
v -6.998979 15.93543 7.473203
v -6.998976 15.22833 7.473202
v -7.145423 15.58188 7.473202
v -7.278319 14.94898 7.787323
v -6.012522 14.94898 8.180628
v -6.012522 14.94898 7.787323
v -7.278319 14.94898 8.180628
v -7.278323 16.21478 8.180629
v -6.012526 16.21478 7.787323
v -6.012526 16.21478 8.180629
v -7.278323 16.21478 7.787323
v -7.278323 16.21478 7.787323
v -6.012522 14.94898 7.787323
v -6.012526 16.21478 7.787323
v -7.278319 14.94898 7.787323
v -6.012522 14.94898 7.787323
v -6.012526 16.21478 8.180629
v -6.012526 16.21478 7.787323
v -6.012522 14.94898 8.180628
v -7.278323 16.21478 7.787323
v -7.278319 14.94898 8.180628
v -7.278319 14.94898 7.787323
v -7.278323 16.21478 8.180629
v -8.056736 -15.95813 0.786605
v -3.499943 -15.95813 1.179911
v -3.499943 -15.95813 0.786605
v -8.056736 -15.95813 1.179911
v 0.4166753 16.74283 0.7866182
v -8.056744 16.74282 1.179924
v -8.056744 16.74282 0.7866182
v 0.4166753 16.74283 1.179924
v 1.250002 16.74283 0.7866182
v 8.056729 16.74283 1.179924
v 1.464558 16.74283 1.179924
v 8.056729 16.74283 0.7866182
v 8.056741 -5.467437 1.179915
v 8.056745 -15.95813 0.786605
v 8.056745 -15.95813 1.179911
v 8.056741 -4.855671 0.7866095
v 8.056737 4.806747 1.179919
v 8.056737 4.806747 0.7866133
v 8.056743 -4.335366 1.179915
v -8.056732 -5.467443 0.7866093
v -8.056736 -15.95813 1.179911
v -8.056736 -15.95813 0.786605
v -8.056732 -5.467443 1.179915
v -3.499943 -15.95813 1.179911
v -8.056736 -15.95813 1.179911
v -8.056732 -5.467443 1.179915
v -2.994594 -15.62941 1.179911
v 8.056741 -5.467437 1.179915
v -2.565473 -15.95813 1.179911
v 8.056745 -15.95813 1.179911
v 7.960112 -4.764209 1.179915
v -7.729881 -4.764214 1.179915
v 8.056743 -4.335366 1.179915
v -8.056739 -4.335372 1.179915
v -8.056739 8.341998 1.17992
v 8.056737 4.806747 1.179919
v 7.557773 5.783764 1.179919
v 8.056734 6.782095 1.17992
v -7.806754 9.585438 1.179921
v -8.056743 10.31735 1.179921
v 1.035437 16.47814 1.179924
v 1.464558 16.74283 1.179924
v 8.056729 16.74283 1.179924
v 0.4166753 16.74283 1.179924
v -8.056744 16.74282 1.179924
v -3.499943 -15.95813 0.786605
v -2.994594 -15.62941 1.179911
v -2.994594 -15.74727 0.7866051
v -3.499943 -15.95813 1.179911
v -2.994594 -15.74727 0.7866051
v -2.565473 -15.95813 1.179911
v -2.565473 -15.95813 0.786605
v -2.994594 -15.62941 1.179911
v -2.565473 -15.95813 0.786605
v 8.056745 -15.95813 1.179911
v 8.056745 -15.95813 0.786605
v -2.565473 -15.95813 1.179911
v 8.056734 6.782095 0.7866141
v 8.056729 16.74283 1.179924
v 8.056729 16.74283 0.7866182
v 8.056734 6.782095 1.17992
v -8.056744 16.74282 0.7866182
v -8.056743 10.31735 1.179921
v -8.056743 10.31735 0.7866155
v -8.056744 16.74282 1.179924
v -8.056743 10.31735 0.7866155
v -7.806754 9.585438 1.179921
v -7.806753 9.321912 0.7866152
v -8.056743 10.31735 1.179921
v -7.806753 9.321912 0.7866152
v -8.056739 8.341998 1.17992
v -8.056739 8.341998 0.7866148
v -7.806754 9.585438 1.179921
v -8.056739 8.341998 0.7866148
v -8.056739 -4.335372 1.179915
v -8.056739 -4.335372 0.7866096
v -8.056739 8.341998 1.17992
v -8.056737 -4.901977 0.7866095
v -8.056732 -5.467443 1.179915
v -8.056732 -5.467443 0.7866093
v -7.903263 -4.99375 1.034598
v -8.61392 -16.09639 0.3932992
v -8.159795 -16.5781 0.7866048
v -8.159801 -16.74467 0.393299
v -8.61392 -16.09639 0.7866049
v -8.613929 17.52936 0.7866185
v -4.878613 17.52937 0.3933128
v -5.513361 17.52937 0.7866185
v -8.613929 17.52936 0.3933128
v 8.613924 -10.88974 0.7866071
v 8.61393 -16.74466 0.393299
v 8.61393 -16.74466 0.7866047
v 8.613926 -9.866878 0.3933017
v 8.613917 3.813516 0.7866129
v 8.613917 3.813516 0.3933072
v 8.613928 -8.869183 0.7866079
v 8.613917 7.317319 0.3933087
v 8.61392 17.52937 0.7866185
v 8.61392 17.52937 0.3933128
v 8.613918 7.441179 0.7866144
v -8.613919 3.651958 0.7866129
v -8.613929 17.52936 0.3933128
v -8.613929 17.52936 0.7866185
v -8.613919 3.651958 0.3933072
v -8.613924 2.559213 0.3933068
v -8.458303 1.62648 0.3933063
v -8.375477 -0.09327089 0.7866114
v -8.375477 -0.09326898 0.3933057
v -8.458303 1.62648 0.7866121
v -7.039604 -16.74466 0.393299
v 8.61393 -16.74466 0.7866047
v 8.61393 -16.74466 0.393299
v -6.489577 -16.74466 0.7866047
v -3.143803 17.52937 0.7866185
v 8.61392 17.52937 0.7866185
v 8.613918 7.441179 0.7866144
v -3.949941 17.23718 0.7866184
v 8.006687 6.309831 0.7866139
v -8.613919 3.651958 0.7866129
v -5.513361 17.52937 0.7866185
v -8.613929 17.52936 0.7866185
v 8.233481 5.032108 0.7866134
v 8.613917 3.813516 0.7866129
v -8.204987 2.559213 0.7866125
v -8.458303 1.62648 0.7866121
v -8.375477 -0.09327089 0.7866114
v -8.613926 -1.135767 0.786611
v 8.613928 -8.869183 0.7866079
v 8.345827 -9.841708 0.7866075
v -8.613916 -13.33148 0.7866061
v -8.250377 -14.37952 0.7866057
v 8.613924 -10.88974 0.7866071
v -8.61392 -16.09639 0.7866049
v -7.589634 -16.48096 0.7866049
v -8.159795 -16.5781 0.7866048
v -6.489577 -16.74466 0.7866047
v 8.61393 -16.74466 0.7866047
v 8.61392 17.52937 0.7866185
v -3.143803 17.52937 0.3933128
v 8.61392 17.52937 0.3933128
v -3.143803 17.52937 0.7866185
v -4.878613 17.52937 0.3933128
v -8.613926 -1.135767 0.3933053
v -8.613916 -13.33148 0.7866061
v -8.613916 -13.33149 0.3933004
v -8.613926 -1.135767 0.786611
v -8.375477 -0.09326898 0.3933057
v -8.613926 -1.135767 0.786611
v -8.613926 -1.135767 0.3933053
v -8.375477 -0.09327089 0.7866114
v -9.323564 -17.16808 -6.890222E-06
v -6.823864 -17.53119 0.3932987
v -6.823864 -17.53119 -7.035958E-06
v -9.323564 -17.16808 0.3932988
v 7.403753 -17.53119 0.3932987
v 6.699949 -17.19219 0.3932988
v 9.323574 -17.37342 0.3932987
v 9.323566 -3.608283 0.3933043
v -9.323568 -3.60829 0.3933043
v -8.897253 -1.990258 0.3933049
v 8.891756 -1.99025 0.3933049
v -9.045958 -0.5411866 0.3933055
v 9.32357 -1.038992 0.3933053
v 8.774128 2.551893 0.3933068
v -9.323565 0.2644259 0.3933058
v -9.323569 11.31203 0.3933102
v 9.323567 8.670774 0.3933092
v -9.070476 12.44969 0.3933107
v 9.323562 14.91915 0.3933117
v -9.323569 13.42457 0.3933111
v -4.93764 -17.20993 0.3932988
v -9.323564 -17.16808 0.3932988
v -6.823864 -17.53119 0.3932987
v 5.702082 -17.53119 0.3932987
v -4.042109 -17.53119 0.3932987
v -2.614648 18.03385 0.393313
v 9.323562 16.69035 0.3933124
v -3.986134 18.3159 0.3933131
v -9.323572 18.31589 0.3933131
v 3.785134 18.09947 0.393313
v -1.381645 18.3159 0.3933131
v 2.827285 18.3159 0.3933131
v 6.003952 18.3159 0.3933131
v 8.815741 18.3159 0.3933131
v -3.986134 18.3159 7.350888E-06
v -9.323572 18.31589 0.3933131
v -9.323572 18.31589 7.350888E-06
v -3.986134 18.3159 0.3933131
v -2.614646 18.3159 7.350888E-06
v -1.381645 18.3159 7.350888E-06
v -1.381645 18.3159 0.3933131
v 2.827285 18.3159 0.3933131
v 2.827285 18.3159 7.350888E-06
v 9.323574 -17.37342 -6.97264E-06
v 9.323566 -3.608283 0.3933043
v 9.323568 -2.799265 -1.123457E-06
v 9.323574 -17.37342 0.3932987
v -9.323568 -3.60829 -1.448147E-06
v -9.323564 -17.16808 0.3932988
v -9.323564 -17.16808 -6.890222E-06
v -9.323568 -3.60829 0.3933043
v -9.323565 -1.990257 -7.987672E-07
v 7.403753 -17.53119 -7.035957E-06
v 9.323574 -17.37342 0.3932987
v 9.323574 -17.37342 -6.97264E-06
v 7.403753 -17.53119 0.3932987
v 6.003952 18.3159 7.350888E-06
v 8.815741 18.3159 0.3933131
v 6.003952 18.3159 0.3933131
v 8.815741 18.3159 7.350888E-06
v 9.32357 -1.038992 -4.169892E-07
v 8.774128 2.551893 0.3933068
v 8.877851 2.551898 1.024176E-06
v 9.32357 -1.038992 0.3933053
v -9.323565 0.2644259 1.061261E-07
v -9.323565 0.2644259 0.3933058
v -9.045958 -0.5411866 -2.17198E-07
v -9.045958 -0.5411866 0.3933055
v 8.877851 2.551898 1.024176E-06
v 9.323567 8.670774 0.3933092
v 9.323567 8.670774 3.479921E-06
v 8.774128 2.551893 0.3933068
v -9.323576 12.39543 4.974775E-06
v -9.323565 0.2644259 0.3933058
v -9.323565 0.2644259 1.061261E-07
v -9.323569 11.31203 0.3933102
v -9.323572 18.31589 7.350888E-06
v -9.323569 13.42457 0.3933111
v -9.323572 18.31589 0.3933131
v 9.323562 16.69035 6.698492E-06
v 8.815741 18.3159 0.3933131
v 8.815741 18.3159 7.350888E-06
v 9.323562 16.69035 0.3933124
v 9.323562 14.91915 5.987642E-06
v 9.323562 16.69035 0.3933124
v 9.323562 16.69035 6.698492E-06
v 9.323562 14.91915 0.3933117
v 9.323567 8.670774 3.479921E-06
v 9.323567 8.670774 0.3933092
v -6.823864 -17.53119 -7.035958E-06
v -4.93764 -17.20993 0.3932988
v -4.937644 -17.48491 -7.017382E-06
v -6.823864 -17.53119 0.3932987
v -4.937644 -17.48491 -7.017382E-06
v -4.042109 -17.53119 0.3932987
v -4.042109 -17.53119 -7.035958E-06
v -4.93764 -17.20993 0.3932988
v -4.042109 -17.53119 -7.035958E-06
v 5.702082 -17.53119 0.3932987
v 5.702082 -17.53119 -7.035958E-06
v -4.042109 -17.53119 0.3932987
v -6.977004 16.00072 10.85583
v -5.19381 15.16303 11.27515
v -6.977005 15.16303 10.85583
v -5.193809 16.00073 11.27515
v -4.387892 15.16303 10.85583
v -5.193809 16.00073 11.27515
v -4.387891 16.00073 10.85583
v -5.19381 15.16303 11.27515
v 6.976995 16.00073 10.85583
v 4.574769 15.16303 11.42088
v 4.57477 16.00073 11.42088
v 6.977002 15.16303 10.85583
v 4.005269 15.16303 11.06413
v 4.57477 16.00073 11.42088
v 4.574769 15.16303 11.42088
v 4.00527 16.00073 11.06413
v 4.00527 16.00073 11.06413
v 6.976995 16.00073 10.85583
v 4.57477 16.00073 11.42088
v 3.034433 16.00073 10.85583
v 6.977002 15.16303 10.85583
v 4.005269 15.16303 11.06413
v 4.574769 15.16303 11.42088
v 3.034431 15.16303 10.85583
v 4.00527 16.00073 11.06413
v 3.034431 15.16303 10.85583
v 3.034433 16.00073 10.85583
v 4.005269 15.16303 11.06413
v 6.500175 14.83349 10.86843
v 4.00378 14.83349 11.88665
v 7.43627 14.83349 10.86843
v 3.852916 14.83349 11.61214
v 3.852915 16.33915 11.61215
v 7.436272 16.33027 10.86843
v 4.003779 16.33915 11.88665
v 6.500169 16.33027 10.86843
v 7.436272 16.33027 10.86843
v 4.00378 14.83349 11.88665
v 4.003779 16.33915 11.88665
v 7.43627 14.83349 10.86843
v 3.852916 14.83349 11.61214
v 6.500169 16.33027 10.86843
v 3.852915 16.33915 11.61215
v 6.500175 14.83349 10.86843
v 3.852915 16.33915 11.61215
v 4.00378 14.83349 11.88665
v 3.852916 14.83349 11.61214
v 4.003779 16.33915 11.88665
v -6.418921 14.83348 10.86843
v -5.966672 14.83348 11.42215
v -5.556331 14.83349 11.18797
v -7.436282 14.83348 10.86843
v -5.556331 16.33343 11.18797
v -7.43628 16.33027 10.86843
v -6.418919 16.33027 10.86843
v -5.966673 16.33343 11.42215
v -7.43628 16.33027 10.86843
v -5.966672 14.83348 11.42215
v -7.436282 14.83348 10.86843
v -5.966673 16.33343 11.42215
v -5.556331 14.83349 11.18797
v -6.418919 16.33027 10.86843
v -6.418921 14.83348 10.86843
v -5.556331 16.33343 11.18797
v -5.556331 16.33343 11.18797
v -5.966672 14.83348 11.42215
v -5.966673 16.33343 11.42215
v -5.556331 14.83349 11.18797
v 6.374053 -15.54557 10.86842
v 5.310519 -15.54558 11.51307
v 7.436281 -15.54557 10.86842
v 5.018138 -15.54558 11.27677
v 5.018143 -14.04412 11.27677
v 7.436283 -14.04879 10.86842
v 5.310515 -14.04412 11.51308
v 6.374054 -14.04879 10.86842
v 7.436283 -14.04879 10.86842
v 5.310519 -15.54558 11.51307
v 5.310515 -14.04412 11.51308
v 7.436281 -15.54557 10.86842
v 5.018143 -14.04412 11.27677
v 6.374053 -15.54557 10.86842
v 6.374054 -14.04879 10.86842
v 5.018138 -15.54558 11.27677
v 5.310519 -15.54558 11.51307
v 5.018143 -14.04412 11.27677
v 5.310515 -14.04412 11.51308
v 5.018138 -15.54558 11.27677
v -6.586744 -15.54558 10.86842
v -5.122484 -15.54558 11.57269
v -4.903533 -15.54558 11.35507
v -7.436271 -15.54558 10.86842
v -4.903533 -14.04433 11.35507
v -7.436269 -14.0488 10.86842
v -6.586742 -14.0488 10.86842
v -5.122492 -14.04433 11.57269
v -7.436269 -14.0488 10.86842
v -5.122484 -15.54558 11.57269
v -7.436271 -15.54558 10.86842
v -5.122492 -14.04433 11.57269
v -4.903533 -14.04433 11.35507
v -6.586744 -15.54558 10.86842
v -4.903533 -15.54558 11.35507
v -6.586742 -14.0488 10.86842
v -5.122484 -15.54558 11.57269
v -4.903533 -14.04433 11.35507
v -4.903533 -15.54558 11.35507
v -5.122492 -14.04433 11.57269
v -3.286901 -15.66666 11.72893
v -2.180278 -15.66666 12.32661
v -2.115433 -15.66666 12.01092
v -3.357873 -15.66666 12.03396
v -3.357875 -14.1605 12.03396
v -2.180278 -15.66666 12.32661
v -3.357873 -15.66666 12.03396
v -2.180273 -14.15612 12.32661
v -2.115436 -14.15612 12.01092
v -3.357875 -14.1605 12.03396
v -3.286903 -14.1605 11.72894
v -2.180273 -14.15612 12.32661
v -2.115436 -14.15612 12.01092
v -3.286901 -15.66666 11.72893
v -2.115433 -15.66666 12.01092
v -3.286903 -14.1605 11.72894
v -3.357873 -15.66666 12.03396
v -3.286903 -14.1605 11.72894
v -3.357875 -14.1605 12.03396
v -3.286901 -15.66666 11.72893
v -2.180278 -15.66666 12.32661
v -2.115436 -14.15612 12.01092
v -2.115433 -15.66666 12.01092
v -2.180273 -14.15612 12.32661
v -6.057583 -13.70891 1.179912
v 6.057594 -13.70891 1.573217
v 6.057594 -13.70891 1.179912
v -6.057583 -13.70891 1.573217
v -6.057593 14.49361 1.573229
v 6.057584 14.49361 1.179923
v 6.057584 14.49361 1.573229
v -6.057593 14.49361 1.179923
v 6.057594 -13.70891 1.179912
v 6.057584 14.49361 1.573229
v 6.057584 14.49361 1.179923
v 6.057594 -13.70891 1.573217
v -6.057593 14.49361 1.179923
v -6.057583 -13.70891 1.573217
v -6.057583 -13.70891 1.179912
v -6.057593 14.49361 1.573229
v 6.057594 -13.70891 1.573217
v -6.057593 14.49361 1.573229
v 6.057584 14.49361 1.573229
v -6.057583 -13.70891 1.573217
v 2.568697 -11.60495 1.573218
v 2.215147 -11.47174 5.369436
v 2.215143 -11.4585 1.573218
v 2.559338 -11.61431 5.369436
v 2.215143 -11.53022 9.17883
v 2.517981 -11.65566 9.17883
v 1.861587 -11.60495 1.573218
v 1.728382 -11.9585 5.369436
v 1.715143 -11.9585 1.573218
v 1.870954 -11.61431 5.369436
v 1.786862 -11.9585 9.17883
v 1.912305 -11.65566 9.17883
v 1.715143 -11.9585 1.573218
v 1.870949 -12.30269 5.369436
v 1.86159 -12.31205 1.573218
v 1.728382 -11.9585 5.369436
v 1.912306 -12.26134 9.178831
v 1.786862 -11.9585 9.17883
v 1.86159 -12.31205 1.573218
v 2.21514 -12.44526 5.369435
v 2.215144 -12.4585 1.573218
v 1.870949 -12.30269 5.369436
v 2.215144 -12.38678 9.178831
v 1.912306 -12.26134 9.178831
v 2.5687 -12.31205 1.573218
v 2.701905 -11.9585 5.369436
v 2.715144 -11.9585 1.573218
v 2.559341 -12.30269 5.369436
v 2.643425 -11.9585 9.17883
v 2.517982 -12.26134 9.178831
v 2.715144 -11.9585 1.573218
v 2.559338 -11.61431 5.369436
v 2.568697 -11.60495 1.573218
v 2.701905 -11.9585 5.369436
v 2.517981 -11.65566 9.17883
v 2.643425 -11.9585 9.17883
v 2.568697 -11.60495 9.17883
v 2.215142 -11.34018 9.49295
v 2.215143 -11.4585 9.17883
v 2.652363 -11.52128 9.49295
v 2.215143 -11.4585 9.17883
v 1.777922 -11.52128 9.49295
v 1.861587 -11.60495 9.17883
v 2.215142 -11.34018 9.49295
v 1.861587 -11.60495 9.17883
v 1.596823 -11.9585 9.49295
v 1.715143 -11.9585 9.17883
v 1.777922 -11.52128 9.49295
v 1.715143 -11.9585 9.17883
v 1.777924 -12.39572 9.492951
v 1.86159 -12.31206 9.178831
v 1.596823 -11.9585 9.49295
v 1.86159 -12.31206 9.178831
v 2.215145 -12.57682 9.492951
v 2.215144 -12.4585 9.178831
v 1.777924 -12.39572 9.492951
v 2.215144 -12.4585 9.178831
v 2.652365 -12.39572 9.492951
v 2.5687 -12.31206 9.178831
v 2.215145 -12.57682 9.492951
v 2.5687 -12.31206 9.178831
v 2.833464 -11.9585 9.49295
v 2.715144 -11.9585 9.17883
v 2.652365 -12.39572 9.492951
v 2.715144 -11.9585 9.17883
v 2.652363 -11.52128 9.49295
v 2.568697 -11.60495 9.17883
v 2.833464 -11.9585 9.49295
v 2.5687 -12.31206 9.178831
v 2.715144 -11.9585 9.17883
v 2.568697 -11.60495 9.17883
v 2.215143 -11.4585 9.17883
v 2.215144 -12.4585 9.178831
v 1.861587 -11.60495 9.17883
v 1.86159 -12.31206 9.178831
v 1.715143 -11.9585 9.17883
v 1.582247 -12.5914 9.492951
v 2.848044 -12.5914 9.886257
v 2.848044 -12.5914 9.492951
v 1.582247 -12.5914 9.886257
v 1.582243 -11.3256 9.886256
v 2.84804 -11.3256 9.49295
v 2.84804 -11.3256 9.886256
v 1.582243 -11.3256 9.49295
v 1.582243 -11.3256 9.49295
v 2.848044 -12.5914 9.492951
v 2.84804 -11.3256 9.49295
v 1.582247 -12.5914 9.492951
v 2.848044 -12.5914 9.492951
v 2.84804 -11.3256 9.886256
v 2.84804 -11.3256 9.49295
v 2.848044 -12.5914 9.886257
v 1.582243 -11.3256 9.49295
v 1.582247 -12.5914 9.886257
v 1.582247 -12.5914 9.492951
v 1.582243 -11.3256 9.886256
v 5.100283 -11.60494 1.573218
v 4.746733 -11.47174 5.369436
v 4.746729 -11.4585 1.573218
v 5.090924 -11.61431 5.369436
v 4.746729 -11.53022 9.17883
v 5.049575 -11.65566 9.17883
v 4.393181 -11.60494 1.573218
v 4.259968 -11.9585 5.369436
v 4.246729 -11.9585 1.573218
v 4.40254 -11.61431 5.369436
v 4.318457 -11.9585 9.17883
v 4.443891 -11.65566 9.17883
v 4.246729 -11.9585 1.573218
v 4.402543 -12.30269 5.369436
v 4.393177 -12.31205 1.573218
v 4.259968 -11.9585 5.369436
v 4.443892 -12.26134 9.178831
v 4.318457 -11.9585 9.17883
v 4.393177 -12.31205 1.573218
v 4.746735 -12.44526 5.369435
v 4.74673 -12.4585 1.573218
v 4.402543 -12.30269 5.369436
v 4.74673 -12.38678 9.178831
v 4.443892 -12.26134 9.178831
v 5.100286 -12.31205 1.573218
v 5.233491 -11.9585 5.369436
v 5.24673 -11.9585 1.573218
v 5.090927 -12.30269 5.369436
v 5.175011 -11.9585 9.17883
v 5.049569 -12.26134 9.178831
v 5.24673 -11.9585 1.573218
v 5.090924 -11.61431 5.369436
v 5.100283 -11.60494 1.573218
v 5.233491 -11.9585 5.369436
v 5.049575 -11.65566 9.17883
v 5.175011 -11.9585 9.17883
v 5.100283 -11.60495 9.17883
v 4.746736 -11.34018 9.49295
v 4.746729 -11.4585 9.17883
v 5.183949 -11.52128 9.49295
v 4.746729 -11.4585 9.17883
v 4.309516 -11.52128 9.49295
v 4.393181 -11.60495 9.17883
v 4.746736 -11.34018 9.49295
v 4.393181 -11.60495 9.17883
v 4.128409 -11.9585 9.49295
v 4.246729 -11.9585 9.17883
v 4.309516 -11.52128 9.49295
v 4.246729 -11.9585 9.17883
v 4.309511 -12.39572 9.492951
v 4.393177 -12.31205 9.178831
v 4.128409 -11.9585 9.49295
v 4.393177 -12.31205 9.178831
v 4.746731 -12.57682 9.492951
v 4.74673 -12.4585 9.178831
v 4.309511 -12.39572 9.492951
v 4.74673 -12.4585 9.178831
v 5.183951 -12.39572 9.492951
v 5.100286 -12.31205 9.178831
v 4.746731 -12.57682 9.492951
v 5.100286 -12.31205 9.178831
v 5.36505 -11.9585 9.49295
v 5.246731 -11.9585 9.17883
v 5.183951 -12.39572 9.492951
v 5.246731 -11.9585 9.17883
v 5.183949 -11.52128 9.49295
v 5.100283 -11.60495 9.17883
v 5.36505 -11.9585 9.49295
v 5.100286 -12.31205 9.178831
v 5.246731 -11.9585 9.17883
v 5.100283 -11.60495 9.17883
v 4.746729 -11.4585 9.17883
v 4.74673 -12.4585 9.178831
v 4.393181 -11.60495 9.17883
v 4.393177 -12.31205 9.178831
v 4.246729 -11.9585 9.17883
v 4.113833 -12.5914 9.492951
v 5.37963 -12.5914 9.886257
v 5.37963 -12.5914 9.492951
v 4.113833 -12.5914 9.886257
v 4.113837 -11.3256 9.886256
v 5.379634 -11.3256 9.49295
v 5.379634 -11.3256 9.886256
v 4.113837 -11.3256 9.49295
v 4.113837 -11.3256 9.49295
v 5.37963 -12.5914 9.492951
v 5.379634 -11.3256 9.49295
v 4.113833 -12.5914 9.492951
v 5.37963 -12.5914 9.492951
v 5.379634 -11.3256 9.886256
v 5.379634 -11.3256 9.49295
v 5.37963 -12.5914 9.886257
v 4.113837 -11.3256 9.49295
v 4.113833 -12.5914 9.886257
v 4.113833 -12.5914 9.492951
v 4.113837 -11.3256 9.886256
v -1.861581 -11.60495 1.573218
v -2.215139 -11.47174 5.369436
v -2.215135 -11.4585 1.573218
v -1.87094 -11.61431 5.369436
v -2.215135 -11.53022 9.17883
v -1.912297 -11.65566 9.17883
v -2.568691 -11.60495 1.573218
v -2.701896 -11.9585 5.369436
v -2.715135 -11.9585 1.573218
v -2.559332 -11.61431 5.369436
v -2.643415 -11.9585 9.17883
v -2.517973 -11.65566 9.17883
v -2.715135 -11.9585 1.573218
v -2.559329 -12.30269 5.369436
v -2.568688 -12.31205 1.573218
v -2.701896 -11.9585 5.369436
v -2.517972 -12.26134 9.178831
v -2.643415 -11.9585 9.17883
v -2.568688 -12.31205 1.573218
v -2.215138 -12.44526 5.369435
v -2.215134 -12.4585 1.573218
v -2.559329 -12.30269 5.369436
v -2.215134 -12.38678 9.178831
v -2.517972 -12.26134 9.178831
v -1.861586 -12.31205 1.573218
v -1.728373 -11.9585 5.369436
v -1.715134 -11.9585 1.573218
v -1.870945 -12.30269 5.369436
v -1.786854 -11.9585 9.17883
v -1.912296 -12.26134 9.178831
v -1.715134 -11.9585 1.573218
v -1.87094 -11.61431 5.369436
v -1.861581 -11.60495 1.573218
v -1.728373 -11.9585 5.369436
v -1.912297 -11.65566 9.17883
v -1.786854 -11.9585 9.17883
v -1.861581 -11.60495 9.17883
v -2.215136 -11.34018 9.49295
v -2.215135 -11.4585 9.17883
v -1.777915 -11.52129 9.49295
v -2.215135 -11.4585 9.17883
v -2.652356 -11.52129 9.49295
v -2.568691 -11.60495 9.17883
v -2.215136 -11.34018 9.49295
v -2.568691 -11.60495 9.17883
v -2.833455 -11.9585 9.49295
v -2.715135 -11.9585 9.17883
v -2.652356 -11.52129 9.49295
v -2.715135 -11.9585 9.17883
v -2.652354 -12.39572 9.492951
v -2.568688 -12.31206 9.178831
v -2.833455 -11.9585 9.49295
v -2.568688 -12.31206 9.178831
v -2.215133 -12.57682 9.492951
v -2.215134 -12.4585 9.178831
v -2.652354 -12.39572 9.492951
v -2.215134 -12.4585 9.178831
v -1.777913 -12.39572 9.492951
v -1.861578 -12.31206 9.178831
v -2.215133 -12.57682 9.492951
v -1.861578 -12.31206 9.178831
v -1.596814 -11.9585 9.49295
v -1.715134 -11.9585 9.17883
v -1.777913 -12.39572 9.492951
v -1.715134 -11.9585 9.17883
v -1.777915 -11.52129 9.49295
v -1.861581 -11.60495 9.17883
v -1.596814 -11.9585 9.49295
v -1.861578 -12.31206 9.178831
v -1.715134 -11.9585 9.17883
v -1.861581 -11.60495 9.17883
v -2.215135 -11.4585 9.17883
v -2.215134 -12.4585 9.178831
v -2.568691 -11.60495 9.17883
v -2.568688 -12.31206 9.178831
v -2.715135 -11.9585 9.17883
v -2.848032 -12.5914 9.492951
v -1.582234 -12.5914 9.886257
v -1.582234 -12.5914 9.492951
v -2.848032 -12.5914 9.886257
v -2.848035 -11.32561 9.886256
v -1.582238 -11.32561 9.49295
v -1.582238 -11.32561 9.886256
v -2.848035 -11.32561 9.49295
v -2.848035 -11.32561 9.49295
v -1.582234 -12.5914 9.492951
v -1.582238 -11.32561 9.49295
v -2.848032 -12.5914 9.492951
v -1.582234 -12.5914 9.492951
v -1.582238 -11.32561 9.886256
v -1.582238 -11.32561 9.49295
v -1.582234 -12.5914 9.886257
v -2.848035 -11.32561 9.49295
v -2.848032 -12.5914 9.886257
v -2.848032 -12.5914 9.492951
v -2.848035 -11.32561 9.886256
v -4.393176 -11.60495 1.573218
v -4.746726 -11.47174 5.369436
v -4.746729 -11.4585 1.573218
v -4.402534 -11.61431 5.369436
v -4.746722 -11.53023 9.17883
v -4.443883 -11.65566 9.17883
v -5.100277 -11.60495 1.573218
v -5.23349 -11.9585 5.369436
v -5.246729 -11.9585 1.573218
v -5.090918 -11.61431 5.369436
v -5.175002 -11.9585 9.17883
v -5.04956 -11.65566 9.17883
v -5.246729 -11.9585 1.573218
v -5.090916 -12.30269 5.369436
v -5.100282 -12.31205 1.573218
v -5.23349 -11.9585 5.369436
v -5.049566 -12.26134 9.178831
v -5.175002 -11.9585 9.17883
v -5.100282 -12.31205 1.573218
v -4.746724 -12.44526 5.369435
v -4.746728 -12.4585 1.573218
v -5.090916 -12.30269 5.369436
v -4.746728 -12.38678 9.178831
v -5.049566 -12.26134 9.178831
v -4.393172 -12.31205 1.573218
v -4.259959 -11.9585 5.369436
v -4.246728 -11.9585 1.573218
v -4.402532 -12.30269 5.369436
v -4.318448 -11.9585 9.17883
v -4.443882 -12.26134 9.178831
v -4.246728 -11.9585 1.573218
v -4.402534 -11.61431 5.369436
v -4.393176 -11.60495 1.573218
v -4.259959 -11.9585 5.369436
v -4.443883 -11.65566 9.17883
v -4.318448 -11.9585 9.17883
v -4.393167 -11.60495 9.17883
v -4.746722 -11.34018 9.49295
v -4.746721 -11.4585 9.17883
v -4.309509 -11.52129 9.49295
v -4.746721 -11.4585 9.17883
v -5.183942 -11.52129 9.49295
v -5.100277 -11.60495 9.17883
v -4.746722 -11.34018 9.49295
v -5.100277 -11.60495 9.17883
v -5.365049 -11.9585 9.49295
v -5.246722 -11.9585 9.17883
v -5.183942 -11.52129 9.49295
v -5.246722 -11.9585 9.17883
v -5.18394 -12.39572 9.492951
v -5.100274 -12.31206 9.178831
v -5.365049 -11.9585 9.49295
v -5.100274 -12.31206 9.178831
v -4.746727 -12.57682 9.492951
v -4.746728 -12.4585 9.178831
v -5.18394 -12.39572 9.492951
v -4.746728 -12.4585 9.178831
v -4.309507 -12.39572 9.492951
v -4.393172 -12.31206 9.178831
v -4.746727 -12.57682 9.492951
v -4.393172 -12.31206 9.178831
v -4.128408 -11.9585 9.49295
v -4.246728 -11.9585 9.17883
v -4.309507 -12.39572 9.492951
v -4.246728 -11.9585 9.17883
v -4.309509 -11.52129 9.49295
v -4.393167 -11.60495 9.17883
v -4.128408 -11.9585 9.49295
v -4.393172 -12.31206 9.178831
v -4.246728 -11.9585 9.17883
v -4.393167 -11.60495 9.17883
v -4.746721 -11.4585 9.17883
v -4.746728 -12.4585 9.178831
v -5.100277 -11.60495 9.17883
v -5.100274 -12.31206 9.178831
v -5.246722 -11.9585 9.17883
v -5.379625 -12.5914 9.492951
v -4.113829 -12.5914 9.886257
v -4.113829 -12.5914 9.492951
v -5.379625 -12.5914 9.886257
v -5.379621 -11.32561 9.886256
v -4.113824 -11.32561 9.49295
v -4.113824 -11.32561 9.886256
v -5.379621 -11.32561 9.49295
v -5.379621 -11.32561 9.49295
v -4.113829 -12.5914 9.492951
v -4.113824 -11.32561 9.49295
v -5.379625 -12.5914 9.492951
v -4.113829 -12.5914 9.492951
v -4.113824 -11.32561 9.886256
v -4.113824 -11.32561 9.49295
v -4.113829 -12.5914 9.886257
v -5.379621 -11.32561 9.49295
v -5.379625 -12.5914 9.886257
v -5.379625 -12.5914 9.492951
v -5.379621 -11.32561 9.886256
v -5.749164 -12.74199 9.886257
v 5.749174 -12.74199 11.00179
v 5.749174 -12.74198 9.886257
v -5.749164 -12.74199 11.00179
v -5.749164 -12.74199 11.00179
v 5.749173 -11.17502 11.00179
v 5.749174 -12.74199 11.00179
v -5.749165 -11.17502 11.00179
v -5.749165 -11.17502 11.00179
v 5.749173 -11.17502 9.886256
v 5.749173 -11.17502 11.00179
v -5.749165 -11.17502 9.886256
v -5.749165 -11.17502 9.886256
v 5.749174 -12.74198 9.886257
v 5.749173 -11.17502 9.886256
v -5.749164 -12.74199 9.886257
v 5.749174 -12.74198 9.886257
v 5.749173 -11.17502 11.00179
v 5.749173 -11.17502 9.886256
v 5.749174 -12.74199 11.00179
v -5.749165 -11.17502 9.886256
v -5.749164 -12.74199 11.00179
v -5.749164 -12.74199 9.886257
v -5.749165 -11.17502 11.00179
v 2.038748 -12.25025 1.573218
v 4.815993 -12.25025 9.904232
v 4.815993 -12.25025 1.573218
v 2.038748 -12.25025 9.904232
v 2.038747 -11.66675 9.904231
v 4.815992 -11.66675 1.573218
v 4.815992 -11.66675 9.904231
v 2.038747 -11.66675 1.573218
v -4.900164 -12.25025 1.573218
v -2.122919 -12.25025 9.904232
v -2.122919 -12.25025 1.573218
v -4.900164 -12.25025 9.904232
v -4.900165 -11.66675 9.904231
v -2.12292 -11.66675 1.573218
v -2.12292 -11.66675 9.904231
v -4.900165 -11.66675 1.573218
v -4.454977 -10.95142 1.573219
v -4.454972 -8.1357 3.664986
v -4.45498 -7.679598 1.57322
v -4.454977 -9.476679 4.883237
v -5.038474 -8.135699 3.664986
v -5.038479 -10.95142 1.573219
v -5.038475 -7.679597 1.57322
v -5.038479 -9.476679 4.883237
v -4.454972 -8.1357 3.664986
v -5.038475 -7.679597 1.57322
v -4.45498 -7.679598 1.57322
v -5.038474 -8.135699 3.664986
v -4.454977 -10.95142 1.573219
v -5.038476 -10.45987 6.808752
v -4.454974 -10.45987 6.808752
v -5.038479 -10.95142 1.573219
v -5.038479 -9.476679 4.883237
v -4.454974 -10.45987 6.808752
v -5.038476 -10.45987 6.808752
v -4.454977 -9.476679 4.883237
v -4.454972 -8.1357 3.664986
v -5.038474 -8.135699 3.664986
v -4.393174 -6.976097 1.57322
v -4.746724 -6.84289 4.819654
v -4.746727 -6.829651 1.57322
v -4.402532 -6.98546 4.754709
v -4.746727 -6.829651 1.57322
v -5.090916 -6.985461 4.982411
v -5.100283 -6.976098 1.57322
v -4.746724 -6.84289 4.819654
v -5.100283 -6.976098 1.57322
v -5.233489 -7.329652 4.98241
v -5.246727 -7.329652 1.57322
v -5.090916 -6.985461 4.982411
v -5.246727 -7.329652 1.57322
v -5.090921 -7.673847 5.321241
v -5.10028 -7.683204 1.57322
v -5.233489 -7.329652 4.98241
v -5.10028 -7.683204 1.57322
v -4.746722 -7.816415 5.369437
v -4.746727 -7.829652 1.57322
v -5.090921 -7.673847 5.321241
v -4.746727 -7.829652 1.57322
v -4.402537 -7.673846 5.188499
v -4.39317 -7.683205 1.57322
v -4.746722 -7.816415 5.369437
v -4.39317 -7.683205 1.57322
v -4.259965 -7.329653 4.912187
v -4.246726 -7.329651 1.57322
v -4.402537 -7.673846 5.188499
v -4.246726 -7.329651 1.57322
v -4.402532 -6.98546 4.754709
v -4.393174 -6.976097 1.57322
v -4.259965 -7.329653 4.912187
v -5.090921 -7.673847 5.321241
v -4.402537 -7.673846 5.188499
v -4.746722 -7.816415 5.369437
v -5.233489 -7.329652 4.98241
v -4.259965 -7.329653 4.912187
v -4.402532 -6.98546 4.754709
v -5.090916 -6.985461 4.982411
v -4.746724 -6.84289 4.819654
v 5.068236 -7.026521 1.57322
v 5.068237 -4.416233 2.397325
v 5.068233 -4.233384 1.573221
v 5.068236 -5.551784 3.075816
v 4.563742 -4.416234 2.397325
v 4.563741 -7.026522 1.57322
v 4.563745 -4.233385 1.573221
v 4.563741 -5.551785 3.075816
v 5.068237 -4.416233 2.397325
v 4.563745 -4.233385 1.573221
v 5.068233 -4.233384 1.573221
v 4.563742 -4.416234 2.397325
v 5.068236 -7.026521 2.590663
v 4.563741 -5.551785 3.075816
v 5.068236 -5.551784 3.075816
v 4.563741 -7.026522 2.590663
v 4.563741 -5.551785 3.075816
v 5.068237 -4.416233 2.397325
v 5.068236 -5.551784 3.075816
v 4.563742 -4.416234 2.397325
v 2.568688 14.03675 1.573228
v 2.215138 14.16995 5.369446
v 2.215135 14.18319 1.573228
v 2.55933 14.02738 5.369446
v 2.215135 14.11147 9.178841
v 2.517973 13.98603 9.178841
v 1.861586 14.03675 1.573228
v 1.728373 13.68319 5.369447
v 1.715134 13.68319 1.573228
v 1.870945 14.02738 5.369446
v 1.786862 13.68319 9.178841
v 1.912297 13.98603 9.178841
v 1.715134 13.68319 1.573228
v 1.87094 13.339 5.369446
v 1.861582 13.32964 1.573228
v 1.728373 13.68319 5.369447
v 1.912297 13.38035 9.178841
v 1.786862 13.68319 9.178841
v 1.861582 13.32964 1.573228
v 2.21514 13.19643 5.369446
v 2.215135 13.18319 1.573228
v 1.87094 13.339 5.369446
v 2.215136 13.25491 9.178841
v 1.912297 13.38035 9.178841
v 2.568691 13.32964 1.573228
v 2.701897 13.68319 5.369447
v 2.715136 13.68319 1.573228
v 2.559332 13.339 5.369446
v 2.643416 13.68319 9.178841
v 2.517974 13.38035 9.178841
v 2.715136 13.68319 1.573228
v 2.55933 14.02738 5.369446
v 2.568688 14.03675 1.573228
v 2.701897 13.68319 5.369447
v 2.517973 13.98603 9.178841
v 2.643416 13.68319 9.178841
v 2.568688 14.03674 9.178841
v 2.215134 14.30151 9.492962
v 2.215135 14.18319 9.178841
v 2.652354 14.12041 9.492962
v 2.215135 14.18319 9.178841
v 1.777922 14.12041 9.492962
v 1.861586 14.03674 9.178841
v 2.215134 14.30151 9.492962
v 1.861586 14.03674 9.178841
v 1.596815 13.68319 9.492962
v 1.715135 13.68319 9.178841
v 1.777922 14.12041 9.492962
v 1.715135 13.68319 9.178841
v 1.777916 13.24597 9.492961
v 1.861582 13.32964 9.178841
v 1.596815 13.68319 9.492962
v 1.861582 13.32964 9.178841
v 2.215137 13.06487 9.492961
v 2.215136 13.18319 9.178841
v 1.777916 13.24597 9.492961
v 2.215136 13.18319 9.178841
v 2.652356 13.24597 9.492961
v 2.568691 13.32964 9.178841
v 2.215137 13.06487 9.492961
v 2.568691 13.32964 9.178841
v 2.833455 13.68319 9.492962
v 2.715136 13.68319 9.178841
v 2.652356 13.24597 9.492961
v 2.715136 13.68319 9.178841
v 2.652354 14.12041 9.492962
v 2.568688 14.03674 9.178841
v 2.833455 13.68319 9.492962
v 2.568691 13.32964 9.178841
v 2.715136 13.68319 9.178841
v 2.568688 14.03674 9.178841
v 2.215135 14.18319 9.178841
v 2.215136 13.18319 9.178841
v 1.861586 14.03674 9.178841
v 1.861582 13.32964 9.178841
v 1.715135 13.68319 9.178841
v 1.582238 13.05029 9.492961
v 2.848035 13.05029 9.886267
v 2.848035 13.05029 9.492961
v 1.582238 13.05029 9.886267
v 1.582243 14.31609 9.886267
v 2.848032 14.31609 9.492962
v 2.848032 14.31609 9.886267
v 1.582243 14.31609 9.492962
v 1.582243 14.31609 9.492962
v 2.848035 13.05029 9.492961
v 2.848032 14.31609 9.492962
v 1.582238 13.05029 9.492961
v 2.848035 13.05029 9.492961
v 2.848032 14.31609 9.886267
v 2.848032 14.31609 9.492962
v 2.848035 13.05029 9.886267
v 1.582243 14.31609 9.492962
v 1.582238 13.05029 9.886267
v 1.582238 13.05029 9.492961
v 1.582243 14.31609 9.886267
v 5.100282 14.03674 1.573228
v 4.746725 14.16996 5.369446
v 4.746721 14.18319 1.573228
v 5.090916 14.02738 5.369446
v 4.746728 14.11147 9.178841
v 5.049567 13.98603 9.178841
v 4.393173 14.03675 1.573228
v 4.25996 13.68319 5.369447
v 4.246728 13.6832 1.573228
v 4.402532 14.02738 5.369446
v 4.318448 13.68319 9.178841
v 4.443891 13.98603 9.178841
v 4.246728 13.6832 1.573228
v 4.402534 13.339 5.369446
v 4.393176 13.32964 1.573228
v 4.25996 13.68319 5.369447
v 4.443884 13.38035 9.178841
v 4.318448 13.68319 9.178841
v 4.393176 13.32964 1.573228
v 4.746726 13.19643 5.369446
v 4.746722 13.1832 1.573228
v 4.402534 13.339 5.369446
v 4.74673 13.25491 9.178841
v 4.443884 13.38035 9.178841
v 5.100278 13.32964 1.573228
v 5.233491 13.68319 5.369447
v 5.246722 13.6832 1.573228
v 5.090919 13.339 5.369446
v 5.175003 13.68319 9.178841
v 5.049568 13.38035 9.178841
v 5.246722 13.6832 1.573228
v 5.090916 14.02738 5.369446
v 5.100282 14.03674 1.573228
v 5.233491 13.68319 5.369447
v 5.049567 13.98603 9.178841
v 5.175003 13.68319 9.178841
v 5.100282 14.03674 9.178841
v 4.746728 14.30151 9.492962
v 4.746729 14.18319 9.178841
v 5.18394 14.12041 9.492962
v 4.746729 14.18319 9.178841
v 4.309508 14.12041 9.492962
v 4.393173 14.03674 9.178841
v 4.746728 14.30151 9.492962
v 4.393173 14.03674 9.178841
v 4.128409 13.68319 9.492962
v 4.246728 13.68319 9.178841
v 4.309508 14.12041 9.492962
v 4.246728 13.68319 9.178841
v 4.30951 13.24597 9.492961
v 4.393176 13.32964 9.178841
v 4.128409 13.68319 9.492962
v 4.393176 13.32964 9.178841
v 4.746723 13.06487 9.492961
v 4.746729 13.18319 9.178841
v 4.30951 13.24597 9.492961
v 4.746729 13.18319 9.178841
v 5.183943 13.24597 9.492961
v 5.100278 13.32963 9.178841
v 4.746723 13.06487 9.492961
v 5.100278 13.32963 9.178841
v 5.365049 13.68319 9.492962
v 5.246722 13.68319 9.178841
v 5.183943 13.24597 9.492961
v 5.246722 13.68319 9.178841
v 5.18394 14.12041 9.492962
v 5.100282 14.03674 9.178841
v 5.365049 13.68319 9.492962
v 5.100278 13.32963 9.178841
v 5.246722 13.68319 9.178841
v 5.100282 14.03674 9.178841
v 4.746729 14.18319 9.178841
v 4.746729 13.18319 9.178841
v 4.393173 14.03674 9.178841
v 4.393176 13.32964 9.178841
v 4.246728 13.68319 9.178841
v 4.113825 13.05029 9.492961
v 5.379622 13.05029 9.886267
v 5.379622 13.05029 9.492961
v 4.113825 13.05029 9.886267
v 4.113829 14.31609 9.886267
v 5.379626 14.31609 9.492962
v 5.379626 14.31609 9.886267
v 4.113829 14.31609 9.492962
v 4.113829 14.31609 9.492962
v 5.379622 13.05029 9.492961
v 5.379626 14.31609 9.492962
v 4.113825 13.05029 9.492961
v 5.379622 13.05029 9.492961
v 5.379626 14.31609 9.886267
v 5.379626 14.31609 9.492962
v 5.379622 13.05029 9.886267
v 4.113829 14.31609 9.492962
v 4.113825 13.05029 9.886267
v 4.113825 13.05029 9.492961
v 4.113829 14.31609 9.886267
v -1.86159 14.03675 1.573228
v -2.21514 14.16995 5.483359
v -2.215143 14.18319 1.573228
v -1.870948 14.02738 5.2093
v -2.215143 14.18319 1.573228
v -2.559333 14.02738 5.2093
v -2.568699 14.03674 1.573228
v -2.21514 14.16995 5.483359
v -2.568699 14.03674 1.573228
v -2.701905 13.68319 5.369447
v -2.715144 13.68319 1.573228
v -2.559333 14.02738 5.2093
v -2.715144 13.68319 1.573228
v -2.559338 13.339 5.369446
v -2.568696 13.32964 1.573228
v -2.701905 13.68319 5.369447
v -2.568696 13.32964 1.573228
v -2.215146 13.19643 5.369446
v -2.215143 13.18319 1.573228
v -2.559338 13.339 5.369446
v -2.215143 13.18319 1.573228
v -1.870953 13.339 5.369446
v -1.861587 13.32964 1.573228
v -2.215146 13.19643 5.369446
v -1.861587 13.32964 1.573228
v -1.728381 13.68319 5.209301
v -1.715142 13.68319 1.573228
v -1.870953 13.339 5.369446
v -1.715142 13.68319 1.573228
v -1.870948 14.02738 5.2093
v -1.86159 14.03675 1.573228
v -1.728381 13.68319 5.209301
v -4.393176 14.03674 1.573228
v -4.746734 14.16995 5.369446
v -4.74673 14.18319 1.573228
v -4.402543 14.02738 5.369446
v -4.74673 14.11146 9.106231
v -4.443892 13.98603 9.106231
v -5.100286 14.03674 1.573228
v -5.233491 13.68319 5.369447
v -5.24673 13.68319 1.573228
v -5.090927 14.02738 5.369446
v -5.17501 13.68319 9.178841
v -5.049568 13.98603 9.046099
v -5.24673 13.68319 1.573228
v -5.090924 13.339 5.369446
v -5.100283 13.32964 1.573228
v -5.233491 13.68319 5.369447
v -5.049567 13.38035 9.111174
v -5.17501 13.68319 9.178841
v -5.100283 13.32964 1.573228
v -4.746732 13.19642 5.369446
v -4.746729 13.18319 1.573228
v -5.090924 13.339 5.369446
v -4.746729 13.25491 9.10623
v -5.049567 13.38035 9.111174
v -4.393181 13.32964 1.573228
v -4.259968 13.68319 5.369447
v -4.246729 13.68319 1.573228
v -4.40254 13.33899 5.369446
v -4.318456 13.68319 9.106231
v -4.443891 13.38035 8.961141
v -4.246729 13.68319 1.573228
v -4.402543 14.02738 5.369446
v -4.393176 14.03674 1.573228
v -4.259968 13.68319 5.369447
v -4.443892 13.98603 9.106231
v -4.318456 13.68319 9.106231
v -4.443892 13.98603 9.106231
v -4.746729 13.25491 9.10623
v -4.74673 14.11146 9.106231
v -4.443891 13.38035 8.961141
v -4.74673 14.11146 9.106231
v -5.049567 13.38035 9.111174
v -5.049568 13.98603 9.046099
v -4.746729 13.25491 9.10623
v 1.209289 12.89971 9.886267
v 5.652555 12.89971 10.89653
v 5.953397 12.89971 9.886267
v 1.820147 12.8997 11.0018
v 1.820147 12.8997 11.0018
v 5.652554 14.46667 10.89653
v 5.652555 12.89971 10.89653
v 1.820146 14.46667 11.0018
v 1.820146 14.46667 11.0018
v 5.953396 14.46667 9.886267
v 5.652554 14.46667 10.89653
v 1.209288 14.46667 9.886267
v 1.209288 14.46667 9.886267
v 5.953397 12.89971 9.886267
v 5.953396 14.46667 9.886267
v 1.209289 12.89971 9.886267
v 5.953397 12.89971 9.886267
v 5.652554 14.46667 10.89653
v 5.953396 14.46667 9.886267
v 5.652555 12.89971 10.89653
v 1.209288 14.46667 9.886267
v 1.820147 12.8997 11.0018
v 1.209289 12.89971 9.886267
v 1.820146 14.46667 11.0018
v -7.46657 9.975123 10.85583
v -7.466574 12.19435 10.30664
v -7.466574 12.19435 10.85583
v -7.46657 9.975123 10.30664
v -5.87781 9.975125 10.30664
v -7.466574 12.19435 10.30664
v -7.46657 9.975123 10.30664
v -5.877813 12.19435 10.30664
v -5.87781 9.975125 10.85583
v -5.877813 12.19435 10.30664
v -5.87781 9.975125 10.30664
v -5.877813 12.19435 10.85583
v -7.46657 9.975123 10.85583
v -5.877813 12.19435 10.85583
v -5.87781 9.975125 10.85583
v -7.466574 12.19435 10.85583
v -7.466574 12.19435 10.30664
v -5.877813 12.19435 10.85583
v -7.466574 12.19435 10.85583
v -5.877813 12.19435 10.30664
v -7.46657 9.975123 10.30664
v -5.87781 9.975125 10.85583
v -5.87781 9.975125 10.30664
v -7.46657 9.975123 10.85583
v -7.466568 2.151813 10.85583
v -7.46657 4.465301 10.30664
v -7.46657 4.465301 10.85583
v -7.466568 2.151813 10.30663
v -5.877808 2.151813 10.30663
v -7.46657 4.465301 10.30664
v -7.466568 2.151813 10.30663
v -5.877809 4.465301 10.30664
v -5.877808 2.151813 10.85583
v -5.877809 4.465301 10.30664
v -5.877808 2.151813 10.30663
v -5.877809 4.465301 10.85583
v -7.466568 2.151813 10.85583
v -5.877809 4.465301 10.85583
v -5.877808 2.151813 10.85583
v -7.46657 4.465301 10.85583
v -7.46657 4.465301 10.30664
v -5.877809 4.465301 10.85583
v -7.46657 4.465301 10.85583
v -5.877809 4.465301 10.30664
v -7.466568 2.151813 10.30663
v -5.877808 2.151813 10.85583
v -5.877808 2.151813 10.30663
v -7.466568 2.151813 10.85583
v -7.65948 0.6511797 10.85583
v -7.671565 1.748421 10.30663
v -7.671565 1.748421 10.85583
v -7.65948 0.6511797 10.30663
v -6.070813 0.668681 10.30663
v -7.671565 1.748421 10.30663
v -7.65948 0.6511797 10.30663
v -6.082898 1.765922 10.30663
v -6.070813 0.6686791 10.85583
v -6.082898 1.765922 10.30663
v -6.070813 0.668681 10.30663
v -6.082898 1.76592 10.85583
v -7.65948 0.6511797 10.85583
v -6.082898 1.76592 10.85583
v -6.070813 0.6686791 10.85583
v -7.671565 1.748421 10.85583
v -7.671565 1.748421 10.30663
v -6.082898 1.76592 10.85583
v -7.671565 1.748421 10.85583
v -6.082898 1.765922 10.30663
v -7.65948 0.6511797 10.30663
v -6.070813 0.6686791 10.85583
v -6.070813 0.668681 10.30663
v -7.65948 0.6511797 10.85583
v -7.440377 -1.642123 10.85583
v -7.440384 0.06253233 10.30663
v -7.440384 0.06253233 10.85583
v -7.440377 -1.642122 10.30663
v -5.851621 -1.867078 10.30663
v -7.440384 0.06253233 10.30663
v -7.440377 -1.642122 10.30663
v -5.851615 0.06253275 10.30663
v -5.851621 -1.867078 10.85583
v -5.851615 0.06253275 10.30663
v -5.851621 -1.867078 10.30663
v -5.851615 0.06253275 10.85583
v -7.440377 -1.642123 10.85583
v -5.851615 0.06253275 10.85583
v -5.851621 -1.867078 10.85583
v -7.440384 0.06253233 10.85583
v -7.440384 0.06253233 10.30663
v -5.851615 0.06253275 10.85583
v -7.440384 0.06253233 10.85583
v -5.851615 0.06253275 10.30663
v -7.440377 -1.642122 10.30663
v -5.851621 -1.867078 10.85583
v -5.851621 -1.867078 10.30663
v -7.440377 -1.642123 10.85583
v 7.556211 -10.60102 10.85582
v 7.349611 -9.482659 10.30663
v 7.556211 -10.60102 10.30663
v 7.349611 -9.482659 10.85582
v 5.993882 -10.88963 10.30663
v 7.349611 -9.482659 10.30663
v 5.787282 -9.771276 10.30663
v 7.556211 -10.60102 10.30663
v 5.993882 -10.88963 10.85582
v 5.787282 -9.771276 10.30663
v 5.787282 -9.771276 10.85582
v 5.993882 -10.88963 10.30663
v 7.556211 -10.60102 10.85582
v 5.787282 -9.771276 10.85582
v 7.349611 -9.482659 10.85582
v 5.993882 -10.88963 10.85582
v 7.349611 -9.482659 10.30663
v 5.787282 -9.771276 10.85582
v 5.787282 -9.771276 10.30663
v 7.349611 -9.482659 10.85582
v 7.556211 -10.60102 10.30663
v 5.993882 -10.88963 10.85582
v 7.556211 -10.60102 10.85582
v 5.993882 -10.88963 10.30663
v 5.068233 -11.64009 1.573218
v 5.06824 -7.687548 6.353429
v 5.068235 -7.504696 1.57322
v 5.068241 -10.16535 8.289823
v 4.563745 -7.687549 6.353429
v 4.563746 -11.64009 1.573218
v 4.56374 -7.504698 1.57322
v 4.563746 -10.16535 8.289823
v 4.563746 -10.16535 8.289823
v 5.068241 -11.64009 8.241998
v 4.563746 -11.64009 8.241998
v 5.068241 -10.16535 8.289823
v 5.06824 -7.687548 6.353429
v 4.563745 -7.687549 6.353429
v 5.100285 -6.976093 1.57322
v 4.746735 -6.842887 5.369438
v 4.746731 -6.829648 1.57322
v 5.090926 -6.985458 5.369438
v 4.746731 -6.901372 8.721584
v 5.04957 -7.026813 8.563991
v 4.746731 -6.829648 1.57322
v 4.402534 -6.985458 5.369438
v 4.393176 -6.976094 1.57322
v 4.746735 -6.842887 5.369438
v 4.443893 -7.026814 8.854729
v 4.746731 -6.901372 8.721584
v 4.393176 -6.976094 1.57322
v 4.25997 -7.32965 5.369438
v 4.246731 -7.329648 1.57322
v 4.402534 -6.985458 5.369438
v 4.318451 -7.329652 8.773004
v 4.443893 -7.026814 8.854729
v 4.393178 -7.683202 1.57322
v 4.746729 -7.816413 5.369437
v 4.746732 -7.829648 1.57322
v 4.402537 -7.673843 5.369437
v 4.746732 -7.75793 8.675238
v 4.443894 -7.63249 8.740166
v 4.746732 -7.829648 1.57322
v 5.090921 -7.673844 5.369437
v 5.10028 -7.683201 1.57322
v 4.746729 -7.816413 5.369437
v 5.049571 -7.632491 8.449427
v 4.746732 -7.75793 8.675238
v 5.10028 -7.683201 1.57322
v 5.233493 -7.32965 5.369438
v 5.246732 -7.329647 1.57322
v 5.090921 -7.673844 5.369437
v 5.175013 -7.32965 8.563991
v 5.049571 -7.632491 8.449427
v 5.246732 -7.329647 1.57322
v 5.090926 -6.985458 5.369438
v 5.100285 -6.976093 1.57322
v 5.233493 -7.32965 5.369438
v 5.04957 -7.026813 8.563991
v 5.175013 -7.32965 8.563991
v 4.443894 -7.63249 8.740166
v 4.318451 -7.329652 8.773004
v 4.443893 -7.026814 8.854729
v 4.746731 -6.901372 8.721584
v 4.746732 -7.75793 8.675238
v 5.04957 -7.026813 8.563991
v 5.049571 -7.632491 8.449427
v 5.175013 -7.32965 8.563991
v -7.278316 -15.43008 8.180616
v 7.278324 -15.43008 9.191098
v 7.278324 -15.43008 8.180616
v -7.278316 -15.43008 9.191099
v -7.278316 -15.43008 9.191099
v 6.012523 -14.16428 9.191099
v 7.278324 -15.43008 9.191098
v -6.012514 -14.16429 9.191099
v -6.012514 -14.16429 9.191099
v 6.012523 -14.16428 8.180617
v 6.012523 -14.16428 9.191099
v -6.012514 -14.16429 8.180617
v -6.012514 -14.16429 8.180617
v 7.278324 -15.43008 8.180616
v 6.012523 -14.16428 8.180617
v -7.278316 -15.43008 8.180616
v -7.278323 16.21478 8.18063
v -7.278316 -15.43008 9.191099
v -7.278316 -15.43008 8.180616
v -7.278323 16.21478 9.191112
v -7.278323 16.21478 9.191112
v -6.012514 -14.16429 9.191099
v -7.278316 -15.43008 9.191099
v -6.012522 14.94898 9.191111
v -6.012522 14.94898 9.191111
v -6.012514 -14.16429 8.180617
v -6.012514 -14.16429 9.191099
v -6.012522 14.94898 8.180629
v -6.012522 14.94898 8.180629
v -7.278316 -15.43008 8.180616
v -6.012514 -14.16429 8.180617
v -7.278323 16.21478 8.18063
v 6.012527 0.3923512 8.180623
v 6.012523 -14.16428 9.191099
v 6.012523 -14.16428 8.180617
v 6.012527 0.5680107 9.191104
v 6.012527 0.5680107 9.191104
v 7.278324 -15.43008 9.191098
v 6.012523 -14.16428 9.191099
v 7.278316 0.568012 9.191104
v 7.278316 0.568012 9.191104
v 7.278324 -15.43008 8.180616
v 7.278324 -15.43008 9.191098
v 7.278316 0.3923506 8.180623
v 7.278316 0.3923506 8.180623
v 6.012523 -14.16428 8.180617
v 7.278324 -15.43008 8.180616
v 6.012527 0.3923512 8.180623
v 7.278316 0.3923506 8.180623
v 6.012527 0.5680107 9.191104
v 6.012527 0.3923512 8.180623
v 7.278316 0.568012 9.191104
v -6.012522 14.94898 8.180629
v 6.012523 14.94898 9.191111
v 6.012523 14.94898 8.180629
v -6.012522 14.94898 9.191111
v -6.012522 14.94898 9.191111
v 7.278316 16.21478 9.191111
v 6.012523 14.94898 9.191111
v -7.278323 16.21478 9.191112
v -7.278323 16.21478 9.191112
v 7.278316 16.21478 8.18063
v 7.278316 16.21478 9.191111
v -7.278323 16.21478 8.18063
v -7.278323 16.21478 8.18063
v 6.012523 14.94898 8.180629
v 7.278316 16.21478 8.18063
v -6.012522 14.94898 8.180629
v 6.012523 14.94898 8.180629
v 6.012521 9.885808 9.191108
v 6.01252 9.785435 8.180627
v 6.012523 14.94898 9.191111
v 6.012523 14.94898 9.191111
v 7.278318 9.885807 9.191108
v 6.012521 9.885808 9.191108
v 7.278316 16.21478 9.191111
v 7.278316 16.21478 9.191111
v 7.278317 9.785439 8.180627
v 7.278318 9.885807 9.191108
v 7.278316 16.21478 8.18063
v 7.278316 16.21478 8.18063
v 6.01252 9.785435 8.180627
v 7.278317 9.785439 8.180627
v 6.012523 14.94898 8.180629
v 6.01252 9.785435 8.180627
v 7.278318 9.885807 9.191108
v 7.278317 9.785439 8.180627
v 6.012521 9.885808 9.191108
v 6.137337 -3.371692 10.30663
v 7.14742 -15.30527 10.30663
v 6.137344 -14.2891 10.30663
v 7.153508 -3.371692 10.30663
v 6.13734 -2.78446 10.20994
v 7.15351 -2.78446 10.20994
v 6.137334 -1.322892 10.30663
v 7.153504 -1.322891 10.30663
v 6.137335 10.827 10.30664
v 6.137335 15.07379 9.191111
v 6.137335 15.07379 10.30664
v 6.137335 10.827 9.191109
v 7.153506 10.827 10.30664
v 7.153504 16.08997 9.191111
v 7.153506 10.827 9.191109
v 7.153504 16.08997 10.30664
v 6.137335 10.827 10.30664
v 7.153504 16.08997 10.30664
v 7.153506 10.827 10.30664
v 6.137335 15.07379 10.30664
v 6.137334 -1.322892 9.191104
v 7.153504 -1.322891 10.30663
v 6.137334 -1.322892 10.30663
v 7.153504 -1.322891 9.191104
v 6.137335 10.827 9.191109
v 7.153506 10.827 10.30664
v 7.153506 10.827 9.191109
v 6.137335 10.827 10.30664
v -7.147414 -15.30527 9.191098
v 7.14742 -15.30527 10.30663
v 7.14742 -15.30527 9.191098
v -7.147414 -15.30527 10.30663
v -7.147414 -15.30527 10.30663
v 6.137344 -14.2891 10.30663
v 7.14742 -15.30527 10.30663
v -6.137327 -14.2891 10.30663
v -6.137327 -14.2891 10.30663
v 6.137337 -14.2891 9.191099
v 6.137344 -14.2891 10.30663
v -6.137334 -14.2891 9.191099
v -6.137334 -14.2891 9.191099
v -6.137334 4.354971 10.30664
v -6.137337 4.405558 9.191106
v -6.137327 -14.2891 10.30663
v -6.137327 -14.2891 10.30663
v -7.153505 4.35497 10.30664
v -6.137334 4.354971 10.30664
v -7.147414 -15.30527 10.30663
v -7.147414 -15.30527 10.30663
v -7.153508 4.405558 9.191106
v -7.153505 4.35497 10.30664
v -7.147414 -15.30527 9.191098
v -7.153507 9.736646 10.30664
v -7.147419 16.08996 9.191111
v -7.147419 16.08996 10.30664
v -7.153509 9.494153 9.191108
v -6.137337 9.736648 10.30664
v -6.137336 15.07379 9.191111
v -6.137339 9.494152 9.191108
v -6.137336 15.07379 10.30664
v -7.153507 9.736646 10.30664
v -6.137336 15.07379 10.30664
v -6.137337 9.736648 10.30664
v -7.147419 16.08996 10.30664
v -7.153508 4.405558 9.191106
v -6.137334 4.354971 10.30664
v -7.153505 4.35497 10.30664
v -6.137337 4.405558 9.191106
v -7.153509 9.494153 9.191108
v -6.137337 9.736648 10.30664
v -6.137339 9.494152 9.191108
v -7.153507 9.736646 10.30664
v -6.137336 15.07379 9.191111
v 6.137335 15.07379 10.30664
v 6.137335 15.07379 9.191111
v -6.137336 15.07379 10.30664
v -6.137336 15.07379 10.30664
v 7.153504 16.08997 10.30664
v 6.137335 15.07379 10.30664
v -7.147419 16.08996 10.30664
v -7.147419 16.08996 10.30664
v 7.153504 16.08997 9.191111
v 7.153504 16.08997 10.30664
v -7.147419 16.08996 9.191111
v -7.46657 13.73931 10.85583
v -7.466575 16.34949 10.30664
v -7.466575 16.34949 10.85583
v -7.46657 13.73931 10.30664
v -5.87781 13.73931 10.30664
v -7.466575 16.34949 10.30664
v -7.46657 13.73931 10.30664
v -5.877813 14.81426 10.30664
v -5.87781 13.73931 10.85583
v -5.877813 14.81426 10.30664
v -5.87781 13.73931 10.30664
v -5.877813 14.81426 10.85583
v -7.46657 13.73931 10.85583
v -5.877813 14.81426 10.85583
v -5.87781 13.73931 10.85583
v -7.466575 16.34949 10.85583
v -7.46657 13.73931 10.30664
v -5.87781 13.73931 10.85583
v -5.87781 13.73931 10.30664
v -7.46657 13.73931 10.85583
v -5.877813 14.81426 10.30664
v -3.674295 14.81427 10.85583
v -3.674295 14.81427 10.30664
v -5.877813 14.81426 10.85583
v -5.877813 14.81426 10.85583
v -3.674297 16.34949 10.85583
v -3.674295 14.81427 10.85583
v -7.466575 16.34949 10.85583
v -7.466575 16.34949 10.85583
v -3.674297 16.34949 10.30664
v -3.674297 16.34949 10.85583
v -7.466575 16.34949 10.30664
v -7.466575 16.34949 10.30664
v -3.674295 14.81427 10.30664
v -3.674297 16.34949 10.30664
v -5.877813 14.81426 10.30664
v 7.466565 14.81427 10.30664
v 7.466564 16.34949 10.85583
v 7.466564 16.34949 10.30664
v 7.466565 14.81427 10.85583
v 2.214916 16.34949 10.85583
v 7.466564 16.34949 10.30664
v 7.466564 16.34949 10.85583
v 2.214916 16.34949 10.30664
v 2.214917 14.81427 10.30664
v 7.466564 16.34949 10.30664
v 2.214916 16.34949 10.30664
v 7.466565 14.81427 10.30664
v 2.214917 14.81427 10.85583
v 7.466565 14.81427 10.30664
v 2.214917 14.81427 10.30664
v 7.466565 14.81427 10.85583
v 2.214916 16.34949 10.85583
v 7.466565 14.81427 10.85583
v 2.214917 14.81427 10.85583
v 7.466564 16.34949 10.85583
v -2.977977 16.34949 10.85583
v 1.370555 16.34949 10.30664
v 1.370555 16.34949 10.85583
v -2.977977 16.34949 10.30664
v -2.977975 14.81427 10.30664
v 1.370555 16.34949 10.30664
v -2.977977 16.34949 10.30664
v 1.370556 14.81427 10.30664
v -2.977975 14.81426 10.85583
v 1.370556 14.81427 10.30664
v -2.977975 14.81427 10.30664
v 1.370556 14.81427 10.85583
v -2.977977 16.34949 10.85583
v 1.370556 14.81427 10.85583
v -2.977975 14.81426 10.85583
v 1.370555 16.34949 10.85583
v -3.674297 16.34949 10.30664
v -3.674295 14.81427 10.85583
v -3.674297 16.34949 10.85583
v -3.674295 14.81427 10.30664
v 2.214916 16.34949 10.30664
v 2.214917 14.81427 10.85583
v 2.214917 14.81427 10.30664
v 2.214916 16.34949 10.85583
v 1.370555 16.34949 10.30664
v 1.370556 14.81427 10.85583
v 1.370555 16.34949 10.85583
v 1.370556 14.81427 10.30664
v -2.977977 16.34949 10.30664
v -2.977975 14.81426 10.85583
v -2.977975 14.81427 10.30664
v -2.977977 16.34949 10.85583
v 7.466576 -15.5648 10.85582
v 7.466572 -12.33814 10.30663
v 7.466576 -15.56479 10.30663
v 7.466572 -12.33814 10.85582
v 5.877814 -14.02957 10.30663
v 7.466572 -12.33814 10.30663
v 5.877811 -12.33814 10.30663
v 7.466576 -15.56479 10.30663
v 5.877814 -14.02957 10.85582
v 5.877811 -12.33814 10.30663
v 5.877811 -12.33814 10.85582
v 5.877814 -14.02957 10.30663
v 7.466576 -15.5648 10.85582
v 5.877811 -12.33814 10.85582
v 7.466572 -12.33814 10.85582
v 5.877814 -14.02957 10.85582
v 7.466572 -12.33814 10.30663
v 5.877811 -12.33814 10.85582
v 5.877811 -12.33814 10.30663
v 7.466572 -12.33814 10.85582
v -7.466563 -15.5648 10.30663
v -4.065763 -15.5648 10.85582
v -4.065763 -15.5648 10.30663
v -7.466563 -15.5648 10.85582
v 3.706879 -14.02957 10.85582
v 0.0947027 -14.88116 10.85582
v -5.877803 -14.02958 10.85582
v 0.7854905 -14.88116 10.85582
v 3.70688 -15.5648 10.85582
v 0.7854937 -15.5648 10.85582
v -7.466563 -15.5648 10.85582
v -4.065764 -15.21604 10.85582
v -4.065763 -15.5648 10.85582
v -5.877803 -14.02958 10.85582
v -5.877803 -14.02958 10.85582
v -3.320715 -15.21604 10.85582
v -4.065764 -15.21604 10.85582
v 0.0947027 -14.88116 10.85582
v 0.09470589 -15.5648 10.85582
v -3.320722 -15.5648 10.85582
v 3.706879 -14.02957 10.30663
v -5.877803 -14.02958 10.85582
v -5.877803 -14.02957 10.30663
v 3.706879 -14.02957 10.85582
v -4.065764 -15.21604 10.30663
v -7.466563 -15.5648 10.30663
v -4.065763 -15.5648 10.30663
v -5.877803 -14.02957 10.30663
v -5.877803 -14.02957 10.30663
v -3.320715 -15.21604 10.30663
v 0.2647499 -14.88116 10.30663
v -4.065764 -15.21604 10.30663
v -3.320722 -15.5648 10.30663
v 0.2647499 -14.88116 10.30663
v 0.2647455 -15.5648 10.30663
v 3.706879 -14.02957 10.30663
v -5.877803 -14.02957 10.30663
v 0.7421947 -14.88116 10.30663
v 0.7421978 -15.5648 10.30663
v 3.70688 -15.5648 10.30663
v -3.320722 -15.5648 10.85582
v 0.2647455 -15.5648 10.30663
v -3.320722 -15.5648 10.30663
v 0.09470589 -15.5648 10.85582
v 0.7854937 -15.5648 10.85582
v 3.70688 -15.5648 10.30663
v 0.7421978 -15.5648 10.30663
v 3.70688 -15.5648 10.85582
v 5.877814 -14.02957 10.30663
v 4.048057 -14.02957 10.85582
v 3.706879 -14.02957 10.30663
v 5.877814 -14.02957 10.85582
v 3.70688 -15.5648 10.30663
v 5.877814 -14.02957 10.30663
v 3.706879 -14.02957 10.30663
v 7.466576 -15.56479 10.30663
v 4.048058 -15.5648 10.85582
v 7.466576 -15.56479 10.30663
v 3.70688 -15.5648 10.30663
v 7.466576 -15.5648 10.85582
v 4.048058 -15.5648 10.85582
v 5.877814 -14.02957 10.85582
v 7.466576 -15.5648 10.85582
v 4.048057 -14.02957 10.85582
v -3.320715 -15.21604 10.85582
v -4.065764 -15.21604 10.30663
v -4.065764 -15.21604 10.85582
v -3.320715 -15.21604 10.30663
v 0.2647499 -14.88116 10.30663
v 0.7854905 -14.88116 10.85582
v 0.7421947 -14.88116 10.30663
v 0.0947027 -14.88116 10.85582
v 4.048057 -14.02957 10.85582
v 3.70688 -15.5648 10.30663
v 3.706879 -14.02957 10.30663
v 4.048058 -15.5648 10.85582
v 3.706879 -14.02957 10.30663
v 3.70688 -15.5648 10.85582
v 3.706879 -14.02957 10.85582
v 3.70688 -15.5648 10.30663
v 0.0947027 -14.88116 10.85582
v 0.2647455 -15.5648 10.30663
v 0.09470589 -15.5648 10.85582
v 0.2647499 -14.88116 10.30663
v 0.7854905 -14.88116 10.85582
v 0.7421978 -15.5648 10.30663
v 0.7421947 -14.88116 10.30663
v 0.7854937 -15.5648 10.85582
v -4.065764 -15.21604 10.85582
v -4.065763 -15.5648 10.30663
v -4.065763 -15.5648 10.85582
v -4.065764 -15.21604 10.30663
v -3.320715 -15.21604 10.85582
v -3.320722 -15.5648 10.30663
v -3.320715 -15.21604 10.30663
v -3.320722 -15.5648 10.85582
v -7.466563 -15.5648 10.85582
v -7.466568 -10.77818 10.30663
v -7.466568 -10.77818 10.85582
v -7.466563 -15.5648 10.30663
v -5.877803 -14.02957 10.30663
v -7.466568 -10.77818 10.30663
v -7.466563 -15.5648 10.30663
v -5.877807 -10.77818 10.30663
v -5.877803 -14.02958 10.85582
v -5.877807 -10.77818 10.30663
v -5.877803 -14.02957 10.30663
v -5.877807 -10.77818 10.85582
v -7.466563 -15.5648 10.85582
v -5.877807 -10.77818 10.85582
v -5.877803 -14.02958 10.85582
v -7.466568 -10.77818 10.85582
v -7.466568 -10.77818 10.30663
v -5.877807 -10.77818 10.85582
v -7.466568 -10.77818 10.85582
v -5.877807 -10.77818 10.30663
v 5.898539 5.597953 1.672029
v 5.169383 3.469883 1.587942
v 6.145413 5.327806 1.52946
v 4.829645 3.474354 1.713382
v 5.828207 5.770625 2.016222
v 4.829645 3.474354 1.713382
v 5.898539 5.597953 1.672029
v 4.718596 3.532694 2.016221
v 5.898539 5.597951 2.360415
v 4.718596 3.532694 2.016221
v 5.828207 5.770625 2.016222
v 4.896402 3.601428 2.31906
v 6.175266 5.384627 2.502983
v 4.896402 3.601428 2.31906
v 5.898539 5.597951 2.360415
v 5.167573 3.466446 2.4445
v 6.525442 5.3111 2.360415
v 5.167573 3.466446 2.4445
v 6.175266 5.384627 2.502983
v 5.432594 3.319747 2.31906
v 6.690036 5.317869 2.016222
v 5.432594 3.319747 2.31906
v 6.525442 5.3111 2.360415
v 5.476885 3.134335 2.016221
v 6.553316 5.364168 1.672029
v 5.476885 3.134335 2.016221
v 6.690036 5.317869 2.016222
v 5.365836 3.192673 1.713382
v 6.145413 5.327806 1.52946
v 5.365836 3.192673 1.713382
v 6.553316 5.364168 1.672029
v 5.169383 3.469883 1.587942
v 5.167573 3.466446 2.4445
v 5.432594 3.319747 2.31906
v 4.896402 3.601428 2.31906
v 4.718596 3.532694 2.016221
v 5.476885 3.134335 2.016221
v 5.365836 3.192673 1.713382
v 4.829645 3.474354 1.713382
v 5.898539 5.597951 2.360415
v 6.525442 5.3111 2.360415
v 6.175266 5.384627 2.502983
v 6.690036 5.317869 2.016222
v 5.828207 5.770625 2.016222
v 5.898539 5.597953 1.672029
v 6.553316 5.364168 1.672029
v 8.381371 6.115071 0.3933081
v 8.7111 5.453496 0.5821543
v 8.634175 5.425303 0.3933078
v 8.53422 6.013667 0.6083564
v 8.82718 6.278461 0.3933082
v 8.634175 5.425303 0.3933078
v 9.045541 5.576071 0.3933079
v 8.381371 6.115071 0.3933081
v -6.291865 0.7157792 1.179916
v -6.645423 0.8489863 4.326555
v -6.645419 0.8622274 1.179916
v -6.301224 0.7064182 4.326556
v -6.645419 0.7905019 7.473196
v -6.34258 0.6650634 7.473196
v -6.998975 0.7157799 1.179916
v -7.13218 0.362224 4.326556
v -7.145419 0.3622263 1.179916
v -6.989615 0.7064174 4.326556
v -7.073699 0.3622222 7.473196
v -6.948257 0.6650626 7.473196
v -7.145419 0.3622263 1.179916
v -6.989613 0.01803132 4.326555
v -6.998971 0.008672231 1.179916
v -7.13218 0.362224 4.326556
v -6.948256 0.05938423 7.473196
v -7.073699 0.3622222 7.473196
v -6.998971 0.008672231 1.179916
v -6.645422 -0.1245369 4.326555
v -6.645418 -0.137774 1.179916
v -6.989613 0.01803132 4.326555
v -6.645418 -0.06605619 7.473196
v -6.948256 0.05938423 7.473196
v -6.645418 -0.137774 1.179916
v -6.301229 0.01803203 4.326555
v -6.29187 0.008673341 1.179916
v -6.645422 -0.1245369 4.326555
v -6.34258 0.05938315 7.473196
v -6.645418 -0.06605619 7.473196
v -6.29187 0.008673341 1.179916
v -6.158657 0.3622255 4.326556
v -6.145418 0.362227 1.179916
v -6.301229 0.01803203 4.326555
v -6.217137 0.3622235 7.473196
v -6.34258 0.05938315 7.473196
v -6.145418 0.362227 1.179916
v -6.301224 0.7064182 4.326556
v -6.291865 0.7157792 1.179916
v -6.158657 0.3622255 4.326556
v -6.34258 0.6650634 7.473196
v -6.217137 0.3622235 7.473196
v -6.291865 2.620482 1.179916
v -6.645422 2.753687 4.326554
v -6.645419 2.766928 1.179915
v -6.301231 2.611119 4.326555
v -6.645419 2.695203 7.473195
v -6.34258 2.569764 7.473196
v -6.998974 2.620481 1.179916
v -7.13218 2.266927 4.326555
v -7.145419 2.266927 1.179916
v -6.989615 2.61112 4.326555
v -7.073699 2.266925 7.473195
v -6.948257 2.569763 7.473196
v -7.145419 2.266927 1.179916
v -6.989613 1.922732 4.326555
v -6.998971 1.913375 1.179916
v -7.13218 2.266927 4.326555
v -6.948256 1.964085 7.473196
v -7.073699 2.266925 7.473195
v -6.998971 1.913375 1.179916
v -6.645421 1.780164 4.326555
v -6.645418 1.766927 1.179916
v -6.989613 1.922732 4.326555
v -6.645418 1.838647 7.473196
v -6.948256 1.964085 7.473196
v -6.645418 1.766927 1.179916
v -6.301229 1.922733 4.326555
v -6.29187 1.913374 1.179916
v -6.645421 1.780164 4.326555
v -6.342579 1.964086 7.473196
v -6.645418 1.838647 7.473196
v -6.29187 1.913374 1.179916
v -6.158657 2.266926 4.326555
v -6.145418 2.266928 1.179916
v -6.301229 1.922733 4.326555
v -6.217137 2.266924 7.473195
v -6.342579 1.964086 7.473196
v -6.145418 2.266928 1.179916
v -6.301231 2.611119 4.326555
v -6.291865 2.620482 1.179916
v -6.158657 2.266926 4.326555
v -6.34258 2.569764 7.473196
v -6.217137 2.266924 7.473195
v -6.415036 -1.198599 1.179919
v -6.768594 -1.065392 4.326557
v -6.768589 -1.052153 1.179919
v -6.424395 -1.20796 4.326557
v -6.768593 -1.104989 6.380562
v -7.122146 -1.198599 1.179919
v -7.255351 -1.552155 4.326557
v -7.26859 -1.552152 1.179918
v -7.112779 -1.207961 4.326557
v -7.215756 -1.552156 6.294616
v -7.26859 -1.552152 1.179918
v -7.112784 -1.896347 4.326557
v -7.122142 -1.905706 1.179918
v -7.255351 -1.552155 4.326557
v -7.084783 -1.86835 6.457021
v -7.122142 -1.905706 1.179918
v -6.768592 -2.038916 4.326558
v -6.768589 -2.052153 1.179918
v -7.112784 -1.896347 4.326557
v -6.768593 -1.999321 6.457021
v -7.084783 -1.86835 6.457021
v -6.768589 -2.052153 1.179918
v -6.424399 -1.896347 4.326557
v -6.41504 -1.905705 1.179918
v -6.768592 -2.038916 4.326558
v -6.452399 -1.868349 6.425817
v -6.41504 -1.905705 1.179918
v -6.281827 -1.552153 4.326557
v -6.268589 -1.552154 1.179918
v -6.424399 -1.896347 4.326557
v -6.321423 -1.552156 6.457021
v -6.268589 -1.552154 1.179918
v -6.424395 -1.20796 4.326557
v -6.415036 -1.198599 1.179919
v -6.281827 -1.552153 4.326557
v -6.452396 -1.235962 6.265481

vn -0.9311523 0.003803253 0.3640137
vn -0.9306641 0.009124756 0.3652344
vn -0.9306641 0.003801346 0.3652344
vn -0.9311523 0.009124756 0.3640137
vn -0.9306641 0.01823425 0.3652344
vn -0.9311523 0.01824951 0.3640137
vn -0.9306641 0.009124756 0.3652344
vn -0.9311523 0.003803253 0.3640137
vn -0.9311523 0.009124756 0.3640137
vn -0.9311523 0.003803253 0.3640137
vn -0.9311523 0.009124756 0.3640137
vn -0.9311523 0.003803253 0.3640137
vn -0.9311523 0.009124756 0.3640137
vn -0.9311523 0.01824951 0.3640137
vn -0.9311523 0.01824951 0.3640137
vn -0.9311523 0.009124756 0.3640137
vn -0.9311523 0.003803253 0.3640137
vn -0.9311523 0.009124756 0.3640137
vn -0.9301758 0.003797531 0.3666992
vn -0.9301758 0.009117126 0.3666992
vn -0.9301758 0.003797531 0.3666992
vn -0.9301758 0.009117126 0.3666992
vn -0.9301758 0.01823425 0.3664551
vn -0.9301758 0.01823425 0.3664551
vn -0.9301758 0.009117126 0.3666992
vn -0.9301758 0.003797531 0.3666992
vn -0.9301758 0.009117126 0.3666992
vn 0.6479492 -0.7612305 0.01137543
vn 0.9931641 -0.1164551 0.01742554
vn 0.9931641 -0.1164551 0.01742554
vn 0.9931641 -0.1164551 0.01742554
vn 0.2922363 0.956543 0.005130768
vn 0.9931641 -0.1164551 0.01742554
vn -0.9311523 0.003803253 0.3640137
vn -0.9311523 0.009124756 0.3640137
vn -0.9311523 0.003803253 0.3640137
vn -0.9311523 0.009124756 0.3640137
vn -0.9311523 0.01824951 0.3640137
vn -0.9311523 0.01824951 0.3640137
vn -0.9311523 0.009124756 0.3640137
vn -0.9311523 0.003803253 0.3640137
vn -0.9311523 0.009124756 0.3640137
vn -0.9311523 0.003803253 0.3640137
vn -0.9311523 0.009124756 0.3640137
vn -0.9311523 0.003803253 0.3640137
vn -0.9311523 0.009124756 0.3640137
vn -0.9311523 0.01824951 0.3640137
vn -0.9311523 0.01824951 0.3640137
vn -0.9311523 0.009124756 0.3640137
vn -0.9311523 0.003803253 0.3640137
vn -0.9311523 0.009124756 0.3640137
vn -0.9301758 0.003797531 0.3666992
vn -0.9301758 0.009117126 0.3666992
vn -0.9301758 0.003797531 0.3666992
vn -0.9301758 0.009117126 0.3666992
vn -0.9301758 0.01823425 0.3664551
vn -0.9301758 0.01823425 0.3664551
vn -0.9301758 0.009117126 0.3666992
vn -0.9301758 0.003797531 0.3666992
vn -0.9301758 0.009117126 0.3666992
vn 1 1.192093E-07 0.01754761
vn 1 1.192093E-07 0.01754761
vn 1 1.192093E-07 0.01754761
vn -1 -1.192093E-07 -0.01754761
vn -1 -1.192093E-07 -0.01754761
vn -1 -1.192093E-07 -0.01754761
vn -1 -1.192093E-07 -0.01754761
vn -1 -1.192093E-07 -0.01754761
vn -1 -1.192093E-07 -0.01754761
vn -1 -1.192093E-07 -0.01754761
vn -1 -1.192093E-07 -0.01754761
vn -1 -1.192093E-07 -0.01754761
vn -0.9306641 0.003801346 0.3652344
vn -0.9311523 0.009124756 0.3649902
vn -0.9311523 0.003801346 0.3649902
vn -0.9306641 0.009124756 0.3652344
vn -0.9306641 0.01823425 0.3652344
vn -0.9306641 0.01823425 0.3652344
vn -0.9311523 0.009124756 0.3649902
vn -0.9306641 0.003801346 0.3652344
vn -0.9306641 0.009124756 0.3652344
vn -0.9301758 0.003797531 0.3666992
vn -0.9301758 0.009117126 0.3666992
vn -0.9301758 0.003797531 0.3666992
vn -0.9301758 0.009117126 0.3666992
vn -0.9301758 0.01823425 0.3664551
vn -0.9301758 0.01823425 0.3664551
vn -0.9301758 0.009117126 0.3666992
vn -0.9301758 0.003797531 0.3666992
vn -0.9301758 0.009117126 0.3666992
vn -0.9301758 0.003797531 0.3666992
vn -0.9301758 0.009117126 0.3666992
vn -0.9301758 0.003797531 0.3666992
vn -0.9301758 0.009117126 0.3666992
vn -0.9301758 0.01823425 0.3664551
vn -0.9301758 0.01823425 0.3664551
vn -0.9301758 0.009117126 0.3666992
vn -0.9301758 0.003797531 0.3666992
vn -0.9301758 0.009117126 0.3666992
vn -0.9296875 0.003820419 0.3688965
vn -0.9296875 0.009170532 0.3688965
vn -0.9296875 0.003820419 0.3688965
vn -0.9296875 0.009170532 0.3688965
vn -0.9291992 0.01832581 0.3686523
vn -0.9291992 0.01832581 0.3686523
vn -0.9296875 0.009170532 0.3688965
vn -0.9296875 0.003820419 0.3688965
vn -0.9296875 0.009170532 0.3688965
vn -0.9301758 0.003808975 0.3676758
vn -0.9296875 0.009140015 0.3676758
vn -0.9301758 0.003808975 0.3676758
vn -0.9296875 0.009140015 0.3676758
vn -0.9296875 0.01828003 0.3676758
vn -0.9296875 0.01828003 0.3676758
vn -0.9296875 0.009140015 0.3676758
vn -0.9301758 0.003808975 0.3676758
vn -0.9296875 0.009140015 0.3676758
vn -0.9301758 0.003808975 0.3676758
vn -0.9296875 0.009140015 0.3676758
vn -0.9301758 0.003808975 0.3676758
vn -0.9296875 0.009140015 0.3676758
vn -0.9296875 0.01828003 0.3676758
vn -0.9296875 0.01828003 0.3676758
vn -0.9296875 0.009140015 0.3676758
vn -0.9301758 0.003808975 0.3676758
vn -0.9296875 0.009140015 0.3676758
vn -0.9301758 0.003808975 0.3676758
vn -0.9296875 0.009140015 0.3676758
vn -0.9301758 0.003808975 0.3676758
vn -0.9296875 0.009140015 0.3676758
vn -0.9296875 0.01828003 0.3676758
vn -0.9296875 0.01828003 0.3676758
vn -0.9296875 0.009140015 0.3676758
vn -0.9301758 0.003808975 0.3676758
vn -0.9296875 0.009140015 0.3676758
vn -0.9296875 0.003820419 0.3688965
vn -0.9296875 0.009170532 0.3688965
vn -0.9296875 0.003820419 0.3688965
vn -0.9296875 0.009170532 0.3688965
vn -0.9291992 0.01832581 0.3686523
vn -0.9291992 0.01832581 0.3686523
vn -0.9296875 0.009170532 0.3688965
vn -0.9296875 0.003820419 0.3688965
vn -0.9296875 0.009170532 0.3688965
vn -0.9301758 0.003797531 0.3666992
vn -0.9301758 0.009117126 0.3666992
vn -0.9301758 0.003797531 0.3666992
vn -0.9301758 0.009117126 0.3666992
vn -0.9301758 0.01823425 0.3664551
vn -0.9301758 0.01823425 0.3664551
vn -0.9301758 0.009117126 0.3666992
vn -0.9301758 0.003797531 0.3666992
vn -0.9301758 0.009117126 0.3666992
vn -0.9301758 0.003797531 0.3666992
vn -0.9301758 0.009117126 0.3666992
vn -0.9301758 0.003797531 0.3666992
vn -0.9301758 0.009117126 0.3666992
vn -0.9301758 0.01823425 0.3664551
vn -0.9301758 0.01823425 0.3664551
vn -0.9301758 0.009117126 0.3666992
vn -0.9301758 0.003797531 0.3666992
vn -0.9301758 0.009117126 0.3666992
vn -0.9301758 0.003797531 0.3666992
vn -0.9301758 0.009117126 0.3666992
vn -0.9301758 0.003797531 0.3666992
vn -0.9301758 0.009117126 0.3666992
vn -0.9301758 0.01823425 0.3664551
vn -0.9301758 0.01823425 0.3664551
vn -0.9301758 0.009117126 0.3666992
vn -0.9301758 0.003797531 0.3666992
vn -0.9301758 0.009117126 0.3666992
vn -0.9296875 0.003820419 0.3688965
vn -0.9296875 0.009170532 0.3688965
vn -0.9296875 0.003820419 0.3688965
vn -0.9296875 0.009170532 0.3688965
vn -0.9291992 0.01832581 0.3686523
vn -0.9291992 0.01832581 0.3686523
vn -0.9296875 0.009170532 0.3688965
vn -0.9296875 0.003820419 0.3688965
vn -0.9296875 0.009170532 0.3688965
vn -0.9301758 0.003808975 0.3676758
vn -0.9296875 0.009140015 0.3676758
vn -0.9301758 0.003808975 0.3676758
vn -0.9296875 0.009140015 0.3676758
vn -0.9296875 0.01828003 0.3676758
vn -0.9296875 0.01828003 0.3676758
vn -0.9296875 0.009140015 0.3676758
vn -0.9301758 0.003808975 0.3676758
vn -0.9296875 0.009140015 0.3676758
vn 0 1 -1.192093E-07
vn -0.6865234 -0.1647949 -0.7080078
vn -0.6875 -0.1558838 -0.7089844
vn -0.6865234 -0.1647949 -0.7080078
vn -0.6503906 -0.3447266 -0.6767578
vn -0.6875 -0.1558838 -0.7089844
vn -0.9296875 0.003810883 0.3679199
vn -0.9296875 0.009147644 0.3679199
vn -0.9296875 0.003810883 0.3679199
vn -0.9296875 0.009147644 0.3679199
vn -0.9296875 0.01829529 0.3679199
vn -0.9296875 0.01829529 0.3679199
vn -0.9296875 0.009147644 0.3679199
vn -0.9296875 0.003810883 0.3679199
vn -0.9296875 0.009147644 0.3679199
vn -0.9301758 0.003808975 0.3676758
vn -0.9296875 0.009140015 0.3676758
vn -0.9301758 0.003808975 0.3676758
vn -0.9296875 0.009140015 0.3676758
vn -0.9296875 0.01828003 0.3676758
vn -0.9296875 0.01828003 0.3676758
vn -0.9296875 0.009140015 0.3676758
vn -0.9301758 0.003808975 0.3676758
vn -0.9296875 0.009140015 0.3676758
vn -0.0335083 0.9995117 -0.0005884171
vn -0.2304688 0.9702148 -0.07727051
vn 0.6464844 0.7626953 0.01135254
vn -0.9301758 0.003797531 0.3666992
vn -0.9296875 0.009170532 0.3688965
vn -0.9296875 0.003820419 0.3688965
vn -0.9301758 0.009117126 0.3666992
vn -0.9291992 0.01832581 0.3686523
vn -0.9301758 0.01823425 0.3664551
vn -0.9296875 0.009170532 0.3688965
vn -0.9301758 0.003797531 0.3666992
vn -0.9301758 0.009117126 0.3666992
vn -0.9301758 0.003797531 0.3666992
vn -0.9301758 0.009117126 0.3666992
vn -0.9301758 0.003797531 0.3666992
vn -0.9301758 0.009117126 0.3666992
vn -0.9301758 0.01823425 0.3664551
vn -0.9301758 0.01823425 0.3664551
vn -0.9301758 0.009117126 0.3666992
vn -0.9301758 0.003797531 0.3666992
vn -0.9301758 0.009117126 0.3666992
vn -0.9301758 0.003797531 0.3666992
vn -0.9301758 0.009117126 0.3666992
vn -0.9301758 0.003797531 0.3666992
vn -0.9301758 0.009117126 0.3666992
vn -0.9301758 0.01823425 0.3664551
vn -0.9301758 0.01823425 0.3664551
vn -0.9301758 0.009117126 0.3666992
vn -0.9301758 0.003797531 0.3666992
vn -0.9301758 0.009117126 0.3666992
vn 0.005470276 -0.9501953 -0.3115234
vn 0.01748657 0.08557129 -0.9960938
vn 0.01748657 0.08557129 -0.9960938
vn 0.01748657 0.08557129 -0.9960938
vn 0.002780914 0.9873047 -0.1584473
vn 0.01748657 0.08557129 -0.9960938
vn -0.9296875 0.003810883 0.3679199
vn -0.9296875 0.009147644 0.3679199
vn -0.9296875 0.003810883 0.3679199
vn -0.9296875 0.009147644 0.3679199
vn -0.9296875 0.01829529 0.3679199
vn -0.9296875 0.01829529 0.3679199
vn -0.9296875 0.009147644 0.3679199
vn -0.9296875 0.003810883 0.3679199
vn -0.9296875 0.009147644 0.3679199
vn -0.9301758 0.003797531 0.3666992
vn -0.9301758 0.009117126 0.3666992
vn -0.9301758 0.003797531 0.3666992
vn -0.9301758 0.009117126 0.3666992
vn -0.9301758 0.01823425 0.3664551
vn -0.9301758 0.01823425 0.3664551
vn -0.9301758 0.009117126 0.3666992
vn -0.9301758 0.003797531 0.3666992
vn -0.9301758 0.009117126 0.3666992
vn -0.9301758 0.003797531 0.3666992
vn -0.9301758 0.009117126 0.3666992
vn -0.9301758 0.003797531 0.3666992
vn -0.9301758 0.009117126 0.3666992
vn -0.9301758 0.01823425 0.3664551
vn -0.9301758 0.01823425 0.3664551
vn -0.9301758 0.009117126 0.3666992
vn -0.9301758 0.003797531 0.3666992
vn -0.9301758 0.009117126 0.3666992
vn -0.2272949 -0.9443359 -0.2385254
vn -0.6860352 0.1225586 -0.7167969
vn -0.6860352 0.1225586 -0.7167969
vn -0.6860352 0.1225586 -0.7167969
vn -0.2631836 0.925293 -0.2724609
vn -0.6860352 0.1225586 -0.7167969
vn -0.9306641 0.003801346 0.3652344
vn -0.9306641 0.009124756 0.3652344
vn -0.9306641 0.003801346 0.3652344
vn -0.9306641 0.009124756 0.3652344
vn -0.9306641 0.01823425 0.3652344
vn -0.9306641 0.01823425 0.3652344
vn -0.9306641 0.009124756 0.3652344
vn -0.9306641 0.003801346 0.3652344
vn -0.9306641 0.009124756 0.3652344
vn -0.9311523 0.003803253 0.3640137
vn -0.9311523 0.009124756 0.3640137
vn -0.9311523 0.003803253 0.3640137
vn -0.9311523 0.009124756 0.3640137
vn -0.9311523 0.01824951 0.3640137
vn -0.9311523 0.01824951 0.3640137
vn -0.9311523 0.009124756 0.3640137
vn -0.9311523 0.003803253 0.3640137
vn -0.9311523 0.009124756 0.3640137
vn -0.9301758 0.003797531 0.3666992
vn -0.9301758 0.009117126 0.3666992
vn -0.9301758 0.003797531 0.3666992
vn -0.9301758 0.009117126 0.3666992
vn -0.9301758 0.01823425 0.3664551
vn -0.9301758 0.01823425 0.3664551
vn -0.9301758 0.009117126 0.3666992
vn -0.9301758 0.003797531 0.3666992
vn -0.9301758 0.009117126 0.3666992
vn -0.7016602 0.6391602 -0.314209
vn -0.7016602 0.6391602 -0.314209
vn -0.7016602 0.6391602 -0.314209
vn -0.8266602 0.2753906 0.4907227
vn -0.8266602 0.2753906 0.4907227
vn -0.8266602 0.2753906 0.4907227
vn 0.3552246 0.496582 -0.7919922
vn 0.3552246 0.496582 -0.7919922
vn 0.3552246 0.496582 -0.7919922
vn 0.1885986 0 -0.9819336
vn 0.1885986 0 -0.9819336
vn 0.1885986 0 -0.9819336
vn 0.3413086 0.6811523 -0.6479492
vn 0.3413086 0.6811523 -0.6479492
vn 0.3413086 0.6811523 -0.6479492
vn -0.1540527 0 -0.9882813
vn -0.1540527 0 -0.9882813
vn -0.1540527 0 -0.9882813
vn -0.3435059 0.5893555 -0.730957
vn -0.3461914 0.5888672 -0.7304688
vn -0.3461914 0.5888672 -0.7304688
vn -0.3422852 0.6303711 -0.6967773
vn -0.3422852 0.6303711 -0.6967773
vn -0.3422852 0.6303711 -0.6967773
vn 0.2275391 0.2800293 -0.9326172
vn 0.2275391 0.2800293 -0.9326172
vn 0.2275391 0.2800293 -0.9326172
vn 0.2739258 0.8847656 0.376709
vn 0.2739258 0.8847656 0.376709
vn 0.2739258 0.8847656 0.376709
vn 0.1297607 0.2110596 0.96875
vn 0.1297607 0.2110596 0.96875
vn 0.1297607 0.2110596 0.96875
vn 0.1297607 0.2110596 0.96875
vn 0.1297607 0.2110596 0.96875
vn 0.1297607 0.2110596 0.96875
vn -0.1170654 0.2072754 -0.9711914
vn -0.1170654 0.2072754 -0.9711914
vn -0.1170654 0.2072754 -0.9711914
vn -0.4052734 0.3845215 0.8291016
vn -0.4052734 0.3845215 0.8291016
vn -0.4052734 0.3845215 0.8291016
vn -0.2110596 0.3820801 0.8994141
vn -0.2110596 0.3820801 0.8994141
vn -0.2110596 0.3825684 0.8994141
vn -0.1271973 0 0.9916992
vn -0.1271973 0 0.9916992
vn -0.1271973 0 0.9916992
vn 0.4619141 0.7109375 -0.5302734
vn 0.4619141 0.7109375 -0.5302734
vn 0.4619141 0.7109375 -0.5302734
vn 0.3527832 0.1055298 -0.9296875
vn 0.3527832 0.1055298 -0.9296875
vn 0.3527832 0.1055298 -0.9296875
vn 0.2385254 0.6972656 0.6757813
vn 0.2398682 0.6972656 0.6757813
vn 0.2398682 0.6972656 0.675293
vn -0.02922058 0.3427734 -0.9389648
vn -0.02922058 0.3427734 -0.9389648
vn -0.02618408 0.3427734 -0.9389648
vn -0.1728516 0.7841797 -0.5957031
vn -0.1729736 0.7841797 -0.5957031
vn -0.1729736 0.7841797 -0.5957031
vn -0.1962891 0.7070313 0.6791992
vn -0.1962891 0.7070313 0.6791992
vn -0.1962891 0.7070313 0.6791992
vn 0.1470947 0 0.9892578
vn 0.1470947 0 0.9892578
vn 0.1470947 0 0.9892578
vn -0.282959 -5.960464E-08 -0.9589844
vn -0.282959 -5.960464E-08 -0.9589844
vn -0.282959 -5.960464E-08 -0.9589844
vn -0.1641846 0.338623 -0.9262695
vn -0.1641846 0.338623 -0.9262695
vn -0.1641846 0.338623 -0.9262695
vn 0.9199219 0.3918457 0.0161438
vn 0.9199219 0.3918457 0.0161438
vn 0.9199219 0.3918457 0.0161438
vn 0.7353516 0.668457 -0.109375
vn 0.7353516 0.668457 -0.109375
vn 0.7358398 0.668457 -0.109375
vn -0.9389648 0.2849121 -0.1938477
vn -0.9384766 0.2851563 -0.1938477
vn -0.9384766 0.2851563 -0.1938477
vn -0.1375732 0.4729004 -0.8701172
vn -0.1375732 0.4729004 -0.8701172
vn -0.1375732 0.4729004 -0.8701172
vn 0.4855957 0.0748291 -0.8710938
vn 0.4855957 0.0748291 -0.8710938
vn 0.4855957 0.0748291 -0.8710938
vn 0.9213867 0.3093262 0.2353516
vn 0.9213867 0.309082 0.2353516
vn 0.9213867 0.309082 0.2353516
vn -0.5268555 0.8305664 0.1795654
vn -0.5268555 0.8305664 0.1795654
vn -0.5268555 0.8305664 0.1795654
vn -0.1937256 0.5429688 -0.8173828
vn -0.1937256 0.5429688 -0.8173828
vn -0.1937256 0.5429688 -0.8173828
vn 0.1658936 0 0.9863281
vn 0.1658936 0 0.9863281
vn 0.1658936 0 0.9863281
vn 0.2890625 0.3708496 0.8823242
vn 0.2890625 0.3708496 0.8823242
vn 0.2893066 0.3706055 0.8828125
vn 0.2337646 0.559082 -0.7954102
vn 0.2336426 0.559082 -0.7954102
vn 0.2336426 0.559082 -0.7954102
vn 0.9863281 -4.172325E-07 -0.1647949
vn 0.9863281 1.192093E-07 -0.1647949
vn 0.9863281 -4.172325E-07 -0.1647949
vn 0.8930664 0.3498535 -0.2824707
vn 0.8930664 0.3498535 -0.2824707
vn 0.8930664 0.3498535 -0.2824707
vn -0.9907227 4.172325E-07 -0.1369629
vn -0.9907227 4.172325E-07 -0.1369629
vn -0.9907227 -1.192093E-07 -0.1369629
vn -0.940918 0.2467041 -0.2313232
vn -0.940918 0.246582 -0.2313232
vn -0.940918 0.246582 -0.2313232
vn 0.9633789 -3.576279E-07 0.2680664
vn 0.9633789 -3.576279E-07 0.2680664
vn 0.9633789 1.192093E-07 0.2680664
vn 0.8427734 0.3342285 0.4216309
vn 0.8427734 0.3344727 0.4216309
vn 0.8427734 0.3344727 0.4216309
vn -0.965332 0.25 0.07763672
vn -0.965332 0.2498779 0.07763672
vn -0.965332 0.25 0.07458496
vn -0.9995117 4.172325E-07 0.03424072
vn -0.9995117 4.172325E-07 0.03118896
vn -0.9995117 -1.192093E-07 0.03118896
vn -0.213623 0.4680176 -0.8574219
vn -0.213623 0.4680176 -0.8574219
vn -0.2121582 0.4682617 -0.8579102
vn -0.1873779 0.7246094 0.6630859
vn -0.1888428 0.7246094 0.6630859
vn -0.1873779 0.7246094 0.6630859
vn 0.2043457 0.8793945 -0.4296875
vn 0.2043457 0.8793945 -0.4296875
vn 0.2028809 0.8798828 -0.4299316
vn 0.01754761 0 -1
vn 0.01754761 -1.251698E-06 -1
vn 0.01754761 -1.251698E-06 -1
vn -0.2052002 0 0.9785156
vn -0.2052002 0 0.9785156
vn -0.204834 0 0.9790039
vn 0.05749512 0.7329102 0.6782227
vn 0.05673218 0.7329102 0.6782227
vn 0.05673218 0.7329102 0.6782227
vn 0.1928711 0.5483398 0.8134766
vn 0.1928711 0.5483398 0.8139648
vn 0.1928711 0.5483398 0.8139648
vn -0.7998047 0.5727539 -0.1783447
vn -0.7998047 0.5727539 -0.1783447
vn -0.7998047 0.5727539 -0.1783447
vn -0.7998047 0.5756836 0.1699219
vn -0.7998047 0.5751953 0.1699219
vn -0.7998047 0.5756836 0.1699219
vn -0.1981201 0.5141602 0.8344727
vn -0.1981201 0.5141602 0.8344727
vn -0.1981201 0.5141602 0.8344727
vn -1 -1.192093E-07 -0.01754761
vn -1 -1.192093E-07 -0.01754761
vn -1 -1.192093E-07 -0.01754761
vn 1 1.192093E-07 0.01754761
vn 1 1.192093E-07 0.01754761
vn 1 1.192093E-07 0.01754761
vn -0.9306641 0.003040314 0.3652344
vn -0.9306641 0.006080627 0.3652344
vn -0.9306641 0.003040314 0.3652344
vn -0.9306641 0.006080627 0.3652344
vn -0.9306641 0.01216125 0.3652344
vn -0.9306641 0.01216125 0.3652344
vn -0.9306641 0.006080627 0.3652344
vn -0.9306641 0.003040314 0.3652344
vn -0.9306641 0.006080627 0.3652344
vn 0.9306641 0.003040314 -0.3652344
vn 0.9306641 0.006080627 -0.3652344
vn 0.9311523 0.003042221 -0.3640137
vn 0.9306641 0.006080627 -0.3652344
vn 0.9306641 0.01216125 -0.3652344
vn 0.9306641 0.01216125 -0.3652344
vn 0.9306641 0.006080627 -0.3652344
vn 0.9306641 0.003040314 -0.3652344
vn 0.9306641 0.006080627 -0.3652344
vn -0.9311523 0.003042221 0.3640137
vn -0.9311523 0.006084442 0.3640137
vn -0.9311523 0.003042221 0.3640137
vn -0.9311523 0.006084442 0.3640137
vn -0.9311523 0.01216888 0.3640137
vn -0.9311523 0.01216888 0.3640137
vn -0.9311523 0.006084442 0.3640137
vn -0.9311523 0.003042221 0.3640137
vn -0.9311523 0.006084442 0.3640137
vn 0.9311523 0.003042221 -0.3640137
vn 0.9311523 0.006084442 -0.3640137
vn 0.9311523 0.003042221 -0.3640137
vn 0.9311523 0.006084442 -0.3640137
vn 0.9311523 0.01216888 -0.3640137
vn 0.9311523 0.01216888 -0.3640137
vn 0.9311523 0.006084442 -0.3640137
vn 0.9311523 0.003042221 -0.3640137
vn 0.9311523 0.006084442 -0.3640137
vn -0.9306641 0.003040314 0.3652344
vn -0.9306641 0.006080627 0.3652344
vn -0.9311523 0.003042221 0.3640137
vn -0.9306641 0.006080627 0.3652344
vn -0.9306641 0.01216125 0.3652344
vn -0.9306641 0.01216125 0.3652344
vn -0.9306641 0.006080627 0.3652344
vn -0.9306641 0.003040314 0.3652344
vn -0.9306641 0.006080627 0.3652344
vn 0.9306641 0.003040314 -0.3652344
vn 0.9306641 0.006080627 -0.3652344
vn 0.9306641 0.003040314 -0.3652344
vn 0.9306641 0.006080627 -0.3652344
vn 0.9306641 0.01216125 -0.3652344
vn 0.9306641 0.01216125 -0.3652344
vn 0.9306641 0.006080627 -0.3652344
vn 0.9306641 0.003040314 -0.3652344
vn 0.9306641 0.006080627 -0.3652344
vn -0.9311523 0.003042221 0.3640137
vn -0.9311523 0.006084442 0.3640137
vn -0.9311523 0.003042221 0.3640137
vn -0.9311523 0.006084442 0.3640137
vn -0.9311523 0.01216888 0.3640137
vn -0.9311523 0.01216888 0.3640137
vn -0.9311523 0.006084442 0.3640137
vn -0.9311523 0.003042221 0.3640137
vn -0.9311523 0.006084442 0.3640137
vn 0.9311523 0.003042221 -0.3640137
vn 0.9311523 0.006084442 -0.3640137
vn 0.9311523 0.003042221 -0.3640137
vn 0.9311523 0.006084442 -0.3640137
vn 0.9311523 0.01216888 -0.3640137
vn 0.9311523 0.01216888 -0.3640137
vn 0.9311523 0.006084442 -0.3640137
vn 0.9311523 0.003042221 -0.3640137
vn 0.9311523 0.006084442 -0.3640137
vn 0.01754761 0 -1
vn 0.01754761 0 -1
vn 0.01754761 0 -1
vn -0.01754761 0 1
vn -0.01754761 0 1
vn -0.01754761 0 1
vn 0.01754761 0 -1
vn 0.01754761 0 -1
vn 0.01754761 0 -1
vn -0.01754761 0 1
vn -0.01754761 0 1
vn -0.01754761 0 1
vn -0.9306641 0.003040314 0.3652344
vn -0.9306641 0.006080627 0.3652344
vn -0.9306641 0.003040314 0.3652344
vn -0.9306641 0.01216125 0.3652344
vn -0.9306641 0.01216125 0.3652344
vn -0.9306641 0.01216125 0.3652344
vn -0.9306641 0.006080627 0.3652344
vn -0.9306641 0.003040314 0.3652344
vn -0.9306641 0.006080627 0.3652344
vn 0.9306641 0.003040314 -0.3652344
vn 0.9306641 0.006080627 -0.3652344
vn 0.9311523 0.003042221 -0.3640137
vn 0.9306641 0.01216125 -0.3652344
vn 0.9306641 0.01216125 -0.3652344
vn 0.9306641 0.01216125 -0.3652344
vn 0.9306641 0.006080627 -0.3652344
vn 0.9306641 0.003040314 -0.3652344
vn 0.9306641 0.006080627 -0.3652344
vn -0.9311523 0.003042221 0.3640137
vn -0.9311523 0.006084442 0.3640137
vn -0.9311523 0.003042221 0.3640137
vn -0.9311523 0.01216888 0.3640137
vn -0.9311523 0.01216888 0.3640137
vn -0.9311523 0.01216888 0.3640137
vn -0.9311523 0.006084442 0.3640137
vn -0.9311523 0.003042221 0.3640137
vn -0.9311523 0.006084442 0.3640137
vn 0.9311523 0.003042221 -0.3640137
vn 0.9311523 0.006084442 -0.3640137
vn 0.9311523 0.003042221 -0.3640137
vn 0.9311523 0.01216888 -0.3640137
vn 0.9311523 0.01216888 -0.3640137
vn 0.9311523 0.01216888 -0.3640137
vn 0.9311523 0.006084442 -0.3640137
vn 0.9311523 0.003042221 -0.3640137
vn 0.9311523 0.006084442 -0.3640137
vn -0.9311523 0.003042221 0.3640137
vn -0.9311523 0.006084442 0.3640137
vn -0.9311523 0.003042221 0.3640137
vn -0.9301758 0.01215363 0.3666992
vn -0.9301758 0.01215363 0.3666992
vn -0.9301758 0.01215363 0.3666992
vn -0.9311523 0.006084442 0.3640137
vn -0.9311523 0.003042221 0.3640137
vn -0.9311523 0.006084442 0.3640137
vn 0.9311523 0.003042221 -0.3640137
vn 0.9311523 0.006084442 -0.3640137
vn 0.9311523 0.003042221 -0.3640137
vn 0.9301758 0.01215363 -0.3666992
vn 0.9301758 0.01215363 -0.3666992
vn 0.9301758 0.01215363 -0.3666992
vn 0.9311523 0.006084442 -0.3640137
vn 0.9311523 0.003042221 -0.3640137
vn 0.9311523 0.006084442 -0.3640137
vn 0 1 -1.192093E-07
vn 0 1 -1.192093E-07
vn 0 1 -1.192093E-07
vn 0.107666 0.9873047 0.1176758
vn 0.107666 0.9873047 0.1176758
vn 0.107666 0.9873047 0.1176758
vn -0.4804688 0.855957 0.1903076
vn -0.4804688 0.855957 0.1903076
vn -0.4804688 0.855957 0.1903076
vn 0.1167603 0.9082031 -0.4018555
vn 0.1167603 0.9082031 -0.4018555
vn 0.1167603 0.9082031 -0.4018555
vn -0.2680664 0.6933594 -0.6689453
vn -0.2680664 0.6933594 -0.6689453
vn -0.2680664 0.6933594 -0.6689453
vn -0.5351563 0.5483398 0.6425781
vn -0.5351563 0.5483398 0.6425781
vn -0.5351563 0.5483398 0.6425781
vn -0.07434082 0.7792969 -0.6225586
vn -0.07434082 0.7792969 -0.6225586
vn -0.07434082 0.7792969 -0.6225586
vn 0.1984863 0.8466797 0.4938965
vn 0.1984863 0.8466797 0.4938965
vn 0.1984863 0.8466797 0.4938965
vn 0.01754761 0 -1
vn 0.01754761 0 -1
vn 0.01754761 0 -1
vn -0.01754761 0 1
vn -0.01754761 0 1
vn -0.01754761 0 1
vn 0.3676758 0.003047943 0.9301758
vn 0.3676758 0.006095886 0.9296875
vn 0.3676758 0.003047943 0.9301758
vn 0.3676758 0.006095886 0.9296875
vn 0.3676758 0.01828003 0.9296875
vn 0.3676758 0.01828003 0.9296875
vn 0.3676758 0.006095886 0.9296875
vn 0.3676758 0.003047943 0.9301758
vn 0.3676758 0.006095886 0.9296875
vn 0.01754761 0 -1
vn 0.01754761 0 -1
vn 0.01754761 0 -1
vn 0.01754761 0 -1
vn 0.01754761 0 -1
vn 0.01754761 0 -1
vn 0.01754761 0 -1
vn 0.01754761 0 -1
vn 0.01754761 0 -1
vn -0.01754761 0 1
vn -0.01754761 0 1
vn -0.01754761 0 1
vn -0.01754761 0 1
vn -0.01754761 0 1
vn -0.01754761 0 1
vn -0.01754761 0 1
vn -0.01754761 0 1
vn -0.01754761 0 1
vn -0.3564453 0.7714844 -0.5273438
vn -0.3564453 0.7714844 -0.5273438
vn -0.3564453 0.7714844 -0.5273438
vn -0.2634277 -5.960464E-08 -0.9648438
vn -0.2634277 -5.960464E-08 -0.9648438
vn -0.2634277 -5.960464E-08 -0.9648438
vn 0.2890625 0.8417969 -0.4562988
vn 0.2890625 0.8417969 -0.4562988
vn 0.2890625 0.8417969 -0.4562988
vn 0.7470703 0.442627 0.4960938
vn 0.7470703 0.442627 0.4960938
vn 0.7470703 0.442627 0.4960938
vn -0.1135864 0.4191895 0.9008789
vn -0.1135864 0.4191895 0.9008789
vn -0.1135864 0.4191895 0.9008789
vn 0.4592285 0.793457 -0.3996582
vn 0.4592285 0.793457 -0.3996582
vn 0.4592285 0.793457 -0.3996582
vn 0.5087891 0.6723633 -0.5375977
vn 0.5087891 0.6723633 -0.5375977
vn 0.5087891 0.6723633 -0.5375977
vn 0.2092285 0.9716797 -0.107666
vn 0.2092285 0.9716797 -0.107666
vn 0.2092285 0.9716797 -0.107666
vn 0.4057617 0.7255859 0.5556641
vn 0.4057617 0.7255859 0.5556641
vn 0.4057617 0.7255859 0.5556641
vn -0.7973633 0.4382324 0.4145508
vn -0.7973633 0.4382324 0.4145508
vn -0.7973633 0.4382324 0.4145508
vn -0.9858398 -1.192093E-07 0.1662598
vn -0.9858398 -1.192093E-07 0.1662598
vn -0.9858398 -1.192093E-07 0.1662598
vn 0.8696289 -0.1325684 0.4755859
vn 0.8720703 -0.1020508 0.4785156
vn 0.5537109 -0.7758789 0.3029785
vn -0.9272461 -0.1280518 -0.3518066
vn -0.8339844 -0.3537598 -0.4233398
vn -0.5996094 -0.7680664 -0.223999
vn 0.8251953 0.357666 -0.4370117
vn 0.8256836 0.3569336 -0.4372559
vn 0.8251953 0.357666 -0.4370117
vn 0.9848633 -0.01067352 -0.1717529
vn 0.9848633 -0.01067352 -0.1717529
vn 0.9848633 -0.009910583 -0.1717529
vn -0.2022705 0.9697266 -0.1379395
vn -0.2022705 0.9697266 -0.1379395
vn -0.2022705 0.9697266 -0.1379395
vn -0.6137695 0.5717773 0.5444336
vn -0.6137695 0.5717773 0.5444336
vn -0.6137695 0.5717773 0.5444336
vn -0.9243164 0.06634521 -0.3762207
vn -0.9238281 0.06713867 -0.3762207
vn -0.9243164 0.06634521 -0.3762207
vn 0.2159424 0.3623047 0.9067383
vn 0.2159424 0.3623047 0.9067383
vn 0.2159424 0.3615723 0.9072266
vn -0.1914063 0.7255859 0.6611328
vn -0.1914063 0.7255859 0.6611328
vn -0.1914063 0.7255859 0.6611328
vn 0.3112793 0.9335938 0.1763916
vn 0.3112793 0.9335938 0.1763916
vn 0.3112793 0.9335938 0.1763916
vn -0.6499023 0.6928711 0.3125
vn -0.6499023 0.6928711 0.3122559
vn -0.6499023 0.6928711 0.3122559
vn -0.1907959 0.1055298 -0.9760742
vn -0.190918 0.1047363 -0.9760742
vn -0.1907959 0.1055298 -0.9760742
vn 0.1848145 -0.605957 -0.7734375
vn 0.1848145 -0.605957 -0.7734375
vn 0.1849365 -0.6054688 -0.7739258
vn 0.1348877 0.9399414 0.3134766
vn 0.1347656 0.9399414 0.3134766
vn 0.1348877 0.9399414 0.3134766
vn -0.2705078 0.2644043 -0.9257813
vn -0.2705078 0.2644043 -0.9257813
vn -0.2705078 0.2644043 -0.9257813
vn 0.9458008 1.192093E-07 -0.3251953
vn 0.9458008 1.192093E-07 -0.3251953
vn 0.9458008 1.192093E-07 -0.3251953
vn 0.4375 0.7124023 -0.5488281
vn 0.4377441 0.7124023 -0.5488281
vn 0.4375 0.7124023 -0.5488281
vn -0.7797852 0.5664063 0.2670898
vn -0.7797852 0.5664063 0.2670898
vn -0.7797852 0.5664063 0.2670898
vn -0.5795898 0.8110352 -0.07745361
vn -0.5795898 0.8115234 -0.07739258
vn -0.5795898 0.8110352 -0.07745361
vn -0.6826172 0.7260742 -0.08526611
vn -0.6831055 0.7255859 -0.08532715
vn -0.6826172 0.7260742 -0.08526611
vn -0.8964844 -1.192093E-07 -0.4433594
vn -0.8964844 -1.192093E-07 -0.4433594
vn -0.8964844 -1.192093E-07 -0.4433594
vn -0.1972656 0.7832031 -0.5898438
vn -0.1972656 0.7832031 -0.5898438
vn -0.1972656 0.7832031 -0.5898438
vn 0.875 0.3969727 -0.2768555
vn 0.8754883 0.3964844 -0.2768555
vn 0.8754883 0.3964844 -0.2768555
vn 0.6240234 0.3547363 0.6962891
vn 0.6240234 0.3547363 0.6962891
vn 0.6240234 0.3547363 0.6962891
vn -0.03686523 0.7275391 -0.6850586
vn -0.03686523 0.7275391 -0.6850586
vn -0.03686523 0.7275391 -0.6850586
vn -0.1203003 0.5942383 -0.7954102
vn -0.1202393 0.5947266 -0.7949219
vn -0.1202393 0.5947266 -0.7949219
vn 0.0475769 0.9604492 -0.2741699
vn 0.0475769 0.9604492 -0.2741699
vn 0.0475769 0.9604492 -0.2741699
vn 0.7373047 0.6733398 0.04956055
vn 0.7373047 0.6738281 0.04953003
vn 0.7373047 0.6738281 0.04953003
vn -0.1506348 0.3745117 0.9150391
vn -0.1506348 0.3752441 0.9145508
vn -0.1506348 0.3745117 0.9150391
vn -0.4555664 -5.960464E-08 0.8901367
vn -0.4555664 -5.960464E-08 0.8901367
vn -0.4555664 -5.960464E-08 0.8901367
vn -0.9306641 0.003887177 0.3664551
vn -0.9306641 0.003887177 0.3664551
vn -0.9306641 0.003887177 0.3664551
vn -0.9301758 0.01716614 0.3664551
vn -0.9301758 0.01716614 0.3664551
vn -0.9301758 0.01716614 0.3664551
vn -0.9306641 0.003887177 0.3664551
vn -0.9306641 0.003887177 0.3664551
vn -0.9306641 0.003887177 0.3664551
vn -0.9306641 0.003887177 0.3664551
vn -0.9306641 0.003887177 0.3664551
vn -0.9306641 0.003887177 0.3664551
vn -0.9301758 0.01716614 0.3664551
vn -0.9301758 0.01716614 0.3664551
vn -0.9301758 0.01716614 0.3664551
vn -0.9306641 0.003887177 0.3664551
vn -0.9306641 0.003887177 0.3664551
vn -0.9306641 0.003887177 0.3664551
vn -0.9306641 0.003887177 0.3664551
vn -0.9306641 0.003887177 0.3664551
vn -0.9306641 0.003887177 0.3664551
vn -0.9301758 0.01780701 0.3664551
vn -0.9301758 0.01780701 0.3664551
vn -0.9301758 0.01780701 0.3664551
vn -0.9306641 0.003887177 0.3664551
vn -0.9306641 0.003887177 0.3664551
vn -0.9306641 0.003887177 0.3664551
vn 0.3581543 0.01864624 0.9335938
vn 0.3581543 0.01864624 0.9335938
vn 0.3581543 0.01864624 0.9335938
vn -0.3947754 0.01777649 0.918457
vn -0.3947754 0.01777649 0.918457
vn -0.3947754 0.01777649 0.918457
vn -0.9140625 0.0189209 -0.404541
vn -0.9140625 0.0189209 -0.404541
vn -0.9140625 0.0189209 -0.404541
vn -0.3752441 0.0171051 -0.9267578
vn -0.3752441 0.0171051 -0.9267578
vn -0.3752441 0.0171051 -0.9267578
vn 0.4001465 0.0174408 -0.9160156
vn 0.4001465 0.0174408 -0.9160156
vn 0.4001465 0.0174408 -0.9160156
vn 0.9296875 0.01715088 -0.3679199
vn 0.9296875 0.01715088 -0.3679199
vn 0.9296875 0.01715088 -0.3679199
vn 0.01994324 0.9838867 0.1789551
vn 0.01994324 0.9838867 0.1789551
vn 0.01994324 0.9838867 0.1789551
vn -0.5541992 0.8173828 -0.1584473
vn -0.5541992 0.8173828 -0.1584473
vn -0.5541992 0.8173828 -0.1584473
vn 0.3996582 0.9033203 -0.1573486
vn 0.3996582 0.9033203 -0.1573486
vn 0.3996582 0.9033203 -0.1573486
vn 0.1867676 0.9658203 0.1787109
vn 0.1867676 0.9658203 0.1787109
vn 0.1867676 0.9658203 0.1787109
vn -0.4697266 0.8813477 -0.05172729
vn -0.4697266 0.8813477 -0.05172729
vn -0.4697266 0.8813477 -0.05172729
vn -0.1172485 0.9916992 -0.05099487
vn -0.1172485 0.9916992 -0.05099487
vn -0.1172485 0.9916992 -0.05099487
vn -0.9169922 0.004207611 -0.3989258
vn -0.9169922 0.004207611 -0.3989258
vn -0.9169922 0.004207611 -0.3989258
vn -0.9174805 0.00402832 -0.3974609
vn -0.9174805 0.00402832 -0.3974609
vn -0.9174805 0.00402832 -0.3974609
vn -0.9306641 0.004013062 0.3664551
vn -0.9306641 0.004013062 0.3664551
vn -0.9306641 0.004013062 0.3664551
vn -0.9311523 0.004207611 0.3649902
vn -0.9311523 0.004207611 0.3649902
vn -0.9311523 0.004207611 0.3649902
vn -0.3989258 0.003940582 0.9169922
vn -0.3989258 0.003940582 0.9169922
vn -0.3989258 0.003940582 0.9169922
vn -0.3994141 0.004013062 0.9169922
vn -0.3994141 0.004013062 0.9169922
vn -0.3994141 0.004013062 0.9169922
vn 0.3664551 0.003887177 0.9306641
vn 0.3664551 0.003887177 0.9306641
vn 0.3664551 0.003887177 0.9306641
vn 0.3659668 0.003940582 0.9306641
vn 0.3659668 0.003940582 0.9306641
vn 0.3659668 0.003940582 0.9306641
vn 0.9169922 0.004039764 0.3989258
vn 0.9169922 0.004039764 0.3989258
vn 0.9169922 0.004039764 0.3989258
vn 0.9174805 0.003883362 0.3977051
vn 0.9174805 0.003883362 0.3977051
vn 0.9174805 0.003883362 0.3977051
vn 0.9306641 0.003885269 -0.3664551
vn 0.9306641 0.003885269 -0.3664551
vn 0.9306641 0.003885269 -0.3664551
vn 0.9311523 0.004043579 -0.3652344
vn 0.9311523 0.004043579 -0.3652344
vn 0.9311523 0.004043579 -0.3652344
vn 0.3989258 0.004062653 -0.9169922
vn 0.3989258 0.004062653 -0.9169922
vn 0.3989258 0.004062653 -0.9169922
vn 0.3974609 0.003883362 -0.9174805
vn 0.3974609 0.003883362 -0.9174805
vn 0.3974609 0.003883362 -0.9174805
vn -0.3664551 0.00402832 -0.9306641
vn -0.3664551 0.00402832 -0.9306641
vn -0.3664551 0.00402832 -0.9306641
vn -0.3662109 0.004066467 -0.9306641
vn -0.3662109 0.004066467 -0.9306641
vn -0.3662109 0.004066467 -0.9306641
vn -0.1240234 0.9921875 -0.002178192
vn -0.1240234 0.9921875 -0.002178192
vn -0.1240234 0.9921875 -0.002178192
vn -0.1518555 0.9882813 -0.01986694
vn -0.1518555 0.9882813 -0.01986694
vn 0.6469727 0.762207 0.01136017
vn 0.6469727 0.762207 0.01136017
vn 0.6469727 0.762207 0.01136017
vn -0.3356934 0.9370117 -0.09710693
vn -0.3356934 0.9370117 -0.09710693
vn -0.3356934 0.9370117 -0.09710693
vn 0.04055786 0.9946289 -0.09613037
vn 0.04055786 0.9946289 -0.09613037
vn 0.04055786 0.9946289 -0.09613037
vn -0.6831055 0.7299805 -0.02468872
vn -0.6831055 0.7299805 -0.02468872
vn -0.6831055 0.7299805 -0.02468872
vn -0.9179688 0.003803253 -0.3964844
vn -0.9179688 0.009124756 -0.3964844
vn -0.9179688 0.003803253 -0.3964844
vn -0.9179688 0.009124756 -0.3964844
vn -0.9179688 0.01824951 -0.3964844
vn -0.9179688 0.01824951 -0.3964844
vn -0.3955078 0.003824234 0.918457
vn -0.3955078 0.009178162 0.918457
vn -0.3955078 0.003824234 0.918457
vn -0.3955078 0.009178162 0.918457
vn -0.3955078 0.01835632 0.918457
vn -0.3955078 0.01835632 0.918457
vn 0.3630371 0.003824234 0.9316406
vn 0.3630371 0.009178162 0.9316406
vn 0.3630371 0.003824234 0.9316406
vn 0.3630371 0.009178162 0.9316406
vn 0.3630371 0.01835632 0.9316406
vn 0.3630371 0.01835632 0.9316406
vn 0.9174805 0.003801346 0.3977051
vn 0.9179688 0.009124756 0.3964844
vn 0.9179688 0.003803253 0.3964844
vn 0.9174805 0.009124756 0.3977051
vn 0.9179688 0.01824951 0.3964844
vn 0.9174805 0.01823425 0.3977051
vn 0.9311523 0.003803253 -0.3640137
vn 0.9311523 0.009124756 -0.3640137
vn 0.9311523 0.003803253 -0.3640137
vn 0.9311523 0.009124756 -0.3640137
vn 0.9311523 0.01824951 -0.3640137
vn 0.9311523 0.01824951 -0.3640137
vn 0.3950195 0.003818512 -0.9189453
vn 0.3950195 0.009162903 -0.918457
vn 0.3950195 0.003818512 -0.9189453
vn 0.3950195 0.009162903 -0.918457
vn 0.3947754 0.01832581 -0.918457
vn 0.3947754 0.01832581 -0.918457
vn -0.3625488 0.003818512 -0.9321289
vn -0.3625488 0.009162903 -0.9321289
vn -0.3625488 0.003818512 -0.9321289
vn -0.3625488 0.009162903 -0.9321289
vn -0.3623047 0.01832581 -0.9316406
vn -0.3623047 0.01832581 -0.9316406
vn -0.8647461 -0.3312988 -0.3771973
vn -0.8647461 -0.3312988 -0.3771973
vn -0.8647461 -0.3312988 -0.3771973
vn -0.8647461 -0.3312988 -0.3771973
vn -0.8774414 -0.3312988 0.3466797
vn -0.8769531 -0.3310547 0.3479004
vn -0.8769531 -0.3310547 0.3479004
vn -0.8774414 -0.3312988 0.3466797
vn -0.3806152 -0.3288574 0.8642578
vn -0.3806152 -0.3288574 0.8642578
vn -0.3806152 -0.3288574 0.8642578
vn -0.3806152 -0.3288574 0.8642578
vn 0.3500977 -0.3288574 0.8769531
vn 0.3500977 -0.3288574 0.8769531
vn 0.3500977 -0.3288574 0.8769531
vn 0.3500977 -0.3288574 0.8769531
vn 0.8642578 -0.3310547 0.3786621
vn 0.8647461 -0.3312988 0.3771973
vn 0.8647461 -0.3312988 0.3771973
vn 0.8642578 -0.3310547 0.3786621
vn 0.8774414 -0.3312988 -0.3466797
vn 0.8774414 -0.3312988 -0.3466797
vn 0.8774414 -0.3312988 -0.3466797
vn 0.8774414 -0.3312988 -0.3466797
vn 0.3806152 -0.3288574 -0.8642578
vn 0.3806152 -0.3288574 -0.8642578
vn 0.3806152 -0.3288574 -0.8642578
vn 0.3806152 -0.3288574 -0.8642578
vn -0.3500977 -0.3288574 -0.8769531
vn -0.3500977 -0.3288574 -0.8769531
vn -0.3500977 -0.3288574 -0.8769531
vn -0.3500977 -0.3288574 -0.8769531
vn 0 -1 1.192093E-07
vn 0 -1 1.192093E-07
vn 0 -1 1.192093E-07
vn 0 -1 1.192093E-07
vn 0 -1 1.192093E-07
vn 0 -1 1.192093E-07
vn 0 -1 1.192093E-07
vn 0 -1 1.192093E-07
vn 1 1.192093E-07 0.01754761
vn 1 1.192093E-07 0.01754761
vn 1 1.192093E-07 0.01754761
vn 1 1.192093E-07 0.01754761
vn -1 -1.192093E-07 -0.01754761
vn -1 -1.192093E-07 -0.01754761
vn -1 -1.192093E-07 -0.01754761
vn -1 -1.192093E-07 -0.01754761
vn 0 -1 1.192093E-07
vn 0 -1 1.192093E-07
vn 0 -1 1.192093E-07
vn 0 -1 1.192093E-07
vn 0.01754761 0 -1
vn 0.01754761 0 -1
vn 0.01754761 0 -1
vn 0.01754761 0 -1
vn -0.01754761 0 1
vn -0.01754761 0 1
vn -0.01754761 0 1
vn -0.01754761 0 1
vn -0.9179688 0.003803253 -0.3964844
vn -0.9179688 0.009124756 -0.3964844
vn -0.9179688 0.003803253 -0.3964844
vn -0.9179688 0.009124756 -0.3964844
vn -0.9179688 0.01824951 -0.3964844
vn -0.9179688 0.01824951 -0.3964844
vn -0.3950195 0.003818512 0.9189453
vn -0.3950195 0.009162903 0.918457
vn -0.3950195 0.003818512 0.9189453
vn -0.3950195 0.009162903 0.918457
vn -0.3947754 0.01832581 0.918457
vn -0.3947754 0.01832581 0.918457
vn 0.3625488 0.003818512 0.9321289
vn 0.3625488 0.009162903 0.9321289
vn 0.3625488 0.003818512 0.9321289
vn 0.3625488 0.009162903 0.9321289
vn 0.3623047 0.01832581 0.9316406
vn 0.3623047 0.01832581 0.9316406
vn 0.9179688 0.003803253 0.3964844
vn 0.9179688 0.009124756 0.3964844
vn 0.9179688 0.003803253 0.3964844
vn 0.9179688 0.009124756 0.3964844
vn 0.9179688 0.01824951 0.3964844
vn 0.9179688 0.01824951 0.3964844
vn 0.9311523 0.003803253 -0.3640137
vn 0.9311523 0.009124756 -0.3640137
vn 0.9311523 0.003803253 -0.3640137
vn 0.9311523 0.009124756 -0.3640137
vn 0.9311523 0.01824951 -0.3640137
vn 0.9311523 0.01824951 -0.3640137
vn 0.3950195 0.003818512 -0.9189453
vn 0.3959961 0.009185791 -0.9179688
vn 0.3959961 0.003828049 -0.918457
vn 0.3950195 0.009162903 -0.918457
vn 0.3959961 0.01837158 -0.9179688
vn 0.3947754 0.01832581 -0.918457
vn -0.3635254 0.003828049 -0.9316406
vn -0.3625488 0.009162903 -0.9321289
vn -0.3625488 0.003818512 -0.9321289
vn -0.3635254 0.009185791 -0.9316406
vn -0.3623047 0.01832581 -0.9316406
vn -0.3635254 0.01837158 -0.9316406
vn -0.8647461 -0.3312988 -0.3771973
vn -0.8647461 -0.3312988 -0.3771973
vn -0.8647461 -0.3312988 -0.3771973
vn -0.8647461 -0.3312988 -0.3771973
vn -0.8774414 -0.3312988 0.3466797
vn -0.8774414 -0.3312988 0.3466797
vn -0.8774414 -0.3312988 0.3466797
vn -0.8774414 -0.3312988 0.3466797
vn -0.3806152 -0.3288574 0.8642578
vn -0.3806152 -0.3288574 0.8642578
vn -0.3806152 -0.3288574 0.8642578
vn -0.3806152 -0.3288574 0.8642578
vn 0.3500977 -0.3288574 0.8769531
vn 0.3500977 -0.3288574 0.8769531
vn 0.3500977 -0.3288574 0.8769531
vn 0.3500977 -0.3288574 0.8769531
vn 0.8647461 -0.3312988 0.3771973
vn 0.8647461 -0.3312988 0.3771973
vn 0.8647461 -0.3312988 0.3771973
vn 0.8647461 -0.3312988 0.3771973
vn 0.8774414 -0.3312988 -0.3466797
vn 0.8774414 -0.3312988 -0.3466797
vn 0.8774414 -0.3312988 -0.3466797
vn 0.8774414 -0.3312988 -0.3466797
vn 0.3806152 -0.3288574 -0.8642578
vn 0.3806152 -0.3288574 -0.8642578
vn 0.3806152 -0.3288574 -0.8642578
vn 0.3806152 -0.3288574 -0.8642578
vn -0.3500977 -0.3288574 -0.8769531
vn -0.3500977 -0.3288574 -0.8769531
vn -0.3500977 -0.3288574 -0.8769531
vn -0.3500977 -0.3288574 -0.8769531
vn 0 -1 1.192093E-07
vn 0 -1 1.192093E-07
vn 0 -1 1.192093E-07
vn 0 -1 1.192093E-07
vn 0 -1 1.192093E-07
vn 0 -1 1.192093E-07
vn 0 -1 1.192093E-07
vn 0 -1 1.192093E-07
vn 1 1.192093E-07 0.01754761
vn 1 1.192093E-07 0.01754761
vn 1 1.192093E-07 0.01754761
vn 1 1.192093E-07 0.01754761
vn -1 -1.192093E-07 -0.01754761
vn -1 -1.192093E-07 -0.01754761
vn -1 -1.192093E-07 -0.01754761
vn -1 -1.192093E-07 -0.01754761
vn 0 -1 1.192093E-07
vn 0 -1 1.192093E-07
vn 0 -1 1.192093E-07
vn 0 -1 1.192093E-07
vn 0.01754761 0 -1
vn 0.01754761 0 -1
vn 0.01754761 0 -1
vn 0.01754761 0 -1
vn -0.01754761 0 1
vn -0.01754761 0 1
vn -0.01754761 0 1
vn -0.01754761 0 1
vn -0.9169922 0.003797531 -0.3989258
vn -0.9169922 0.009117126 -0.3989258
vn -0.9169922 0.003797531 -0.3989258
vn -0.9169922 0.009117126 -0.3989258
vn -0.9169922 0.01823425 -0.3989258
vn -0.9169922 0.01823425 -0.3989258
vn -0.3959961 0.003828049 0.918457
vn -0.3959961 0.009185791 0.9179688
vn -0.3959961 0.003828049 0.918457
vn -0.3959961 0.009185791 0.9179688
vn -0.3959961 0.01837158 0.9179688
vn -0.3959961 0.01837158 0.9179688
vn 0.3635254 0.003828049 0.9316406
vn 0.3635254 0.009185791 0.9316406
vn 0.3635254 0.003828049 0.9316406
vn 0.3635254 0.009185791 0.9316406
vn 0.3635254 0.01837158 0.9316406
vn 0.3635254 0.01837158 0.9316406
vn 0.9169922 0.003799438 0.3989258
vn 0.9169922 0.003038406 0.3989258
vn 0.9169922 0.003799438 0.3989258
vn 0.9169922 0.003038406 0.3989258
vn 0.9301758 0.003799438 -0.3666992
vn 0.9301758 0.003038406 -0.3666992
vn 0.9301758 0.003799438 -0.3666992
vn 0.9301758 0.003038406 -0.3666992
vn 0.3959961 0.003828049 -0.918457
vn 0.3959961 0.009185791 -0.9179688
vn 0.3959961 0.003828049 -0.918457
vn 0.3959961 0.009185791 -0.9179688
vn 0.3959961 0.01837158 -0.9179688
vn 0.3959961 0.01837158 -0.9179688
vn -0.3635254 0.003828049 -0.9316406
vn -0.3635254 0.009185791 -0.9316406
vn -0.3635254 0.003828049 -0.9316406
vn -0.3635254 0.009185791 -0.9316406
vn -0.3635254 0.01837158 -0.9316406
vn -0.3635254 0.01837158 -0.9316406
vn -0.8647461 -0.3312988 -0.3771973
vn -0.8647461 -0.3312988 -0.3771973
vn -0.8647461 -0.3312988 -0.3771973
vn -0.8647461 -0.3312988 -0.3771973
vn -0.8774414 -0.3312988 0.3466797
vn -0.8774414 -0.3312988 0.3466797
vn -0.8774414 -0.3312988 0.3466797
vn -0.8774414 -0.3312988 0.3466797
vn -0.3806152 -0.3288574 0.8642578
vn -0.3806152 -0.3288574 0.8642578
vn -0.3806152 -0.3288574 0.8642578
vn -0.3806152 -0.3288574 0.8642578
vn 0.3500977 -0.3288574 0.8769531
vn 0.3500977 -0.3288574 0.8769531
vn 0.3500977 -0.3288574 0.8769531
vn 0.3500977 -0.3288574 0.8769531
vn 0.8647461 -0.3312988 0.3771973
vn 0.8647461 -0.3312988 0.3771973
vn 0.8647461 -0.3312988 0.3771973
vn 0.8647461 -0.3312988 0.3771973
vn 0.8774414 -0.3312988 -0.3466797
vn 0.8774414 -0.3312988 -0.3466797
vn 0.8774414 -0.3312988 -0.3466797
vn 0.8774414 -0.3312988 -0.3466797
vn 0.3806152 -0.3288574 -0.8642578
vn 0.3806152 -0.3288574 -0.8642578
vn 0.3806152 -0.3288574 -0.8642578
vn 0.3806152 -0.3288574 -0.8642578
vn -0.3500977 -0.3288574 -0.8769531
vn -0.3500977 -0.3288574 -0.8769531
vn -0.3500977 -0.3288574 -0.8769531
vn -0.3500977 -0.3288574 -0.8769531
vn 0 -1 1.192093E-07
vn 0 -1 1.192093E-07
vn 0 -1 1.192093E-07
vn 0 -1 1.192093E-07
vn 0 -1 1.192093E-07
vn 0 -1 1.192093E-07
vn 0 -1 1.192093E-07
vn 0 -1 1.192093E-07
vn 1 1.192093E-07 0.01754761
vn 1 1.192093E-07 0.01754761
vn 1 1.192093E-07 0.01754761
vn 1 1.192093E-07 0.01754761
vn -1 -1.192093E-07 -0.01754761
vn -1 -1.192093E-07 -0.01754761
vn -1 -1.192093E-07 -0.01754761
vn -1 -1.192093E-07 -0.01754761
vn 0 -1 1.192093E-07
vn 0 -1 1.192093E-07
vn 0 -1 1.192093E-07
vn 0 -1 1.192093E-07
vn 0.01754761 0 -1
vn 0.01754761 0 -1
vn 0.01754761 0 -1
vn 0.01754761 0 -1
vn -0.01754761 0 1
vn -0.01754761 0 1
vn -0.01754761 0 1
vn -0.01754761 0 1
vn 0.9189453 0.01826477 0.3937988
vn 0.9189453 0.01826477 0.3937988
vn 0.9189453 0.01826477 0.3937988
vn 0.9189453 0.01826477 0.3937988
vn 0.9321289 0.01826477 -0.3613281
vn 0.9321289 0.01826477 -0.3613281
vn 0.9321289 0.01826477 -0.3613281
vn 0.9321289 0.01826477 -0.3613281
vn -0.9174805 0.003801346 -0.3977051
vn -0.9179688 0.009124756 -0.3964844
vn -0.9179688 0.003803253 -0.3964844
vn -0.9174805 0.009124756 -0.3977051
vn -0.9179688 0.01824951 -0.3964844
vn -0.9174805 0.01823425 -0.3977051
vn -0.3950195 0.003818512 0.9189453
vn -0.3950195 0.009162903 0.918457
vn -0.3950195 0.003818512 0.9189453
vn -0.3950195 0.009162903 0.918457
vn -0.3947754 0.01832581 0.918457
vn -0.3947754 0.01832581 0.918457
vn 0.3625488 0.003818512 0.9321289
vn 0.3625488 0.009162903 0.9321289
vn 0.3625488 0.003818512 0.9321289
vn 0.3625488 0.009162903 0.9321289
vn 0.3623047 0.01832581 0.9316406
vn 0.3623047 0.01832581 0.9316406
vn 0.9179688 0.003803253 0.3964844
vn 0.9179688 0.009124756 0.3964844
vn 0.9179688 0.003803253 0.3964844
vn 0.9179688 0.009124756 0.3964844
vn 0.9179688 0.01824951 0.3964844
vn 0.9179688 0.01824951 0.3964844
vn 0.9311523 0.003803253 -0.3640137
vn 0.9306641 0.009124756 -0.3652344
vn 0.9306641 0.003801346 -0.3652344
vn 0.9311523 0.009124756 -0.3640137
vn 0.9306641 0.01823425 -0.3652344
vn 0.9311523 0.01824951 -0.3640137
vn 0.3955078 0.003824234 -0.918457
vn 0.3955078 0.009178162 -0.918457
vn 0.3955078 0.003824234 -0.918457
vn 0.3955078 0.009178162 -0.918457
vn 0.3955078 0.01835632 -0.918457
vn 0.3955078 0.01835632 -0.918457
vn -0.3630371 0.003824234 -0.9316406
vn -0.3630371 0.009178162 -0.9316406
vn -0.3630371 0.003824234 -0.9316406
vn -0.3630371 0.009178162 -0.9316406
vn -0.3630371 0.01835632 -0.9316406
vn -0.3630371 0.01835632 -0.9316406
vn -0.8642578 -0.3310547 -0.3786621
vn -0.8647461 -0.3312988 -0.3771973
vn -0.8647461 -0.3312988 -0.3771973
vn -0.8642578 -0.3310547 -0.3786621
vn -0.8774414 -0.3312988 0.3466797
vn -0.8774414 -0.3312988 0.3466797
vn -0.8774414 -0.3312988 0.3466797
vn -0.8774414 -0.3312988 0.3466797
vn -0.3806152 -0.3288574 0.8642578
vn -0.3806152 -0.3288574 0.8642578
vn -0.3806152 -0.3288574 0.8642578
vn -0.3806152 -0.3288574 0.8642578
vn 0.3500977 -0.3288574 0.8769531
vn 0.3500977 -0.3288574 0.8769531
vn 0.3500977 -0.3288574 0.8769531
vn 0.3500977 -0.3288574 0.8769531
vn 0.8647461 -0.3312988 0.3771973
vn 0.8647461 -0.3312988 0.3771973
vn 0.8647461 -0.3312988 0.3771973
vn 0.8647461 -0.3312988 0.3771973
vn 0.8774414 -0.3312988 -0.3466797
vn 0.8769531 -0.3310547 -0.3479004
vn 0.8769531 -0.3310547 -0.3479004
vn 0.8774414 -0.3312988 -0.3466797
vn 0.3806152 -0.3288574 -0.8642578
vn 0.3806152 -0.3288574 -0.8642578
vn 0.3806152 -0.3288574 -0.8642578
vn 0.3806152 -0.3288574 -0.8642578
vn -0.3500977 -0.3288574 -0.8769531
vn -0.3500977 -0.3288574 -0.8769531
vn -0.3500977 -0.3288574 -0.8769531
vn -0.3500977 -0.3288574 -0.8769531
vn 0 -1 1.192093E-07
vn 0 -1 1.192093E-07
vn 0 -1 1.192093E-07
vn 0 -1 1.192093E-07
vn 0 -1 1.192093E-07
vn 0 -1 1.192093E-07
vn 0 -1 1.192093E-07
vn 0 -1 1.192093E-07
vn 1 1.192093E-07 0.01754761
vn 1 1.192093E-07 0.01754761
vn 1 1.192093E-07 0.01754761
vn 1 1.192093E-07 0.01754761
vn -1 -1.192093E-07 -0.01754761
vn -1 -1.192093E-07 -0.01754761
vn -1 -1.192093E-07 -0.01754761
vn -1 -1.192093E-07 -0.01754761
vn 0 -1 1.192093E-07
vn 0 -1 1.192093E-07
vn 0 -1 1.192093E-07
vn 0 -1 1.192093E-07
vn 0.01754761 0 -1
vn 0.01754761 0 -1
vn 0.01754761 0 -1
vn 0.01754761 0 -1
vn -0.01754761 0 1
vn -0.01754761 0 1
vn -0.01754761 0 1
vn -0.01754761 0 1
vn -0.9179688 0.003803253 -0.3964844
vn -0.9179688 0.009124756 -0.3964844
vn -0.9179688 0.003803253 -0.3964844
vn -0.9179688 0.009124756 -0.3964844
vn -0.9179688 0.01824951 -0.3964844
vn -0.9179688 0.01824951 -0.3964844
vn -0.3950195 0.003818512 0.9189453
vn -0.3959961 0.009185791 0.9179688
vn -0.3959961 0.003828049 0.918457
vn -0.3950195 0.009162903 0.918457
vn -0.3959961 0.01837158 0.9179688
vn -0.3947754 0.01832581 0.918457
vn 0.3635254 0.003828049 0.9316406
vn 0.3625488 0.009162903 0.9321289
vn 0.3625488 0.003818512 0.9321289
vn 0.3635254 0.009185791 0.9316406
vn 0.3623047 0.01832581 0.9316406
vn 0.3635254 0.01837158 0.9316406
vn 0.9179688 0.003803253 0.3964844
vn 0.9179688 0.009124756 0.3964844
vn 0.9179688 0.003803253 0.3964844
vn 0.9179688 0.009124756 0.3964844
vn 0.9179688 0.01824951 0.3964844
vn 0.9179688 0.01824951 0.3964844
vn 0.9311523 0.003803253 -0.3640137
vn 0.9311523 0.009124756 -0.3640137
vn 0.9311523 0.003803253 -0.3640137
vn 0.9311523 0.009124756 -0.3640137
vn 0.9311523 0.01824951 -0.3640137
vn 0.9311523 0.01824951 -0.3640137
vn 0.3950195 0.003818512 -0.9189453
vn 0.3950195 0.009162903 -0.918457
vn 0.3950195 0.003818512 -0.9189453
vn 0.3950195 0.009162903 -0.918457
vn 0.3947754 0.01832581 -0.918457
vn 0.3947754 0.01832581 -0.918457
vn -0.3625488 0.003818512 -0.9321289
vn -0.3625488 0.009162903 -0.9321289
vn -0.3625488 0.003818512 -0.9321289
vn -0.3625488 0.009162903 -0.9321289
vn -0.3623047 0.01832581 -0.9316406
vn -0.3623047 0.01832581 -0.9316406
vn -0.8647461 -0.3312988 -0.3771973
vn -0.8647461 -0.3312988 -0.3771973
vn -0.8647461 -0.3312988 -0.3771973
vn -0.8647461 -0.3312988 -0.3771973
vn -0.8774414 -0.3312988 0.3466797
vn -0.8774414 -0.3312988 0.3466797
vn -0.8774414 -0.3312988 0.3466797
vn -0.8774414 -0.3312988 0.3466797
vn -0.3806152 -0.3288574 0.8642578
vn -0.3806152 -0.3288574 0.8642578
vn -0.3806152 -0.3288574 0.8642578
vn -0.3806152 -0.3288574 0.8642578
vn 0.3500977 -0.3288574 0.8769531
vn 0.3500977 -0.3288574 0.8769531
vn 0.3500977 -0.3288574 0.8769531
vn 0.3500977 -0.3288574 0.8769531
vn 0.8647461 -0.3312988 0.3771973
vn 0.8647461 -0.3312988 0.3771973
vn 0.8647461 -0.3312988 0.3771973
vn 0.8647461 -0.3312988 0.3771973
vn 0.8774414 -0.3312988 -0.3466797
vn 0.8774414 -0.3312988 -0.3466797
vn 0.8774414 -0.3312988 -0.3466797
vn 0.8774414 -0.3312988 -0.3466797
vn 0.3806152 -0.3288574 -0.8642578
vn 0.3806152 -0.3288574 -0.8642578
vn 0.3806152 -0.3288574 -0.8642578
vn 0.3806152 -0.3288574 -0.8642578
vn -0.3500977 -0.3288574 -0.8769531
vn -0.3500977 -0.3288574 -0.8769531
vn -0.3500977 -0.3288574 -0.8769531
vn -0.3500977 -0.3288574 -0.8769531
vn 0 -1 1.192093E-07
vn 0 -1 1.192093E-07
vn 0 -1 1.192093E-07
vn 0 -1 1.192093E-07
vn 0 -1 1.192093E-07
vn 0 -1 1.192093E-07
vn 0 -1 1.192093E-07
vn 0 -1 1.192093E-07
vn 1 1.192093E-07 0.01754761
vn 1 1.192093E-07 0.01754761
vn 1 1.192093E-07 0.01754761
vn 1 1.192093E-07 0.01754761
vn -1 -1.192093E-07 -0.01754761
vn -1 -1.192093E-07 -0.01754761
vn -1 -1.192093E-07 -0.01754761
vn -1 -1.192093E-07 -0.01754761
vn 0 -1 1.192093E-07
vn 0 -1 1.192093E-07
vn 0 -1 1.192093E-07
vn 0 -1 1.192093E-07
vn 0.01754761 0 -1
vn 0.01754761 0 -1
vn 0.01754761 0 -1
vn 0.01754761 0 -1
vn -0.01754761 0 1
vn -0.01754761 0 1
vn -0.01754761 0 1
vn -0.01754761 0 1
vn -0.9169922 0.003797531 -0.3989258
vn -0.9169922 0.009117126 -0.3989258
vn -0.9169922 0.003797531 -0.3989258
vn -0.9169922 0.009117126 -0.3989258
vn -0.9169922 0.01823425 -0.3989258
vn -0.9169922 0.01823425 -0.3989258
vn -0.3959961 0.003828049 0.918457
vn -0.3959961 0.009185791 0.9179688
vn -0.3959961 0.003828049 0.918457
vn -0.3959961 0.009185791 0.9179688
vn -0.3959961 0.01837158 0.9179688
vn -0.3959961 0.01837158 0.9179688
vn 0.3635254 0.003828049 0.9316406
vn 0.3635254 0.009185791 0.9316406
vn 0.3635254 0.003828049 0.9316406
vn 0.3635254 0.009185791 0.9316406
vn 0.3635254 0.01837158 0.9316406
vn 0.3635254 0.01837158 0.9316406
vn 0.9169922 0.003799438 0.3989258
vn 0.9169922 0.009117126 0.3989258
vn 0.9169922 0.003799438 0.3989258
vn 0.9169922 0.009117126 0.3989258
vn 0.9169922 0.01823425 0.3989258
vn 0.9169922 0.01823425 0.3989258
vn 0.9301758 0.003799438 -0.3666992
vn 0.9301758 0.009117126 -0.3666992
vn 0.9301758 0.003799438 -0.3666992
vn 0.9301758 0.009117126 -0.3666992
vn 0.9301758 0.01823425 -0.3664551
vn 0.9301758 0.01823425 -0.3664551
vn 0.3959961 0.003828049 -0.918457
vn 0.3959961 0.009185791 -0.9179688
vn 0.3959961 0.003828049 -0.918457
vn 0.3959961 0.009185791 -0.9179688
vn 0.3959961 0.01837158 -0.9179688
vn 0.3959961 0.01837158 -0.9179688
vn -0.3635254 0.003828049 -0.9316406
vn -0.3635254 0.009185791 -0.9316406
vn -0.3635254 0.003828049 -0.9316406
vn -0.3635254 0.009185791 -0.9316406
vn -0.3635254 0.01837158 -0.9316406
vn -0.3635254 0.01837158 -0.9316406
vn -0.8647461 -0.3312988 -0.3771973
vn -0.8647461 -0.3312988 -0.3771973
vn -0.8647461 -0.3312988 -0.3771973
vn -0.8647461 -0.3312988 -0.3771973
vn -0.8774414 -0.3312988 0.3466797
vn -0.8774414 -0.3312988 0.3466797
vn -0.8774414 -0.3312988 0.3466797
vn -0.8774414 -0.3312988 0.3466797
vn -0.3806152 -0.3288574 0.8642578
vn -0.3806152 -0.3288574 0.8642578
vn -0.3806152 -0.3288574 0.8642578
vn -0.3806152 -0.3288574 0.8642578
vn 0.3500977 -0.3288574 0.8769531
vn 0.3500977 -0.3288574 0.8769531
vn 0.3500977 -0.3288574 0.8769531
vn 0.3500977 -0.3288574 0.8769531
vn 0.8647461 -0.3312988 0.3771973
vn 0.8647461 -0.3312988 0.3771973
vn 0.8647461 -0.3312988 0.3771973
vn 0.8647461 -0.3312988 0.3771973
vn 0.8774414 -0.3312988 -0.3466797
vn 0.8774414 -0.3312988 -0.3466797
vn 0.8774414 -0.3312988 -0.3466797
vn 0.8774414 -0.3312988 -0.3466797
vn 0.3806152 -0.3288574 -0.8642578
vn 0.3806152 -0.3288574 -0.8642578
vn 0.3806152 -0.3288574 -0.8642578
vn 0.3806152 -0.3288574 -0.8642578
vn -0.3500977 -0.3288574 -0.8769531
vn -0.3500977 -0.3288574 -0.8769531
vn -0.3500977 -0.3288574 -0.8769531
vn -0.3500977 -0.3288574 -0.8769531
vn 0 -1 1.192093E-07
vn 0 -1 1.192093E-07
vn 0 -1 1.192093E-07
vn 0 -1 1.192093E-07
vn 0 -1 1.192093E-07
vn 0 -1 1.192093E-07
vn 0 -1 1.192093E-07
vn 0 -1 1.192093E-07
vn 1 1.192093E-07 0.01754761
vn 1 1.192093E-07 0.01754761
vn 1 1.192093E-07 0.01754761
vn 1 1.192093E-07 0.01754761
vn -1 -1.192093E-07 -0.01754761
vn -1 -1.192093E-07 -0.01754761
vn -1 -1.192093E-07 -0.01754761
vn -1 -1.192093E-07 -0.01754761
vn 0 -1 1.192093E-07
vn 0 -1 1.192093E-07
vn 0 -1 1.192093E-07
vn 0 -1 1.192093E-07
vn 0.01754761 0 -1
vn 0.01754761 0 -1
vn 0.01754761 0 -1
vn 0.01754761 0 -1
vn -0.01754761 0 1
vn -0.01754761 0 1
vn -0.01754761 0 1
vn -0.01754761 0 1
vn -0.004055023 0.9731445 0.2310791
vn -0.004039764 0.9731445 0.2302246
vn -0.004055023 0.9731445 0.2310791
vn -0.004039764 0.9731445 0.2302246
vn 0.01754761 0 -1
vn 0.01754761 0 -1
vn 0.01754761 0 -1
vn 0.01754761 0 -1
vn 0.002571106 0.9892578 -0.1464844
vn 0.003543854 0.9794922 -0.2020264
vn 0.003543854 0.9794922 -0.2020264
vn 0.002571106 0.9892578 -0.1464844
vn 0.001413345 0.996582 -0.08050537
vn 0.001413345 0.996582 -0.08050537
vn 1 1.192093E-07 0.01754761
vn 1 1.192093E-07 0.01754761
vn 1 1.192093E-07 0.01754761
vn 1 1.192093E-07 0.01754761
vn -0.0161438 0.3911133 0.9204102
vn -0.0161438 0.3911133 0.9204102
vn -0.0161438 0.3911133 0.9204102
vn -0.0161438 0.3911133 0.9204102
vn 0 -1 1.192093E-07
vn 0 -1 1.192093E-07
vn 0 -1 1.192093E-07
vn 0 -1 1.192093E-07
vn 1 1.192093E-07 0.01754761
vn 1 1.192093E-07 0.01754761
vn 1 1.192093E-07 0.01754761
vn 1 1.192093E-07 0.01754761
vn -1 -1.192093E-07 -0.01754761
vn -1 -1.192093E-07 -0.01754761
vn -1 -1.192093E-07 -0.01754761
vn -1 -1.192093E-07 -0.01754761
vn 0 -1 1.192093E-07
vn 0 -1 1.192093E-07
vn 0 -1 1.192093E-07
vn 0 -1 1.192093E-07
vn 0.01754761 0 -1
vn 0.01754761 0 -1
vn 0.01754761 0 -1
vn 0.01754761 0 -1
vn -0.01754761 0 1
vn -0.01754761 0 1
vn -0.01754761 0 1
vn -0.01754761 0 1
vn -0.9174805 0.003801346 -0.3977051
vn -0.9174805 0.009124756 -0.3977051
vn -0.9174805 0.003801346 -0.3977051
vn -0.9174805 0.009124756 -0.3977051
vn -0.9174805 0.01823425 -0.3977051
vn -0.9174805 0.01823425 -0.3977051
vn -0.3952637 0.003820419 0.918457
vn -0.3952637 0.009170532 0.918457
vn -0.3952637 0.003820419 0.918457
vn -0.3952637 0.009170532 0.918457
vn -0.3950195 0.01834106 0.918457
vn -0.3950195 0.01834106 0.918457
vn 0.362793 0.003820419 0.9321289
vn 0.362793 0.009170532 0.9316406
vn 0.362793 0.003820419 0.9321289
vn 0.362793 0.009170532 0.9316406
vn 0.3625488 0.01834106 0.9316406
vn 0.3625488 0.01834106 0.9316406
vn 0.9174805 0.003801346 0.3974609
vn 0.9174805 0.009124756 0.3977051
vn 0.9174805 0.003801346 0.3977051
vn 0.9174805 0.009124756 0.3974609
vn 0.9174805 0.01823425 0.3977051
vn 0.9174805 0.01823425 0.3977051
vn 0.9306641 0.003801346 -0.3652344
vn 0.9306641 0.009124756 -0.3652344
vn 0.9306641 0.003801346 -0.3652344
vn 0.9306641 0.009124756 -0.3652344
vn 0.9306641 0.01823425 -0.3652344
vn 0.9306641 0.01823425 -0.3652344
vn 0.3955078 0.003824234 -0.918457
vn 0.3955078 0.009178162 -0.918457
vn 0.3955078 0.003824234 -0.918457
vn 0.3955078 0.009178162 -0.918457
vn 0.3955078 0.01835632 -0.918457
vn 0.3950195 0.01834106 -0.918457
vn -0.3630371 0.003824234 -0.9316406
vn -0.3630371 0.009178162 -0.9316406
vn -0.3630371 0.003824234 -0.9316406
vn -0.3630371 0.009178162 -0.9316406
vn -0.3625488 0.01834106 -0.9316406
vn -0.3630371 0.01835632 -0.9316406
vn -0.8642578 -0.3310547 -0.3786621
vn -0.8642578 -0.3310547 -0.3786621
vn -0.8642578 -0.3310547 -0.3786621
vn -0.8642578 -0.3310547 -0.3786621
vn -0.8769531 -0.3310547 0.3479004
vn -0.8769531 -0.3312988 0.3476563
vn -0.8769531 -0.3312988 0.3476563
vn -0.8769531 -0.3310547 0.3479004
vn -0.3806152 -0.3288574 0.8642578
vn -0.3806152 -0.3288574 0.8642578
vn -0.3806152 -0.3288574 0.8642578
vn -0.3806152 -0.3288574 0.8642578
vn 0.3500977 -0.3288574 0.8769531
vn 0.3500977 -0.3288574 0.8769531
vn 0.3500977 -0.3288574 0.8769531
vn 0.3500977 -0.3288574 0.8769531
vn 0.8642578 -0.3312988 0.3781738
vn 0.8642578 -0.3310547 0.3786621
vn 0.8642578 -0.3310547 0.3786621
vn 0.8642578 -0.3312988 0.3781738
vn 0.8769531 -0.3310547 -0.3479004
vn 0.8769531 -0.3310547 -0.3479004
vn 0.8769531 -0.3310547 -0.3479004
vn 0.8769531 -0.3310547 -0.3479004
vn 0.3806152 -0.3288574 -0.8642578
vn 0.3806152 -0.3288574 -0.8642578
vn 0.3806152 -0.3288574 -0.8642578
vn 0.3806152 -0.3288574 -0.8642578
vn -0.3500977 -0.3288574 -0.8769531
vn -0.3500977 -0.3288574 -0.8769531
vn -0.3500977 -0.3288574 -0.8769531
vn -0.3500977 -0.3288574 -0.8769531
vn 0 -1 1.192093E-07
vn 0 -1 1.192093E-07
vn 0 -1 1.192093E-07
vn 0 -1 1.192093E-07
vn 0 -1 1.192093E-07
vn 0 -1 1.192093E-07
vn 0 -1 1.192093E-07
vn 0 -1 1.192093E-07
vn 1 1.192093E-07 0.01754761
vn 1 1.192093E-07 0.01754761
vn 1 1.192093E-07 0.01754761
vn 1 1.192093E-07 0.01754761
vn -1 -1.192093E-07 -0.01754761
vn -1 -1.192093E-07 -0.01754761
vn -1 -1.192093E-07 -0.01754761
vn -1 -1.192093E-07 -0.01754761
vn 0 -1 1.192093E-07
vn 0 -1 1.192093E-07
vn 0 -1 1.192093E-07
vn 0 -1 1.192093E-07
vn 0.01754761 0 -1
vn 0.01754761 0 -1
vn 0.01754761 0 -1
vn 0.01754761 0 -1
vn -0.01754761 0 1
vn -0.01754761 0 1
vn -0.01754761 0 1
vn -0.01754761 0 1
vn -0.9169922 0.003797531 -0.3989258
vn -0.9169922 0.009117126 -0.3989258
vn -0.9169922 0.003797531 -0.3989258
vn -0.9169922 0.009117126 -0.3989258
vn -0.9169922 0.01823425 -0.3989258
vn -0.9169922 0.01823425 -0.3989258
vn -0.3959961 0.003828049 0.918457
vn -0.3959961 0.006126404 0.918457
vn -0.3959961 0.003828049 0.918457
vn -0.3959961 0.006126404 0.918457
vn -0.3959961 0.01837158 0.9179688
vn -0.3959961 0.01837158 0.9179688
vn -0.3959961 0.01837158 0.9179688
vn 0.3635254 0.003828049 0.9316406
vn 0.3635254 0.009185791 0.9316406
vn 0.3635254 0.003828049 0.9316406
vn 0.3635254 0.009185791 0.9316406
vn 0.3635254 0.01837158 0.9316406
vn 0.3635254 0.01837158 0.9316406
vn 0.3635254 0.01837158 0.9316406
vn 0.3635254 0.01837158 0.9316406
vn 0.3635254 0.01837158 0.9316406
vn 0.9169922 0.003799438 0.3989258
vn 0.9169922 0.009117126 0.3989258
vn 0.9169922 0.003799438 0.3989258
vn 0.9169922 0.009117126 0.3989258
vn 0.9169922 0.01823425 0.3989258
vn 0.9169922 0.01823425 0.3989258
vn 0.9169922 0.01823425 0.3989258
vn 0.9169922 0.01823425 0.3989258
vn 0.9169922 0.01823425 0.3989258
vn 0.9301758 0.003799438 -0.3666992
vn 0.9301758 0.006076813 -0.3666992
vn 0.9301758 0.003799438 -0.3666992
vn 0.9301758 0.006076813 -0.3666992
vn 0.9301758 0.01823425 -0.3664551
vn 0.9301758 0.01823425 -0.3664551
vn 0.9301758 0.01823425 -0.3664551
vn 0.3959961 0.003828049 -0.918457
vn 0.3959961 0.009185791 -0.9179688
vn 0.3959961 0.003828049 -0.918457
vn 0.3959961 0.009185791 -0.9179688
vn 0.3959961 0.01837158 -0.9179688
vn 0.3959961 0.01837158 -0.9179688
vn -0.3635254 0.003828049 -0.9316406
vn -0.3635254 0.009185791 -0.9316406
vn -0.3635254 0.003828049 -0.9316406
vn -0.3635254 0.009185791 -0.9316406
vn -0.3635254 0.01837158 -0.9316406
vn -0.3635254 0.01837158 -0.9316406
vn -0.8647461 -0.3312988 -0.3771973
vn -0.8647461 -0.3312988 -0.3771973
vn -0.8647461 -0.3312988 -0.3771973
vn -0.8647461 -0.3312988 -0.3771973
vn -0.8774414 -0.3312988 0.3466797
vn -0.8774414 -0.3312988 0.3466797
vn -0.8774414 -0.3312988 0.3466797
vn -0.8774414 -0.3312988 0.3466797
vn -0.3806152 -0.3288574 0.8642578
vn -0.3806152 -0.3288574 0.8642578
vn -0.3806152 -0.3288574 0.8642578
vn -0.3806152 -0.3288574 0.8642578
vn 0.3500977 -0.3288574 0.8769531
vn 0.3500977 -0.3288574 0.8769531
vn 0.3500977 -0.3288574 0.8769531
vn 0.3500977 -0.3288574 0.8769531
vn 0.8647461 -0.3312988 0.3771973
vn 0.8647461 -0.3312988 0.3771973
vn 0.8647461 -0.3312988 0.3771973
vn 0.8647461 -0.3312988 0.3771973
vn 0.8774414 -0.3312988 -0.3466797
vn 0.8774414 -0.3312988 -0.3466797
vn 0.8774414 -0.3312988 -0.3466797
vn 0.8774414 -0.3312988 -0.3466797
vn 0.3806152 -0.3288574 -0.8642578
vn 0.3806152 -0.3288574 -0.8642578
vn 0.3806152 -0.3288574 -0.8642578
vn 0.3806152 -0.3288574 -0.8642578
vn -0.3500977 -0.3288574 -0.8769531
vn -0.3500977 -0.3288574 -0.8769531
vn -0.3500977 -0.3288574 -0.8769531
vn -0.3500977 -0.3288574 -0.8769531
vn 0 -1 1.192093E-07
vn 0 -1 1.192093E-07
vn 0 -1 1.192093E-07
vn 0 -1 1.192093E-07
vn 0 -1 1.192093E-07
vn 0 -1 1.192093E-07
vn 0 -1 1.192093E-07
vn 0 -1 1.192093E-07
vn 1 1.192093E-07 0.01754761
vn 1 1.192093E-07 0.01754761
vn 1 1.192093E-07 0.01754761
vn 1 1.192093E-07 0.01754761
vn -1 -1.192093E-07 -0.01754761
vn -1 -1.192093E-07 -0.01754761
vn -1 -1.192093E-07 -0.01754761
vn -1 -1.192093E-07 -0.01754761
vn 0 -1 1.192093E-07
vn 0 -1 1.192093E-07
vn 0 -1 1.192093E-07
vn 0 -1 1.192093E-07
vn 0.01754761 0 -1
vn 0.01754761 0 -1
vn 0.01754761 0 -1
vn 0.01754761 0 -1
vn -0.01754761 0 1
vn -0.01754761 0 1
vn -0.01754761 0 1
vn -0.01754761 0 1
vn 0.6601563 0.3115234 0.6835938
vn 0.6943359 0.01828003 0.7192383
vn 0.6943359 0.01828003 0.7192383
vn 0.6699219 -0.2800293 0.6875
vn -0.9169922 0.003797531 -0.3989258
vn -0.9169922 0.009117126 -0.3989258
vn -0.9169922 0.003797531 -0.3989258
vn -0.9169922 0.009117126 -0.3989258
vn -0.9169922 0.01823425 -0.3989258
vn -0.9169922 0.01823425 -0.3989258
vn -0.3959961 0.003828049 0.918457
vn -0.3959961 0.009185791 0.9179688
vn -0.3959961 0.003828049 0.918457
vn -0.3959961 0.009185791 0.9179688
vn -0.3959961 0.01837158 0.9179688
vn -0.3959961 0.01837158 0.9179688
vn 0.3635254 0.003828049 0.9316406
vn 0.3635254 0.009185791 0.9316406
vn 0.3635254 0.003828049 0.9316406
vn 0.3635254 0.009185791 0.9316406
vn 0.3635254 0.01837158 0.9316406
vn 0.3635254 0.01837158 0.9316406
vn 0.9169922 0.003799438 0.3989258
vn 0.9169922 0.009117126 0.3989258
vn 0.9169922 0.003799438 0.3989258
vn 0.9169922 0.009117126 0.3989258
vn 0.9169922 0.01823425 0.3989258
vn 0.9169922 0.01823425 0.3989258
vn 0.9301758 0.003799438 -0.3666992
vn 0.9301758 0.009117126 -0.3666992
vn 0.9301758 0.003799438 -0.3666992
vn 0.9301758 0.009117126 -0.3666992
vn 0.9301758 0.01823425 -0.3664551
vn 0.9301758 0.01823425 -0.3664551
vn 0.3959961 0.003828049 -0.918457
vn 0.3959961 0.009185791 -0.9179688
vn 0.3959961 0.003828049 -0.918457
vn 0.3959961 0.009185791 -0.9179688
vn 0.3959961 0.01837158 -0.9179688
vn 0.3959961 0.01837158 -0.9179688
vn -0.3635254 0.003828049 -0.9316406
vn -0.3635254 0.009185791 -0.9316406
vn -0.3635254 0.003828049 -0.9316406
vn -0.3635254 0.009185791 -0.9316406
vn -0.3635254 0.01837158 -0.9316406
vn -0.3635254 0.01837158 -0.9316406
vn -0.8647461 -0.3312988 -0.3771973
vn -0.8647461 -0.3312988 -0.3771973
vn -0.8647461 -0.3312988 -0.3771973
vn -0.8647461 -0.3312988 -0.3771973
vn -0.8774414 -0.3312988 0.3466797
vn -0.8774414 -0.3312988 0.3466797
vn -0.8774414 -0.3312988 0.3466797
vn -0.8774414 -0.3312988 0.3466797
vn -0.3806152 -0.3288574 0.8642578
vn -0.3806152 -0.3288574 0.8642578
vn -0.3806152 -0.3288574 0.8642578
vn -0.3806152 -0.3288574 0.8642578
vn 0.3500977 -0.3288574 0.8769531
vn 0.3500977 -0.3288574 0.8769531
vn 0.3500977 -0.3288574 0.8769531
vn 0.3500977 -0.3288574 0.8769531
vn 0.8647461 -0.3312988 0.3771973
vn 0.8647461 -0.3312988 0.3771973
vn 0.8647461 -0.3312988 0.3771973
vn 0.8647461 -0.3312988 0.3771973
vn 0.8774414 -0.3312988 -0.3466797
vn 0.8774414 -0.3312988 -0.3466797
vn 0.8774414 -0.3312988 -0.3466797
vn 0.8774414 -0.3312988 -0.3466797
vn 0.3806152 -0.3288574 -0.8642578
vn 0.3806152 -0.3288574 -0.8642578
vn 0.3806152 -0.3288574 -0.8642578
vn 0.3806152 -0.3288574 -0.8642578
vn -0.3500977 -0.3288574 -0.8769531
vn -0.3500977 -0.3288574 -0.8769531
vn -0.3500977 -0.3288574 -0.8769531
vn -0.3500977 -0.3288574 -0.8769531
vn 0 -1 1.192093E-07
vn 0 -1 1.192093E-07
vn 0 -1 1.192093E-07
vn 0 -1 1.192093E-07
vn 0 -1 1.192093E-07
vn 0 -1 1.192093E-07
vn 0 -1 1.192093E-07
vn 0 -1 1.192093E-07
vn 1 1.192093E-07 0.01754761
vn 1 1.192093E-07 0.01754761
vn 1 1.192093E-07 0.01754761
vn 1 1.192093E-07 0.01754761
vn -1 -1.192093E-07 -0.01754761
vn -1 -1.192093E-07 -0.01754761
vn -1 -1.192093E-07 -0.01754761
vn -1 -1.192093E-07 -0.01754761
vn 0 -1 1.192093E-07
vn 0 -1 1.192093E-07
vn 0 -1 1.192093E-07
vn 0 -1 1.192093E-07
vn 0.01754761 0 -1
vn 0.01754761 0 -1
vn 0.01754761 0 -1
vn 0.01754761 0 -1
vn -0.01754761 0 1
vn -0.01754761 0 1
vn -0.01754761 0 1
vn -0.01754761 0 1
vn -0.8662109 -0.3295898 -0.3752441
vn -0.8662109 -0.3295898 -0.3752441
vn -0.8662109 -0.3295898 -0.3752441
vn -0.8662109 -0.3295898 -0.3752441
vn -0.8789063 -0.3295898 0.3447266
vn -0.8789063 -0.3295898 0.3447266
vn -0.8789063 -0.3295898 0.3447266
vn -0.8789063 -0.3295898 0.3447266
vn -0.3752441 -0.3295898 0.8662109
vn -0.3752441 -0.3295898 0.8662109
vn -0.3752441 -0.3295898 0.8662109
vn -0.3752441 -0.3295898 0.8662109
vn 0.3447266 -0.3295898 0.8789063
vn 0.3447266 -0.3295898 0.8789063
vn 0.3447266 -0.3295898 0.8789063
vn 0.3447266 -0.3295898 0.8789063
vn 0.8662109 -0.3295898 0.3752441
vn 0.8662109 -0.3295898 0.3752441
vn 0.8662109 -0.3295898 0.3752441
vn 0.8662109 -0.3295898 0.3752441
vn 0.8789063 -0.3295898 -0.3447266
vn 0.8789063 -0.3295898 -0.3447266
vn 0.8789063 -0.3295898 -0.3447266
vn 0.8789063 -0.3295898 -0.3447266
vn 0.3752441 -0.3295898 -0.8662109
vn 0.3752441 -0.3295898 -0.8662109
vn 0.3752441 -0.3295898 -0.8662109
vn 0.3752441 -0.3295898 -0.8662109
vn -0.3447266 -0.3295898 -0.8789063
vn -0.3447266 -0.3295898 -0.8789063
vn -0.3447266 -0.3295898 -0.8789063
vn -0.3447266 -0.3295898 -0.8789063
vn 0 -1 1.192093E-07
vn 0 -1 1.192093E-07
vn 0 -1 1.192093E-07
vn 0 -1 1.192093E-07
vn 0 -1 1.192093E-07
vn 0 -1 1.192093E-07
vn 0 -1 1.192093E-07
vn 0 -1 1.192093E-07
vn 1 1.192093E-07 0.01754761
vn 1 1.192093E-07 0.01754761
vn 1 1.192093E-07 0.01754761
vn 1 1.192093E-07 0.01754761
vn -1 -1.192093E-07 -0.01754761
vn -1 -1.192093E-07 -0.01754761
vn -1 -1.192093E-07 -0.01754761
vn -1 -1.192093E-07 -0.01754761
vn 0 -1 1.192093E-07
vn 0 -1 1.192093E-07
vn 0 -1 1.192093E-07
vn 0 -1 1.192093E-07
vn 0.01754761 0 -1
vn 0.01754761 0 -1
vn 0.01754761 0 -1
vn 0.01754761 0 -1
vn -0.01754761 0 1
vn -0.01754761 0 1
vn -0.01754761 0 1
vn -0.01754761 0 1
vn -0.9160156 0.003820419 -0.401123
vn -0.9160156 0.009170532 -0.401123
vn -0.9160156 0.003820419 -0.401123
vn -0.9160156 0.009170532 -0.401123
vn -0.9160156 0.01832581 -0.401123
vn -0.9160156 0.01832581 -0.401123
vn -0.401123 0.003820419 0.9160156
vn -0.401123 0.009170532 0.9160156
vn -0.401123 0.003820419 0.9160156
vn -0.401123 0.009170532 0.9160156
vn -0.401123 0.01832581 0.9160156
vn -0.401123 0.01832581 0.9160156
vn 0.3688965 0.003820419 0.9296875
vn 0.3688965 0.009170532 0.9296875
vn 0.3688965 0.003820419 0.9296875
vn 0.3688965 0.009170532 0.9296875
vn 0.3686523 0.01832581 0.9291992
vn 0.3686523 0.01832581 0.9291992
vn 0.9160156 0.003820419 0.401123
vn 0.9160156 0.009170532 0.401123
vn 0.9160156 0.003820419 0.401123
vn 0.9160156 0.009170532 0.401123
vn 0.9160156 0.01832581 0.401123
vn 0.9160156 0.01832581 0.401123
vn 0.9296875 0.003820419 -0.3688965
vn 0.9296875 0.009170532 -0.3688965
vn 0.9296875 0.003820419 -0.3688965
vn 0.9296875 0.009170532 -0.3688965
vn 0.9291992 0.01832581 -0.3686523
vn 0.9291992 0.01832581 -0.3686523
vn 0.401123 0.003820419 -0.9160156
vn 0.401123 0.009170532 -0.9160156
vn 0.401123 0.003820419 -0.9160156
vn 0.401123 0.009170532 -0.9160156
vn 0.401123 0.01832581 -0.9160156
vn 0.401123 0.01832581 -0.9160156
vn -0.3688965 0.003820419 -0.9296875
vn -0.3688965 0.009170532 -0.9296875
vn -0.3688965 0.003820419 -0.9296875
vn -0.3688965 0.009170532 -0.9296875
vn -0.3686523 0.01832581 -0.9291992
vn -0.3686523 0.01832581 -0.9291992
vn -0.8662109 -0.3295898 -0.3752441
vn -0.8662109 -0.3295898 -0.3752441
vn -0.8662109 -0.3295898 -0.3752441
vn -0.8662109 -0.3295898 -0.3752441
vn -0.8789063 -0.3295898 0.3447266
vn -0.8789063 -0.3295898 0.3447266
vn -0.8789063 -0.3295898 0.3447266
vn -0.8789063 -0.3295898 0.3447266
vn -0.3752441 -0.3295898 0.8662109
vn -0.3752441 -0.3295898 0.8662109
vn -0.3752441 -0.3295898 0.8662109
vn -0.3752441 -0.3295898 0.8662109
vn 0.3447266 -0.3295898 0.8789063
vn 0.3447266 -0.3295898 0.8789063
vn 0.3447266 -0.3295898 0.8789063
vn 0.3447266 -0.3295898 0.8789063
vn 0.8662109 -0.3295898 0.3752441
vn 0.8662109 -0.3295898 0.3752441
vn 0.8662109 -0.3295898 0.3752441
vn 0.8662109 -0.3295898 0.3752441
vn 0.8789063 -0.3295898 -0.3447266
vn 0.8789063 -0.3295898 -0.3447266
vn 0.8789063 -0.3295898 -0.3447266
vn 0.8789063 -0.3295898 -0.3447266
vn 0.3752441 -0.3295898 -0.8662109
vn 0.3752441 -0.3295898 -0.8662109
vn 0.3752441 -0.3295898 -0.8662109
vn 0.3752441 -0.3295898 -0.8662109
vn -0.3447266 -0.3295898 -0.8789063
vn -0.3447266 -0.3295898 -0.8789063
vn -0.3447266 -0.3295898 -0.8789063
vn -0.3447266 -0.3295898 -0.8789063
vn 0 -1 1.192093E-07
vn 0 -1 1.192093E-07
vn 0 -1 1.192093E-07
vn 0 -1 1.192093E-07
vn 0 -1 1.192093E-07
vn 0 -1 1.192093E-07
vn 0 -1 1.192093E-07
vn 0 -1 1.192093E-07
vn 1 1.192093E-07 0.01754761
vn 1 1.192093E-07 0.01754761
vn 1 1.192093E-07 0.01754761
vn 1 1.192093E-07 0.01754761
vn -1 -1.192093E-07 -0.01754761
vn -1 -1.192093E-07 -0.01754761
vn -1 -1.192093E-07 -0.01754761
vn -1 -1.192093E-07 -0.01754761
vn 0 -1 1.192093E-07
vn 0 -1 1.192093E-07
vn 0 -1 1.192093E-07
vn 0 -1 1.192093E-07
vn 0.01754761 0 -1
vn 0.01754761 0 -1
vn 0.01754761 0 -1
vn 0.01754761 0 -1
vn -0.01754761 0 1
vn -0.01754761 0 1
vn -0.01754761 0 1
vn -0.01754761 0 1
vn -0.9165039 0.003808975 -0.4001465
vn -0.9165039 0.009140015 -0.4001465
vn -0.9165039 0.003808975 -0.4001465
vn -0.9165039 0.009140015 -0.4001465
vn -0.9165039 0.01828003 -0.4001465
vn -0.9165039 0.01828003 -0.4001465
vn -0.3986816 0.003824234 0.9169922
vn -0.401123 0.009170532 0.9160156
vn -0.401123 0.003820419 0.9160156
vn -0.3986816 0.009178162 0.9169922
vn -0.401123 0.01832581 0.9160156
vn -0.3984375 0.01835632 0.9169922
vn 0.3688965 0.003820419 0.9296875
vn 0.3688965 0.009170532 0.9296875
vn 0.3688965 0.003820419 0.9296875
vn 0.3688965 0.009170532 0.9296875
vn 0.3686523 0.01832581 0.9291992
vn 0.3686523 0.01832581 0.9291992
vn 0.9160156 0.003820419 0.401123
vn 0.9160156 0.009170532 0.401123
vn 0.9160156 0.003820419 0.401123
vn 0.9160156 0.009170532 0.401123
vn 0.9160156 0.01832581 0.401123
vn 0.9160156 0.01832581 0.401123
vn 0.9296875 0.003820419 -0.3688965
vn 0.9296875 0.009170532 -0.3688965
vn 0.9296875 0.003820419 -0.3688965
vn 0.9296875 0.009170532 -0.3688965
vn 0.9291992 0.01832581 -0.3686523
vn 0.9291992 0.01832581 -0.3686523
vn 0.401123 0.003820419 -0.9160156
vn 0.401123 0.009170532 -0.9160156
vn 0.401123 0.003820419 -0.9160156
vn 0.401123 0.009170532 -0.9160156
vn 0.401123 0.01832581 -0.9160156
vn 0.401123 0.01832581 -0.9160156
vn -0.3688965 0.003820419 -0.9296875
vn -0.3662109 0.009178162 -0.9306641
vn -0.3662109 0.003824234 -0.9306641
vn -0.3688965 0.009170532 -0.9296875
vn -0.3662109 0.01835632 -0.9301758
vn -0.3686523 0.01832581 -0.9291992
vn -0.8662109 -0.3295898 -0.3752441
vn -0.8662109 -0.3295898 -0.3752441
vn -0.8662109 -0.3295898 -0.3752441
vn -0.8662109 -0.3295898 -0.3752441
vn -0.8789063 -0.3295898 0.3447266
vn -0.8789063 -0.3295898 0.3447266
vn -0.8789063 -0.3295898 0.3447266
vn -0.8789063 -0.3295898 0.3447266
vn -0.3752441 -0.3295898 0.8662109
vn -0.3752441 -0.3295898 0.8662109
vn -0.3752441 -0.3295898 0.8662109
vn -0.3752441 -0.3295898 0.8662109
vn 0.3447266 -0.3295898 0.8789063
vn 0.3447266 -0.3295898 0.8789063
vn 0.3447266 -0.3295898 0.8789063
vn 0.3447266 -0.3295898 0.8789063
vn 0.8662109 -0.3295898 0.3752441
vn 0.8662109 -0.3295898 0.3752441
vn 0.8662109 -0.3295898 0.3752441
vn 0.8662109 -0.3295898 0.3752441
vn 0.8789063 -0.3295898 -0.3447266
vn 0.8789063 -0.3295898 -0.3447266
vn 0.8789063 -0.3295898 -0.3447266
vn 0.8789063 -0.3295898 -0.3447266
vn 0.3752441 -0.3295898 -0.8662109
vn 0.3752441 -0.3295898 -0.8662109
vn 0.3752441 -0.3295898 -0.8662109
vn 0.3752441 -0.3295898 -0.8662109
vn -0.3447266 -0.3295898 -0.8789063
vn -0.3447266 -0.3295898 -0.8789063
vn -0.3447266 -0.3295898 -0.8789063
vn -0.3447266 -0.3295898 -0.8789063
vn 0 -1 1.192093E-07
vn 0 -1 1.192093E-07
vn 0 -1 1.192093E-07
vn 0 -1 1.192093E-07
vn 0 -1 1.192093E-07
vn 0 -1 1.192093E-07
vn 0 -1 1.192093E-07
vn 0 -1 1.192093E-07
vn 1 1.192093E-07 0.01754761
vn 1 1.192093E-07 0.01754761
vn 1 1.192093E-07 0.01754761
vn 1 1.192093E-07 0.01754761
vn -1 -1.192093E-07 -0.01754761
vn -1 -1.192093E-07 -0.01754761
vn -1 -1.192093E-07 -0.01754761
vn -1 -1.192093E-07 -0.01754761
vn 0 -1 1.192093E-07
vn 0 -1 1.192093E-07
vn 0 -1 1.192093E-07
vn 0 -1 1.192093E-07
vn 0.01754761 0 -1
vn 0.01754761 0 -1
vn 0.01754761 0 -1
vn 0.01754761 0 -1
vn -0.01754761 0 1
vn -0.01754761 0 1
vn -0.01754761 0 1
vn -0.01754761 0 1
vn -0.9165039 0.003808975 -0.4001465
vn -0.9165039 0.009140015 -0.4001465
vn -0.9165039 0.003808975 -0.4001465
vn -0.9165039 0.009140015 -0.4001465
vn -0.9165039 0.01828003 -0.4001465
vn -0.9165039 0.01828003 -0.4001465
vn -0.3986816 0.003824234 0.9169922
vn -0.3986816 0.009178162 0.9169922
vn -0.3986816 0.003824234 0.9169922
vn -0.3986816 0.009178162 0.9169922
vn -0.3984375 0.01835632 0.9169922
vn -0.3984375 0.01835632 0.9169922
vn 0.3662109 0.003824234 0.9306641
vn 0.3662109 0.009178162 0.9306641
vn 0.3662109 0.003824234 0.9306641
vn 0.3662109 0.009178162 0.9306641
vn 0.3662109 0.01835632 0.9301758
vn 0.3662109 0.01835632 0.9301758
vn 0.9165039 0.003808975 0.4001465
vn 0.9165039 0.009140015 0.4001465
vn 0.9165039 0.003808975 0.4001465
vn 0.9165039 0.009140015 0.4001465
vn 0.9165039 0.01828003 0.4001465
vn 0.9165039 0.01828003 0.4001465
vn 0.9301758 0.003808975 -0.3676758
vn 0.9296875 0.009140015 -0.3676758
vn 0.9301758 0.003808975 -0.3676758
vn 0.9296875 0.009140015 -0.3676758
vn 0.9296875 0.01828003 -0.3676758
vn 0.9296875 0.01828003 -0.3676758
vn 0.3986816 0.003824234 -0.9169922
vn 0.3986816 0.009178162 -0.9169922
vn 0.3986816 0.003824234 -0.9169922
vn 0.3986816 0.009178162 -0.9169922
vn 0.3984375 0.01835632 -0.9169922
vn 0.3984375 0.01835632 -0.9169922
vn -0.3662109 0.003824234 -0.9306641
vn -0.3662109 0.009178162 -0.9306641
vn -0.3662109 0.003824234 -0.9306641
vn -0.3662109 0.009178162 -0.9306641
vn -0.3662109 0.01835632 -0.9301758
vn -0.3662109 0.01835632 -0.9301758
vn -0.8662109 -0.3295898 -0.3752441
vn -0.8662109 -0.3295898 -0.3752441
vn -0.8662109 -0.3295898 -0.3752441
vn -0.8662109 -0.3295898 -0.3752441
vn -0.8789063 -0.3295898 0.3447266
vn -0.8789063 -0.3295898 0.3447266
vn -0.8789063 -0.3295898 0.3447266
vn -0.8789063 -0.3295898 0.3447266
vn -0.3752441 -0.3295898 0.8662109
vn -0.3752441 -0.3295898 0.8662109
vn -0.3752441 -0.3295898 0.8662109
vn -0.3752441 -0.3295898 0.8662109
vn 0.3447266 -0.3295898 0.8789063
vn 0.3447266 -0.3295898 0.8789063
vn 0.3447266 -0.3295898 0.8789063
vn 0.3447266 -0.3295898 0.8789063
vn 0.8662109 -0.3295898 0.3752441
vn 0.8662109 -0.3295898 0.3752441
vn 0.8662109 -0.3295898 0.3752441
vn 0.8662109 -0.3295898 0.3752441
vn 0.8789063 -0.3295898 -0.3447266
vn 0.8789063 -0.3295898 -0.3447266
vn 0.8789063 -0.3295898 -0.3447266
vn 0.8789063 -0.3295898 -0.3447266
vn 0.3752441 -0.3295898 -0.8662109
vn 0.3752441 -0.3295898 -0.8662109
vn 0.3752441 -0.3295898 -0.8662109
vn 0.3752441 -0.3295898 -0.8662109
vn -0.3447266 -0.3295898 -0.8789063
vn -0.3447266 -0.3295898 -0.8789063
vn -0.3447266 -0.3295898 -0.8789063
vn -0.3447266 -0.3295898 -0.8789063
vn 0 -1 1.192093E-07
vn 0 -1 1.192093E-07
vn 0 -1 1.192093E-07
vn 0 -1 1.192093E-07
vn 0 -1 1.192093E-07
vn 0 -1 1.192093E-07
vn 0 -1 1.192093E-07
vn 0 -1 1.192093E-07
vn 1 1.192093E-07 0.01754761
vn 1 1.192093E-07 0.01754761
vn 1 1.192093E-07 0.01754761
vn 1 1.192093E-07 0.01754761
vn -1 -1.192093E-07 -0.01754761
vn -1 -1.192093E-07 -0.01754761
vn -1 -1.192093E-07 -0.01754761
vn -1 -1.192093E-07 -0.01754761
vn 0 -1 1.192093E-07
vn 0 -1 1.192093E-07
vn 0 -1 1.192093E-07
vn 0 -1 1.192093E-07
vn 0.01754761 0 -1
vn 0.01754761 0 -1
vn 0.01754761 0 -1
vn 0.01754761 0 -1
vn -0.01754761 0 1
vn -0.01754761 0 1
vn -0.01754761 0 1
vn -0.01754761 0 1
vn 1 1.192093E-07 0.01754761
vn 1 1.192093E-07 0.01754761
vn 1 1.192093E-07 0.01754761
vn 1 1.192093E-07 0.01754761
vn -1 -1.192093E-07 -0.01754761
vn -1 -1.192093E-07 -0.01754761
vn -1 -1.192093E-07 -0.01754761
vn -1 -1.192093E-07 -0.01754761
vn 0 -1 1.192093E-07
vn 0 -1 1.192093E-07
vn 0 -1 1.192093E-07
vn 0 -1 1.192093E-07
vn 0.01754761 0 -1
vn 0.01754761 0 -1
vn 0.01754761 0 -1
vn 0.01754761 0 -1
vn -0.01754761 0 1
vn -0.01754761 0 1
vn -0.01754761 0 1
vn -0.01754761 0 1
vn -0.8662109 -0.3295898 -0.3752441
vn -0.8662109 -0.3295898 -0.3752441
vn -0.8662109 -0.3295898 -0.3752441
vn -0.8662109 -0.3295898 -0.3752441
vn -0.8789063 -0.3295898 0.3447266
vn -0.8789063 -0.3295898 0.3447266
vn -0.8789063 -0.3295898 0.3447266
vn -0.8789063 -0.3295898 0.3447266
vn -0.3752441 -0.3295898 0.8662109
vn -0.376709 -0.3293457 0.8657227
vn -0.376709 -0.3293457 0.8657227
vn -0.3752441 -0.3295898 0.8662109
vn 0.3459473 -0.3293457 0.878418
vn 0.3459473 -0.3293457 0.878418
vn 0.3459473 -0.3293457 0.878418
vn 0.3459473 -0.3293457 0.878418
vn 0.8662109 -0.3295898 0.3752441
vn 0.8662109 -0.3295898 0.3752441
vn 0.8662109 -0.3295898 0.3752441
vn 0.8662109 -0.3295898 0.3752441
vn 0.8789063 -0.3295898 -0.3447266
vn 0.8789063 -0.3295898 -0.3447266
vn 0.8789063 -0.3295898 -0.3447266
vn 0.8789063 -0.3295898 -0.3447266
vn 0.376709 -0.3293457 -0.8657227
vn 0.376709 -0.3293457 -0.8657227
vn 0.376709 -0.3293457 -0.8657227
vn 0.376709 -0.3293457 -0.8657227
vn -0.3459473 -0.3293457 -0.878418
vn -0.3447266 -0.3295898 -0.8789063
vn -0.3447266 -0.3295898 -0.8789063
vn -0.3459473 -0.3293457 -0.878418
vn 0 -1 1.192093E-07
vn 0 -1 1.192093E-07
vn 0 -1 1.192093E-07
vn 0 -1 1.192093E-07
vn 0 -1 1.192093E-07
vn 0 -1 1.192093E-07
vn 0 -1 1.192093E-07
vn 0 -1 1.192093E-07
vn 1 1.192093E-07 0.01754761
vn 1 1.192093E-07 0.01754761
vn 1 1.192093E-07 0.01754761
vn 1 1.192093E-07 0.01754761
vn -1 -1.192093E-07 -0.01754761
vn -1 -1.192093E-07 -0.01754761
vn -1 -1.192093E-07 -0.01754761
vn -1 -1.192093E-07 -0.01754761
vn 0 -1 1.192093E-07
vn 0 -1 1.192093E-07
vn 0 -1 1.192093E-07
vn 0 -1 1.192093E-07
vn 0.01754761 0 -1
vn 0.01754761 0 -1
vn 0.01754761 0 -1
vn 0.01754761 0 -1
vn -0.01754761 0 1
vn -0.01754761 0 1
vn -0.01754761 0 1
vn -0.01754761 0 1
vn -0.9165039 0.003808975 -0.4001465
vn -0.9165039 0.009140015 -0.4001465
vn -0.9165039 0.003808975 -0.4001465
vn -0.9165039 0.009140015 -0.4001465
vn -0.9165039 0.01828003 -0.4001465
vn -0.9165039 0.01828003 -0.4001465
vn -0.3986816 0.003824234 0.9169922
vn -0.3986816 0.009178162 0.9169922
vn -0.3986816 0.003824234 0.9169922
vn -0.3986816 0.009178162 0.9169922
vn -0.3984375 0.01835632 0.9169922
vn -0.3984375 0.01835632 0.9169922
vn 0.3662109 0.003824234 0.9306641
vn 0.3662109 0.009178162 0.9306641
vn 0.3662109 0.003824234 0.9306641
vn 0.3662109 0.009178162 0.9306641
vn 0.3662109 0.01835632 0.9301758
vn 0.3662109 0.01835632 0.9301758
vn 0.9165039 0.003808975 0.4001465
vn 0.9165039 0.009140015 0.4001465
vn 0.9165039 0.003808975 0.4001465
vn 0.9165039 0.009140015 0.4001465
vn 0.9165039 0.01828003 0.4001465
vn 0.9165039 0.01828003 0.4001465
vn 0.9301758 0.003808975 -0.3676758
vn 0.9296875 0.009140015 -0.3676758
vn 0.9301758 0.003808975 -0.3676758
vn 0.9296875 0.009140015 -0.3676758
vn 0.9296875 0.01828003 -0.3676758
vn 0.9296875 0.01828003 -0.3676758
vn 0.3986816 0.003824234 -0.9169922
vn 0.3986816 0.009178162 -0.9169922
vn 0.3986816 0.003824234 -0.9169922
vn 0.3986816 0.009178162 -0.9169922
vn 0.3984375 0.01835632 -0.9169922
vn 0.3984375 0.01835632 -0.9169922
vn -0.3662109 0.003824234 -0.9306641
vn -0.3662109 0.009178162 -0.9306641
vn -0.3662109 0.003824234 -0.9306641
vn -0.3662109 0.009178162 -0.9306641
vn -0.3662109 0.01835632 -0.9301758
vn -0.3662109 0.01835632 -0.9301758
vn -0.8662109 -0.3295898 -0.3752441
vn -0.8662109 -0.3295898 -0.3752441
vn -0.8662109 -0.3295898 -0.3752441
vn -0.8662109 -0.3295898 -0.3752441
vn -0.8789063 -0.3295898 0.3447266
vn -0.8789063 -0.3295898 0.3447266
vn -0.8789063 -0.3295898 0.3447266
vn -0.8789063 -0.3295898 0.3447266
vn -0.3752441 -0.3295898 0.8662109
vn -0.3752441 -0.3295898 0.8662109
vn -0.3752441 -0.3295898 0.8662109
vn -0.3752441 -0.3295898 0.8662109
vn 0.3447266 -0.3295898 0.8789063
vn 0.3447266 -0.3295898 0.8789063
vn 0.3447266 -0.3295898 0.8789063
vn 0.3447266 -0.3295898 0.8789063
vn 0.8662109 -0.3295898 0.3752441
vn 0.8662109 -0.3295898 0.3752441
vn 0.8662109 -0.3295898 0.3752441
vn 0.8662109 -0.3295898 0.3752441
vn 0.8789063 -0.3295898 -0.3447266
vn 0.8789063 -0.3295898 -0.3447266
vn 0.8789063 -0.3295898 -0.3447266
vn 0.8789063 -0.3295898 -0.3447266
vn 0.3752441 -0.3295898 -0.8662109
vn 0.3752441 -0.3295898 -0.8662109
vn 0.3752441 -0.3295898 -0.8662109
vn 0.3752441 -0.3295898 -0.8662109
vn -0.3447266 -0.3295898 -0.8789063
vn -0.3447266 -0.3295898 -0.8789063
vn -0.3447266 -0.3295898 -0.8789063
vn -0.3447266 -0.3295898 -0.8789063
vn 0 -1 1.192093E-07
vn 0 -1 1.192093E-07
vn 0 -1 1.192093E-07
vn 0 -1 1.192093E-07
vn 0 -1 1.192093E-07
vn 0 -1 1.192093E-07
vn 0 -1 1.192093E-07
vn 0 -1 1.192093E-07
vn 1 1.192093E-07 0.01754761
vn 1 1.192093E-07 0.01754761
vn 1 1.192093E-07 0.01754761
vn 1 1.192093E-07 0.01754761
vn -1 -1.192093E-07 -0.01754761
vn -1 -1.192093E-07 -0.01754761
vn -1 -1.192093E-07 -0.01754761
vn -1 -1.192093E-07 -0.01754761
vn 0 -1 1.192093E-07
vn 0 -1 1.192093E-07
vn 0 -1 1.192093E-07
vn 0 -1 1.192093E-07
vn 0.01754761 0 -1
vn 0.01754761 0 -1
vn 0.01754761 0 -1
vn 0.01754761 0 -1
vn -0.01754761 0 1
vn -0.01754761 0 1
vn -0.01754761 0 1
vn -0.01754761 0 1
vn -0.9160156 0.003820419 -0.401123
vn -0.9160156 0.009170532 -0.401123
vn -0.9160156 0.003820419 -0.401123
vn -0.9160156 0.009170532 -0.401123
vn -0.9160156 0.01832581 -0.401123
vn -0.9160156 0.01832581 -0.401123
vn -0.401123 0.003820419 0.9160156
vn -0.401123 0.009170532 0.9160156
vn -0.401123 0.003820419 0.9160156
vn -0.401123 0.009170532 0.9160156
vn -0.401123 0.01832581 0.9160156
vn -0.401123 0.01832581 0.9160156
vn 0.3688965 0.003820419 0.9296875
vn 0.3688965 0.009170532 0.9296875
vn 0.3688965 0.003820419 0.9296875
vn 0.3688965 0.009170532 0.9296875
vn 0.3686523 0.01832581 0.9291992
vn 0.3686523 0.01832581 0.9291992
vn 0.9160156 0.003820419 0.401123
vn 0.9160156 0.009170532 0.401123
vn 0.9160156 0.003820419 0.401123
vn 0.9160156 0.009170532 0.401123
vn 0.9160156 0.01832581 0.401123
vn 0.9160156 0.01832581 0.401123
vn 0.9296875 0.003820419 -0.3688965
vn 0.9296875 0.009170532 -0.3688965
vn 0.9296875 0.003820419 -0.3688965
vn 0.9296875 0.009170532 -0.3688965
vn 0.9291992 0.01832581 -0.3686523
vn 0.9291992 0.01832581 -0.3686523
vn 0.401123 0.003820419 -0.9160156
vn 0.401123 0.009170532 -0.9160156
vn 0.401123 0.003820419 -0.9160156
vn 0.401123 0.009170532 -0.9160156
vn 0.401123 0.01832581 -0.9160156
vn 0.401123 0.01832581 -0.9160156
vn -0.3688965 0.003820419 -0.9296875
vn -0.3688965 0.009170532 -0.9296875
vn -0.3688965 0.003820419 -0.9296875
vn -0.3688965 0.009170532 -0.9296875
vn -0.3686523 0.01832581 -0.9291992
vn -0.3686523 0.01832581 -0.9291992
vn -0.8662109 -0.3295898 -0.3752441
vn -0.8662109 -0.3295898 -0.3752441
vn -0.8662109 -0.3295898 -0.3752441
vn -0.8662109 -0.3295898 -0.3752441
vn -0.8789063 -0.3295898 0.3447266
vn -0.8789063 -0.3295898 0.3447266
vn -0.8789063 -0.3295898 0.3447266
vn -0.8789063 -0.3295898 0.3447266
vn -0.3752441 -0.3295898 0.8662109
vn -0.3752441 -0.3295898 0.8662109
vn -0.3752441 -0.3295898 0.8662109
vn -0.3752441 -0.3295898 0.8662109
vn 0.3447266 -0.3295898 0.8789063
vn 0.3447266 -0.3295898 0.8789063
vn 0.3447266 -0.3295898 0.8789063
vn 0.3447266 -0.3295898 0.8789063
vn 0.8662109 -0.3295898 0.3752441
vn 0.8662109 -0.3295898 0.3752441
vn 0.8662109 -0.3295898 0.3752441
vn 0.8662109 -0.3295898 0.3752441
vn 0.8789063 -0.3295898 -0.3447266
vn 0.8789063 -0.3295898 -0.3447266
vn 0.8789063 -0.3295898 -0.3447266
vn 0.8789063 -0.3295898 -0.3447266
vn 0.3752441 -0.3295898 -0.8662109
vn 0.3752441 -0.3295898 -0.8662109
vn 0.3752441 -0.3295898 -0.8662109
vn 0.3752441 -0.3295898 -0.8662109
vn -0.3447266 -0.3295898 -0.8789063
vn -0.3447266 -0.3295898 -0.8789063
vn -0.3447266 -0.3295898 -0.8789063
vn -0.3447266 -0.3295898 -0.8789063
vn 0 -1 1.192093E-07
vn 0 -1 1.192093E-07
vn 0 -1 1.192093E-07
vn 0 -1 1.192093E-07
vn 0 -1 1.192093E-07
vn 0 -1 1.192093E-07
vn 0 -1 1.192093E-07
vn 0 -1 1.192093E-07
vn 1 1.192093E-07 0.01754761
vn 1 1.192093E-07 0.01754761
vn 1 1.192093E-07 0.01754761
vn 1 1.192093E-07 0.01754761
vn -1 -1.192093E-07 -0.01754761
vn -1 -1.192093E-07 -0.01754761
vn -1 -1.192093E-07 -0.01754761
vn -1 -1.192093E-07 -0.01754761
vn 0 -1 1.192093E-07
vn 0 -1 1.192093E-07
vn 0 -1 1.192093E-07
vn 0 -1 1.192093E-07
vn 0.01754761 0 -1
vn 0.01754761 0 -1
vn 0.01754761 0 -1
vn 0.01754761 0 -1
vn -0.01754761 0 1
vn -0.01754761 0 1
vn -0.01754761 0 1
vn -0.01754761 0 1
vn -0.9169922 0.003797531 -0.3989258
vn -0.9169922 0.009117126 -0.3989258
vn -0.9169922 0.003797531 -0.3989258
vn -0.9169922 0.009117126 -0.3989258
vn -0.9169922 0.01823425 -0.3989258
vn -0.9169922 0.01823425 -0.3989258
vn -0.3959961 0.003828049 0.918457
vn -0.3959961 0.009185791 0.9179688
vn -0.3959961 0.003828049 0.918457
vn -0.3959961 0.009185791 0.9179688
vn -0.3959961 0.01837158 0.9179688
vn -0.3959961 0.01837158 0.9179688
vn 0.3635254 0.003828049 0.9316406
vn 0.3635254 0.009185791 0.9316406
vn 0.3635254 0.003828049 0.9316406
vn 0.3635254 0.009185791 0.9316406
vn 0.3635254 0.01837158 0.9316406
vn 0.3635254 0.01837158 0.9316406
vn 0.9169922 0.003799438 0.3989258
vn 0.9169922 0.009117126 0.3989258
vn 0.9169922 0.003799438 0.3989258
vn 0.9169922 0.009117126 0.3989258
vn 0.9169922 0.01823425 0.3989258
vn 0.9169922 0.01823425 0.3989258
vn 0.9301758 0.003799438 -0.3666992
vn 0.9301758 0.009117126 -0.3666992
vn 0.9301758 0.003799438 -0.3666992
vn 0.9301758 0.009117126 -0.3666992
vn 0.9301758 0.01823425 -0.3664551
vn 0.9301758 0.01823425 -0.3664551
vn 0.3959961 0.003828049 -0.918457
vn 0.3959961 0.009185791 -0.9179688
vn 0.3959961 0.003828049 -0.918457
vn 0.3959961 0.009185791 -0.9179688
vn 0.3959961 0.01837158 -0.9179688
vn 0.3959961 0.01837158 -0.9179688
vn -0.3635254 0.003828049 -0.9316406
vn -0.3635254 0.009185791 -0.9316406
vn -0.3635254 0.003828049 -0.9316406
vn -0.3635254 0.009185791 -0.9316406
vn -0.3635254 0.01837158 -0.9316406
vn -0.3635254 0.01837158 -0.9316406
vn -0.8647461 -0.3312988 -0.3771973
vn -0.8647461 -0.3312988 -0.3771973
vn -0.8647461 -0.3312988 -0.3771973
vn -0.8647461 -0.3312988 -0.3771973
vn -0.8774414 -0.3312988 0.3466797
vn -0.8774414 -0.3312988 0.3466797
vn -0.8774414 -0.3312988 0.3466797
vn -0.8774414 -0.3312988 0.3466797
vn -0.3806152 -0.3288574 0.8642578
vn -0.3806152 -0.3288574 0.8642578
vn -0.3806152 -0.3288574 0.8642578
vn -0.3806152 -0.3288574 0.8642578
vn 0.3500977 -0.3288574 0.8769531
vn 0.3500977 -0.3288574 0.8769531
vn 0.3500977 -0.3288574 0.8769531
vn 0.3500977 -0.3288574 0.8769531
vn 0.8647461 -0.3312988 0.3771973
vn 0.8647461 -0.3312988 0.3771973
vn 0.8647461 -0.3312988 0.3771973
vn 0.8647461 -0.3312988 0.3771973
vn 0.8774414 -0.3312988 -0.3466797
vn 0.8774414 -0.3312988 -0.3466797
vn 0.8774414 -0.3312988 -0.3466797
vn 0.8774414 -0.3312988 -0.3466797
vn 0.3806152 -0.3288574 -0.8642578
vn 0.3806152 -0.3288574 -0.8642578
vn 0.3806152 -0.3288574 -0.8642578
vn 0.3806152 -0.3288574 -0.8642578
vn -0.3500977 -0.3288574 -0.8769531
vn -0.3500977 -0.3288574 -0.8769531
vn -0.3500977 -0.3288574 -0.8769531
vn -0.3500977 -0.3288574 -0.8769531
vn 0 -1 1.192093E-07
vn 0 -1 1.192093E-07
vn 0 -1 1.192093E-07
vn 0 -1 1.192093E-07
vn 0 -1 1.192093E-07
vn 0 -1 1.192093E-07
vn 0 -1 1.192093E-07
vn 0 -1 1.192093E-07
vn 1 1.192093E-07 0.01754761
vn 1 1.192093E-07 0.01754761
vn 1 1.192093E-07 0.01754761
vn 1 1.192093E-07 0.01754761
vn -1 -1.192093E-07 -0.01754761
vn -1 -1.192093E-07 -0.01754761
vn -1 -1.192093E-07 -0.01754761
vn -1 -1.192093E-07 -0.01754761
vn 0 -1 1.192093E-07
vn 0 -1 1.192093E-07
vn 0 -1 1.192093E-07
vn 0 -1 1.192093E-07
vn 0.01754761 0 -1
vn 0.01754761 0 -1
vn 0.01754761 0 -1
vn 0.01754761 0 -1
vn -0.01754761 0 1
vn -0.01754761 0 1
vn -0.01754761 0 1
vn -0.01754761 0 1
vn -0.9169922 0.003797531 -0.3989258
vn -0.9169922 0.009117126 -0.3989258
vn -0.9169922 0.003797531 -0.3989258
vn -0.9169922 0.009117126 -0.3989258
vn -0.9169922 0.01823425 -0.3989258
vn -0.9169922 0.01823425 -0.3989258
vn -0.3959961 0.003828049 0.918457
vn -0.3959961 0.009185791 0.9179688
vn -0.3959961 0.003828049 0.918457
vn -0.3959961 0.009185791 0.9179688
vn -0.3959961 0.01837158 0.9179688
vn -0.3959961 0.01837158 0.9179688
vn 0.3635254 0.003828049 0.9316406
vn 0.3635254 0.009185791 0.9316406
vn 0.3635254 0.003828049 0.9316406
vn 0.3635254 0.009185791 0.9316406
vn 0.3635254 0.01837158 0.9316406
vn 0.3635254 0.01837158 0.9316406
vn 0.9169922 0.003799438 0.3989258
vn 0.9169922 0.009117126 0.3989258
vn 0.9169922 0.003799438 0.3989258
vn 0.9169922 0.009117126 0.3989258
vn 0.9169922 0.01823425 0.3989258
vn 0.9169922 0.01823425 0.3989258
vn 0.9301758 0.003799438 -0.3666992
vn 0.9301758 0.009117126 -0.3666992
vn 0.9301758 0.003799438 -0.3666992
vn 0.9301758 0.009117126 -0.3666992
vn 0.9301758 0.01823425 -0.3664551
vn 0.9301758 0.01823425 -0.3664551
vn 0.3959961 0.003828049 -0.918457
vn 0.3959961 0.009185791 -0.9179688
vn 0.3959961 0.003828049 -0.918457
vn 0.3959961 0.009185791 -0.9179688
vn 0.3959961 0.01837158 -0.9179688
vn 0.3959961 0.01837158 -0.9179688
vn -0.3635254 0.003828049 -0.9316406
vn -0.3635254 0.009185791 -0.9316406
vn -0.3635254 0.003828049 -0.9316406
vn -0.3635254 0.009185791 -0.9316406
vn -0.3635254 0.01837158 -0.9316406
vn -0.3635254 0.01837158 -0.9316406
vn -0.8647461 -0.3312988 -0.3771973
vn -0.8647461 -0.3312988 -0.3771973
vn -0.8647461 -0.3312988 -0.3771973
vn -0.8647461 -0.3312988 -0.3771973
vn -0.8774414 -0.3312988 0.3466797
vn -0.8774414 -0.3312988 0.3466797
vn -0.8774414 -0.3312988 0.3466797
vn -0.8774414 -0.3312988 0.3466797
vn -0.3806152 -0.3288574 0.8642578
vn -0.3806152 -0.3288574 0.8642578
vn -0.3806152 -0.3288574 0.8642578
vn -0.3806152 -0.3288574 0.8642578
vn 0.3500977 -0.3288574 0.8769531
vn 0.3500977 -0.3288574 0.8769531
vn 0.3500977 -0.3288574 0.8769531
vn 0.3500977 -0.3288574 0.8769531
vn 0.8647461 -0.3312988 0.3771973
vn 0.8647461 -0.3312988 0.3771973
vn 0.8647461 -0.3312988 0.3771973
vn 0.8647461 -0.3312988 0.3771973
vn 0.8774414 -0.3312988 -0.3466797
vn 0.8774414 -0.3312988 -0.3466797
vn 0.8774414 -0.3312988 -0.3466797
vn 0.8774414 -0.3312988 -0.3466797
vn 0.3806152 -0.3288574 -0.8642578
vn 0.3806152 -0.3288574 -0.8642578
vn 0.3806152 -0.3288574 -0.8642578
vn 0.3806152 -0.3288574 -0.8642578
vn -0.3500977 -0.3288574 -0.8769531
vn -0.3500977 -0.3288574 -0.8769531
vn -0.3500977 -0.3288574 -0.8769531
vn -0.3500977 -0.3288574 -0.8769531
vn 0 -1 1.192093E-07
vn 0 -1 1.192093E-07
vn 0 -1 1.192093E-07
vn 0 -1 1.192093E-07
vn 0 -1 1.192093E-07
vn 0 -1 1.192093E-07
vn 0 -1 1.192093E-07
vn 0 -1 1.192093E-07
vn 1 1.192093E-07 0.01754761
vn 1 1.192093E-07 0.01754761
vn 1 1.192093E-07 0.01754761
vn 1 1.192093E-07 0.01754761
vn -1 -1.192093E-07 -0.01754761
vn -1 -1.192093E-07 -0.01754761
vn -1 -1.192093E-07 -0.01754761
vn -1 -1.192093E-07 -0.01754761
vn 0 -1 1.192093E-07
vn 0 -1 1.192093E-07
vn 0 -1 1.192093E-07
vn 0 -1 1.192093E-07
vn 0.01754761 0 -1
vn 0.01754761 0 -1
vn 0.01754761 0 -1
vn 0.01754761 0 -1
vn -0.01754761 0 1
vn -0.01754761 0 1
vn -0.01754761 0 1
vn -0.01754761 0 1
vn -0.8662109 -0.3295898 -0.3752441
vn -0.8662109 -0.3295898 -0.3752441
vn -0.8662109 -0.3295898 -0.3752441
vn -0.8662109 -0.3295898 -0.3752441
vn -0.8789063 -0.3295898 0.3447266
vn -0.8789063 -0.3295898 0.3447266
vn -0.8789063 -0.3295898 0.3447266
vn -0.8789063 -0.3295898 0.3447266
vn -0.376709 -0.3293457 0.8657227
vn -0.3762207 -0.3293457 0.8657227
vn -0.3762207 -0.3293457 0.8657227
vn -0.376709 -0.3293457 0.8657227
vn 0.3457031 -0.3293457 0.878418
vn 0.3459473 -0.3293457 0.878418
vn 0.3459473 -0.3293457 0.878418
vn 0.3457031 -0.3293457 0.878418
vn 0.8662109 -0.3295898 0.3754883
vn 0.8662109 -0.3295898 0.3754883
vn 0.8662109 -0.3295898 0.3754883
vn 0.8662109 -0.3295898 0.3754883
vn 0.8789063 -0.3295898 -0.3447266
vn 0.8789063 -0.3295898 -0.3447266
vn 0.8789063 -0.3295898 -0.3447266
vn 0.8789063 -0.3295898 -0.3447266
vn 0.3764648 -0.3293457 -0.8657227
vn 0.3762207 -0.3293457 -0.8657227
vn 0.3762207 -0.3293457 -0.8657227
vn 0.3764648 -0.3293457 -0.8657227
vn -0.3457031 -0.3293457 -0.878418
vn -0.3459473 -0.3293457 -0.878418
vn -0.3459473 -0.3293457 -0.878418
vn -0.3457031 -0.3293457 -0.878418
vn 0 -1 1.192093E-07
vn 0 -1 1.192093E-07
vn 0 -1 1.192093E-07
vn 0 -1 1.192093E-07
vn 0 -1 1.192093E-07
vn 0 -1 1.192093E-07
vn 0 -1 1.192093E-07
vn 0 -1 1.192093E-07
vn 1 1.192093E-07 0.01754761
vn 1 1.192093E-07 0.01754761
vn 1 1.192093E-07 0.01754761
vn 1 1.192093E-07 0.01754761
vn -1 -1.192093E-07 -0.01754761
vn -1 -1.192093E-07 -0.01754761
vn -1 -1.192093E-07 -0.01754761
vn -1 -1.192093E-07 -0.01754761
vn 0 -1 1.192093E-07
vn 0 -1 1.192093E-07
vn 0 -1 1.192093E-07
vn 0 -1 1.192093E-07
vn 0.01754761 0 -1
vn 0.01754761 0 -1
vn 0.01754761 0 -1
vn 0.01754761 0 -1
vn -0.01754761 0 1
vn -0.01754761 0 1
vn -0.01754761 0 1
vn -0.01754761 0 1
vn -0.9169922 0.003797531 -0.3989258
vn -0.9169922 0.009117126 -0.3989258
vn -0.9169922 0.003797531 -0.3989258
vn -0.9169922 0.009117126 -0.3989258
vn -0.9169922 0.01823425 -0.3989258
vn -0.9169922 0.01823425 -0.3989258
vn -0.3959961 0.003828049 0.918457
vn -0.3959961 0.009185791 0.9179688
vn -0.3959961 0.003828049 0.918457
vn -0.3959961 0.009185791 0.9179688
vn -0.3959961 0.01837158 0.9179688
vn -0.3959961 0.01837158 0.9179688
vn 0.3635254 0.003828049 0.9316406
vn 0.3635254 0.009185791 0.9316406
vn 0.3635254 0.003828049 0.9316406
vn 0.3635254 0.009185791 0.9316406
vn 0.3635254 0.01837158 0.9316406
vn 0.3635254 0.01837158 0.9316406
vn 0.9169922 0.003799438 0.3989258
vn 0.9169922 0.009117126 0.3989258
vn 0.9169922 0.003799438 0.3989258
vn 0.9169922 0.009117126 0.3989258
vn 0.9169922 0.01823425 0.3989258
vn 0.9169922 0.01823425 0.3989258
vn 0.9301758 0.003799438 -0.3666992
vn 0.9301758 0.009117126 -0.3666992
vn 0.9301758 0.003799438 -0.3666992
vn 0.9301758 0.009117126 -0.3666992
vn 0.9301758 0.01823425 -0.3664551
vn 0.9301758 0.01823425 -0.3664551
vn 0.3959961 0.003828049 -0.918457
vn 0.3959961 0.009185791 -0.9179688
vn 0.3959961 0.003828049 -0.918457
vn 0.3959961 0.009185791 -0.9179688
vn 0.3959961 0.01837158 -0.9179688
vn 0.3959961 0.01837158 -0.9179688
vn -0.3635254 0.003828049 -0.9316406
vn -0.3635254 0.009185791 -0.9316406
vn -0.3635254 0.003828049 -0.9316406
vn -0.3635254 0.009185791 -0.9316406
vn -0.3635254 0.01837158 -0.9316406
vn -0.3635254 0.01837158 -0.9316406
vn -0.8647461 -0.3312988 -0.3771973
vn -0.8647461 -0.3312988 -0.3771973
vn -0.8647461 -0.3312988 -0.3771973
vn -0.8647461 -0.3312988 -0.3771973
vn -0.8774414 -0.3312988 0.3466797
vn -0.8774414 -0.3312988 0.3466797
vn -0.8774414 -0.3312988 0.3466797
vn -0.8774414 -0.3312988 0.3466797
vn -0.3806152 -0.3288574 0.8642578
vn -0.3806152 -0.3288574 0.8642578
vn -0.3806152 -0.3288574 0.8642578
vn -0.3806152 -0.3288574 0.8642578
vn 0.3500977 -0.3288574 0.8769531
vn 0.3500977 -0.3288574 0.8769531
vn 0.3500977 -0.3288574 0.8769531
vn 0.3500977 -0.3288574 0.8769531
vn 0.8647461 -0.3312988 0.3771973
vn 0.8647461 -0.3312988 0.3771973
vn 0.8647461 -0.3312988 0.3771973
vn 0.8647461 -0.3312988 0.3771973
vn 0.8774414 -0.3312988 -0.3466797
vn 0.8774414 -0.3312988 -0.3466797
vn 0.8774414 -0.3312988 -0.3466797
vn 0.8774414 -0.3312988 -0.3466797
vn 0.3806152 -0.3288574 -0.8642578
vn 0.3806152 -0.3288574 -0.8642578
vn 0.3806152 -0.3288574 -0.8642578
vn 0.3806152 -0.3288574 -0.8642578
vn -0.3500977 -0.3288574 -0.8769531
vn -0.3500977 -0.3288574 -0.8769531
vn -0.3500977 -0.3288574 -0.8769531
vn -0.3500977 -0.3288574 -0.8769531
vn 0 -1 1.192093E-07
vn 0 -1 1.192093E-07
vn 0 -1 1.192093E-07
vn 0 -1 1.192093E-07
vn 0 -1 1.192093E-07
vn 0 -1 1.192093E-07
vn 0 -1 1.192093E-07
vn 0 -1 1.192093E-07
vn 1 1.192093E-07 0.01754761
vn 1 1.192093E-07 0.01754761
vn 1 1.192093E-07 0.01754761
vn 1 1.192093E-07 0.01754761
vn -1 -1.192093E-07 -0.01754761
vn -1 -1.192093E-07 -0.01754761
vn -1 -1.192093E-07 -0.01754761
vn -1 -1.192093E-07 -0.01754761
vn 0 -1 1.192093E-07
vn 0 -1 1.192093E-07
vn 0 -1 1.192093E-07
vn 0 -1 1.192093E-07
vn 0.01754761 0 -1
vn 0.01754761 0 -1
vn 0.01754761 0 -1
vn 0.01754761 0 -1
vn -0.01754761 0 1
vn -0.01754761 0 1
vn -0.01754761 0 1
vn -0.01754761 0 1
vn -0.9160156 0.003820419 -0.401123
vn -0.9160156 0.009170532 -0.401123
vn -0.9160156 0.003820419 -0.401123
vn -0.9160156 0.009170532 -0.401123
vn -0.9160156 0.01832581 -0.401123
vn -0.9160156 0.01832581 -0.401123
vn -0.401123 0.003820419 0.9160156
vn -0.401123 0.009170532 0.9160156
vn -0.401123 0.003820419 0.9160156
vn -0.401123 0.009170532 0.9160156
vn -0.401123 0.01832581 0.9160156
vn -0.401123 0.01832581 0.9160156
vn 0.3688965 0.003820419 0.9296875
vn 0.3688965 0.009170532 0.9296875
vn 0.3688965 0.003820419 0.9296875
vn 0.3688965 0.009170532 0.9296875
vn 0.3686523 0.01832581 0.9291992
vn 0.3686523 0.01832581 0.9291992
vn 0.9160156 0.003820419 0.401123
vn 0.9160156 0.009170532 0.401123
vn 0.9160156 0.003820419 0.401123
vn 0.9160156 0.009170532 0.401123
vn 0.9160156 0.01832581 0.401123
vn 0.9160156 0.01832581 0.401123
vn 0.9296875 0.003820419 -0.3688965
vn 0.9296875 0.009170532 -0.3688965
vn 0.9296875 0.003820419 -0.3688965
vn 0.9296875 0.009170532 -0.3688965
vn 0.9291992 0.01832581 -0.3686523
vn 0.9291992 0.01832581 -0.3686523
vn 0.401123 0.003820419 -0.9160156
vn 0.401123 0.009170532 -0.9160156
vn 0.401123 0.003820419 -0.9160156
vn 0.401123 0.009170532 -0.9160156
vn 0.401123 0.01832581 -0.9160156
vn 0.401123 0.01832581 -0.9160156
vn -0.3688965 0.003820419 -0.9296875
vn -0.3688965 0.009170532 -0.9296875
vn -0.3688965 0.003820419 -0.9296875
vn -0.3688965 0.009170532 -0.9296875
vn -0.3686523 0.01832581 -0.9291992
vn -0.3686523 0.01832581 -0.9291992
vn -0.8662109 -0.3295898 -0.3752441
vn -0.8662109 -0.3295898 -0.3752441
vn -0.8662109 -0.3295898 -0.3752441
vn -0.8662109 -0.3295898 -0.3752441
vn -0.8789063 -0.3295898 0.3447266
vn -0.8789063 -0.3295898 0.3447266
vn -0.8789063 -0.3295898 0.3447266
vn -0.8789063 -0.3295898 0.3447266
vn -0.3752441 -0.3295898 0.8662109
vn -0.3752441 -0.3295898 0.8662109
vn -0.3752441 -0.3295898 0.8662109
vn -0.3752441 -0.3295898 0.8662109
vn 0.3447266 -0.3295898 0.8789063
vn 0.3447266 -0.3295898 0.8789063
vn 0.3447266 -0.3295898 0.8789063
vn 0.3447266 -0.3295898 0.8789063
vn 0.8662109 -0.3295898 0.3752441
vn 0.8662109 -0.3295898 0.3752441
vn 0.8662109 -0.3295898 0.3752441
vn 0.8662109 -0.3295898 0.3752441
vn 0.8789063 -0.3295898 -0.3447266
vn 0.8789063 -0.3295898 -0.3447266
vn 0.8789063 -0.3295898 -0.3447266
vn 0.8789063 -0.3295898 -0.3447266
vn 0.3752441 -0.3295898 -0.8662109
vn 0.3752441 -0.3295898 -0.8662109
vn 0.3752441 -0.3295898 -0.8662109
vn 0.3752441 -0.3295898 -0.8662109
vn -0.3447266 -0.3295898 -0.8789063
vn -0.3447266 -0.3295898 -0.8789063
vn -0.3447266 -0.3295898 -0.8789063
vn -0.3447266 -0.3295898 -0.8789063
vn 0 -1 1.192093E-07
vn 0 -1 1.192093E-07
vn 0 -1 1.192093E-07
vn 0 -1 1.192093E-07
vn 0 -1 1.192093E-07
vn 0 -1 1.192093E-07
vn 0 -1 1.192093E-07
vn 0 -1 1.192093E-07
vn 1 1.192093E-07 0.01754761
vn 1 1.192093E-07 0.01754761
vn 1 1.192093E-07 0.01754761
vn 1 1.192093E-07 0.01754761
vn -1 -1.192093E-07 -0.01754761
vn -1 -1.192093E-07 -0.01754761
vn -1 -1.192093E-07 -0.01754761
vn -1 -1.192093E-07 -0.01754761
vn 0 -1 1.192093E-07
vn 0 -1 1.192093E-07
vn 0 -1 1.192093E-07
vn 0 -1 1.192093E-07
vn 0.01754761 0 -1
vn 0.01754761 0 -1
vn 0.01754761 0 -1
vn 0.01754761 0 -1
vn -0.01754761 0 1
vn -0.01754761 0 1
vn -0.01754761 0 1
vn -0.01754761 0 1
vn -0.8662109 -0.3295898 -0.3752441
vn -0.8662109 -0.3295898 -0.3752441
vn -0.8662109 -0.3295898 -0.3752441
vn -0.8662109 -0.3295898 -0.3752441
vn -0.8789063 -0.3295898 0.3447266
vn -0.8789063 -0.3295898 0.3447266
vn -0.8789063 -0.3295898 0.3447266
vn -0.8789063 -0.3295898 0.3447266
vn -0.3752441 -0.3295898 0.8662109
vn -0.3752441 -0.3295898 0.8662109
vn -0.3752441 -0.3295898 0.8662109
vn -0.3752441 -0.3295898 0.8662109
vn 0.3447266 -0.3295898 0.8789063
vn 0.3447266 -0.3295898 0.8789063
vn 0.3447266 -0.3295898 0.8789063
vn 0.3447266 -0.3295898 0.8789063
vn 0.8662109 -0.3295898 0.3752441
vn 0.8662109 -0.3295898 0.3752441
vn 0.8662109 -0.3295898 0.3752441
vn 0.8662109 -0.3295898 0.3752441
vn 0.8789063 -0.3295898 -0.3447266
vn 0.8789063 -0.3295898 -0.3447266
vn 0.8789063 -0.3295898 -0.3447266
vn 0.8789063 -0.3295898 -0.3447266
vn 0.3752441 -0.3295898 -0.8662109
vn 0.3752441 -0.3295898 -0.8662109
vn 0.3752441 -0.3295898 -0.8662109
vn 0.3752441 -0.3295898 -0.8662109
vn -0.3447266 -0.3295898 -0.8789063
vn -0.3447266 -0.3295898 -0.8789063
vn -0.3447266 -0.3295898 -0.8789063
vn -0.3447266 -0.3295898 -0.8789063
vn 0 -1 1.192093E-07
vn 0 -1 1.192093E-07
vn 0 -1 1.192093E-07
vn 0 -1 1.192093E-07
vn 0 -1 1.192093E-07
vn 0 -1 1.192093E-07
vn 0 -1 1.192093E-07
vn 0 -1 1.192093E-07
vn 1 1.192093E-07 0.01754761
vn 1 1.192093E-07 0.01754761
vn 1 1.192093E-07 0.01754761
vn 1 1.192093E-07 0.01754761
vn -1 -1.192093E-07 -0.01754761
vn -1 -1.192093E-07 -0.01754761
vn -1 -1.192093E-07 -0.01754761
vn -1 -1.192093E-07 -0.01754761
vn 0 -1 1.192093E-07
vn 0 -1 1.192093E-07
vn 0 -1 1.192093E-07
vn 0 -1 1.192093E-07
vn 0.01754761 0 -1
vn 0.01754761 0 -1
vn 0.01754761 0 -1
vn 0.01754761 0 -1
vn -0.01754761 0 1
vn -0.01754761 0 1
vn -0.01754761 0 1
vn -0.01754761 0 1
vn -0.9165039 0.003808975 -0.4001465
vn -0.9165039 0.009140015 -0.4001465
vn -0.9165039 0.003808975 -0.4001465
vn -0.9165039 0.009140015 -0.4001465
vn -0.9165039 0.01828003 -0.4001465
vn -0.9165039 0.01828003 -0.4001465
vn -0.3986816 0.003824234 0.9169922
vn -0.401123 0.009170532 0.9160156
vn -0.401123 0.003820419 0.9160156
vn -0.3986816 0.009178162 0.9169922
vn -0.401123 0.01832581 0.9160156
vn -0.3984375 0.01835632 0.9169922
vn 0.3688965 0.003820419 0.9296875
vn 0.3688965 0.009170532 0.9296875
vn 0.3688965 0.003820419 0.9296875
vn 0.3688965 0.009170532 0.9296875
vn 0.3686523 0.01832581 0.9291992
vn 0.3686523 0.01832581 0.9291992
vn 0.9160156 0.003820419 0.401123
vn 0.9160156 0.009170532 0.401123
vn 0.9160156 0.003820419 0.401123
vn 0.9160156 0.009170532 0.401123
vn 0.9160156 0.01832581 0.401123
vn 0.9160156 0.01832581 0.401123
vn 0.9296875 0.003820419 -0.3688965
vn 0.9296875 0.009170532 -0.3688965
vn 0.9296875 0.003820419 -0.3688965
vn 0.9296875 0.009170532 -0.3688965
vn 0.9291992 0.01832581 -0.3686523
vn 0.9291992 0.01832581 -0.3686523
vn 0.401123 0.003820419 -0.9160156
vn 0.401123 0.009170532 -0.9160156
vn 0.401123 0.003820419 -0.9160156
vn 0.401123 0.009170532 -0.9160156
vn 0.401123 0.01832581 -0.9160156
vn 0.401123 0.01832581 -0.9160156
vn -0.3688965 0.003820419 -0.9296875
vn -0.3662109 0.009178162 -0.9306641
vn -0.3662109 0.003824234 -0.9306641
vn -0.3688965 0.009170532 -0.9296875
vn -0.3662109 0.01835632 -0.9301758
vn -0.3686523 0.01832581 -0.9291992
vn -0.8662109 -0.3295898 -0.3752441
vn -0.8662109 -0.3295898 -0.3752441
vn -0.8662109 -0.3295898 -0.3752441
vn -0.8662109 -0.3295898 -0.3752441
vn -0.8789063 -0.3295898 0.3447266
vn -0.8789063 -0.3295898 0.3447266
vn -0.8789063 -0.3295898 0.3447266
vn -0.8789063 -0.3295898 0.3447266
vn -0.3752441 -0.3295898 0.8662109
vn -0.3752441 -0.3295898 0.8662109
vn -0.3752441 -0.3295898 0.8662109
vn -0.3752441 -0.3295898 0.8662109
vn 0.3447266 -0.3295898 0.8789063
vn 0.3447266 -0.3295898 0.8789063
vn 0.3447266 -0.3295898 0.8789063
vn 0.3447266 -0.3295898 0.8789063
vn 0.8662109 -0.3295898 0.3752441
vn 0.8662109 -0.3295898 0.3752441
vn 0.8662109 -0.3295898 0.3752441
vn 0.8662109 -0.3295898 0.3752441
vn 0.8789063 -0.3295898 -0.3447266
vn 0.8789063 -0.3295898 -0.3447266
vn 0.8789063 -0.3295898 -0.3447266
vn 0.8789063 -0.3295898 -0.3447266
vn 0.3752441 -0.3295898 -0.8662109
vn 0.3752441 -0.3295898 -0.8662109
vn 0.3752441 -0.3295898 -0.8662109
vn 0.3752441 -0.3295898 -0.8662109
vn -0.3447266 -0.3295898 -0.8789063
vn -0.3447266 -0.3295898 -0.8789063
vn -0.3447266 -0.3295898 -0.8789063
vn -0.3447266 -0.3295898 -0.8789063
vn 0 -1 1.192093E-07
vn 0 -1 1.192093E-07
vn 0 -1 1.192093E-07
vn 0 -1 1.192093E-07
vn 0 -1 1.192093E-07
vn 0 -1 1.192093E-07
vn 0 -1 1.192093E-07
vn 0 -1 1.192093E-07
vn 1 1.192093E-07 0.01754761
vn 1 1.192093E-07 0.01754761
vn 1 1.192093E-07 0.01754761
vn 1 1.192093E-07 0.01754761
vn -1 -1.192093E-07 -0.01754761
vn -1 -1.192093E-07 -0.01754761
vn -1 -1.192093E-07 -0.01754761
vn -1 -1.192093E-07 -0.01754761
vn 0 -1 1.192093E-07
vn 0 -1 1.192093E-07
vn 0 -1 1.192093E-07
vn 0 -1 1.192093E-07
vn 0.01754761 0 -1
vn 0.01754761 0 -1
vn 0.01754761 0 -1
vn 0.01754761 0 -1
vn -0.01754761 0 1
vn -0.01754761 0 1
vn -0.01754761 0 1
vn -0.01754761 0 1
vn -0.9165039 0.003808975 -0.4001465
vn -0.9165039 0.003047943 -0.4001465
vn -0.9165039 0.003808975 -0.4001465
vn -0.9165039 0.003047943 -0.4001465
vn -0.9301758 0.003808975 0.3676758
vn -0.9296875 0.009140015 0.3676758
vn -0.9301758 0.003808975 0.3676758
vn -0.9296875 0.009140015 0.3676758
vn -0.9296875 0.01828003 0.3676758
vn -0.9296875 0.01828003 0.3676758
vn -0.3986816 0.003824234 0.9169922
vn -0.3986816 0.009178162 0.9169922
vn -0.3986816 0.003824234 0.9169922
vn -0.3986816 0.009178162 0.9169922
vn -0.3984375 0.01835632 0.9169922
vn -0.3984375 0.01835632 0.9169922
vn 0.3662109 0.003824234 0.9306641
vn 0.3662109 0.009178162 0.9306641
vn 0.3662109 0.003824234 0.9306641
vn 0.3662109 0.009178162 0.9306641
vn 0.3662109 0.01835632 0.9301758
vn 0.3662109 0.01835632 0.9301758
vn 0.9165039 0.003808975 0.4001465
vn 0.9165039 0.009140015 0.4001465
vn 0.9165039 0.003808975 0.4001465
vn 0.9165039 0.009140015 0.4001465
vn 0.9165039 0.01828003 0.4001465
vn 0.9165039 0.01828003 0.4001465
vn 0.9301758 0.003808975 -0.3676758
vn 0.9296875 0.009140015 -0.3676758
vn 0.9301758 0.003808975 -0.3676758
vn 0.9296875 0.009140015 -0.3676758
vn 0.9296875 0.01828003 -0.3676758
vn 0.9296875 0.01828003 -0.3676758
vn 0.3986816 0.003824234 -0.9169922
vn 0.3986816 0.009178162 -0.9169922
vn 0.3986816 0.003824234 -0.9169922
vn 0.3986816 0.009178162 -0.9169922
vn 0.3984375 0.01835632 -0.9169922
vn 0.3984375 0.01835632 -0.9169922
vn -0.3662109 0.003824234 -0.9306641
vn -0.3662109 0.003059387 -0.9306641
vn -0.3662109 0.003824234 -0.9306641
vn -0.3662109 0.003059387 -0.9306641
vn -0.8662109 -0.3295898 -0.3752441
vn -0.8662109 -0.3295898 -0.3752441
vn -0.8662109 -0.3295898 -0.3752441
vn -0.8662109 -0.3295898 -0.3752441
vn -0.8789063 -0.3295898 0.3447266
vn -0.8789063 -0.3295898 0.3447266
vn -0.8789063 -0.3295898 0.3447266
vn -0.8789063 -0.3295898 0.3447266
vn -0.3752441 -0.3295898 0.8662109
vn -0.3752441 -0.3295898 0.8662109
vn -0.3752441 -0.3295898 0.8662109
vn -0.3752441 -0.3295898 0.8662109
vn 0.3447266 -0.3295898 0.8789063
vn 0.3447266 -0.3295898 0.8789063
vn 0.3447266 -0.3295898 0.8789063
vn 0.3447266 -0.3295898 0.8789063
vn 0.8662109 -0.3295898 0.3752441
vn 0.8662109 -0.3295898 0.3752441
vn 0.8662109 -0.3295898 0.3752441
vn 0.8662109 -0.3295898 0.3752441
vn 0.8789063 -0.3295898 -0.3447266
vn 0.8789063 -0.3295898 -0.3447266
vn 0.8789063 -0.3295898 -0.3447266
vn 0.8789063 -0.3295898 -0.3447266
vn 0.3752441 -0.3295898 -0.8662109
vn 0.3752441 -0.3295898 -0.8662109
vn 0.3752441 -0.3295898 -0.8662109
vn 0.3752441 -0.3295898 -0.8662109
vn -0.3447266 -0.3295898 -0.8789063
vn -0.3447266 -0.3295898 -0.8789063
vn -0.3447266 -0.3295898 -0.8789063
vn -0.3447266 -0.3295898 -0.8789063
vn 0 -1 1.192093E-07
vn 0 -1 1.192093E-07
vn 0 -1 1.192093E-07
vn 0 -1 1.192093E-07
vn 0 -1 1.192093E-07
vn 0 -1 1.192093E-07
vn 0 -1 1.192093E-07
vn 0 -1 1.192093E-07
vn 1 1.192093E-07 0.01754761
vn 1 1.192093E-07 0.01754761
vn 1 1.192093E-07 0.01754761
vn 1 1.192093E-07 0.01754761
vn -1 -1.192093E-07 -0.01754761
vn -1 -1.192093E-07 -0.01754761
vn -1 -1.192093E-07 -0.01754761
vn -1 -1.192093E-07 -0.01754761
vn 0 -1 1.192093E-07
vn 0 -1 1.192093E-07
vn 0 -1 1.192093E-07
vn 0 -1 1.192093E-07
vn 0.01754761 0 -1
vn 0.01754761 0 -1
vn 0.01754761 0 -1
vn 0.01754761 0 -1
vn -0.01754761 0 1
vn -0.01754761 0 1
vn -0.01754761 0 1
vn -0.01754761 0 1
vn -0.9082031 0.01525116 -0.4187012
vn -0.9082031 0.0121994 -0.4187012
vn -0.9082031 0.01525116 -0.4187012
vn -0.9082031 0.0121994 -0.4187012
vn -0.3764648 0.01522064 -0.9262695
vn -0.3764648 0.01826477 -0.9262695
vn -0.3764648 0.01522064 -0.9262695
vn -0.3764648 0.01826477 -0.9262695
vn -0.9165039 0.003810883 -0.4003906
vn -0.9165039 0.009147644 -0.4003906
vn -0.9165039 0.003810883 -0.4003906
vn -0.9165039 0.009147644 -0.4003906
vn -0.9160156 0.01829529 -0.4003906
vn -0.9160156 0.01829529 -0.4003906
vn -0.3999023 0.003822327 0.9165039
vn -0.3999023 0.009170532 0.9165039
vn -0.3999023 0.003822327 0.9165039
vn -0.3999023 0.009170532 0.9165039
vn -0.3999023 0.01834106 0.9165039
vn -0.3999023 0.01834106 0.9165039
vn 0.3674316 0.003822327 0.9301758
vn 0.3674316 0.009170532 0.9301758
vn 0.3674316 0.003822327 0.9301758
vn 0.3674316 0.009170532 0.9301758
vn 0.3674316 0.01834106 0.9296875
vn 0.3674316 0.01834106 0.9296875
vn 0.9160156 0.003814697 0.4006348
vn 0.9160156 0.009155273 0.4006348
vn 0.9160156 0.003814697 0.4006348
vn 0.9160156 0.009155273 0.4006348
vn 0.9160156 0.01831055 0.4006348
vn 0.9160156 0.01831055 0.4006348
vn 0.9296875 0.003814697 -0.3681641
vn 0.9296875 0.009155273 -0.3681641
vn 0.9296875 0.003814697 -0.3681641
vn 0.9296875 0.009155273 -0.3681641
vn 0.9296875 0.01831055 -0.3681641
vn 0.9296875 0.01831055 -0.3681641
vn 0.3999023 0.003822327 -0.9165039
vn 0.3999023 0.009170532 -0.9165039
vn 0.3999023 0.003822327 -0.9165039
vn 0.3999023 0.009170532 -0.9165039
vn 0.3999023 0.01834106 -0.9165039
vn 0.3999023 0.01834106 -0.9165039
vn -0.3674316 0.003822327 -0.9301758
vn -0.3674316 0.009170532 -0.9301758
vn -0.3674316 0.003822327 -0.9301758
vn -0.3674316 0.009170532 -0.9301758
vn -0.3674316 0.01834106 -0.9296875
vn -0.3674316 0.01834106 -0.9296875
vn -0.8662109 -0.3295898 -0.3752441
vn -0.8662109 -0.3295898 -0.3752441
vn -0.8662109 -0.3295898 -0.3752441
vn -0.8662109 -0.3295898 -0.3752441
vn -0.8789063 -0.3295898 0.3447266
vn -0.8789063 -0.3295898 0.3447266
vn -0.8789063 -0.3295898 0.3447266
vn -0.8789063 -0.3295898 0.3447266
vn -0.376709 -0.3293457 0.8657227
vn -0.376709 -0.3293457 0.8657227
vn -0.376709 -0.3293457 0.8657227
vn -0.376709 -0.3293457 0.8657227
vn 0.3459473 -0.3293457 0.878418
vn 0.3459473 -0.3293457 0.878418
vn 0.3459473 -0.3293457 0.878418
vn 0.3459473 -0.3293457 0.878418
vn 0.8662109 -0.3295898 0.3752441
vn 0.8662109 -0.3295898 0.3752441
vn 0.8662109 -0.3295898 0.3752441
vn 0.8662109 -0.3295898 0.3752441
vn 0.8789063 -0.3295898 -0.3447266
vn 0.8789063 -0.3295898 -0.3447266
vn 0.8789063 -0.3295898 -0.3447266
vn 0.8789063 -0.3295898 -0.3447266
vn 0.376709 -0.3293457 -0.8657227
vn 0.376709 -0.3293457 -0.8657227
vn 0.376709 -0.3293457 -0.8657227
vn 0.376709 -0.3293457 -0.8657227
vn -0.3459473 -0.3293457 -0.878418
vn -0.3459473 -0.3293457 -0.878418
vn -0.3459473 -0.3293457 -0.878418
vn -0.3459473 -0.3293457 -0.878418
vn 0 -1 1.192093E-07
vn 0 -1 1.192093E-07
vn 0 -1 1.192093E-07
vn 0 -1 1.192093E-07
vn 0 -1 1.192093E-07
vn 0 -1 1.192093E-07
vn 0 -1 1.192093E-07
vn 0 -1 1.192093E-07
vn 1 1.192093E-07 0.01754761
vn 1 1.192093E-07 0.01754761
vn 1 1.192093E-07 0.01754761
vn 1 1.192093E-07 0.01754761
vn -1 -1.192093E-07 -0.01754761
vn -1 -1.192093E-07 -0.01754761
vn -1 -1.192093E-07 -0.01754761
vn -1 -1.192093E-07 -0.01754761
vn 0 -1 1.192093E-07
vn 0 -1 1.192093E-07
vn 0 -1 1.192093E-07
vn 0 -1 1.192093E-07
vn 0.01754761 0 -1
vn 0.01754761 0 -1
vn 0.01754761 0 -1
vn 0.01754761 0 -1
vn -0.01754761 0 1
vn -0.01754761 0 1
vn -0.01754761 0 1
vn -0.01754761 0 1
vn -0.9165039 0.003808975 -0.4001465
vn -0.9165039 0.009140015 -0.4001465
vn -0.9165039 0.003808975 -0.4001465
vn -0.9165039 0.009140015 -0.4001465
vn -0.9160156 0.01832581 -0.401123
vn -0.9160156 0.01832581 -0.401123
vn -0.3986816 0.003824234 0.9169922
vn -0.3986816 0.009178162 0.9169922
vn -0.3999023 0.003822327 0.9165039
vn -0.3986816 0.009178162 0.9169922
vn -0.3972168 0.01837158 0.9174805
vn -0.3984375 0.01835632 0.9169922
vn 0.3674316 0.003822327 0.9301758
vn 0.3662109 0.009178162 0.9306641
vn 0.3674316 0.003822327 0.9301758
vn 0.3662109 0.009178162 0.9306641
vn 0.3613281 0.01826477 0.9321289
vn 0.3613281 0.01826477 0.9321289
vn 0.9160156 0.003814697 0.4006348
vn 0.9160156 0.009155273 0.4006348
vn 0.9160156 0.003814697 0.4006348
vn 0.9160156 0.009155273 0.4006348
vn 0.9160156 0.01831055 0.4006348
vn 0.9160156 0.01831055 0.4006348
vn 0.9296875 0.003814697 -0.3681641
vn 0.9296875 0.009155273 -0.3681641
vn 0.9296875 0.003814697 -0.3681641
vn 0.9296875 0.009155273 -0.3681641
vn 0.9296875 0.01831055 -0.3681641
vn 0.9296875 0.01831055 -0.3681641
vn 0.3999023 0.003822327 -0.9165039
vn 0.3999023 0.009170532 -0.9165039
vn 0.3999023 0.003822327 -0.9165039
vn 0.3999023 0.009170532 -0.9165039
vn 0.3999023 0.01834106 -0.9165039
vn 0.3999023 0.01834106 -0.9165039
vn -0.3674316 0.003822327 -0.9301758
vn -0.3688965 0.009170532 -0.9296875
vn -0.3662109 0.003824234 -0.9306641
vn -0.3688965 0.009170532 -0.9296875
vn -0.3688965 0.009170532 -0.9296875
vn -0.3713379 0.01831055 -0.9282227
vn -0.3713379 0.01831055 -0.9282227
vn 0.06530762 0.9931641 0.09863281
vn 0.3994141 0.9033203 -0.1577148
vn -0.4968262 0.8530273 -0.1610107
vn -0.1400146 0.9873047 0.07678223
vn -0.0324707 0.9926758 0.1151733
vn -0.07244873 0.9892578 0.1269531
vn -0.4472656 0.8930664 -0.05065918
vn -0.1170044 0.9916992 -0.05102539
vn -0.9165039 0.003808975 -0.4001465
vn -0.9165039 0.003047943 -0.4001465
vn -0.9165039 0.003808975 -0.4001465
vn -0.9165039 0.003047943 -0.4001465
vn -0.9301758 0.003808975 0.3676758
vn -0.9301758 0.003047943 0.3676758
vn -0.9301758 0.003808975 0.3676758
vn -0.9301758 0.003047943 0.3676758
vn -0.3986816 0.003824234 0.9169922
vn -0.3986816 0.003059387 0.9169922
vn -0.3986816 0.003824234 0.9169922
vn -0.3986816 0.003059387 0.9169922
vn 0.3662109 0.003824234 0.9306641
vn 0.3662109 0.003059387 0.9306641
vn 0.3662109 0.003824234 0.9306641
vn 0.3662109 0.003059387 0.9306641
vn 0.9165039 0.003808975 0.4001465
vn 0.9165039 0.003047943 0.4001465
vn 0.9165039 0.003808975 0.4001465
vn 0.9165039 0.003047943 0.4001465
vn 0.9301758 0.003808975 -0.3676758
vn 0.9301758 0.003047943 -0.3676758
vn 0.9301758 0.003808975 -0.3676758
vn 0.9301758 0.003047943 -0.3676758
vn 0.3986816 0.003824234 -0.9169922
vn 0.3986816 0.003059387 -0.9169922
vn 0.3986816 0.003824234 -0.9169922
vn 0.3986816 0.003059387 -0.9169922
vn -0.3662109 0.003824234 -0.9306641
vn -0.3662109 0.003059387 -0.9306641
vn -0.3662109 0.003824234 -0.9306641
vn -0.3662109 0.003059387 -0.9306641
vn -0.1486816 0.987793 -0.04528809
vn -0.2304688 0.9702148 -0.07727051
vn -0.0335083 0.9995117 -0.0005884171
vn -0.1569824 0.9824219 -0.1004028
vn -0.05963135 0.9951172 -0.0803833
vn -0.2255859 0.9741211 -0.02227783
vn -0.6835938 0.7294922 -0.02420044
vn -0.9160156 0.003820419 -0.401123
vn -0.9160156 0.003055573 -0.401123
vn -0.9160156 0.003820419 -0.401123
vn -0.9160156 0.003055573 -0.401123
vn -0.9296875 0.003820419 0.3688965
vn -0.9296875 0.003055573 0.3688965
vn -0.9296875 0.003820419 0.3688965
vn -0.9296875 0.003055573 0.3688965
vn -0.401123 0.003820419 0.9160156
vn -0.401123 0.003055573 0.9160156
vn -0.401123 0.003820419 0.9160156
vn -0.401123 0.003055573 0.9160156
vn 0.3688965 0.003820419 0.9296875
vn 0.3688965 0.003055573 0.9296875
vn 0.3688965 0.003820419 0.9296875
vn 0.3688965 0.003055573 0.9296875
vn 0.9160156 0.003820419 0.401123
vn 0.9160156 0.003055573 0.401123
vn 0.9160156 0.003820419 0.401123
vn 0.9160156 0.003055573 0.401123
vn 0.9296875 0.003820419 -0.3688965
vn 0.9296875 0.003055573 -0.3688965
vn 0.9296875 0.003820419 -0.3688965
vn 0.9296875 0.003055573 -0.3688965
vn 0.401123 0.003820419 -0.9160156
vn 0.401123 0.003055573 -0.9160156
vn 0.401123 0.003820419 -0.9160156
vn 0.401123 0.003055573 -0.9160156
vn -0.3688965 0.003820419 -0.9296875
vn -0.3688965 0.003055573 -0.9296875
vn -0.3688965 0.003820419 -0.9296875
vn -0.3688965 0.003055573 -0.9296875
vn 0.2155762 0.9707031 -0.1061401
vn 0.2880859 0.9550781 -0.06817627
vn 0.2644043 0.9584961 -0.1052856
vn 0.0682373 0.9960938 -0.05990601
vn 0.1478271 0.9868164 -0.06463623
vn -0.04782104 0.9970703 -0.05575562
vn -0.1772461 0.984375 -0.003110886
vn 0 1 -1.192093E-07
vn -0.9160156 0.003820419 -0.401123
vn -0.9160156 0.009170532 -0.401123
vn -0.9160156 0.003820419 -0.401123
vn -0.9160156 0.009170532 -0.401123
vn -0.9179688 0.01837158 -0.3959961
vn -0.9179688 0.01837158 -0.3959961
vn -0.9296875 0.003820419 0.3688965
vn -0.9296875 0.009170532 0.3688965
vn -0.9296875 0.003820419 0.3688965
vn -0.9296875 0.009170532 0.3688965
vn -0.401123 0.003820419 0.9160156
vn -0.401123 0.009170532 0.9160156
vn -0.401123 0.003820419 0.9160156
vn -0.401123 0.009170532 0.9160156
vn -0.401123 0.01832581 0.9160156
vn -0.401123 0.01832581 0.9160156
vn 0.3688965 0.003820419 0.9296875
vn 0.3688965 0.009170532 0.9296875
vn 0.3688965 0.003820419 0.9296875
vn 0.3688965 0.009170532 0.9296875
vn 0.3688965 0.009170532 0.9296875
vn 0.3686523 0.01832581 0.9291992
vn 0.3686523 0.01832581 0.9291992
vn 0.9160156 0.003820419 0.401123
vn 0.9160156 0.009170532 0.401123
vn 0.9160156 0.003820419 0.401123
vn 0.9160156 0.009170532 0.401123
vn 0.9160156 0.01832581 0.401123
vn 0.9160156 0.01832581 0.401123
vn 0.9296875 0.003820419 -0.3688965
vn 0.9296875 0.009170532 -0.3688965
vn 0.9296875 0.003820419 -0.3688965
vn 0.9296875 0.009170532 -0.3688965
vn 0.9291992 0.01832581 -0.3686523
vn 0.9291992 0.01832581 -0.3686523
vn 0.401123 0.003820419 -0.9160156
vn 0.401123 0.009170532 -0.9160156
vn 0.401123 0.003820419 -0.9160156
vn 0.401123 0.009170532 -0.9160156
vn 0.401123 0.01832581 -0.9160156
vn 0.401123 0.01832581 -0.9160156
vn -0.3688965 0.003820419 -0.9296875
vn -0.3688965 0.009170532 -0.9296875
vn -0.3688965 0.003820419 -0.9296875
vn -0.3688965 0.009170532 -0.9296875
vn -0.3686523 0.01832581 -0.9291992
vn -0.3686523 0.01832581 -0.9291992
vn -0.9296875 0.009170532 0.3688965
vn -0.9316406 0.01837158 0.3635254
vn -0.9296875 0.009170532 0.3688965
vn -0.9316406 0.01837158 0.3635254
vn -0.2177734 0.9702148 -0.1075439
vn -0.4519043 0.8920898 -0.00793457
vn 0.01828003 1 0.0003209114
vn 0.1356201 0.9863281 -0.09503174
vn 0.03857422 0.9926758 -0.1150513
vn 0.2644043 0.9584961 -0.1052856
vn 0.3674316 0.9287109 -0.04855347
vn -0.4699707 0.8808594 -0.05718994
vn -0.9160156 0.003820419 -0.401123
vn -0.9169922 0.009117126 -0.3989258
vn -0.9169922 0.003797531 -0.3989258
vn -0.9160156 0.009170532 -0.401123
vn -0.9169922 0.01823425 -0.3989258
vn -0.9160156 0.01832581 -0.401123
vn -0.401123 0.003820419 0.9160156
vn -0.401123 0.009170532 0.9160156
vn -0.401123 0.003820419 0.9160156
vn -0.401123 0.009170532 0.9160156
vn -0.401123 0.01832581 0.9160156
vn -0.401123 0.01832581 0.9160156
vn 0.3688965 0.003820419 0.9296875
vn 0.3688965 0.009170532 0.9296875
vn 0.3688965 0.003820419 0.9296875
vn 0.3688965 0.009170532 0.9296875
vn 0.3686523 0.01832581 0.9291992
vn 0.3686523 0.01832581 0.9291992
vn 0.9160156 0.003820419 0.401123
vn 0.9160156 0.009170532 0.401123
vn 0.9160156 0.003820419 0.401123
vn 0.9160156 0.009170532 0.401123
vn 0.9160156 0.01832581 0.401123
vn 0.9160156 0.01832581 0.401123
vn 0.9296875 0.003820419 -0.3688965
vn 0.9296875 0.009170532 -0.3688965
vn 0.9296875 0.003820419 -0.3688965
vn 0.9296875 0.009170532 -0.3688965
vn 0.9291992 0.01832581 -0.3686523
vn 0.9291992 0.01832581 -0.3686523
vn 0.401123 0.003820419 -0.9160156
vn 0.401123 0.009170532 -0.9160156
vn 0.401123 0.003820419 -0.9160156
vn 0.401123 0.009170532 -0.9160156
vn 0.401123 0.01832581 -0.9160156
vn 0.401123 0.01832581 -0.9160156
vn -0.3688965 0.003820419 -0.9296875
vn -0.3688965 0.009170532 -0.9296875
vn -0.3688965 0.003820419 -0.9296875
vn -0.3688965 0.009170532 -0.9296875
vn -0.3686523 0.01832581 -0.9291992
vn -0.3686523 0.01832581 -0.9291992
vn -0.8662109 -0.3295898 -0.3752441
vn -0.8647461 -0.3312988 -0.3771973
vn -0.8647461 -0.3312988 -0.3771973
vn -0.8647461 -0.3312988 -0.3771973
vn -0.8774414 -0.3312988 0.3466797
vn -0.8774414 -0.3312988 0.3466797
vn -0.8789063 -0.3295898 0.3447266
vn -0.8774414 -0.3312988 0.3466797
vn -0.3752441 -0.3295898 0.8662109
vn -0.3752441 -0.3295898 0.8662109
vn -0.3752441 -0.3295898 0.8662109
vn -0.3806152 -0.3288574 0.8642578
vn 0.3447266 -0.3295898 0.8789063
vn 0.3447266 -0.3295898 0.8789063
vn 0.3447266 -0.3295898 0.8789063
vn 0.3447266 -0.3295898 0.8789063
vn 0.8662109 -0.3295898 0.3752441
vn 0.8662109 -0.3295898 0.3752441
vn 0.8662109 -0.3295898 0.3752441
vn 0.8662109 -0.3295898 0.3752441
vn 0.8789063 -0.3295898 -0.3447266
vn 0.8789063 -0.3295898 -0.3447266
vn 0.8789063 -0.3295898 -0.3447266
vn 0.8789063 -0.3295898 -0.3447266
vn 0.3752441 -0.3295898 -0.8662109
vn 0.3752441 -0.3295898 -0.8662109
vn 0.3752441 -0.3295898 -0.8662109
vn 0.3752441 -0.3295898 -0.8662109
vn -0.3447266 -0.3295898 -0.8789063
vn -0.3500977 -0.3288574 -0.8769531
vn -0.3447266 -0.3295898 -0.8789063
vn -0.3447266 -0.3295898 -0.8789063
vn 0 -1 1.192093E-07
vn 0 -1 1.192093E-07
vn 0 -1 1.192093E-07
vn 0 -1 1.192093E-07
vn 0 -1 1.192093E-07
vn 0 -1 1.192093E-07
vn 0 -1 1.192093E-07
vn 0 -1 1.192093E-07
vn 1 1.192093E-07 0.01754761
vn 1 1.192093E-07 0.01754761
vn 1 1.192093E-07 0.01754761
vn 1 1.192093E-07 0.01754761
vn -1 -1.192093E-07 -0.01754761
vn -1 -1.192093E-07 -0.01754761
vn -1 -1.192093E-07 -0.01754761
vn -1 -1.192093E-07 -0.01754761
vn 0 -1 1.192093E-07
vn 0 -1 1.192093E-07
vn 0 -1 1.192093E-07
vn 0 -1 1.192093E-07
vn 0.01754761 0 -1
vn 0.01754761 0 -1
vn 0.01754761 0 -1
vn 0.01754761 0 -1
vn -0.01754761 0 1
vn -0.01754761 0 1
vn -0.01754761 0 1
vn -0.01754761 0 1
vn 0 1 -1.192093E-07
vn 0 1 -1.192093E-07
vn 0 1 -1.192093E-07
vn 0 1 -1.192093E-07
vn -0.9169922 0.003797531 -0.3989258
vn -0.9169922 0.009117126 -0.3989258
vn -0.9169922 0.003797531 -0.3989258
vn -0.9169922 0.009117126 -0.3989258
vn -0.9169922 0.01823425 -0.3989258
vn -0.9169922 0.01823425 -0.3989258
vn -0.3959961 0.003828049 0.918457
vn -0.3959961 0.009185791 0.9179688
vn -0.3959961 0.003828049 0.918457
vn -0.3959961 0.009185791 0.9179688
vn -0.3959961 0.01837158 0.9179688
vn -0.3959961 0.01837158 0.9179688
vn 0.3635254 0.003828049 0.9316406
vn 0.3635254 0.009185791 0.9316406
vn 0.3635254 0.003828049 0.9316406
vn 0.3635254 0.009185791 0.9316406
vn 0.3635254 0.01837158 0.9316406
vn 0.3635254 0.01837158 0.9316406
vn 0.9169922 0.003799438 0.3989258
vn 0.9169922 0.009117126 0.3989258
vn 0.9169922 0.003799438 0.3989258
vn 0.9169922 0.009117126 0.3989258
vn 0.9169922 0.01823425 0.3989258
vn 0.9169922 0.01823425 0.3989258
vn 0.9301758 0.003799438 -0.3666992
vn 0.9301758 0.009117126 -0.3666992
vn 0.9301758 0.003799438 -0.3666992
vn 0.9301758 0.009117126 -0.3666992
vn 0.9301758 0.01823425 -0.3664551
vn 0.9301758 0.01823425 -0.3664551
vn 0.3959961 0.003828049 -0.918457
vn 0.3959961 0.009185791 -0.9179688
vn 0.3959961 0.003828049 -0.918457
vn 0.3959961 0.009185791 -0.9179688
vn 0.3959961 0.01837158 -0.9179688
vn 0.3959961 0.01837158 -0.9179688
vn -0.3635254 0.003828049 -0.9316406
vn -0.3635254 0.009185791 -0.9316406
vn -0.3635254 0.003828049 -0.9316406
vn -0.3635254 0.009185791 -0.9316406
vn -0.3635254 0.01837158 -0.9316406
vn -0.3635254 0.01837158 -0.9316406
vn -0.8647461 -0.3312988 -0.3771973
vn -0.8647461 -0.3312988 -0.3771973
vn -0.8647461 -0.3312988 -0.3771973
vn -0.8647461 -0.3312988 -0.3771973
vn -0.8774414 -0.3312988 0.3466797
vn -0.8774414 -0.3312988 0.3466797
vn -0.8774414 -0.3312988 0.3466797
vn -0.8774414 -0.3312988 0.3466797
vn -0.3806152 -0.3288574 0.8642578
vn -0.3806152 -0.3288574 0.8642578
vn -0.3806152 -0.3288574 0.8642578
vn -0.3806152 -0.3288574 0.8642578
vn 0.3500977 -0.3288574 0.8769531
vn 0.3500977 -0.3288574 0.8769531
vn 0.3500977 -0.3288574 0.8769531
vn 0.3500977 -0.3288574 0.8769531
vn 0.8647461 -0.3312988 0.3771973
vn 0.8647461 -0.3312988 0.3771973
vn 0.8647461 -0.3312988 0.3771973
vn 0.8647461 -0.3312988 0.3771973
vn 0.8774414 -0.3312988 -0.3466797
vn 0.8774414 -0.3312988 -0.3466797
vn 0.8774414 -0.3312988 -0.3466797
vn 0.8774414 -0.3312988 -0.3466797
vn 0.3806152 -0.3288574 -0.8642578
vn 0.3806152 -0.3288574 -0.8642578
vn 0.3806152 -0.3288574 -0.8642578
vn 0.3806152 -0.3288574 -0.8642578
vn -0.3500977 -0.3288574 -0.8769531
vn -0.3500977 -0.3288574 -0.8769531
vn -0.3500977 -0.3288574 -0.8769531
vn -0.3500977 -0.3288574 -0.8769531
vn 0 -1 1.192093E-07
vn 0 -1 1.192093E-07
vn 0 -1 1.192093E-07
vn 0 -1 1.192093E-07
vn 0 -1 1.192093E-07
vn 0 -1 1.192093E-07
vn 0 -1 1.192093E-07
vn 0 -1 1.192093E-07
vn 1 1.192093E-07 0.01754761
vn 1 1.192093E-07 0.01754761
vn 1 1.192093E-07 0.01754761
vn 1 1.192093E-07 0.01754761
vn -1 -1.192093E-07 -0.01754761
vn -1 -1.192093E-07 -0.01754761
vn -1 -1.192093E-07 -0.01754761
vn -1 -1.192093E-07 -0.01754761
vn 0 -1 1.192093E-07
vn 0 -1 1.192093E-07
vn 0 -1 1.192093E-07
vn 0 -1 1.192093E-07
vn 0.01754761 0 -1
vn 0.01754761 0 -1
vn 0.01754761 0 -1
vn 0.01754761 0 -1
vn -0.01754761 0 1
vn -0.01754761 0 1
vn -0.01754761 0 1
vn -0.01754761 0 1
vn -0.9169922 0.003797531 -0.3989258
vn -0.9169922 0.006076813 -0.3989258
vn -0.9169922 0.003797531 -0.3989258
vn -0.9169922 0.006076813 -0.3989258
vn -0.9169922 0.01823425 -0.3989258
vn -0.9169922 0.01823425 -0.3989258
vn -0.9169922 0.01823425 -0.3989258
vn -0.3959961 0.003828049 0.918457
vn -0.3959961 0.009185791 0.9179688
vn -0.3959961 0.003828049 0.918457
vn -0.3959961 0.009185791 0.9179688
vn -0.3959961 0.01837158 0.9179688
vn -0.3959961 0.01837158 0.9179688
vn 0.3635254 0.003828049 0.9316406
vn 0.3635254 0.009185791 0.9316406
vn 0.3635254 0.003828049 0.9316406
vn 0.3635254 0.009185791 0.9316406
vn 0.3635254 0.01837158 0.9316406
vn 0.3635254 0.01837158 0.9316406
vn 0.9169922 0.003799438 0.3989258
vn 0.9169922 0.009117126 0.3989258
vn 0.9169922 0.003799438 0.3989258
vn 0.9169922 0.009117126 0.3989258
vn 0.9169922 0.01823425 0.3989258
vn 0.9169922 0.01823425 0.3989258
vn 0.9301758 0.003799438 -0.3666992
vn 0.9301758 0.006076813 -0.3666992
vn 0.9301758 0.003799438 -0.3666992
vn 0.9301758 0.006076813 -0.3666992
vn 0.9301758 0.01823425 -0.3664551
vn 0.9301758 0.01823425 -0.3664551
vn 0.9301758 0.01823425 -0.3664551
vn 0.3959961 0.003828049 -0.918457
vn 0.3959961 0.006126404 -0.918457
vn 0.3959961 0.003828049 -0.918457
vn 0.3959961 0.006126404 -0.918457
vn 0.40625 0.01524353 -0.9135742
vn 0.40625 0.01524353 -0.9135742
vn -0.3635254 0.003828049 -0.9316406
vn -0.3635254 0.006126404 -0.9316406
vn -0.3635254 0.003828049 -0.9316406
vn -0.3635254 0.006126404 -0.9316406
vn -0.3740234 0.01524353 -0.9272461
vn -0.3740234 0.01524353 -0.9272461
vn -0.8647461 -0.3312988 -0.3771973
vn -0.8647461 -0.3312988 -0.3771973
vn -0.8647461 -0.3312988 -0.3771973
vn -0.8647461 -0.3312988 -0.3771973
vn -0.8774414 -0.3312988 0.3466797
vn -0.8774414 -0.3312988 0.3466797
vn -0.8774414 -0.3312988 0.3466797
vn -0.8774414 -0.3312988 0.3466797
vn -0.3806152 -0.3288574 0.8642578
vn -0.3806152 -0.3288574 0.8642578
vn -0.3806152 -0.3288574 0.8642578
vn -0.3806152 -0.3288574 0.8642578
vn 0.3500977 -0.3288574 0.8769531
vn 0.3500977 -0.3288574 0.8769531
vn 0.3500977 -0.3288574 0.8769531
vn 0.3500977 -0.3288574 0.8769531
vn 0.8647461 -0.3312988 0.3771973
vn 0.8647461 -0.3312988 0.3771973
vn 0.8647461 -0.3312988 0.3771973
vn 0.8647461 -0.3312988 0.3771973
vn 0.8774414 -0.3312988 -0.3466797
vn 0.8774414 -0.3312988 -0.3466797
vn 0.8774414 -0.3312988 -0.3466797
vn 0.8774414 -0.3312988 -0.3466797
vn 0.3806152 -0.3288574 -0.8642578
vn 0.3806152 -0.3288574 -0.8642578
vn 0.3806152 -0.3288574 -0.8642578
vn 0.3806152 -0.3288574 -0.8642578
vn -0.3500977 -0.3288574 -0.8769531
vn -0.3500977 -0.3288574 -0.8769531
vn -0.3500977 -0.3288574 -0.8769531
vn -0.3500977 -0.3288574 -0.8769531
vn 0 -1 1.192093E-07
vn 0 -1 1.192093E-07
vn 0 -1 1.192093E-07
vn 0 -1 1.192093E-07
vn 0 -1 1.192093E-07
vn 0 -1 1.192093E-07
vn 0 -1 1.192093E-07
vn 0 -1 1.192093E-07
vn 1 1.192093E-07 0.01754761
vn 1 1.192093E-07 0.01754761
vn 1 1.192093E-07 0.01754761
vn 1 1.192093E-07 0.01754761
vn -1 -1.192093E-07 -0.01754761
vn -1 -1.192093E-07 -0.01754761
vn -1 -1.192093E-07 -0.01754761
vn -1 -1.192093E-07 -0.01754761
vn 0 -1 1.192093E-07
vn 0 -1 1.192093E-07
vn 0 -1 1.192093E-07
vn 0 -1 1.192093E-07
vn 0.01754761 0 -1
vn 0.01754761 0 -1
vn 0.01754761 0 -1
vn 0.01754761 0 -1
vn -0.01754761 0 1
vn -0.01754761 0 1
vn -0.01754761 0 1
vn -0.01754761 0 1
vn 0.3937988 0.01826477 -0.9189453
vn 0.3937988 0.01826477 -0.9189453
vn 0.3937988 0.01826477 -0.9189453
vn 0.3937988 0.01826477 -0.9189453
vn -0.3613281 0.01826477 -0.9321289
vn -0.3613281 0.01826477 -0.9321289
vn -0.3613281 0.01826477 -0.9321289
vn -0.3613281 0.01826477 -0.9321289
vn -0.9165039 0.003810883 -0.4003906
vn -0.9165039 0.009147644 -0.4003906
vn -0.9165039 0.003810883 -0.4003906
vn -0.9165039 0.009147644 -0.4003906
vn -0.9160156 0.01829529 -0.4003906
vn -0.9160156 0.01829529 -0.4003906
vn -0.3999023 0.003822327 0.9165039
vn -0.3996582 0.009170532 0.9165039
vn -0.3996582 0.003822327 0.9165039
vn -0.3999023 0.009170532 0.9165039
vn -0.3994141 0.01834106 0.9165039
vn -0.3999023 0.01834106 0.9165039
vn 0.3671875 0.003822327 0.9301758
vn 0.3671875 0.009170532 0.9301758
vn 0.3671875 0.003822327 0.9301758
vn 0.3671875 0.009170532 0.9301758
vn 0.3671875 0.01834106 0.9301758
vn 0.3671875 0.01834106 0.9301758
vn 0.9165039 0.00381279 0.4003906
vn 0.9165039 0.009147644 0.4003906
vn 0.9165039 0.00381279 0.4003906
vn 0.9165039 0.009147644 0.4003906
vn 0.9160156 0.01829529 0.4003906
vn 0.9160156 0.01829529 0.4003906
vn 0.9296875 0.00381279 -0.3679199
vn 0.9296875 0.009147644 -0.3679199
vn 0.9296875 0.00381279 -0.3679199
vn 0.9296875 0.009147644 -0.3679199
vn 0.9296875 0.01829529 -0.3679199
vn 0.9296875 0.01829529 -0.3679199
vn 0.3996582 0.003822327 -0.9165039
vn 0.3996582 0.009170532 -0.9165039
vn 0.3996582 0.003822327 -0.9165039
vn 0.3996582 0.009170532 -0.9165039
vn 0.3994141 0.01834106 -0.9165039
vn 0.3994141 0.01834106 -0.9165039
vn -0.3671875 0.003822327 -0.9301758
vn -0.3674316 0.009170532 -0.9301758
vn -0.3674316 0.003822327 -0.9301758
vn -0.3671875 0.009170532 -0.9301758
vn -0.3674316 0.01834106 -0.9296875
vn -0.3671875 0.01834106 -0.9301758
vn -0.8662109 -0.3295898 -0.3752441
vn -0.8662109 -0.3295898 -0.3752441
vn -0.8662109 -0.3295898 -0.3752441
vn -0.8662109 -0.3295898 -0.3752441
vn -0.8789063 -0.3295898 0.3447266
vn -0.8789063 -0.3295898 0.3447266
vn -0.8789063 -0.3295898 0.3447266
vn -0.8789063 -0.3295898 0.3447266
vn -0.376709 -0.3293457 0.8657227
vn -0.3762207 -0.3293457 0.8657227
vn -0.3762207 -0.3293457 0.8657227
vn -0.376709 -0.3293457 0.8657227
vn 0.3457031 -0.3293457 0.878418
vn 0.3459473 -0.3293457 0.878418
vn 0.3459473 -0.3293457 0.878418
vn 0.3457031 -0.3293457 0.878418
vn 0.8662109 -0.3295898 0.3754883
vn 0.8662109 -0.3295898 0.3754883
vn 0.8662109 -0.3295898 0.3754883
vn 0.8662109 -0.3295898 0.3754883
vn 0.8789063 -0.3295898 -0.3447266
vn 0.8789063 -0.3295898 -0.3447266
vn 0.8789063 -0.3295898 -0.3447266
vn 0.8789063 -0.3295898 -0.3447266
vn 0.3764648 -0.3293457 -0.8657227
vn 0.3762207 -0.3293457 -0.8657227
vn 0.3762207 -0.3293457 -0.8657227
vn 0.3764648 -0.3293457 -0.8657227
vn -0.3457031 -0.3293457 -0.878418
vn -0.3459473 -0.3293457 -0.878418
vn -0.3459473 -0.3293457 -0.878418
vn -0.3457031 -0.3293457 -0.878418
vn 0 -1 1.192093E-07
vn 0 -1 1.192093E-07
vn 0 -1 1.192093E-07
vn 0 -1 1.192093E-07
vn 0 -1 1.192093E-07
vn 0 -1 1.192093E-07
vn 0 -1 1.192093E-07
vn 0 -1 1.192093E-07
vn 1 1.192093E-07 0.01754761
vn 1 1.192093E-07 0.01754761
vn 1 1.192093E-07 0.01754761
vn 1 1.192093E-07 0.01754761
vn -1 -1.192093E-07 -0.01754761
vn -1 -1.192093E-07 -0.01754761
vn -1 -1.192093E-07 -0.01754761
vn -1 -1.192093E-07 -0.01754761
vn 0 -1 1.192093E-07
vn 0 -1 1.192093E-07
vn 0 -1 1.192093E-07
vn 0 -1 1.192093E-07
vn 0.01754761 0 -1
vn 0.01754761 0 -1
vn 0.01754761 0 -1
vn 0.01754761 0 -1
vn -0.01754761 0 1
vn -0.01754761 0 1
vn -0.01754761 0 1
vn -0.01754761 0 1
vn 0 1 -1.192093E-07
vn 0 1 -1.192093E-07
vn 0 1 -1.192093E-07
vn 0 1 -1.192093E-07
vn -0.9169922 0.003797531 -0.3989258
vn -0.9169922 0.009117126 -0.3989258
vn -0.9169922 0.003797531 -0.3989258
vn -0.9169922 0.009117126 -0.3989258
vn -0.9169922 0.01823425 -0.3989258
vn -0.9169922 0.01823425 -0.3989258
vn -0.3959961 0.003828049 0.918457
vn -0.3959961 0.009185791 0.9179688
vn -0.3959961 0.003828049 0.918457
vn -0.3959961 0.009185791 0.9179688
vn -0.3959961 0.01837158 0.9179688
vn -0.3959961 0.01837158 0.9179688
vn 0.3635254 0.003828049 0.9316406
vn 0.3635254 0.009185791 0.9316406
vn 0.3635254 0.003828049 0.9316406
vn 0.3635254 0.009185791 0.9316406
vn 0.3635254 0.01837158 0.9316406
vn 0.3635254 0.01837158 0.9316406
vn 0.9169922 0.003799438 0.3989258
vn 0.9169922 0.009117126 0.3989258
vn 0.9169922 0.003799438 0.3989258
vn 0.9169922 0.009117126 0.3989258
vn 0.9169922 0.01823425 0.3989258
vn 0.9169922 0.01823425 0.3989258
vn 0.9301758 0.003799438 -0.3666992
vn 0.9301758 0.009117126 -0.3666992
vn 0.9301758 0.003799438 -0.3666992
vn 0.9301758 0.009117126 -0.3666992
vn 0.9301758 0.01823425 -0.3664551
vn 0.9301758 0.01823425 -0.3664551
vn 0.3959961 0.003828049 -0.918457
vn 0.3959961 0.009185791 -0.9179688
vn 0.3959961 0.003828049 -0.918457
vn 0.3959961 0.009185791 -0.9179688
vn 0.3959961 0.01837158 -0.9179688
vn 0.3959961 0.01837158 -0.9179688
vn -0.3635254 0.003828049 -0.9316406
vn -0.3635254 0.009185791 -0.9316406
vn -0.3635254 0.003828049 -0.9316406
vn -0.3635254 0.009185791 -0.9316406
vn -0.3635254 0.01837158 -0.9316406
vn -0.3635254 0.01837158 -0.9316406
vn -0.8647461 -0.3312988 -0.3771973
vn -0.8647461 -0.3312988 -0.3771973
vn -0.8647461 -0.3312988 -0.3771973
vn -0.8647461 -0.3312988 -0.3771973
vn -0.8774414 -0.3312988 0.3466797
vn -0.8774414 -0.3312988 0.3466797
vn -0.8774414 -0.3312988 0.3466797
vn -0.8774414 -0.3312988 0.3466797
vn -0.3806152 -0.3288574 0.8642578
vn -0.3806152 -0.3288574 0.8642578
vn -0.3806152 -0.3288574 0.8642578
vn -0.3806152 -0.3288574 0.8642578
vn 0.3500977 -0.3288574 0.8769531
vn 0.3500977 -0.3288574 0.8769531
vn 0.3500977 -0.3288574 0.8769531
vn 0.3500977 -0.3288574 0.8769531
vn 0.8647461 -0.3312988 0.3771973
vn 0.8647461 -0.3312988 0.3771973
vn 0.8647461 -0.3312988 0.3771973
vn 0.8647461 -0.3312988 0.3771973
vn 0.8774414 -0.3312988 -0.3466797
vn 0.8774414 -0.3312988 -0.3466797
vn 0.8774414 -0.3312988 -0.3466797
vn 0.8774414 -0.3312988 -0.3466797
vn 0.3806152 -0.3288574 -0.8642578
vn 0.3806152 -0.3288574 -0.8642578
vn 0.3806152 -0.3288574 -0.8642578
vn 0.3806152 -0.3288574 -0.8642578
vn -0.3500977 -0.3288574 -0.8769531
vn -0.3500977 -0.3288574 -0.8769531
vn -0.3500977 -0.3288574 -0.8769531
vn -0.3500977 -0.3288574 -0.8769531
vn 0 -1 1.192093E-07
vn 0 -1 1.192093E-07
vn 0 -1 1.192093E-07
vn 0 -1 1.192093E-07
vn 0 -1 1.192093E-07
vn 0 -1 1.192093E-07
vn 0 -1 1.192093E-07
vn 0 -1 1.192093E-07
vn 1 1.192093E-07 0.01754761
vn 1 1.192093E-07 0.01754761
vn 1 1.192093E-07 0.01754761
vn 1 1.192093E-07 0.01754761
vn -1 -1.192093E-07 -0.01754761
vn -1 -1.192093E-07 -0.01754761
vn -1 -1.192093E-07 -0.01754761
vn -1 -1.192093E-07 -0.01754761
vn 0 -1 1.192093E-07
vn 0 -1 1.192093E-07
vn 0 -1 1.192093E-07
vn 0 -1 1.192093E-07
vn 0.01754761 0 -1
vn 0.01754761 0 -1
vn 0.01754761 0 -1
vn 0.01754761 0 -1
vn -0.01754761 0 1
vn -0.01754761 0 1
vn -0.01754761 0 1
vn -0.01754761 0 1
vn -0.9169922 0.003797531 -0.3989258
vn -0.9169922 0.009117126 -0.3989258
vn -0.9169922 0.003797531 -0.3989258
vn -0.9169922 0.009117126 -0.3989258
vn -0.9169922 0.01823425 -0.3989258
vn -0.9169922 0.01823425 -0.3989258
vn -0.3959961 0.003828049 0.918457
vn -0.3959961 0.009185791 0.9179688
vn -0.3959961 0.003828049 0.918457
vn -0.3959961 0.009185791 0.9179688
vn -0.3959961 0.01837158 0.9179688
vn -0.3959961 0.01837158 0.9179688
vn 0.3635254 0.003828049 0.9316406
vn 0.3635254 0.009185791 0.9316406
vn 0.3635254 0.003828049 0.9316406
vn 0.3635254 0.009185791 0.9316406
vn 0.3635254 0.01837158 0.9316406
vn 0.3635254 0.01837158 0.9316406
vn 0.9169922 0.003799438 0.3989258
vn 0.9169922 0.009117126 0.3989258
vn 0.9169922 0.003799438 0.3989258
vn 0.9169922 0.009117126 0.3989258
vn 0.9169922 0.01823425 0.3989258
vn 0.9169922 0.01823425 0.3989258
vn 0.9301758 0.003799438 -0.3666992
vn 0.9301758 0.009117126 -0.3666992
vn 0.9301758 0.003799438 -0.3666992
vn 0.9301758 0.009117126 -0.3666992
vn 0.9301758 0.01823425 -0.3664551
vn 0.9301758 0.01823425 -0.3664551
vn 0.3959961 0.003828049 -0.918457
vn 0.3959961 0.009185791 -0.9179688
vn 0.3959961 0.003828049 -0.918457
vn 0.3959961 0.009185791 -0.9179688
vn 0.3959961 0.01837158 -0.9179688
vn 0.3959961 0.01837158 -0.9179688
vn -0.3635254 0.003828049 -0.9316406
vn -0.3635254 0.009185791 -0.9316406
vn -0.3635254 0.003828049 -0.9316406
vn -0.3635254 0.009185791 -0.9316406
vn -0.3635254 0.01837158 -0.9316406
vn -0.3635254 0.01837158 -0.9316406
vn -0.8647461 -0.3312988 -0.3771973
vn -0.8647461 -0.3312988 -0.3771973
vn -0.8647461 -0.3312988 -0.3771973
vn -0.8647461 -0.3312988 -0.3771973
vn -0.8774414 -0.3312988 0.3466797
vn -0.8774414 -0.3312988 0.3466797
vn -0.8774414 -0.3312988 0.3466797
vn -0.8774414 -0.3312988 0.3466797
vn -0.3806152 -0.3288574 0.8642578
vn -0.3806152 -0.3288574 0.8642578
vn -0.3806152 -0.3288574 0.8642578
vn -0.3806152 -0.3288574 0.8642578
vn 0.3500977 -0.3288574 0.8769531
vn 0.3500977 -0.3288574 0.8769531
vn 0.3500977 -0.3288574 0.8769531
vn 0.3500977 -0.3288574 0.8769531
vn 0.8647461 -0.3312988 0.3771973
vn 0.8647461 -0.3312988 0.3771973
vn 0.8647461 -0.3312988 0.3771973
vn 0.8647461 -0.3312988 0.3771973
vn 0.8774414 -0.3312988 -0.3466797
vn 0.8774414 -0.3312988 -0.3466797
vn 0.8774414 -0.3312988 -0.3466797
vn 0.8774414 -0.3312988 -0.3466797
vn 0.3806152 -0.3288574 -0.8642578
vn 0.3806152 -0.3288574 -0.8642578
vn 0.3806152 -0.3288574 -0.8642578
vn 0.3806152 -0.3288574 -0.8642578
vn -0.3500977 -0.3288574 -0.8769531
vn -0.3500977 -0.3288574 -0.8769531
vn -0.3500977 -0.3288574 -0.8769531
vn -0.3500977 -0.3288574 -0.8769531
vn 0 -1 1.192093E-07
vn 0 -1 1.192093E-07
vn 0 -1 1.192093E-07
vn 0 -1 1.192093E-07
vn 0 -1 1.192093E-07
vn 0 -1 1.192093E-07
vn 0 -1 1.192093E-07
vn 0 -1 1.192093E-07
vn 1 1.192093E-07 0.01754761
vn 1 1.192093E-07 0.01754761
vn 1 1.192093E-07 0.01754761
vn 1 1.192093E-07 0.01754761
vn -1 -1.192093E-07 -0.01754761
vn -1 -1.192093E-07 -0.01754761
vn -1 -1.192093E-07 -0.01754761
vn -1 -1.192093E-07 -0.01754761
vn 0 -1 1.192093E-07
vn 0 -1 1.192093E-07
vn 0 -1 1.192093E-07
vn 0 -1 1.192093E-07
vn 0.01754761 0 -1
vn 0.01754761 0 -1
vn 0.01754761 0 -1
vn 0.01754761 0 -1
vn -0.01754761 0 1
vn -0.01754761 0 1
vn -0.01754761 0 1
vn -0.01754761 0 1
vn -0.9179688 0.003803253 -0.3964844
vn -0.9179688 0.009124756 -0.3964844
vn -0.9179688 0.003803253 -0.3964844
vn -0.9179688 0.009124756 -0.3964844
vn -0.9179688 0.01824951 -0.3964844
vn -0.9179688 0.01824951 -0.3964844
vn -0.9311523 0.003803253 0.3640137
vn -0.9311523 0.006084442 0.3640137
vn -0.9311523 0.003803253 0.3640137
vn -0.9311523 0.006084442 0.3640137
vn -0.9311523 0.01824951 0.3640137
vn -0.3950195 0.003818512 0.9189453
vn -0.3950195 0.009162903 0.918457
vn -0.3950195 0.003818512 0.9189453
vn -0.3950195 0.009162903 0.918457
vn -0.3947754 0.01832581 0.918457
vn -0.3947754 0.01832581 0.918457
vn 0.3625488 0.003818512 0.9321289
vn 0.3625488 0.009162903 0.9321289
vn 0.3625488 0.003818512 0.9321289
vn 0.3625488 0.009162903 0.9321289
vn 0.3623047 0.01832581 0.9316406
vn 0.3623047 0.01832581 0.9316406
vn 0.9179688 0.003803253 0.3964844
vn 0.9179688 0.009124756 0.3964844
vn 0.9179688 0.003803253 0.3964844
vn 0.9179688 0.009124756 0.3964844
vn 0.9179688 0.01824951 0.3964844
vn 0.9179688 0.01824951 0.3964844
vn 0.9311523 0.003803253 -0.3640137
vn 0.9311523 0.009124756 -0.3640137
vn 0.9311523 0.003803253 -0.3640137
vn 0.9311523 0.009124756 -0.3640137
vn 0.9311523 0.01824951 -0.3640137
vn 0.9311523 0.01824951 -0.3640137
vn 0.3950195 0.003818512 -0.9189453
vn 0.3959961 0.006126404 -0.918457
vn 0.3959961 0.003828049 -0.918457
vn 0.3950195 0.00610733 -0.918457
vn 0.3959961 0.01837158 -0.9179688
vn 0.3947754 0.01832581 -0.918457
vn 0.3959961 0.01837158 -0.9179688
vn -0.3635254 0.003828049 -0.9316406
vn -0.3625488 0.009162903 -0.9321289
vn -0.3625488 0.003818512 -0.9321289
vn -0.3635254 0.009185791 -0.9316406
vn -0.3623047 0.01832581 -0.9316406
vn -0.3635254 0.01837158 -0.9316406
vn -0.9311523 0.006084442 0.3640137
vn -0.9311523 0.01824951 0.3640137
vn -0.9311523 0.01824951 0.3640137
vn -0.9311523 0.01824951 0.3640137
vn -0.8647461 -0.3312988 -0.3771973
vn -0.8647461 -0.3312988 -0.3771973
vn -0.8647461 -0.3312988 -0.3771973
vn -0.8647461 -0.3312988 -0.3771973
vn -0.8774414 -0.3312988 0.3466797
vn -0.8774414 -0.3312988 0.3466797
vn -0.8774414 -0.3312988 0.3466797
vn -0.8774414 -0.3312988 0.3466797
vn -0.3806152 -0.3288574 0.8642578
vn -0.3806152 -0.3288574 0.8642578
vn -0.3806152 -0.3288574 0.8642578
vn -0.3806152 -0.3288574 0.8642578
vn 0.3500977 -0.3288574 0.8769531
vn 0.3500977 -0.3288574 0.8769531
vn 0.3500977 -0.3288574 0.8769531
vn 0.3500977 -0.3288574 0.8769531
vn 0.8647461 -0.3312988 0.3771973
vn 0.8647461 -0.3312988 0.3771973
vn 0.8647461 -0.3312988 0.3771973
vn 0.8647461 -0.3312988 0.3771973
vn 0.8774414 -0.3312988 -0.3466797
vn 0.8774414 -0.3312988 -0.3466797
vn 0.8774414 -0.3312988 -0.3466797
vn 0.8774414 -0.3312988 -0.3466797
vn 0.3806152 -0.3288574 -0.8642578
vn 0.3806152 -0.3288574 -0.8642578
vn 0.3806152 -0.3288574 -0.8642578
vn 0.3806152 -0.3288574 -0.8642578
vn -0.3500977 -0.3288574 -0.8769531
vn -0.3500977 -0.3288574 -0.8769531
vn -0.3500977 -0.3288574 -0.8769531
vn -0.3500977 -0.3288574 -0.8769531
vn 0 -1 1.192093E-07
vn 0 -1 1.192093E-07
vn 0 -1 1.192093E-07
vn 0 -1 1.192093E-07
vn 0 -1 1.192093E-07
vn 0 -1 1.192093E-07
vn 0 -1 1.192093E-07
vn 0 -1 1.192093E-07
vn 1 1.192093E-07 0.01754761
vn 1 1.192093E-07 0.01754761
vn 1 1.192093E-07 0.01754761
vn 1 1.192093E-07 0.01754761
vn -1 -1.192093E-07 -0.01754761
vn -1 -1.192093E-07 -0.01754761
vn -1 -1.192093E-07 -0.01754761
vn -1 -1.192093E-07 -0.01754761
vn 0 -1 1.192093E-07
vn 0 -1 1.192093E-07
vn 0 -1 1.192093E-07
vn 0 -1 1.192093E-07
vn 0.01754761 0 -1
vn 0.01754761 0 -1
vn 0.01754761 0 -1
vn 0.01754761 0 -1
vn -0.01754761 0 1
vn -0.01754761 0 1
vn -0.01754761 0 1
vn -0.01754761 0 1
vn -0.9169922 0.01823425 -0.3989258
vn -0.9169922 0.01823425 -0.3989258
vn -0.9169922 0.01823425 -0.3989258
vn -0.9169922 0.01823425 -0.3989258
vn -0.3740234 0.01829529 -0.9272461
vn -0.3740234 0.01829529 -0.9272461
vn -0.3740234 0.01829529 -0.9272461
vn -0.3740234 0.01829529 -0.9272461
vn -0.8647461 -0.3312988 -0.3771973
vn -0.8647461 -0.3312988 -0.3771973
vn -0.8647461 -0.3312988 -0.3771973
vn -0.8647461 -0.3312988 -0.3771973
vn -0.8774414 -0.3312988 0.3466797
vn -0.8769531 -0.3310547 0.3479004
vn -0.8769531 -0.3310547 0.3479004
vn -0.8774414 -0.3312988 0.3466797
vn -0.3806152 -0.3288574 0.8642578
vn -0.3806152 -0.3288574 0.8642578
vn -0.3806152 -0.3288574 0.8642578
vn -0.3806152 -0.3288574 0.8642578
vn 0.3500977 -0.3288574 0.8769531
vn 0.3500977 -0.3288574 0.8769531
vn 0.3500977 -0.3288574 0.8769531
vn 0.3500977 -0.3288574 0.8769531
vn 0.8642578 -0.3310547 0.3786621
vn 0.8647461 -0.3312988 0.3771973
vn 0.8647461 -0.3312988 0.3771973
vn 0.8642578 -0.3310547 0.3786621
vn 0.8774414 -0.3312988 -0.3466797
vn 0.8774414 -0.3312988 -0.3466797
vn 0.8774414 -0.3312988 -0.3466797
vn 0.8774414 -0.3312988 -0.3466797
vn 0.3806152 -0.3288574 -0.8642578
vn 0.3806152 -0.3288574 -0.8642578
vn 0.3806152 -0.3288574 -0.8642578
vn 0.3806152 -0.3288574 -0.8642578
vn -0.3500977 -0.3288574 -0.8769531
vn -0.3500977 -0.3288574 -0.8769531
vn -0.3500977 -0.3288574 -0.8769531
vn -0.3500977 -0.3288574 -0.8769531
vn 0 -1 1.192093E-07
vn 0 -1 1.192093E-07
vn 0 -1 1.192093E-07
vn 0 -1 1.192093E-07
vn 0 -1 1.192093E-07
vn 0 -1 1.192093E-07
vn 0 -1 1.192093E-07
vn 0 -1 1.192093E-07
vn 1 1.192093E-07 0.01754761
vn 1 1.192093E-07 0.01754761
vn 1 1.192093E-07 0.01754761
vn 1 1.192093E-07 0.01754761
vn -1 -1.192093E-07 -0.01754761
vn -1 -1.192093E-07 -0.01754761
vn -1 -1.192093E-07 -0.01754761
vn -1 -1.192093E-07 -0.01754761
vn 0 -1 1.192093E-07
vn 0 -1 1.192093E-07
vn 0 -1 1.192093E-07
vn 0 -1 1.192093E-07
vn 0.01754761 0 -1
vn 0.01754761 0 -1
vn 0.01754761 0 -1
vn 0.01754761 0 -1
vn -0.01754761 0 1
vn -0.01754761 0 1
vn -0.01754761 0 1
vn -0.01754761 0 1
vn -0.8642578 -0.3310547 -0.3786621
vn -0.8642578 -0.3310547 -0.3786621
vn -0.8642578 -0.3310547 -0.3786621
vn -0.8642578 -0.3310547 -0.3786621
vn -0.8769531 -0.3310547 0.3479004
vn -0.8769531 -0.3312988 0.3476563
vn -0.8769531 -0.3312988 0.3476563
vn -0.8769531 -0.3310547 0.3479004
vn -0.3806152 -0.3288574 0.8642578
vn -0.3806152 -0.3288574 0.8642578
vn -0.3806152 -0.3288574 0.8642578
vn -0.3806152 -0.3288574 0.8642578
vn 0.3500977 -0.3288574 0.8769531
vn 0.3500977 -0.3288574 0.8769531
vn 0.3500977 -0.3288574 0.8769531
vn 0.3500977 -0.3288574 0.8769531
vn 0.8642578 -0.3312988 0.3781738
vn 0.8642578 -0.3310547 0.3786621
vn 0.8642578 -0.3310547 0.3786621
vn 0.8642578 -0.3312988 0.3781738
vn 0.8769531 -0.3310547 -0.3479004
vn 0.8769531 -0.3310547 -0.3479004
vn 0.8769531 -0.3310547 -0.3479004
vn 0.8769531 -0.3310547 -0.3479004
vn 0.3806152 -0.3288574 -0.8642578
vn 0.3806152 -0.3288574 -0.8642578
vn 0.3806152 -0.3288574 -0.8642578
vn 0.3806152 -0.3288574 -0.8642578
vn -0.3500977 -0.3288574 -0.8769531
vn -0.3500977 -0.3288574 -0.8769531
vn -0.3500977 -0.3288574 -0.8769531
vn -0.3500977 -0.3288574 -0.8769531
vn 0 -1 1.192093E-07
vn 0 -1 1.192093E-07
vn 0 -1 1.192093E-07
vn 0 -1 1.192093E-07
vn 0 -1 1.192093E-07
vn 0 -1 1.192093E-07
vn 0 -1 1.192093E-07
vn 0 -1 1.192093E-07
vn 1 1.192093E-07 0.01754761
vn 1 1.192093E-07 0.01754761
vn 1 1.192093E-07 0.01754761
vn 1 1.192093E-07 0.01754761
vn -1 -1.192093E-07 -0.01754761
vn -1 -1.192093E-07 -0.01754761
vn -1 -1.192093E-07 -0.01754761
vn -1 -1.192093E-07 -0.01754761
vn 0 -1 1.192093E-07
vn 0 -1 1.192093E-07
vn 0 -1 1.192093E-07
vn 0 -1 1.192093E-07
vn 0.01754761 0 -1
vn 0.01754761 0 -1
vn 0.01754761 0 -1
vn 0.01754761 0 -1
vn -0.01754761 0 1
vn -0.01754761 0 1
vn -0.01754761 0 1
vn -0.01754761 0 1
vn -0.9174805 0.003801346 -0.3974609
vn -0.9174805 0.009124756 -0.3977051
vn -0.9174805 0.003801346 -0.3977051
vn -0.9174805 0.009124756 -0.3974609
vn -0.9174805 0.01823425 -0.3977051
vn -0.9174805 0.01823425 -0.3977051
vn -0.3955078 0.003824234 0.918457
vn -0.3955078 0.009178162 0.918457
vn -0.3955078 0.003824234 0.918457
vn -0.3955078 0.009178162 0.918457
vn -0.3955078 0.01835632 0.918457
vn -0.3950195 0.01834106 0.918457
vn 0.3630371 0.003824234 0.9316406
vn 0.3630371 0.009178162 0.9316406
vn 0.3630371 0.003824234 0.9316406
vn 0.3630371 0.009178162 0.9316406
vn 0.3625488 0.01834106 0.9316406
vn 0.3630371 0.01835632 0.9316406
vn 0.9174805 0.003801346 0.3977051
vn 0.9174805 0.009124756 0.3977051
vn 0.9174805 0.003801346 0.3977051
vn 0.9174805 0.009124756 0.3977051
vn 0.9174805 0.01823425 0.3977051
vn 0.9174805 0.01823425 0.3977051
vn 0.9306641 0.003801346 -0.3652344
vn 0.9311523 0.009124756 -0.3649902
vn 0.9311523 0.003801346 -0.3649902
vn 0.9306641 0.009124756 -0.3652344
vn 0.9306641 0.01823425 -0.3652344
vn 0.9306641 0.01823425 -0.3652344
vn 0.3952637 0.003820419 -0.918457
vn 0.3952637 0.009170532 -0.918457
vn 0.3952637 0.003820419 -0.918457
vn 0.3952637 0.009170532 -0.918457
vn 0.3950195 0.01834106 -0.918457
vn 0.3950195 0.01834106 -0.918457
vn -0.362793 0.003820419 -0.9321289
vn -0.362793 0.009170532 -0.9316406
vn -0.362793 0.003820419 -0.9321289
vn -0.362793 0.009170532 -0.9316406
vn -0.3625488 0.01834106 -0.9316406
vn -0.3625488 0.01834106 -0.9316406
vn -0.8642578 -0.3312988 -0.3781738
vn -0.8642578 -0.3310547 -0.3786621
vn -0.8642578 -0.3310547 -0.3786621
vn -0.8642578 -0.3312988 -0.3781738
vn -0.8769531 -0.3310547 0.3479004
vn -0.8769531 -0.3310547 0.3479004
vn -0.8769531 -0.3310547 0.3479004
vn -0.8769531 -0.3310547 0.3479004
vn -0.3806152 -0.3288574 0.8642578
vn -0.3806152 -0.3288574 0.8642578
vn -0.3806152 -0.3288574 0.8642578
vn -0.3806152 -0.3288574 0.8642578
vn 0.3500977 -0.3288574 0.8769531
vn 0.3500977 -0.3288574 0.8769531
vn 0.3500977 -0.3288574 0.8769531
vn 0.3500977 -0.3288574 0.8769531
vn 0.8642578 -0.3310547 0.3786621
vn 0.8642578 -0.3310547 0.3786621
vn 0.8642578 -0.3310547 0.3786621
vn 0.8642578 -0.3310547 0.3786621
vn 0.8769531 -0.3310547 -0.3479004
vn 0.8769531 -0.3312988 -0.3476563
vn 0.8769531 -0.3312988 -0.3476563
vn 0.8769531 -0.3310547 -0.3479004
vn 0.3806152 -0.3288574 -0.8642578
vn 0.3806152 -0.3288574 -0.8642578
vn 0.3806152 -0.3288574 -0.8642578
vn 0.3806152 -0.3288574 -0.8642578
vn -0.3500977 -0.3288574 -0.8769531
vn -0.3500977 -0.3288574 -0.8769531
vn -0.3500977 -0.3288574 -0.8769531
vn -0.3500977 -0.3288574 -0.8769531
vn 0 -1 1.192093E-07
vn 0 -1 1.192093E-07
vn 0 -1 1.192093E-07
vn 0 -1 1.192093E-07
vn 0 -1 1.192093E-07
vn 0 -1 1.192093E-07
vn 0 -1 1.192093E-07
vn 0 -1 1.192093E-07
vn 1 1.192093E-07 0.01754761
vn 1 1.192093E-07 0.01754761
vn 1 1.192093E-07 0.01754761
vn 1 1.192093E-07 0.01754761
vn -1 -1.192093E-07 -0.01754761
vn -1 -1.192093E-07 -0.01754761
vn -1 -1.192093E-07 -0.01754761
vn -1 -1.192093E-07 -0.01754761
vn 0 -1 1.192093E-07
vn 0 -1 1.192093E-07
vn 0 -1 1.192093E-07
vn 0 -1 1.192093E-07
vn 0.01754761 0 -1
vn 0.01754761 0 -1
vn 0.01754761 0 -1
vn 0.01754761 0 -1
vn -0.01754761 0 1
vn -0.01754761 0 1
vn -0.01754761 0 1
vn -0.01754761 0 1
vn -0.9174805 0.003801346 -0.3977051
vn -0.9179688 0.009124756 -0.3964844
vn -0.9179688 0.003803253 -0.3964844
vn -0.9174805 0.009124756 -0.3977051
vn -0.9179688 0.01824951 -0.3964844
vn -0.9174805 0.01823425 -0.3977051
vn -0.3950195 0.003818512 0.9189453
vn -0.3950195 0.009162903 0.918457
vn -0.3950195 0.003818512 0.9189453
vn -0.3950195 0.009162903 0.918457
vn -0.3947754 0.01832581 0.918457
vn -0.3947754 0.01832581 0.918457
vn 0.3625488 0.003818512 0.9321289
vn 0.3625488 0.009162903 0.9321289
vn 0.3625488 0.003818512 0.9321289
vn 0.3625488 0.009162903 0.9321289
vn 0.3623047 0.01832581 0.9316406
vn 0.3623047 0.01832581 0.9316406
vn 0.9179688 0.003803253 0.3964844
vn 0.9179688 0.009124756 0.3964844
vn 0.9179688 0.003803253 0.3964844
vn 0.9179688 0.009124756 0.3964844
vn 0.9179688 0.01824951 0.3964844
vn 0.9179688 0.01824951 0.3964844
vn 0.9311523 0.003803253 -0.3640137
vn 0.9306641 0.009124756 -0.3652344
vn 0.9306641 0.003801346 -0.3652344
vn 0.9311523 0.009124756 -0.3640137
vn 0.9306641 0.01823425 -0.3652344
vn 0.9311523 0.01824951 -0.3640137
vn 0.3955078 0.003824234 -0.918457
vn 0.3955078 0.009178162 -0.918457
vn 0.3955078 0.003824234 -0.918457
vn 0.3955078 0.009178162 -0.918457
vn 0.3955078 0.01835632 -0.918457
vn 0.3955078 0.01835632 -0.918457
vn -0.3630371 0.003824234 -0.9316406
vn -0.3630371 0.009178162 -0.9316406
vn -0.3630371 0.003824234 -0.9316406
vn -0.3630371 0.009178162 -0.9316406
vn -0.3630371 0.01835632 -0.9316406
vn -0.3630371 0.01835632 -0.9316406
vn -0.8642578 -0.3310547 -0.3786621
vn -0.8647461 -0.3312988 -0.3771973
vn -0.8647461 -0.3312988 -0.3771973
vn -0.8642578 -0.3310547 -0.3786621
vn -0.8774414 -0.3312988 0.3466797
vn -0.8774414 -0.3312988 0.3466797
vn -0.8774414 -0.3312988 0.3466797
vn -0.8774414 -0.3312988 0.3466797
vn -0.3806152 -0.3288574 0.8642578
vn -0.3806152 -0.3288574 0.8642578
vn -0.3806152 -0.3288574 0.8642578
vn -0.3806152 -0.3288574 0.8642578
vn 0.3500977 -0.3288574 0.8769531
vn 0.3500977 -0.3288574 0.8769531
vn 0.3500977 -0.3288574 0.8769531
vn 0.3500977 -0.3288574 0.8769531
vn 0.8647461 -0.3312988 0.3771973
vn 0.8647461 -0.3312988 0.3771973
vn 0.8647461 -0.3312988 0.3771973
vn 0.8647461 -0.3312988 0.3771973
vn 0.8774414 -0.3312988 -0.3466797
vn 0.8769531 -0.3310547 -0.3479004
vn 0.8769531 -0.3310547 -0.3479004
vn 0.8774414 -0.3312988 -0.3466797
vn 0.3806152 -0.3288574 -0.8642578
vn 0.3806152 -0.3288574 -0.8642578
vn 0.3806152 -0.3288574 -0.8642578
vn 0.3806152 -0.3288574 -0.8642578
vn -0.3500977 -0.3288574 -0.8769531
vn -0.3500977 -0.3288574 -0.8769531
vn -0.3500977 -0.3288574 -0.8769531
vn -0.3500977 -0.3288574 -0.8769531
vn 0 -1 1.192093E-07
vn 0 -1 1.192093E-07
vn 0 -1 1.192093E-07
vn 0 -1 1.192093E-07
vn 0 -1 1.192093E-07
vn 0 -1 1.192093E-07
vn 0 -1 1.192093E-07
vn 0 -1 1.192093E-07
vn 1 1.192093E-07 0.01754761
vn 1 1.192093E-07 0.01754761
vn 1 1.192093E-07 0.01754761
vn 1 1.192093E-07 0.01754761
vn -1 -1.192093E-07 -0.01754761
vn -1 -1.192093E-07 -0.01754761
vn -1 -1.192093E-07 -0.01754761
vn -1 -1.192093E-07 -0.01754761
vn 0 -1 1.192093E-07
vn 0 -1 1.192093E-07
vn 0 -1 1.192093E-07
vn 0 -1 1.192093E-07
vn 0.01754761 0 -1
vn 0.01754761 0 -1
vn 0.01754761 0 -1
vn 0.01754761 0 -1
vn -0.01754761 0 1
vn -0.01754761 0 1
vn -0.01754761 0 1
vn -0.01754761 0 1
vn 1 1.192093E-07 0.01754761
vn 1 1.192093E-07 0.01754761
vn 1 1.192093E-07 0.01754761
vn 1 1.192093E-07 0.01754761
vn -1 -1.192093E-07 -0.01754761
vn -1 -1.192093E-07 -0.01754761
vn -1 -1.192093E-07 -0.01754761
vn -1 -1.192093E-07 -0.01754761
vn 0 -1 1.192093E-07
vn 0 -1 1.192093E-07
vn 0 -1 1.192093E-07
vn 0 -1 1.192093E-07
vn 0.01754761 0 -1
vn 0.01754761 0 -1
vn 0.01754761 0 -1
vn 0.01754761 0 -1
vn -0.01754761 0 1
vn -0.01754761 0 1
vn -0.01754761 0 1
vn -0.01754761 0 1
vn -0.9169922 0.003797531 -0.3989258
vn -0.9169922 0.009117126 -0.3989258
vn -0.9169922 0.003797531 -0.3989258
vn -0.9169922 0.009117126 -0.3989258
vn -0.9169922 0.01823425 -0.3989258
vn -0.9169922 0.01823425 -0.3989258
vn -0.3959961 0.003828049 0.918457
vn -0.3959961 0.009185791 0.9179688
vn -0.3959961 0.003828049 0.918457
vn -0.3959961 0.009185791 0.9179688
vn -0.3959961 0.01837158 0.9179688
vn -0.3959961 0.01837158 0.9179688
vn 0.3635254 0.003828049 0.9316406
vn 0.3635254 0.009185791 0.9316406
vn 0.3635254 0.003828049 0.9316406
vn 0.3635254 0.009185791 0.9316406
vn 0.3635254 0.01837158 0.9316406
vn 0.3635254 0.01837158 0.9316406
vn 0.9169922 0.003799438 0.3989258
vn 0.9169922 0.009117126 0.3989258
vn 0.9169922 0.003799438 0.3989258
vn 0.9169922 0.009117126 0.3989258
vn 0.9169922 0.01823425 0.3989258
vn 0.9169922 0.01823425 0.3989258
vn 0.9301758 0.003799438 -0.3666992
vn 0.9301758 0.009117126 -0.3666992
vn 0.9301758 0.003799438 -0.3666992
vn 0.9301758 0.009117126 -0.3666992
vn 0.9301758 0.01823425 -0.3664551
vn 0.9301758 0.01823425 -0.3664551
vn 0.3959961 0.003828049 -0.918457
vn 0.3959961 0.009185791 -0.9179688
vn 0.3959961 0.003828049 -0.918457
vn 0.3959961 0.009185791 -0.9179688
vn 0.3959961 0.01837158 -0.9179688
vn 0.3959961 0.01837158 -0.9179688
vn -0.3635254 0.003828049 -0.9316406
vn -0.3635254 0.009185791 -0.9316406
vn -0.3635254 0.003828049 -0.9316406
vn -0.3635254 0.009185791 -0.9316406
vn -0.3635254 0.01837158 -0.9316406
vn -0.3635254 0.01837158 -0.9316406
vn -0.8647461 -0.3312988 -0.3771973
vn -0.8647461 -0.3312988 -0.3771973
vn -0.8647461 -0.3312988 -0.3771973
vn -0.8647461 -0.3312988 -0.3771973
vn -0.8774414 -0.3312988 0.3466797
vn -0.8774414 -0.3312988 0.3466797
vn -0.8774414 -0.3312988 0.3466797
vn -0.8774414 -0.3312988 0.3466797
vn -0.3806152 -0.3288574 0.8642578
vn -0.3806152 -0.3288574 0.8642578
vn -0.3806152 -0.3288574 0.8642578
vn -0.3806152 -0.3288574 0.8642578
vn 0.3500977 -0.3288574 0.8769531
vn 0.3500977 -0.3288574 0.8769531
vn 0.3500977 -0.3288574 0.8769531
vn 0.3500977 -0.3288574 0.8769531
vn 0.8647461 -0.3312988 0.3771973
vn 0.8647461 -0.3312988 0.3771973
vn 0.8647461 -0.3312988 0.3771973
vn 0.8647461 -0.3312988 0.3771973
vn 0.8774414 -0.3312988 -0.3466797
vn 0.8774414 -0.3312988 -0.3466797
vn 0.8774414 -0.3312988 -0.3466797
vn 0.8774414 -0.3312988 -0.3466797
vn 0.3806152 -0.3288574 -0.8642578
vn 0.3806152 -0.3288574 -0.8642578
vn 0.3806152 -0.3288574 -0.8642578
vn 0.3806152 -0.3288574 -0.8642578
vn -0.3500977 -0.3288574 -0.8769531
vn -0.3500977 -0.3288574 -0.8769531
vn -0.3500977 -0.3288574 -0.8769531
vn -0.3500977 -0.3288574 -0.8769531
vn 0 -1 1.192093E-07
vn 0 -1 1.192093E-07
vn 0 -1 1.192093E-07
vn 0 -1 1.192093E-07
vn 0 -1 1.192093E-07
vn 0 -1 1.192093E-07
vn 0 -1 1.192093E-07
vn 0 -1 1.192093E-07
vn 1 1.192093E-07 0.01754761
vn 1 1.192093E-07 0.01754761
vn 1 1.192093E-07 0.01754761
vn 1 1.192093E-07 0.01754761
vn -1 -1.192093E-07 -0.01754761
vn -1 -1.192093E-07 -0.01754761
vn -1 -1.192093E-07 -0.01754761
vn -1 -1.192093E-07 -0.01754761
vn 0 -1 1.192093E-07
vn 0 -1 1.192093E-07
vn 0 -1 1.192093E-07
vn 0 -1 1.192093E-07
vn 0.01754761 0 -1
vn 0.01754761 0 -1
vn 0.01754761 0 -1
vn 0.01754761 0 -1
vn -0.01754761 0 1
vn -0.01754761 0 1
vn -0.01754761 0 1
vn -0.01754761 0 1
vn 1 1.192093E-07 0.01754761
vn 1 1.192093E-07 0.01754761
vn 1 1.192093E-07 0.01754761
vn 1 1.192093E-07 0.01754761
vn -1 -1.192093E-07 -0.01754761
vn -1 -1.192093E-07 -0.01754761
vn -1 -1.192093E-07 -0.01754761
vn -1 -1.192093E-07 -0.01754761
vn -1 -1.192093E-07 -0.01754761
vn -1 -1.192093E-07 -0.01754761
vn -1 -1.192093E-07 -0.01754761
vn -1 -1.192093E-07 -0.01754761
vn 0.01754761 0 -1
vn 0.01754761 0 -1
vn 0.01754761 0 -1
vn 0.01754761 0 -1
vn 0.01754761 0 -1
vn 0.01754761 0 -1
vn 0.01754761 0 -1
vn -0.01754761 0 1
vn -0.01754761 0 1
vn -0.01754761 0 1
vn -0.01754761 0 1
vn 0 1 -1.192093E-07
vn 0 1 -1.192093E-07
vn 0 1 -1.192093E-07
vn 0 1 -1.192093E-07
vn 0 1 -1.192093E-07
vn 0 1 -1.192093E-07
vn 0 1 -1.192093E-07
vn 0 1 -1.192093E-07
vn 0 1 -1.192093E-07
vn 0 1 -1.192093E-07
vn 0 1 -1.192093E-07
vn 0 1 -1.192093E-07
vn 0 1 -1.192093E-07
vn 0 1 -1.192093E-07
vn 0 1 -1.192093E-07
vn 0 1 -1.192093E-07
vn 0 1 -1.192093E-07
vn 0 1 -1.192093E-07
vn 0 1 -1.192093E-07
vn 0 1 -1.192093E-07
vn 0 1 -1.192093E-07
vn 0 1 -1.192093E-07
vn 0.8837891 0.1307373 -0.449707
vn 0.8837891 0.1307373 -0.449707
vn 0.8837891 0.1307373 -0.449707
vn 0.8837891 0.1307373 -0.449707
vn 0.8310547 0.1256104 0.5415039
vn 0.8310547 0.1256104 0.5415039
vn 0.8310547 0.1256104 0.5415039
vn 0.8310547 0.1256104 0.5415039
vn 1 1.192093E-07 0.01754761
vn 1 1.192093E-07 0.01754761
vn 1 1.192093E-07 0.01754761
vn 1 1.192093E-07 0.01754761
vn 0.01754761 0 -1
vn 0.01754761 0 -1
vn 0.01754761 0 -1
vn 0.01754761 0 -1
vn -0.01754761 0 1
vn -0.01754761 0 1
vn -0.01754761 0 1
vn -0.01754761 0 1
vn 0.2631836 0.09283447 0.9604492
vn 0.2575684 0.09295654 0.9619141
vn 0.2575684 0.09295654 0.9619141
vn 0.2631836 0.09283447 0.9604492
vn -0.2373047 -0.07342529 0.96875
vn -0.2373047 -0.07342529 0.96875
vn -0.2373047 -0.07342529 0.96875
vn -0.2373047 -0.07342529 0.96875
vn -0.01754761 0 1
vn -0.01754761 0 1
vn -0.01754761 0 1
vn -0.01754761 0 1
vn -0.1934814 0.2524414 0.9482422
vn -0.1934814 0.2524414 0.9482422
vn -0.1934814 0.2524414 0.9482422
vn -0.1934814 0.2524414 0.9482422
vn 0.6069336 0.1312256 0.7836914
vn 0.6069336 0.1308594 0.7836914
vn 0.6069336 0.1312256 0.7836914
vn 0.6069336 0.1308594 0.7836914
vn -1 -1.192093E-07 -0.01754761
vn -1 -1.192093E-07 -0.01754761
vn -1 -1.192093E-07 -0.01754761
vn -1 -1.192093E-07 -0.01754761
vn 0.01754761 0 -1
vn 0.01754761 0 -1
vn 0.01754761 0 -1
vn 0.01754761 0 -1
vn 0.01754761 0 -1
vn 0.01754761 0 -1
vn 0.01754761 0 -1
vn 0.01754761 0 -1
vn 0.01754761 0 -1
vn 0.01754761 0 -1
vn 0.01754761 0 -1
vn -0.01754761 0 1
vn -0.01754761 0 1
vn -0.01754761 0 1
vn -0.01754761 0 1
vn -0.01754761 0 1
vn 0.03118896 0 0.9995117
vn 0.03042603 0 0.9995117
vn 0.03042603 0 0.9995117
vn 0.03118896 0 0.9995117
vn 1 1.192093E-07 0.01754761
vn 1 1.192093E-07 0.01754761
vn 1 1.192093E-07 0.01754761
vn 1 1.192093E-07 0.01754761
vn 0 1 -1.192093E-07
vn 0 1 -1.192093E-07
vn 0 1 -1.192093E-07
vn 0 1 -1.192093E-07
vn 0 1 -1.192093E-07
vn 0 1 -1.192093E-07
vn 0 1 -1.192093E-07
vn 0 1 -1.192093E-07
vn 0 1 -1.192093E-07
vn 0 1 -1.192093E-07
vn 0 1 -1.192093E-07
vn 0 1 -1.192093E-07
vn 0 1 -1.192093E-07
vn 0 1 -1.192093E-07
vn 0 1 -1.192093E-07
vn 0 1 -1.192093E-07
vn 0 1 -1.192093E-07
vn 0 1 -1.192093E-07
vn 0 1 -1.192093E-07
vn 0 1 -1.192093E-07
vn 0 1 -1.192093E-07
vn 0 1 -1.192093E-07
vn 0 1 -1.192093E-07
vn 0 1 -1.192093E-07
vn -1 -1.192093E-07 -0.01754761
vn -1 -1.192093E-07 -0.01754761
vn -1 -1.192093E-07 -0.01754761
vn -1 -1.192093E-07 -0.01754761
vn -1 -1.192093E-07 -0.01754761
vn -0.01754761 0 1
vn -0.01754761 0 1
vn -0.01754761 0 1
vn -0.01754761 0 1
vn -0.239624 0 0.9707031
vn -0.239502 0 0.9707031
vn -0.239502 0 0.9707031
vn -0.239624 0 0.9707031
vn 0.9863281 -4.172325E-07 0.1639404
vn 0.9863281 1.192093E-07 0.1639404
vn 0.9863281 -4.172325E-07 0.1639404
vn 0.9863281 1.192093E-07 0.1639404
vn 0 1 -1.192093E-07
vn 0 1 -1.192093E-07
vn 0 1 -1.192093E-07
vn 0 1 -1.192093E-07
vn 0 1 -1.192093E-07
vn 0 1 -1.192093E-07
vn 0 1 -1.192093E-07
vn 0 1 -1.192093E-07
vn 0 1 -1.192093E-07
vn 0 1 -1.192093E-07
vn 0 1 -1.192093E-07
vn 0 1 -1.192093E-07
vn 0 1 -1.192093E-07
vn 0 1 -1.192093E-07
vn 0 1 -1.192093E-07
vn 0 1 -1.192093E-07
vn 0 1 -1.192093E-07
vn 0 1 -1.192093E-07
vn 0 1 -1.192093E-07
vn 0 1 -1.192093E-07
vn 0 1 -1.192093E-07
vn 0 1 -1.192093E-07
vn 0 1 -1.192093E-07
vn 0 1 -1.192093E-07
vn 0 1 -1.192093E-07
vn 0 1 -1.192093E-07
vn 0 1 -1.192093E-07
vn 0 1 -1.192093E-07
vn 0 1 -1.192093E-07
vn 0 1 -1.192093E-07
vn -1 4.172325E-07 -0.01754761
vn -1 -1.192093E-07 -0.01754761
vn -1 4.172325E-07 -0.01754761
vn -1 -1.192093E-07 -0.01754761
vn -1 4.172325E-07 -0.01754761
vn -1 4.172325E-07 -0.01754761
vn -1 -1.192093E-07 -0.01754761
vn -1 -1.192093E-07 -0.01754761
vn -1 4.172325E-07 -0.01754761
vn 0.01754761 0 -1
vn 0.01754761 0 -1
vn 0.01754761 0 -1
vn 0.01754761 0 -1
vn -0.01754761 0 1
vn -0.01754761 0 1
vn -0.01754761 0 1
vn -0.01754761 0 1
vn -0.01754761 0 1
vn 0.9980469 -4.172325E-07 -0.06152344
vn 0.9980469 1.192093E-07 -0.06152344
vn 0.9980469 -4.172325E-07 -0.06152344
vn 0.9980469 1.192093E-07 -0.06152344
vn -1 4.172325E-07 -0.01754761
vn -1 -1.192093E-07 -0.01754761
vn -1 -1.192093E-07 -0.01754761
vn -1 4.172325E-07 -0.01754761
vn -0.1184692 0.1295166 -0.984375
vn -0.1184692 0.1296387 -0.984375
vn -0.1184692 0.1295166 -0.984375
vn -0.1184692 0.1296387 -0.984375
vn 0.3088379 -2.801418E-06 0.9511719
vn 0.3088379 5.960464E-08 0.9511719
vn 0.3088379 -2.801418E-06 0.9511719
vn 0.3088379 5.960464E-08 0.9511719
vn 0.09814453 0.130249 -0.9868164
vn 0.09661865 0.1303711 -0.9868164
vn 0.09661865 0.130249 -0.9868164
vn 0.09814453 0.1303711 -0.9868164
vn -0.01754761 7.152557E-07 1
vn -0.01754761 0 1
vn -0.01754761 6.556511E-07 1
vn -0.01754761 0 1
vn -0.01754761 0 1
vn -0.01754761 0 1
vn -0.01754761 0 1
vn -0.2773438 1.192093E-07 -0.9609375
vn -0.2773438 -5.960464E-08 -0.9609375
vn -0.2773438 1.192093E-07 -0.9609375
vn -0.2773438 -5.960464E-08 -0.9609375
vn 0.01754761 0 -1
vn 0.01754761 0 -1
vn 0.01754761 0 -1
vn 0.01754761 0 -1
vn 0.01754761 0 -1
vn 0.01754761 0 -1
vn 0.9414063 0.3286133 -0.07507324
vn 0.9414063 0.3283691 -0.07507324
vn 0.9414063 0.3286133 -0.07507324
vn 0.9414063 0.3283691 -0.07507324
vn 0.9238281 0.3237305 0.2053223
vn 0.9238281 0.3237305 0.2053223
vn 0.9238281 0.3237305 0.2053223
vn 0.9238281 0.3237305 0.2053223
vn 1 -4.172325E-07 0.01754761
vn 1 1.192093E-07 0.01754761
vn 1 -4.172325E-07 0.01754761
vn 1 1.192093E-07 0.01754761
vn -0.004055023 0.9731445 0.2310791
vn -0.004055023 0.9731445 0.2310791
vn -0.004055023 0.9731445 0.2310791
vn -0.004055023 0.9731445 0.2310791
vn 0.00806427 0.8881836 -0.4592285
vn 0.008102417 0.887207 -0.4616699
vn 0.00806427 0.8881836 -0.4592285
vn 0.008102417 0.887207 -0.4616699
vn 0.004055023 0.9731445 -0.2310791
vn 0.001227379 0.9975586 -0.06994629
vn 0.001227379 0.9975586 -0.06994629
vn 0.004055023 0.9731445 -0.2310791
vn -0.009361267 0.8457031 0.5332031
vn 0.001227379 0.9975586 -0.06994629
vn 0.001227379 0.9975586 -0.06994629
vn -0.009361267 0.8457031 0.5332031
vn -1 -1.192093E-07 -0.01754761
vn -1 -1.192093E-07 -0.01754761
vn -1 -1.192093E-07 -0.01754761
vn -1 -1.192093E-07 -0.01754761
vn 1 1.192093E-07 0.01754761
vn 1 1.192093E-07 0.01754761
vn 1 1.192093E-07 0.01754761
vn 1 1.192093E-07 0.01754761
vn -0.003698349 0.9775391 0.2106934
vn -0.003698349 0.9775391 0.2106934
vn -0.003698349 0.9775391 0.2106934
vn -0.003698349 0.9775391 0.2106934
vn 1 1.192093E-07 0.01754761
vn 1 1.192093E-07 0.01754761
vn 1 1.192093E-07 0.01754761
vn 1 1.192093E-07 0.01754761
vn -1 -1.192093E-07 -0.01754761
vn -1 -1.192093E-07 -0.01754761
vn -1 -1.192093E-07 -0.01754761
vn -1 -1.192093E-07 -0.01754761
vn 0.005004883 0.9584961 -0.2851563
vn 0.004955292 0.9594727 -0.2822266
vn 0.004955292 0.9594727 -0.2822266
vn 0.005004883 0.9584961 -0.2851563
vn -0.004756927 -0.9624023 0.2709961
vn -0.004707336 -0.9633789 0.2683105
vn -0.004756927 -0.9624023 0.2709961
vn -0.004707336 -0.9633789 0.2683105
vn -0.01541901 0.4775391 0.878418
vn -0.01541901 0.4775391 0.878418
vn -0.01541901 0.4775391 0.878418
vn -0.01541901 0.4775391 0.878418
vn 1 1.192093E-07 0.01754761
vn 1 1.192093E-07 0.01754761
vn 1 1.192093E-07 0.01754761
vn 1 1.192093E-07 0.01754761
vn -1 -1.192093E-07 -0.01754761
vn -1 -1.192093E-07 -0.01754761
vn -1 -1.192093E-07 -0.01754761
vn -1 -1.192093E-07 -0.01754761
vn -0.006183624 0.9360352 0.3522949
vn -0.006183624 0.9360352 0.3522949
vn -0.006183624 0.9360352 0.3522949
vn -0.006183624 0.9360352 0.3522949
vn 0.006092072 -0.9379883 -0.347168
vn 0.006092072 -0.9379883 -0.347168
vn 0.006092072 -0.9379883 -0.347168
vn 0.006092072 -0.9379883 -0.347168
vn 0.00869751 0.8686523 -0.4953613
vn 0.00869751 0.8686523 -0.4953613
vn 0.00869751 0.8686523 -0.4953613
vn 0.00869751 0.8686523 -0.4953613
vn 1 1.192093E-07 0.01754761
vn 1 1.192093E-07 0.01754761
vn 1 1.192093E-07 0.01754761
vn 1 1.192093E-07 0.01754761
vn -1 -1.192093E-07 -0.01754761
vn -1 -1.192093E-07 -0.01754761
vn -1 -1.192093E-07 -0.01754761
vn -1 -1.192093E-07 -0.01754761
vn 0.005161285 0.9555664 -0.2939453
vn 0.005161285 0.9555664 -0.2939453
vn 0.005161285 0.9555664 -0.2939453
vn 0.005161285 0.9555664 -0.2939453
vn -0.005062103 -0.9575195 0.2883301
vn -0.005062103 -0.9575195 0.2883301
vn -0.005062103 -0.9575195 0.2883301
vn -0.005062103 -0.9575195 0.2883301
vn -0.01100159 0.7792969 0.6269531
vn -0.01100159 0.7792969 0.6269531
vn -0.01100159 0.7792969 0.6269531
vn -0.01100159 0.7792969 0.6269531
vn 1 1.192093E-07 0.01754761
vn 1 1.192093E-07 0.01754761
vn 1 1.192093E-07 0.01754761
vn 1 1.192093E-07 0.01754761
vn -1 -1.192093E-07 -0.01754761
vn -1 -1.192093E-07 -0.01754761
vn -1 -1.192093E-07 -0.01754761
vn -1 -1.192093E-07 -0.01754761
vn -0.005161285 0.9555664 0.2939453
vn -0.005161285 0.9555664 0.2939453
vn -0.005161285 0.9555664 0.2939453
vn -0.005161285 0.9555664 0.2939453
vn 0.00485611 -0.9609375 -0.2766113
vn 0.004905701 -0.9599609 -0.279541
vn 0.00485611 -0.9609375 -0.2766113
vn 0.004905701 -0.9599609 -0.279541
vn 0.01235199 0.7099609 -0.7041016
vn 0.01238251 0.7084961 -0.7055664
vn 0.01238251 0.7084961 -0.7055664
vn 0.01235199 0.7099609 -0.7041016
vn 1 1.192093E-07 0.01754761
vn 1 1.192093E-07 0.01754761
vn 1 1.192093E-07 0.01754761
vn 1 1.192093E-07 0.01754761
vn -0.004207611 0.9707031 0.239624
vn -0.004207611 0.9707031 0.239624
vn -0.004207611 0.9707031 0.239624
vn -0.004207611 0.9707031 0.239624
vn -1 -1.192093E-07 -0.01449585
vn -1 -1.192093E-07 -0.01449585
vn -1 -1.192093E-07 -0.01449585
vn -1 -1.192093E-07 -0.01449585
vn 0.004081726 -0.9726563 -0.2324219
vn 0.004104614 -0.972168 -0.2338867
vn 0.004081726 -0.9726563 -0.2324219
vn 0.004104614 -0.972168 -0.2338867
vn -0.01707458 -0.2318115 0.9726563
vn -0.01707458 -0.2318115 0.9726563
vn -0.01707458 -0.2318115 0.9726563
vn -0.01707458 -0.2318115 0.9726563
vn 0.01721191 0.1955566 -0.9804688
vn 0.01721191 0.1955566 -0.9804688
vn 0.01721191 0.1955566 -0.9804688
vn 0.01721191 0.1955566 -0.9804688
vn 1 1.192093E-07 0.01754761
vn 1 1.192093E-07 0.01754761
vn 1 1.192093E-07 0.01754761
vn 1 1.192093E-07 0.01754761
vn -1 -1.192093E-07 -0.01754761
vn -1 -1.192093E-07 -0.01754761
vn -1 -1.192093E-07 -0.01754761
vn -1 -1.192093E-07 -0.01754761
vn 0.01754761 0 -1
vn 0.01754761 0 -1
vn 0.01754761 0 -1
vn 0.01754761 0 -1
vn -0.01754761 0 1
vn -0.01754761 0 1
vn -0.01754761 0 1
vn -0.01754761 0 1
vn 0 1 -1.192093E-07
vn 0 1 -1.192093E-07
vn 0 1 -1.192093E-07
vn 0 1 -1.192093E-07
vn -0.9179688 0.003042221 -0.3964844
vn -0.9174805 0.006080627 -0.3977051
vn -0.9174805 0.003040314 -0.3977051
vn -0.9174805 0.006080627 -0.3977051
vn -0.9174805 0.01216125 -0.3977051
vn -0.9174805 0.01216125 -0.3977051
vn -0.3955078 0.003059387 0.918457
vn -0.3955078 0.006118774 0.918457
vn -0.3955078 0.003059387 0.918457
vn -0.3955078 0.006118774 0.918457
vn -0.3955078 0.01223755 0.918457
vn -0.3955078 0.01223755 0.918457
vn 0.3630371 0.003059387 0.9316406
vn 0.3630371 0.006118774 0.9316406
vn 0.3630371 0.003059387 0.9316406
vn 0.3630371 0.006118774 0.9316406
vn 0.3630371 0.01223755 0.9316406
vn 0.3630371 0.01223755 0.9316406
vn 0.9174805 0.003040314 0.3977051
vn 0.9174805 0.006080627 0.3977051
vn 0.9174805 0.003040314 0.3977051
vn 0.9174805 0.006080627 0.3977051
vn 0.9174805 0.01216125 0.3977051
vn 0.9174805 0.01216125 0.3977051
vn 0.3950195 0.003053665 -0.9189453
vn 0.3950195 0.00610733 -0.918457
vn 0.3950195 0.003053665 -0.9189453
vn 0.3955078 0.006118774 -0.918457
vn 0.3950195 0.01221466 -0.918457
vn 0.3955078 0.01223755 -0.918457
vn -0.3625488 0.003053665 -0.9321289
vn -0.3630371 0.006118774 -0.9316406
vn -0.3625488 0.003053665 -0.9321289
vn -0.3625488 0.00610733 -0.9321289
vn -0.3630371 0.01223755 -0.9316406
vn -0.3623047 0.01221466 -0.9321289
vn -0.8647461 -0.3312988 -0.3771973
vn -0.8642578 -0.3310547 -0.3786621
vn -0.8642578 -0.3310547 -0.3786621
vn -0.8647461 -0.3312988 -0.3771973
vn -0.8769531 -0.3310547 0.3479004
vn -0.8769531 -0.3310547 0.3479004
vn -0.8769531 -0.3310547 0.3479004
vn -0.8769531 -0.3310547 0.3479004
vn -0.3806152 -0.3288574 0.8642578
vn -0.3806152 -0.3288574 0.8642578
vn -0.3806152 -0.3288574 0.8642578
vn -0.3806152 -0.3288574 0.8642578
vn 0.3500977 -0.3288574 0.8769531
vn 0.3500977 -0.3288574 0.8769531
vn 0.3500977 -0.3288574 0.8769531
vn 0.3500977 -0.3288574 0.8769531
vn 0.8642578 -0.3310547 0.3786621
vn 0.8642578 -0.3310547 0.3786621
vn 0.8642578 -0.3310547 0.3786621
vn 0.8642578 -0.3310547 0.3786621
vn 0.8769531 -0.3310547 -0.3479004
vn 0.8774414 -0.3312988 -0.3466797
vn 0.8774414 -0.3312988 -0.3466797
vn 0.8769531 -0.3310547 -0.3479004
vn 0.3806152 -0.3288574 -0.8642578
vn 0.3806152 -0.3288574 -0.8642578
vn 0.3806152 -0.3288574 -0.8642578
vn 0.3806152 -0.3288574 -0.8642578
vn -0.3500977 -0.3288574 -0.8769531
vn -0.3500977 -0.3288574 -0.8769531
vn -0.3500977 -0.3288574 -0.8769531
vn -0.3500977 -0.3288574 -0.8769531
vn 0 -1 1.192093E-07
vn 0 -1 1.192093E-07
vn 0 -1 1.192093E-07
vn 0 -1 1.192093E-07
vn 0 -1 1.192093E-07
vn 0 -1 1.192093E-07
vn 0 -1 1.192093E-07
vn 0 -1 1.192093E-07
vn 1 1.192093E-07 0.01754761
vn 1 1.192093E-07 0.01754761
vn 1 1.192093E-07 0.01754761
vn 1 1.192093E-07 0.01754761
vn -1 -1.192093E-07 -0.01754761
vn -1 -1.192093E-07 -0.01754761
vn -1 -1.192093E-07 -0.01754761
vn -1 -1.192093E-07 -0.01754761
vn 0 -1 1.192093E-07
vn 0 -1 1.192093E-07
vn 0 -1 1.192093E-07
vn 0 -1 1.192093E-07
vn 0.01754761 0 -1
vn 0.01754761 0 -1
vn 0.01754761 0 -1
vn 0.01754761 0 -1
vn -0.01754761 0 1
vn -0.01754761 0 1
vn -0.01754761 0 1
vn -0.01754761 0 1
vn -0.9179688 0.003042221 -0.3964844
vn -0.9179688 0.006084442 -0.3964844
vn -0.9179688 0.003042221 -0.3964844
vn -0.9179688 0.006084442 -0.3964844
vn -0.9179688 0.01216888 -0.3964844
vn -0.9179688 0.01216888 -0.3964844
vn -0.3950195 0.003053665 0.9189453
vn -0.3950195 0.00610733 0.918457
vn -0.3950195 0.003053665 0.9189453
vn -0.3950195 0.00610733 0.918457
vn -0.3950195 0.01221466 0.918457
vn -0.3950195 0.01221466 0.918457
vn 0.3625488 0.003053665 0.9321289
vn 0.3625488 0.00610733 0.9321289
vn 0.3625488 0.003053665 0.9321289
vn 0.3625488 0.00610733 0.9321289
vn 0.3623047 0.01221466 0.9321289
vn 0.3623047 0.01221466 0.9321289
vn 0.9179688 0.003042221 0.3964844
vn 0.9179688 0.006084442 0.3964844
vn 0.9179688 0.003042221 0.3964844
vn 0.9179688 0.006084442 0.3964844
vn 0.9179688 0.01216888 0.3964844
vn 0.9179688 0.01216888 0.3964844
vn 0.3950195 0.003053665 -0.9189453
vn 0.3959961 0.006126404 -0.918457
vn 0.3959961 0.003063202 -0.918457
vn 0.3950195 0.00610733 -0.918457
vn 0.3959961 0.01225281 -0.9179688
vn 0.3950195 0.01221466 -0.918457
vn -0.3635254 0.003063202 -0.9316406
vn -0.3625488 0.00610733 -0.9321289
vn -0.3625488 0.003053665 -0.9321289
vn -0.3635254 0.006126404 -0.9316406
vn -0.3623047 0.01221466 -0.9321289
vn -0.3635254 0.01225281 -0.9316406
vn -0.8647461 -0.3312988 -0.3771973
vn -0.8647461 -0.3312988 -0.3771973
vn -0.8647461 -0.3312988 -0.3771973
vn -0.8647461 -0.3312988 -0.3771973
vn -0.8774414 -0.3312988 0.3466797
vn -0.8774414 -0.3312988 0.3466797
vn -0.8774414 -0.3312988 0.3466797
vn -0.8774414 -0.3312988 0.3466797
vn -0.3806152 -0.3288574 0.8642578
vn -0.3806152 -0.3288574 0.8642578
vn -0.3806152 -0.3288574 0.8642578
vn -0.3806152 -0.3288574 0.8642578
vn 0.3500977 -0.3288574 0.8769531
vn 0.3500977 -0.3288574 0.8769531
vn 0.3500977 -0.3288574 0.8769531
vn 0.3500977 -0.3288574 0.8769531
vn 0.8647461 -0.3312988 0.3771973
vn 0.8647461 -0.3312988 0.3771973
vn 0.8647461 -0.3312988 0.3771973
vn 0.8647461 -0.3312988 0.3771973
vn 0.8774414 -0.3312988 -0.3466797
vn 0.8774414 -0.3312988 -0.3466797
vn 0.8774414 -0.3312988 -0.3466797
vn 0.8774414 -0.3312988 -0.3466797
vn 0.3806152 -0.3288574 -0.8642578
vn 0.3806152 -0.3288574 -0.8642578
vn 0.3806152 -0.3288574 -0.8642578
vn 0.3806152 -0.3288574 -0.8642578
vn -0.3500977 -0.3288574 -0.8769531
vn -0.3500977 -0.3288574 -0.8769531
vn -0.3500977 -0.3288574 -0.8769531
vn -0.3500977 -0.3288574 -0.8769531
vn 0 -1 1.192093E-07
vn 0 -1 1.192093E-07
vn 0 -1 1.192093E-07
vn 0 -1 1.192093E-07
vn 0 -1 1.192093E-07
vn 0 -1 1.192093E-07
vn 0 -1 1.192093E-07
vn 0 -1 1.192093E-07
vn 1 1.192093E-07 0.01754761
vn 1 1.192093E-07 0.01754761
vn 1 1.192093E-07 0.01754761
vn 1 1.192093E-07 0.01754761
vn -1 -1.192093E-07 -0.01754761
vn -1 -1.192093E-07 -0.01754761
vn -1 -1.192093E-07 -0.01754761
vn -1 -1.192093E-07 -0.01754761
vn 0 -1 1.192093E-07
vn 0 -1 1.192093E-07
vn 0 -1 1.192093E-07
vn 0 -1 1.192093E-07
vn 0.01754761 0 -1
vn 0.01754761 0 -1
vn 0.01754761 0 -1
vn 0.01754761 0 -1
vn -0.01754761 0 1
vn -0.01754761 0 1
vn -0.01754761 0 1
vn -0.01754761 0 1
vn -0.9174805 0.003040314 -0.3977051
vn -0.9174805 0.006080627 -0.3977051
vn -0.9174805 0.003040314 -0.3977051
vn -0.9174805 0.006080627 -0.3977051
vn -0.9174805 0.01216125 -0.3977051
vn -0.9174805 0.01216125 -0.3977051
vn -0.3950195 0.003053665 0.9189453
vn -0.3950195 0.00610733 0.918457
vn -0.3950195 0.003053665 0.9189453
vn -0.3955078 0.006118774 0.918457
vn -0.3950195 0.01221466 0.918457
vn -0.3955078 0.01223755 0.918457
vn 0.3625488 0.003053665 0.9321289
vn 0.3630371 0.006118774 0.9316406
vn 0.3625488 0.003053665 0.9321289
vn 0.3625488 0.00610733 0.9321289
vn 0.3630371 0.01223755 0.9316406
vn 0.3623047 0.01221466 0.9321289
vn 0.9179688 0.003042221 0.3964844
vn 0.9174805 0.006080627 0.3977051
vn 0.9174805 0.003040314 0.3977051
vn 0.9174805 0.006080627 0.3977051
vn 0.9174805 0.01216125 0.3977051
vn 0.9174805 0.01216125 0.3977051
vn 0.3955078 0.003059387 -0.918457
vn 0.3955078 0.006118774 -0.918457
vn 0.3955078 0.003059387 -0.918457
vn 0.3955078 0.006118774 -0.918457
vn 0.3955078 0.01223755 -0.918457
vn 0.3955078 0.01223755 -0.918457
vn -0.3630371 0.003059387 -0.9316406
vn -0.3630371 0.006118774 -0.9316406
vn -0.3630371 0.003059387 -0.9316406
vn -0.3630371 0.006118774 -0.9316406
vn -0.3630371 0.01223755 -0.9316406
vn -0.3630371 0.01223755 -0.9316406
vn -0.8642578 -0.3310547 -0.3786621
vn -0.8642578 -0.3310547 -0.3786621
vn -0.8642578 -0.3310547 -0.3786621
vn -0.8642578 -0.3310547 -0.3786621
vn -0.8769531 -0.3310547 0.3479004
vn -0.8774414 -0.3312988 0.3466797
vn -0.8774414 -0.3312988 0.3466797
vn -0.8769531 -0.3310547 0.3479004
vn -0.3806152 -0.3288574 0.8642578
vn -0.3806152 -0.3288574 0.8642578
vn -0.3806152 -0.3288574 0.8642578
vn -0.3806152 -0.3288574 0.8642578
vn 0.3500977 -0.3288574 0.8769531
vn 0.3500977 -0.3288574 0.8769531
vn 0.3500977 -0.3288574 0.8769531
vn 0.3500977 -0.3288574 0.8769531
vn 0.8647461 -0.3312988 0.3771973
vn 0.8642578 -0.3310547 0.3786621
vn 0.8642578 -0.3310547 0.3786621
vn 0.8647461 -0.3312988 0.3771973
vn 0.8769531 -0.3310547 -0.3479004
vn 0.8769531 -0.3310547 -0.3479004
vn 0.8769531 -0.3310547 -0.3479004
vn 0.8769531 -0.3310547 -0.3479004
vn 0.3806152 -0.3288574 -0.8642578
vn 0.3806152 -0.3288574 -0.8642578
vn 0.3806152 -0.3288574 -0.8642578
vn 0.3806152 -0.3288574 -0.8642578
vn -0.3500977 -0.3288574 -0.8769531
vn -0.3500977 -0.3288574 -0.8769531
vn -0.3500977 -0.3288574 -0.8769531
vn -0.3500977 -0.3288574 -0.8769531
vn 0 -1 1.192093E-07
vn 0 -1 1.192093E-07
vn 0 -1 1.192093E-07
vn 0 -1 1.192093E-07
vn 0 -1 1.192093E-07
vn 0 -1 1.192093E-07
vn 0 -1 1.192093E-07
vn 0 -1 1.192093E-07
vn 1 1.192093E-07 0.01754761
vn 1 1.192093E-07 0.01754761
vn 1 1.192093E-07 0.01754761
vn 1 1.192093E-07 0.01754761
vn -1 -1.192093E-07 -0.01754761
vn -1 -1.192093E-07 -0.01754761
vn -1 -1.192093E-07 -0.01754761
vn -1 -1.192093E-07 -0.01754761
vn 0 -1 1.192093E-07
vn 0 -1 1.192093E-07
vn 0 -1 1.192093E-07
vn 0 -1 1.192093E-07
vn 0.01754761 0 -1
vn 0.01754761 0 -1
vn 0.01754761 0 -1
vn 0.01754761 0 -1
vn -0.01754761 0 1
vn -0.01754761 0 1
vn -0.01754761 0 1
vn -0.01754761 0 1
vn -0.9179688 0.003042221 -0.3964844
vn -0.9179688 0.006084442 -0.3964844
vn -0.9179688 0.003042221 -0.3964844
vn -0.9179688 0.006084442 -0.3964844
vn -0.9179688 0.01216888 -0.3964844
vn -0.9179688 0.01216888 -0.3964844
vn -0.3950195 0.003053665 0.9189453
vn -0.3959961 0.006126404 0.918457
vn -0.3959961 0.003063202 0.918457
vn -0.3950195 0.00610733 0.918457
vn -0.3959961 0.01225281 0.9179688
vn -0.3950195 0.01221466 0.918457
vn 0.3635254 0.003063202 0.9316406
vn 0.3625488 0.00610733 0.9321289
vn 0.3625488 0.003053665 0.9321289
vn 0.3635254 0.006126404 0.9316406
vn 0.3623047 0.01221466 0.9321289
vn 0.3635254 0.01225281 0.9316406
vn 0.9179688 0.003042221 0.3964844
vn 0.9179688 0.006084442 0.3964844
vn 0.9179688 0.003042221 0.3964844
vn 0.9179688 0.006084442 0.3964844
vn 0.9179688 0.01216888 0.3964844
vn 0.9179688 0.01216888 0.3964844
vn 0.3950195 0.003053665 -0.9189453
vn 0.3950195 0.00610733 -0.918457
vn 0.3950195 0.003053665 -0.9189453
vn 0.3950195 0.00610733 -0.918457
vn 0.3950195 0.01221466 -0.918457
vn 0.3950195 0.01221466 -0.918457
vn -0.3625488 0.003053665 -0.9321289
vn -0.3625488 0.00610733 -0.9321289
vn -0.3625488 0.003053665 -0.9321289
vn -0.3625488 0.00610733 -0.9321289
vn -0.3623047 0.01221466 -0.9321289
vn -0.3623047 0.01221466 -0.9321289
vn -0.8647461 -0.3312988 -0.3771973
vn -0.8647461 -0.3312988 -0.3771973
vn -0.8647461 -0.3312988 -0.3771973
vn -0.8647461 -0.3312988 -0.3771973
vn -0.8774414 -0.3312988 0.3466797
vn -0.8774414 -0.3312988 0.3466797
vn -0.8774414 -0.3312988 0.3466797
vn -0.8774414 -0.3312988 0.3466797
vn -0.3806152 -0.3288574 0.8642578
vn -0.3806152 -0.3288574 0.8642578
vn -0.3806152 -0.3288574 0.8642578
vn -0.3806152 -0.3288574 0.8642578
vn 0.3500977 -0.3288574 0.8769531
vn 0.3500977 -0.3288574 0.8769531
vn 0.3500977 -0.3288574 0.8769531
vn 0.3500977 -0.3288574 0.8769531
vn 0.8647461 -0.3312988 0.3771973
vn 0.8647461 -0.3312988 0.3771973
vn 0.8647461 -0.3312988 0.3771973
vn 0.8647461 -0.3312988 0.3771973
vn 0.8774414 -0.3312988 -0.3466797
vn 0.8774414 -0.3312988 -0.3466797
vn 0.8774414 -0.3312988 -0.3466797
vn 0.8774414 -0.3312988 -0.3466797
vn 0.3806152 -0.3288574 -0.8642578
vn 0.3806152 -0.3288574 -0.8642578
vn 0.3806152 -0.3288574 -0.8642578
vn 0.3806152 -0.3288574 -0.8642578
vn -0.3500977 -0.3288574 -0.8769531
vn -0.3500977 -0.3288574 -0.8769531
vn -0.3500977 -0.3288574 -0.8769531
vn -0.3500977 -0.3288574 -0.8769531
vn 0 -1 1.192093E-07
vn 0 -1 1.192093E-07
vn 0 -1 1.192093E-07
vn 0 -1 1.192093E-07
vn 0 -1 1.192093E-07
vn 0 -1 1.192093E-07
vn 0 -1 1.192093E-07
vn 0 -1 1.192093E-07
vn 1 1.192093E-07 0.01754761
vn 1 1.192093E-07 0.01754761
vn 1 1.192093E-07 0.01754761
vn 1 1.192093E-07 0.01754761
vn -1 -1.192093E-07 -0.01754761
vn -1 -1.192093E-07 -0.01754761
vn -1 -1.192093E-07 -0.01754761
vn -1 -1.192093E-07 -0.01754761
vn 0 -1 1.192093E-07
vn 0 -1 1.192093E-07
vn 0 -1 1.192093E-07
vn 0 -1 1.192093E-07
vn 0.01754761 0 -1
vn 0.01754761 0 -1
vn 0.01754761 0 -1
vn 0.01754761 0 -1
vn -0.01754761 0 1
vn -0.01754761 0 1
vn -0.01754761 0 1
vn -0.01754761 0 1
vn 1 1.192093E-07 0.01754761
vn 1 1.192093E-07 0.01754761
vn 1 1.192093E-07 0.01754761
vn 1 1.192093E-07 0.01754761
vn 0 1 -1.192093E-07
vn 0 1 -1.192093E-07
vn 0 1 -1.192093E-07
vn 0 1 -1.192093E-07
vn -1 -1.192093E-07 -0.01754761
vn -1 -1.192093E-07 -0.01754761
vn -1 -1.192093E-07 -0.01754761
vn -1 -1.192093E-07 -0.01754761
vn 0 -1 1.192093E-07
vn 0 -1 1.192093E-07
vn 0 -1 1.192093E-07
vn 0 -1 1.192093E-07
vn 0.01754761 0 -1
vn 0.01754761 0 -1
vn 0.01754761 0 -1
vn 0.01754761 0 -1
vn -0.01754761 0 1
vn -0.01754761 0 1
vn -0.01754761 0 1
vn -0.01754761 0 1
vn 1 1.192093E-07 0.01754761
vn 1 1.192093E-07 0.01754761
vn 1 1.192093E-07 0.01754761
vn 1 1.192093E-07 0.01754761
vn -1 -1.192093E-07 -0.01754761
vn -1 -1.192093E-07 -0.01754761
vn -1 -1.192093E-07 -0.01754761
vn -1 -1.192093E-07 -0.01754761
vn 1 1.192093E-07 0.01754761
vn 1 1.192093E-07 0.01754761
vn 1 1.192093E-07 0.01754761
vn 1 1.192093E-07 0.01754761
vn -1 -1.192093E-07 -0.01754761
vn -1 -1.192093E-07 -0.01754761
vn -1 -1.192093E-07 -0.01754761
vn -1 -1.192093E-07 -0.01754761
vn 0.01754761 0 -1
vn 0.01754761 0 -1
vn 0.01754761 0 -1
vn 0.01754761 0 -1
vn -0.01754761 0 1
vn -0.01754761 0 1
vn -0.01754761 0 1
vn -0.01754761 0 1
vn -0.9765625 0.2137451 -0.01713562
vn -0.9765625 0.2137451 -0.01713562
vn -0.9765625 0.2137451 -0.01713562
vn -0.9765625 0.2137451 -0.01713562
vn 0.9956055 0.09259033 0.01747131
vn 0.9956055 0.09106445 0.01747131
vn 0.9956055 0.09106445 0.01747131
vn 0.9956055 0.09259033 0.01747131
vn -0.8041992 0.5942383 -0.01411438
vn -0.8891602 0.4570313 -0.01560974
vn -0.8891602 0.4570313 -0.01560974
vn -0.8041992 0.5942383 -0.01411438
vn -0.6708984 0.7412109 -0.01177979
vn -0.6708984 0.7412109 -0.01177979
vn -0.9169922 0.003059387 -0.3986816
vn -0.9169922 0.003059387 -0.3986816
vn -0.9169922 0.003059387 -0.3986816
vn -0.9169922 0.003059387 -0.3986816
vn -0.9306641 0.003059387 0.3662109
vn -0.9306641 0.003059387 0.3662109
vn -0.9306641 0.003059387 0.3662109
vn -0.9306641 0.003059387 0.3662109
vn -0.4001465 0.003047943 0.9165039
vn -0.401123 0.003055573 0.9160156
vn -0.401123 0.003055573 0.9160156
vn -0.4001465 0.003047943 0.9165039
vn 0.3635254 0.003063202 0.9316406
vn 0.3625488 0.00610733 0.9321289
vn 0.3625488 0.003053665 0.9321289
vn 0.3635254 0.003063202 0.9316406
vn 0.9169922 0.003059387 0.3986816
vn 0.9169922 0.006118774 0.3986816
vn 0.9169922 0.003059387 0.3986816
vn 0.9169922 0.006118774 0.3986816
vn 0.9296875 0.003055573 -0.3688965
vn 0.9296875 0.006111145 -0.3688965
vn 0.9296875 0.003055573 -0.3688965
vn 0.9296875 0.006111145 -0.3688965
vn 0.4001465 0.003047943 -0.9165039
vn 0.4001465 0.003047943 -0.9165039
vn 0.4001465 0.003047943 -0.9165039
vn 0.4001465 0.006095886 -0.9165039
vn -0.3676758 0.003047943 -0.9301758
vn -0.3676758 0.003047943 -0.9301758
vn -0.3676758 0.003047943 -0.9301758
vn -0.3676758 0.003047943 -0.9301758
vn -0.6582031 0.7456055 -0.1062622
vn -0.6582031 0.7456055 -0.1032715
vn -0.6157227 0.7714844 -0.1608887
vn -0.4975586 0.8564453 -0.1367188
vn -0.4794922 0.8662109 -0.1396484
vn -0.2226563 0.9580078 -0.1809082
vn -0.2226563 0.9580078 -0.1809082
vn -0.3056641 0.9023438 -0.3041992
vn 0.01754761 0 -1
vn 0.01754761 0 -1
vn 0.01754761 0 -1
vn 0.01754761 0 -1
vn -0.01754761 0 1
vn -0.01754761 0 1
vn -0.01754761 0 1
vn -0.01754761 0 1
vn -0.9760742 0.2165527 -0.01713562
vn -0.9760742 0.2165527 -0.01713562
vn -0.9760742 0.2165527 -0.01713562
vn -0.9760742 0.2165527 -0.01713562
vn 0.3115234 0.9501953 0.005470276
vn -0.07318115 0.9975586 -0.001284599
vn -0.07318115 0.9975586 -0.001284599
vn 0.3115234 0.9501953 0.005470276
vn -0.07318115 0.9975586 -0.001284599
vn -0.512207 0.8588867 -0.008995056
vn -0.07318115 0.9975586 -0.001284599
vn -0.512207 0.8588867 -0.008995056
vn -0.9179688 0.003042221 -0.3964844
vn -0.9174805 0.006080627 -0.3977051
vn -0.9174805 0.003040314 -0.3977051
vn -0.9174805 0.006080627 -0.3977051
vn -0.9174805 0.01216125 -0.3977051
vn -0.9174805 0.01216125 -0.3977051
vn -0.3955078 0.003059387 0.918457
vn -0.3955078 0.006118774 0.918457
vn -0.3955078 0.003059387 0.918457
vn -0.3955078 0.006118774 0.918457
vn -0.3955078 0.01223755 0.918457
vn -0.3955078 0.01223755 0.918457
vn 0.3630371 0.003059387 0.9316406
vn 0.3630371 0.006118774 0.9316406
vn 0.3630371 0.003059387 0.9316406
vn 0.3630371 0.006118774 0.9316406
vn 0.3630371 0.01223755 0.9316406
vn 0.3630371 0.01223755 0.9316406
vn 0.9174805 0.003040314 0.3977051
vn 0.9174805 0.006080627 0.3977051
vn 0.9174805 0.003040314 0.3977051
vn 0.9174805 0.006080627 0.3977051
vn 0.9174805 0.01216125 0.3977051
vn 0.9174805 0.01216125 0.3977051
vn 0.3950195 0.003053665 -0.9189453
vn 0.3950195 0.00610733 -0.918457
vn 0.3950195 0.003053665 -0.9189453
vn 0.3955078 0.006118774 -0.918457
vn 0.3950195 0.01221466 -0.918457
vn 0.3955078 0.01223755 -0.918457
vn -0.3625488 0.003053665 -0.9321289
vn -0.3630371 0.006118774 -0.9316406
vn -0.3625488 0.003053665 -0.9321289
vn -0.3625488 0.00610733 -0.9321289
vn -0.3630371 0.01223755 -0.9316406
vn -0.3623047 0.01221466 -0.9321289
vn -0.8647461 -0.3312988 -0.3771973
vn -0.8642578 -0.3310547 -0.3786621
vn -0.8642578 -0.3310547 -0.3786621
vn -0.8647461 -0.3312988 -0.3771973
vn -0.8769531 -0.3310547 0.3479004
vn -0.8769531 -0.3310547 0.3479004
vn -0.8769531 -0.3310547 0.3479004
vn -0.8769531 -0.3310547 0.3479004
vn -0.3806152 -0.3288574 0.8642578
vn -0.3806152 -0.3288574 0.8642578
vn -0.3806152 -0.3288574 0.8642578
vn -0.3806152 -0.3288574 0.8642578
vn 0.3500977 -0.3288574 0.8769531
vn 0.3500977 -0.3288574 0.8769531
vn 0.3500977 -0.3288574 0.8769531
vn 0.3500977 -0.3288574 0.8769531
vn 0.8642578 -0.3310547 0.3786621
vn 0.8642578 -0.3310547 0.3786621
vn 0.8642578 -0.3310547 0.3786621
vn 0.8642578 -0.3310547 0.3786621
vn 0.8769531 -0.3310547 -0.3479004
vn 0.8774414 -0.3312988 -0.3466797
vn 0.8774414 -0.3312988 -0.3466797
vn 0.8769531 -0.3310547 -0.3479004
vn 0.3806152 -0.3288574 -0.8642578
vn 0.3806152 -0.3288574 -0.8642578
vn 0.3806152 -0.3288574 -0.8642578
vn 0.3806152 -0.3288574 -0.8642578
vn -0.3500977 -0.3288574 -0.8769531
vn -0.3500977 -0.3288574 -0.8769531
vn -0.3500977 -0.3288574 -0.8769531
vn -0.3500977 -0.3288574 -0.8769531
vn 0 -1 1.192093E-07
vn 0 -1 1.192093E-07
vn 0 -1 1.192093E-07
vn 0 -1 1.192093E-07
vn 0 -1 1.192093E-07
vn 0 -1 1.192093E-07
vn 0 -1 1.192093E-07
vn 0 -1 1.192093E-07
vn 1 1.192093E-07 0.01754761
vn 1 1.192093E-07 0.01754761
vn 1 1.192093E-07 0.01754761
vn 1 1.192093E-07 0.01754761
vn -1 -1.192093E-07 -0.01754761
vn -1 -1.192093E-07 -0.01754761
vn -1 -1.192093E-07 -0.01754761
vn -1 -1.192093E-07 -0.01754761
vn 0 -1 1.192093E-07
vn 0 -1 1.192093E-07
vn 0 -1 1.192093E-07
vn 0 -1 1.192093E-07
vn 0.01754761 0 -1
vn 0.01754761 0 -1
vn 0.01754761 0 -1
vn 0.01754761 0 -1
vn -0.01754761 0 1
vn -0.01754761 0 1
vn -0.01754761 0 1
vn -0.01754761 0 1
vn -0.9179688 0.003042221 -0.3964844
vn -0.9179688 0.006084442 -0.3964844
vn -0.9179688 0.003042221 -0.3964844
vn -0.9179688 0.006084442 -0.3964844
vn -0.9179688 0.01216888 -0.3964844
vn -0.9179688 0.01216888 -0.3964844
vn -0.3950195 0.003053665 0.9189453
vn -0.3950195 0.00610733 0.918457
vn -0.3950195 0.003053665 0.9189453
vn -0.3950195 0.00610733 0.918457
vn -0.3950195 0.01221466 0.918457
vn -0.3950195 0.01221466 0.918457
vn 0.3625488 0.003053665 0.9321289
vn 0.3625488 0.00610733 0.9321289
vn 0.3625488 0.003053665 0.9321289
vn 0.3625488 0.00610733 0.9321289
vn 0.3623047 0.01221466 0.9321289
vn 0.3623047 0.01221466 0.9321289
vn 0.9179688 0.003042221 0.3964844
vn 0.9179688 0.006084442 0.3964844
vn 0.9179688 0.003042221 0.3964844
vn 0.9179688 0.006084442 0.3964844
vn 0.9179688 0.01216888 0.3964844
vn 0.9179688 0.01216888 0.3964844
vn 0.3950195 0.003053665 -0.9189453
vn 0.3959961 0.006126404 -0.918457
vn 0.3959961 0.003063202 -0.918457
vn 0.3950195 0.00610733 -0.918457
vn 0.3959961 0.01225281 -0.9179688
vn 0.3950195 0.01221466 -0.918457
vn -0.3635254 0.003063202 -0.9316406
vn -0.3625488 0.00610733 -0.9321289
vn -0.3625488 0.003053665 -0.9321289
vn -0.3635254 0.006126404 -0.9316406
vn -0.3623047 0.01221466 -0.9321289
vn -0.3635254 0.01225281 -0.9316406
vn -0.8647461 -0.3312988 -0.3771973
vn -0.8647461 -0.3312988 -0.3771973
vn -0.8647461 -0.3312988 -0.3771973
vn -0.8647461 -0.3312988 -0.3771973
vn -0.8774414 -0.3312988 0.3466797
vn -0.8774414 -0.3312988 0.3466797
vn -0.8774414 -0.3312988 0.3466797
vn -0.8774414 -0.3312988 0.3466797
vn -0.3806152 -0.3288574 0.8642578
vn -0.3806152 -0.3288574 0.8642578
vn -0.3806152 -0.3288574 0.8642578
vn -0.3806152 -0.3288574 0.8642578
vn 0.3500977 -0.3288574 0.8769531
vn 0.3500977 -0.3288574 0.8769531
vn 0.3500977 -0.3288574 0.8769531
vn 0.3500977 -0.3288574 0.8769531
vn 0.8647461 -0.3312988 0.3771973
vn 0.8647461 -0.3312988 0.3771973
vn 0.8647461 -0.3312988 0.3771973
vn 0.8647461 -0.3312988 0.3771973
vn 0.8774414 -0.3312988 -0.3466797
vn 0.8774414 -0.3312988 -0.3466797
vn 0.8774414 -0.3312988 -0.3466797
vn 0.8774414 -0.3312988 -0.3466797
vn 0.3806152 -0.3288574 -0.8642578
vn 0.3806152 -0.3288574 -0.8642578
vn 0.3806152 -0.3288574 -0.8642578
vn 0.3806152 -0.3288574 -0.8642578
vn -0.3500977 -0.3288574 -0.8769531
vn -0.3500977 -0.3288574 -0.8769531
vn -0.3500977 -0.3288574 -0.8769531
vn -0.3500977 -0.3288574 -0.8769531
vn 0 -1 1.192093E-07
vn 0 -1 1.192093E-07
vn 0 -1 1.192093E-07
vn 0 -1 1.192093E-07
vn 0 -1 1.192093E-07
vn 0 -1 1.192093E-07
vn 0 -1 1.192093E-07
vn 0 -1 1.192093E-07
vn 1 1.192093E-07 0.01754761
vn 1 1.192093E-07 0.01754761
vn 1 1.192093E-07 0.01754761
vn 1 1.192093E-07 0.01754761
vn -1 -1.192093E-07 -0.01754761
vn -1 -1.192093E-07 -0.01754761
vn -1 -1.192093E-07 -0.01754761
vn -1 -1.192093E-07 -0.01754761
vn 0 -1 1.192093E-07
vn 0 -1 1.192093E-07
vn 0 -1 1.192093E-07
vn 0 -1 1.192093E-07
vn 0.01754761 0 -1
vn 0.01754761 0 -1
vn 0.01754761 0 -1
vn 0.01754761 0 -1
vn -0.01754761 0 1
vn -0.01754761 0 1
vn -0.01754761 0 1
vn -0.01754761 0 1
vn -0.9169922 0.003038406 -0.3989258
vn -0.9169922 0.006076813 -0.3989258
vn -0.9169922 0.003038406 -0.3989258
vn -0.9169922 0.006076813 -0.3989258
vn -0.9301758 0.003038406 0.3666992
vn -0.9301758 0.006076813 0.3666992
vn -0.9301758 0.003038406 0.3666992
vn -0.9301758 0.006076813 0.3666992
vn -0.3950195 0.003053665 0.9189453
vn -0.3950195 0.00610733 0.918457
vn -0.3950195 0.003053665 0.9189453
vn -0.3955078 0.006118774 0.918457
vn 0.3625488 0.003053665 0.9321289
vn 0.3630371 0.006118774 0.9316406
vn 0.3625488 0.003053665 0.9321289
vn 0.3625488 0.00610733 0.9321289
vn 0.9179688 0.003042221 0.3964844
vn 0.9174805 0.006080627 0.3977051
vn 0.9174805 0.003040314 0.3977051
vn 0.9174805 0.006080627 0.3977051
vn 0.9306641 0.003040314 -0.3652344
vn 0.9306641 0.006080627 -0.3652344
vn 0.9306641 0.003040314 -0.3652344
vn 0.9306641 0.006080627 -0.3652344
vn 0.3950195 0.003053665 -0.9189453
vn 0.3950195 0.00610733 -0.918457
vn 0.3950195 0.003053665 -0.9189453
vn 0.3950195 0.00610733 -0.918457
vn -0.3630371 0.003059387 -0.9316406
vn -0.3630371 0.006118774 -0.9316406
vn -0.3630371 0.003059387 -0.9316406
vn -0.3630371 0.006118774 -0.9316406
vn -0.9179688 0.003042221 -0.3964844
vn -0.9179688 0.006084442 -0.3964844
vn -0.9179688 0.003042221 -0.3964844
vn -0.9179688 0.006084442 -0.3964844
vn -0.9179688 0.01216888 -0.3964844
vn -0.9179688 0.01216888 -0.3964844
vn -0.3950195 0.003053665 0.9189453
vn -0.3959961 0.006126404 0.918457
vn -0.3959961 0.003063202 0.918457
vn -0.3950195 0.00610733 0.918457
vn -0.40625 0.01219177 0.9135742
vn -0.40625 0.01219177 0.9135742
vn 0.3635254 0.003063202 0.9316406
vn 0.3625488 0.00610733 0.9321289
vn 0.3625488 0.003053665 0.9321289
vn 0.3635254 0.006126404 0.9316406
vn 0.3623047 0.01221466 0.9321289
vn 0.3635254 0.01225281 0.9316406
vn 0.9179688 0.003042221 0.3964844
vn 0.9179688 0.006084442 0.3964844
vn 0.9179688 0.003042221 0.3964844
vn 0.9179688 0.006084442 0.3964844
vn 0.9179688 0.01216888 0.3964844
vn 0.9179688 0.01216888 0.3964844
vn 0.3950195 0.003053665 -0.9189453
vn 0.3950195 0.00610733 -0.918457
vn 0.3950195 0.003053665 -0.9189453
vn 0.3950195 0.00610733 -0.918457
vn 0.40625 0.01219177 -0.9135742
vn 0.40625 0.01219177 -0.9135742
vn -0.3625488 0.003053665 -0.9321289
vn -0.3625488 0.00610733 -0.9321289
vn -0.3625488 0.003053665 -0.9321289
vn -0.3625488 0.00610733 -0.9321289
vn -0.3623047 0.01221466 -0.9321289
vn -0.3623047 0.01221466 -0.9321289
vn 0.1014404 0.9677734 -0.2296143
vn 0.1014404 0.9677734 -0.2296143
vn 0.1014404 0.9677734 -0.2296143
vn 0.1014404 0.9677734 -0.2296143
vn -0.05041504 0.9946289 0.09063721
vn -0.05041504 0.9946289 0.09063721
vn -0.05041504 0.9946289 0.09063721
vn -0.05041504 0.9946289 0.09063721
vn 1 1.192093E-07 0.01754761
vn 1 1.192093E-07 0.01754761
vn 1 1.192093E-07 0.01754761
vn 1 1.192093E-07 0.01754761
vn 0.0004813671 0.9995117 -0.02742004
vn 0.0004279613 0.9995117 -0.02438354
vn 0.0004279613 0.9995117 -0.02438354
vn 0.0004813671 0.9995117 -0.02742004
vn -1 -1.192093E-07 -0.01754761
vn -1 -1.192093E-07 -0.01754761
vn -1 -1.192093E-07 -0.01754761
vn -1 -1.192093E-07 -0.01754761
vn 0 -1 1.192093E-07
vn 0 -1 1.192093E-07
vn 0 -1 1.192093E-07
vn 0 -1 1.192093E-07
vn 0.01681519 0.2868652 -0.9580078
vn 0.0168457 0.28125 -0.9594727
vn 0.01681519 0.2868652 -0.9580078
vn 0.0168457 0.28125 -0.9594727
vn -0.01538086 0.4816895 0.8764648
vn -0.01542664 0.4768066 0.8789063
vn -0.01538086 0.4816895 0.8764648
vn -0.01542664 0.4768066 0.8789063
vn -0.01754761 0 1
vn -0.01754761 0 1
vn -0.01754761 0 1
vn -0.01754761 0 1
vn 0 -1 1.192093E-07
vn 0 -1 1.192093E-07
vn 0 -1 1.192093E-07
vn 0 -1 1.192093E-07
vn 0.01754761 0 -1
vn 0.01754761 0 -1
vn 0.01754761 0 -1
vn 0.01754761 0 -1
vn 0 1 -1.192093E-07
vn 0 1 -1.192093E-07
vn 0 1 -1.192093E-07
vn 0 1 -1.192093E-07
vn -1 -1.192093E-07 -0.01754761
vn -1 -1.192093E-07 -0.01754761
vn -1 -1.192093E-07 -0.01754761
vn -1 -1.192093E-07 -0.01754761
vn 1 1.192093E-07 0.01754761
vn 1 1.192093E-07 0.01754761
vn 1 1.192093E-07 0.01754761
vn 1 1.192093E-07 0.01754761
vn -0.01754761 0 1
vn -0.01754761 0 1
vn -0.01754761 0 1
vn -0.01754761 0 1
vn 0 -1 1.192093E-07
vn 0 -1 1.192093E-07
vn 0 -1 1.192093E-07
vn 0 -1 1.192093E-07
vn 0.01754761 0 -1
vn 0.01754761 0 -1
vn 0.01754761 0 -1
vn 0.01754761 0 -1
vn 0 1 -1.192093E-07
vn 0 1 -1.192093E-07
vn 0 1 -1.192093E-07
vn 0 1 -1.192093E-07
vn -1 -1.192093E-07 -0.01754761
vn -1 -1.192093E-07 -0.01754761
vn -1 -1.192093E-07 -0.01754761
vn -1 -1.192093E-07 -0.01754761
vn 1 1.192093E-07 0.01754761
vn 1 1.192093E-07 0.01754761
vn 1 1.192093E-07 0.01754761
vn 1 1.192093E-07 0.01754761
vn -0.006877899 0 1
vn -0.006877899 0 1
vn -0.006877899 0 1
vn -0.006877899 0 1
vn 0 -1 1.192093E-07
vn 0 -1 1.192093E-07
vn 0 -1 1.192093E-07
vn 0 -1 1.192093E-07
vn 0.006877899 0 -1
vn 0.006877899 0 -1
vn 0.006877899 0 -1
vn 0.006877899 0 -1
vn 0 1 -1.192093E-07
vn 0 1 -1.192093E-07
vn 0 1 -1.192093E-07
vn 0 1 -1.192093E-07
vn -1 -1.192093E-07 -0.005336761
vn -1 -1.192093E-07 -0.005336761
vn -1 -1.192093E-07 -0.005336761
vn -1 -1.192093E-07 -0.005336761
vn 1 1.192093E-07 0.005344391
vn 1 1.192093E-07 0.005344391
vn 1 1.192093E-07 0.005344391
vn 1 1.192093E-07 0.005344391
vn -0.01754761 0 1
vn -0.01754761 0 1
vn -0.01754761 0 1
vn -0.01754761 0 1
vn 0 -1 1.192093E-07
vn 0 -1 1.192093E-07
vn 0 -1 1.192093E-07
vn 0 -1 1.192093E-07
vn 0.01754761 0 -1
vn 0.01754761 0 -1
vn 0.01754761 0 -1
vn 0.01754761 0 -1
vn 0 1 -1.192093E-07
vn 0 1 -1.192093E-07
vn 0 1 -1.192093E-07
vn 0 1 -1.192093E-07
vn -1 -1.192093E-07 -0.01754761
vn -1 -1.192093E-07 -0.01754761
vn -1 -1.192093E-07 -0.01754761
vn -1 -1.192093E-07 -0.01754761
vn 0.9873047 1.192093E-07 0.1577148
vn 0.9873047 1.192093E-07 0.1577148
vn 0.9873047 1.192093E-07 0.1577148
vn 0.9873047 1.192093E-07 0.1577148
vn -0.1658936 0 -0.9863281
vn -0.1658936 0 -0.9863281
vn -0.1658936 0 -0.9863281
vn -0.1658936 0 -0.9863281
vn 0 -1 1.192093E-07
vn 0 -1 1.192093E-07
vn 0 -1 1.192093E-07
vn 0 -1 1.192093E-07
vn 0.1658936 0 0.9863281
vn 0.1658936 0 0.9863281
vn 0.1658936 0 0.9863281
vn 0.1658936 0 0.9863281
vn 0 1 -1.192093E-07
vn 0 1 -1.192093E-07
vn 0 1 -1.192093E-07
vn 0 1 -1.192093E-07
vn -0.9863281 -1.192093E-07 0.1658936
vn -0.9863281 -1.192093E-07 0.1658936
vn -0.9863281 -1.192093E-07 0.1658936
vn -0.9863281 -1.192093E-07 0.1658936
vn 0.9863281 1.192093E-07 -0.1647949
vn 0.9863281 1.192093E-07 -0.1647949
vn 0.9863281 1.192093E-07 -0.1647949
vn 0.9863281 1.192093E-07 -0.1647949
vn 0.01754761 0 -1
vn 0.01754761 0 -1
vn 0.01754761 0 -1
vn 0.01754761 0 -1
vn -0.01754761 0 1
vn -0.01754761 0 1
vn -0.01754761 0 1
vn -0.01754761 0 1
vn -0.432373 0.9018555 -0.007591248
vn 0.03656006 0.9995117 0.000641346
vn 0.03656006 0.9995117 0.000641346
vn -0.432373 0.9018555 -0.007591248
vn -0.6162109 0.7875977 -0.01081848
vn -0.6162109 0.7875977 -0.01081848
vn -0.9169922 0.003059387 -0.3986816
vn -0.9160156 0.006111145 -0.401123
vn -0.9169922 0.003059387 -0.3986816
vn -0.9160156 0.006111145 -0.401123
vn -0.9145508 0.01831055 -0.4038086
vn -0.9145508 0.01831055 -0.4038086
vn -0.9306641 0.003059387 0.3662109
vn -0.9306641 0.006118774 0.3662109
vn -0.9306641 0.003059387 0.3662109
vn -0.9306641 0.006118774 0.3662109
vn -0.9321289 0.01826477 0.3613281
vn -0.9321289 0.01826477 0.3613281
vn -0.4001465 0.003047943 0.9165039
vn -0.4001465 0.006095886 0.9165039
vn -0.4001465 0.003047943 0.9165039
vn -0.4001465 0.006095886 0.9165039
vn -0.3947754 0.01832581 0.918457
vn -0.3947754 0.01832581 0.918457
vn 0.9169922 0.003059387 0.3986816
vn 0.9169922 0.006118774 0.3986816
vn 0.9169922 0.003059387 0.3986816
vn 0.9169922 0.006118774 0.3986816
vn 0.9169922 0.01835632 0.3984375
vn 0.9169922 0.01835632 0.3984375
vn 0.9306641 0.003059387 -0.3662109
vn 0.9291992 0.01222229 -0.3686523
vn 0.9306641 0.003059387 -0.3662109
vn 0.9291992 0.01222229 -0.3686523
vn 0.9282227 0.01831055 -0.3713379
vn 0.9282227 0.01831055 -0.3713379
vn 0.4001465 0.003047943 -0.9165039
vn 0.401123 0.01222229 -0.9160156
vn 0.401123 0.003055573 -0.9160156
vn 0.4001465 0.01219177 -0.9165039
vn 0.401123 0.01832581 -0.9160156
vn 0.401123 0.01832581 -0.9160156
vn -0.3688965 0.003055573 -0.9296875
vn -0.3676758 0.01219177 -0.9296875
vn -0.3676758 0.003047943 -0.9301758
vn -0.3686523 0.01222229 -0.9291992
vn -0.3676758 0.01828003 -0.9296875
vn -0.3686523 0.01832581 -0.9291992
vn 0.1147461 0.9501953 -0.2902832
vn 0.1798096 0.9648438 0.1925049
vn 0.1147461 0.9501953 -0.2902832
vn 0.1052246 0.8974609 -0.4284668
vn 0.1050415 0.8950195 -0.4335938
vn 0.1066284 0.8544922 -0.5078125
vn 0.1067505 0.855957 -0.5058594
vn 0.1635742 0.8964844 0.4116211
vn 1 1.192093E-07 0.01754761
vn 1 1.192093E-07 0.01754761
vn 1 1.192093E-07 0.01754761
vn 1 1.192093E-07 0.01754761
vn 0 1 -1.192093E-07
vn 0 1 -1.192093E-07
vn 0 1 -1.192093E-07
vn 0 1 -1.192093E-07
vn -1 -1.192093E-07 -0.01754761
vn -1 -1.192093E-07 -0.01754761
vn -1 -1.192093E-07 -0.01754761
vn -1 -1.192093E-07 -0.01754761
vn 0 -1 1.192093E-07
vn 0 -1 1.192093E-07
vn 0 -1 1.192093E-07
vn 0 -1 1.192093E-07
vn -0.01754761 0 1
vn -0.01754761 0 1
vn -0.01754761 0 1
vn -0.01754761 0 1
vn 0 1 -1.192093E-07
vn 0 1 -1.192093E-07
vn 0 1 -1.192093E-07
vn 0 1 -1.192093E-07
vn 0.01754761 0 -1
vn 0.01754761 0 -1
vn 0.01754761 0 -1
vn 0.01754761 0 -1
vn 0 -1 1.192093E-07
vn 0 -1 1.192093E-07
vn 0 -1 1.192093E-07
vn 0 -1 1.192093E-07
vn -0.01754761 0 1
vn -0.01754761 0 1
vn -0.01754761 0 1
vn -0.01754761 0 1
vn 0 1 -1.192093E-07
vn 0 1 -1.192093E-07
vn 0 1 -1.192093E-07
vn 0 1 -1.192093E-07
vn 0.01754761 0 -1
vn 0.01754761 0 -1
vn 0.01754761 0 -1
vn 0.01754761 0 -1
vn 0 -1 1.192093E-07
vn 0 -1 1.192093E-07
vn 0 -1 1.192093E-07
vn 0 -1 1.192093E-07
vn -0.9853516 -0.1708984 -0.01728821
vn -0.9853516 -0.1708984 -0.01728821
vn -0.9853516 -0.1708984 -0.01728821
vn -0.9853516 -0.1708984 -0.01728821
vn 1 1.192093E-07 0.01754761
vn 1 1.192093E-07 0.01754761
vn 1 1.192093E-07 0.01754761
vn 1 1.192093E-07 0.01754761
vn 0 1 -1.192093E-07
vn 0 1 -1.192093E-07
vn 0 1 -1.192093E-07
vn 0 1 -1.192093E-07
vn -1 -1.192093E-07 -0.01754761
vn -1 -1.192093E-07 -0.01754761
vn -1 -1.192093E-07 -0.01754761
vn -1 -1.192093E-07 -0.01754761
vn 0 -1 1.192093E-07
vn 0 -1 1.192093E-07
vn 0 -1 1.192093E-07
vn 0 -1 1.192093E-07
vn -0.01754761 0 1
vn -0.01754761 0 1
vn -0.01754761 0 1
vn -0.01754761 0 1
vn 0 1 -1.192093E-07
vn 0 1 -1.192093E-07
vn 0 1 -1.192093E-07
vn 0 1 -1.192093E-07
vn 0.01754761 0 -1
vn 0.01754761 0 -1
vn 0.01754761 0 -1
vn 0.01754761 0 -1
vn 0 -1 1.192093E-07
vn 0 -1 1.192093E-07
vn 0 -1 1.192093E-07
vn 0 -1 1.192093E-07
vn 0.9951172 0.09771729 0.01747131
vn 0.9951172 0.09771729 0.01747131
vn 0.9951172 0.09771729 0.01747131
vn 0.9951172 0.09771729 0.01747131
vn -0.009147644 1 -0.0001605749
vn 0 1 -1.192093E-07
vn 0 1 -1.192093E-07
vn -0.009147644 1 -0.0001605749
vn 0 1 -1.192093E-07
vn 0 1 -1.192093E-07
vn 0.06536865 0.9980469 0.00114727
vn 0.06536865 0.9980469 0.00114727
vn -0.01754761 0 1
vn -0.01754761 0 1
vn -0.01754761 0 1
vn -0.01754761 0 1
vn 0.01754761 0 -1
vn 0.01754761 0 -1
vn 0.01754761 0 -1
vn 0.01754761 0 -1
vn 0 1 -1.192093E-07
vn 0 1 -1.192093E-07
vn 0 1 -1.192093E-07
vn 0 1 -1.192093E-07
vn -1 -1.192093E-07 -0.01754761
vn -1 -1.192093E-07 -0.01754761
vn -1 -1.192093E-07 -0.01754761
vn -1 -1.192093E-07 -0.01754761
vn 1 1.192093E-07 0.01754761
vn 1 1.192093E-07 0.01754761
vn 1 1.192093E-07 0.01754761
vn 1 1.192093E-07 0.01754761
vn 1 1.192093E-07 0.01754761
vn 1 1.192093E-07 0.01754761
vn 1 1.192093E-07 0.01754761
vn 1 1.192093E-07 0.01754761
vn 0 1 -1.192093E-07
vn 0 1 -1.192093E-07
vn 0 1 -1.192093E-07
vn 0 1 -1.192093E-07
vn -1 -1.192093E-07 -0.01754761
vn -1 -1.192093E-07 -0.01754761
vn -1 -1.192093E-07 -0.01754761
vn -1 -1.192093E-07 -0.01754761
vn 0.01754761 0 -1
vn 0.01754761 0 -1
vn 0.01754761 0 -1
vn 0.01754761 0 -1
vn 0 1 -1.192093E-07
vn 0 1 -1.192093E-07
vn 0 1 -1.192093E-07
vn 0 1 -1.192093E-07
vn -0.01754761 0 1
vn -0.01754761 0 1
vn -0.01754761 0 1
vn -0.01754761 0 1
vn -0.01754761 0 1
vn -0.01754761 0 1
vn -0.01754761 0 1
vn -0.01754761 0 1
vn 0.01754761 0 -1
vn 0.01754761 0 -1
vn 0.01754761 0 -1
vn 0.01754761 0 -1
vn 0 1 -1.192093E-07
vn 0 1 -1.192093E-07
vn 0 1 -1.192093E-07
vn 0 1 -1.192093E-07
vn -0.9990234 0.04278564 -0.01753235
vn -0.9985352 0.04885864 -0.01753235
vn -0.9985352 0.04885864 -0.01753235
vn -0.9990234 0.04278564 -0.01753235
vn 0.9765625 0.2137451 0.01713562
vn 0.9780273 0.2078857 0.01716614
vn 0.9765625 0.2137451 0.01713562
vn 0.9780273 0.2078857 0.01716614
vn 1 1.192093E-07 0.01754761
vn 1 1.192093E-07 0.01754761
vn 1 1.192093E-07 0.01754761
vn 1 1.192093E-07 0.01754761
vn 0 1 -1.192093E-07
vn 0 1 -1.192093E-07
vn 0 1 -1.192093E-07
vn 0 1 -1.192093E-07
vn -1 -1.192093E-07 -0.01754761
vn -1 -1.192093E-07 -0.01754761
vn -1 -1.192093E-07 -0.01754761
vn -1 -1.192093E-07 -0.01754761
vn -0.01754761 0 1
vn -0.01754761 0 1
vn -0.01754761 0 1
vn -0.01754761 0 1
vn 0 -1 1.192093E-07
vn 0 -1 1.192093E-07
vn 0 -1 1.192093E-07
vn 0 -1 1.192093E-07
vn 0.01754761 0 -1
vn 0.01754761 0 -1
vn 0.01754761 0 -1
vn 0.01754761 0 -1
vn 0 1 -1.192093E-07
vn 0 1 -1.192093E-07
vn 0 1 -1.192093E-07
vn 0 1 -1.192093E-07
vn 1 1.192093E-07 0.01754761
vn 1 1.192093E-07 0.01754761
vn 1 1.192093E-07 0.01754761
vn 1 1.192093E-07 0.01754761
vn 1 1.192093E-07 0.01754761
vn 1 1.192093E-07 0.01754761
vn 1 1.192093E-07 0.01754761
vn 1 1.192093E-07 0.01754761
vn 0 1 -1.192093E-07
vn 0 1 -1.192093E-07
vn 0 1 -1.192093E-07
vn 0 1 -1.192093E-07
vn -1 -1.192093E-07 -0.01754761
vn -1 -1.192093E-07 -0.01754761
vn -1 -1.192093E-07 -0.01754761
vn -1 -1.192093E-07 -0.01754761
vn 0 -1 1.192093E-07
vn 0 -1 1.192093E-07
vn 0 -1 1.192093E-07
vn 0 -1 1.192093E-07
vn 0.01754761 0 -1
vn 0.01754761 0 -1
vn 0.01754761 0 -1
vn 0.01754761 0 -1
vn -1 -1.192093E-07 -0.01754761
vn -1 -1.192093E-07 -0.01754761
vn -1 -1.192093E-07 -0.01754761
vn -1 -1.192093E-07 -0.01754761
vn 0 -1 1.192093E-07
vn 0 -1 1.192093E-07
vn 0 -1 1.192093E-07
vn 0 -1 1.192093E-07
vn 1 1.192093E-07 0.01754761
vn 1 1.192093E-07 0.01754761
vn 1 1.192093E-07 0.01754761
vn 1 1.192093E-07 0.01754761
vn 0 1 -1.192093E-07
vn 0 1 -1.192093E-07
vn 0 1 -1.192093E-07
vn 0 1 -1.192093E-07
vn -1 -1.192093E-07 -0.01754761
vn -1 -1.192093E-07 -0.01754761
vn -1 -1.192093E-07 -0.01754761
vn -1 -1.192093E-07 -0.01754761
vn 0 -1 1.192093E-07
vn 0 -1 1.192093E-07
vn 0 -1 1.192093E-07
vn 0 -1 1.192093E-07
vn 1 1.192093E-07 0.01754761
vn 1 1.192093E-07 0.01754761
vn 1 1.192093E-07 0.01754761
vn 1 1.192093E-07 0.01754761
vn 0 1 -1.192093E-07
vn 0 1 -1.192093E-07
vn 0 1 -1.192093E-07
vn 0 1 -1.192093E-07
vn 0.01754761 0 -1
vn 0.01754761 0 -1
vn 0.01754761 0 -1
vn 0.01754761 0 -1
vn -0.01754761 0 1
vn -0.01754761 0 1
vn -0.01754761 0 1
vn -0.01754761 0 1
vn 0.01754761 0 -1
vn 0.01754761 0 -1
vn 0.01754761 0 -1
vn 0.01754761 0 -1
vn -0.01754761 0 1
vn -0.01754761 0 1
vn -0.01754761 0 1
vn -0.01754761 0 1
vn 0.01754761 0 -1
vn 0.01754761 0 -1
vn 0.01754761 0 -1
vn 0.01754761 0 -1
vn 0 -1 1.192093E-07
vn 0 -1 1.192093E-07
vn 0 -1 1.192093E-07
vn 0 -1 1.192093E-07
vn -0.01754761 0 1
vn -0.01754761 0 1
vn -0.01754761 0 1
vn -0.01754761 0 1
vn 0 1 -1.192093E-07
vn 0 1 -1.192093E-07
vn 0 1 -1.192093E-07
vn 0 1 -1.192093E-07
vn -1 -1.192093E-07 -0.01754761
vn -1 -1.192093E-07 -0.01754761
vn -1 -1.192093E-07 -0.01754761
vn -1 -1.192093E-07 -0.01754761
vn 1 1.192093E-07 0.01754761
vn 1 1.192093E-07 0.01754761
vn 1 1.192093E-07 0.01754761
vn 1 1.192093E-07 0.01754761
vn 0 1 -1.192093E-07
vn 0 1 -1.192093E-07
vn 0 1 -1.192093E-07
vn 0 1 -1.192093E-07
vn 0 1 -1.192093E-07
vn 0 1 -1.192093E-07
vn 0 1 -1.192093E-07
vn 0 1 -1.192093E-07
vn 0 1 -1.192093E-07
vn 0 1 -1.192093E-07
vn 0 1 -1.192093E-07
vn 0 1 -1.192093E-07
vn 0 1 -1.192093E-07
vn 0 1 -1.192093E-07
vn 0 1 -1.192093E-07
vn 0 1 -1.192093E-07
vn -1 -1.192093E-07 -0.01754761
vn -1 -1.192093E-07 -0.01754761
vn -1 -1.192093E-07 -0.01754761
vn -1 -1.192093E-07 -0.01754761
vn 0 -1 1.192093E-07
vn 0 -1 1.192093E-07
vn 0 -1 1.192093E-07
vn 0 -1 1.192093E-07
vn 0 -1 1.192093E-07
vn 0 -1 1.192093E-07
vn 0 -1 1.192093E-07
vn 0 -1 1.192093E-07
vn 0 -1 1.192093E-07
vn 0 -1 1.192093E-07
vn 0 -1 1.192093E-07
vn 0 -1 1.192093E-07
vn 0 -1 1.192093E-07
vn 0 -1 1.192093E-07
vn 0 -1 1.192093E-07
vn 0 -1 1.192093E-07
vn 1 1.192093E-07 0.01754761
vn 1 1.192093E-07 0.01754761
vn 1 1.192093E-07 0.01754761
vn 1 1.192093E-07 0.01754761
vn 1 1.192093E-07 0.01754761
vn 1 1.192093E-07 0.01754761
vn 1 1.192093E-07 0.01754761
vn 1 1.192093E-07 0.01754761
vn -1 -1.192093E-07 -0.01754761
vn -1 -1.192093E-07 -0.01754761
vn -1 -1.192093E-07 -0.01754761
vn -1 -1.192093E-07 -0.01754761
vn 0 -1 1.192093E-07
vn 0 -1 1.192093E-07
vn 0 -1 1.192093E-07
vn 0 -1 1.192093E-07
vn 1 1.192093E-07 0.01754761
vn 1 1.192093E-07 0.01754761
vn 1 1.192093E-07 0.01754761
vn 1 1.192093E-07 0.01754761
vn 0 1 -1.192093E-07
vn 0 1 -1.192093E-07
vn 0 1 -1.192093E-07
vn 0 1 -1.192093E-07
vn 1 1.192093E-07 0.01754761
vn 1 1.192093E-07 0.01754761
vn 1 1.192093E-07 0.01754761
vn 1 1.192093E-07 0.01754761
vn 1 1.192093E-07 0.01754761
vn 1 1.192093E-07 0.01754761
vn 1 1.192093E-07 0.01754761
vn 1 1.192093E-07 0.01754761
vn -0.0149231 0.5263672 0.8500977
vn -0.0149231 0.5263672 0.8500977
vn -0.0149231 0.5263672 0.8500977
vn -0.0149231 0.5263672 0.8500977
vn 0.01754761 0 -1
vn 0.01754761 0 -1
vn 0.01754761 0 -1
vn 0.01754761 0 -1
vn 0.01676941 0.2932129 -0.9560547
vn 0.01676941 0.2932129 -0.9560547
vn 0.01676941 0.2932129 -0.9560547
vn 0.01676941 0.2932129 -0.9560547
vn -0.01750183 0.07324219 0.9970703
vn -0.01750183 0.07324219 0.9970703
vn -0.01750183 0.07324219 0.9970703
vn -0.01750183 0.07324219 0.9970703
vn 0.01754761 0 -1
vn 0.01754761 0 -1
vn 0.01754761 0 -1
vn 0.01754761 0 -1
vn -0.01754761 0 1
vn -0.01754761 0 1
vn -0.01754761 0 1
vn -0.01754761 0 1
vn -0.01754761 0 1
vn -0.01754761 0 1
vn -0.01754761 0 1
vn -0.01754761 0 1
vn 0 -1 1.192093E-07
vn 0 -1 1.192093E-07
vn 0 -1 1.192093E-07
vn 0 -1 1.192093E-07
vn 0.01754761 0 -1
vn 0.01754761 0 -1
vn 0.01754761 0 -1
vn 0.01754761 0 -1
vn 0 1 -1.192093E-07
vn 0 1 -1.192093E-07
vn 0 1 -1.192093E-07
vn 0 1 -1.192093E-07
vn -1 -1.192093E-07 -0.01754761
vn -1 -1.192093E-07 -0.01754761
vn -1 -1.192093E-07 -0.01754761
vn -1 -1.192093E-07 -0.01754761
vn -0.1646729 -0.9243164 0.3447266
vn -0.1617432 -0.9243164 0.3449707
vn -0.1646729 -0.9243164 0.3447266
vn -0.1617432 -0.9243164 0.3449707
vn -0.423584 -0.378418 0.8227539
vn -0.4260254 -0.3779297 0.8217773
vn -0.423584 -0.378418 0.8227539
vn -0.4260254 -0.3779297 0.8217773
vn -0.4228516 0.3823242 0.8217773
vn -0.4238281 0.3833008 0.8208008
vn -0.4228516 0.3823242 0.8217773
vn -0.4238281 0.3833008 0.8208008
vn -0.1646729 0.921875 0.3505859
vn -0.1618652 0.9233398 0.3481445
vn -0.1646729 0.921875 0.3505859
vn -0.1617432 0.9223633 0.3508301
vn 0.2072754 0.9223633 -0.3261719
vn 0.2072754 0.9223633 -0.3261719
vn 0.2072754 0.9223633 -0.3261719
vn 0.2072754 0.9223633 -0.3261719
vn 0.4655762 0.3842773 -0.7973633
vn 0.4631348 0.3847656 -0.7983398
vn 0.4655762 0.3842773 -0.7973633
vn 0.4631348 0.3847656 -0.7983398
vn 0.4660645 -0.3818359 -0.7983398
vn 0.463623 -0.3823242 -0.7993164
vn 0.4660645 -0.3818359 -0.7983398
vn 0.463623 -0.3823242 -0.7993164
vn 0.2070313 -0.9223633 -0.3256836
vn 0.2041016 -0.9228516 -0.3259277
vn 0.2070313 -0.9223633 -0.3256836
vn 0.2041016 -0.9228516 -0.3259277
vn 0.8759766 0.05337524 0.4790039
vn 0.7998047 0.4082031 0.4404297
vn 0.8022461 0.4047852 0.4389648
vn 0.8525391 0.2349854 0.4667969
vn 0.8530273 0.2335205 0.4667969
vn 0.8720703 -0.1020508 0.4785156
vn 0.8696289 -0.1325684 0.4755859
vn -0.8354492 0.3254395 -0.4423828
vn -0.8769531 0.237793 -0.4177246
vn -0.7875977 0.484375 -0.3806152
vn -0.9008789 0.05941772 -0.4304199
vn -0.8774414 -1.192093E-07 -0.4797363
vn -0.8339844 -0.3537598 -0.4233398
vn -0.9272461 -0.1280518 -0.3518066
vn 0.2851563 0.4309082 0.8564453
vn 0.2851563 0.4309082 0.8564453
vn 0.2851563 0.4309082 0.8564453
vn 0.2851563 0.4309082 0.8564453
vn 0 -1 1.192093E-07
vn 0 -1 1.192093E-07
vn 0 -1 1.192093E-07
vn 0 -1 1.192093E-07
vn -0.9169922 0.003887177 -0.3989258
vn -0.9169922 0.003887177 -0.3989258
vn -0.9169922 0.003887177 -0.3989258
vn -0.9169922 0.003887177 -0.3989258
vn -0.9169922 0.01716614 -0.3986816
vn -0.9169922 0.01716614 -0.3986816
vn -0.3989258 0.003887177 0.9169922
vn -0.3989258 0.003887177 0.9169922
vn -0.3989258 0.003887177 0.9169922
vn -0.3989258 0.003887177 0.9169922
vn -0.3986816 0.01716614 0.9169922
vn -0.3986816 0.01716614 0.9169922
vn 0.3664551 0.003887177 0.9306641
vn 0.3664551 0.003887177 0.9306641
vn 0.3664551 0.003887177 0.9306641
vn 0.3664551 0.003887177 0.9306641
vn 0.3664551 0.01716614 0.9301758
vn 0.3664551 0.01716614 0.9301758
vn 0.9169922 0.003887177 0.3989258
vn 0.9169922 0.003887177 0.3989258
vn 0.9169922 0.003887177 0.3989258
vn 0.9169922 0.003887177 0.3989258
vn 0.9169922 0.01716614 0.3986816
vn 0.9169922 0.01716614 0.3986816
vn 0.9306641 0.003887177 -0.3664551
vn 0.9306641 0.003887177 -0.3664551
vn 0.9306641 0.003887177 -0.3664551
vn 0.9306641 0.003887177 -0.3664551
vn 0.9301758 0.01716614 -0.3664551
vn 0.9301758 0.01716614 -0.3664551
vn 0.3989258 0.003887177 -0.9169922
vn 0.3989258 0.003887177 -0.9169922
vn 0.3989258 0.003887177 -0.9169922
vn 0.3989258 0.003887177 -0.9169922
vn 0.3986816 0.01716614 -0.9169922
vn 0.3986816 0.01716614 -0.9169922
vn -0.3664551 0.003887177 -0.9306641
vn -0.3664551 0.003887177 -0.9306641
vn -0.3664551 0.003887177 -0.9306641
vn -0.3664551 0.003887177 -0.9306641
vn -0.3664551 0.01716614 -0.9301758
vn -0.3664551 0.01716614 -0.9301758
vn -0.9169922 0.003887177 -0.3989258
vn -0.9169922 0.003887177 -0.3989258
vn -0.9169922 0.003887177 -0.3989258
vn -0.9169922 0.003887177 -0.3989258
vn -0.9169922 0.01716614 -0.3986816
vn -0.9169922 0.01716614 -0.3986816
vn -0.3989258 0.003887177 0.9169922
vn -0.3989258 0.003887177 0.9169922
vn -0.3989258 0.003887177 0.9169922
vn -0.3989258 0.003887177 0.9169922
vn -0.3986816 0.01716614 0.9169922
vn -0.3986816 0.01716614 0.9169922
vn 0.3664551 0.003887177 0.9306641
vn 0.3664551 0.003887177 0.9306641
vn 0.3664551 0.003887177 0.9306641
vn 0.3664551 0.003887177 0.9306641
vn 0.3664551 0.01716614 0.9301758
vn 0.3664551 0.01716614 0.9301758
vn 0.9169922 0.003887177 0.3989258
vn 0.9169922 0.003887177 0.3989258
vn 0.9169922 0.003887177 0.3989258
vn 0.9169922 0.003887177 0.3989258
vn 0.9169922 0.01716614 0.3986816
vn 0.9169922 0.01716614 0.3986816
vn 0.9306641 0.003887177 -0.3664551
vn 0.9306641 0.003887177 -0.3664551
vn 0.9306641 0.003887177 -0.3664551
vn 0.9306641 0.003887177 -0.3664551
vn 0.9301758 0.01716614 -0.3664551
vn 0.9301758 0.01716614 -0.3664551
vn 0.3989258 0.003887177 -0.9169922
vn 0.3989258 0.003887177 -0.9169922
vn 0.3989258 0.003887177 -0.9169922
vn 0.3989258 0.003887177 -0.9169922
vn 0.3986816 0.01716614 -0.9169922
vn 0.3986816 0.01716614 -0.9169922
vn -0.3664551 0.003887177 -0.9306641
vn -0.3664551 0.003887177 -0.9306641
vn -0.3664551 0.003887177 -0.9306641
vn -0.3664551 0.003887177 -0.9306641
vn -0.3664551 0.01716614 -0.9301758
vn -0.3664551 0.01716614 -0.9301758
vn -0.9169922 0.003887177 -0.3989258
vn -0.9169922 0.003887177 -0.3989258
vn -0.9169922 0.003887177 -0.3989258
vn -0.9169922 0.003887177 -0.3989258
vn -0.9169922 0.01780701 -0.3986816
vn -0.3989258 0.003887177 0.9169922
vn -0.3989258 0.003887177 0.9169922
vn -0.3989258 0.003887177 0.9169922
vn -0.3989258 0.003887177 0.9169922
vn -0.3986816 0.01858521 0.9169922
vn 0.3664551 0.003887177 0.9306641
vn 0.3664551 0.003887177 0.9306641
vn 0.3664551 0.003887177 0.9306641
vn 0.3664551 0.003887177 0.9306641
vn 0.3664551 0.01716614 0.9301758
vn 0.9169922 0.003887177 0.3989258
vn 0.9169922 0.003887177 0.3989258
vn 0.9169922 0.003887177 0.3989258
vn 0.9169922 0.003887177 0.3989258
vn 0.9169922 0.01716614 0.3986816
vn 0.9169922 0.01716614 0.3986816
vn 0.9306641 0.003887177 -0.3664551
vn 0.9306641 0.003887177 -0.3664551
vn 0.9306641 0.003887177 -0.3664551
vn 0.9306641 0.003887177 -0.3664551
vn 0.9301758 0.01742554 -0.3664551
vn 0.3989258 0.003887177 -0.9169922
vn 0.3989258 0.003887177 -0.9169922
vn 0.3989258 0.003887177 -0.9169922
vn 0.3989258 0.003887177 -0.9169922
vn 0.3986816 0.01716614 -0.9169922
vn -0.3664551 0.003887177 -0.9306641
vn -0.3664551 0.003887177 -0.9306641
vn -0.3664551 0.003887177 -0.9306641
vn -0.3664551 0.003887177 -0.9306641
vn -0.3664551 0.01885986 -0.9301758

vt 0.40625 0.3125
vt 0.4375 0.5004883
vt 0.4375 0.3125
vt 0.40625 0.5004883
vt 0.4375 0.6884766
vt 0.40625 0.6884766
vt 0.4375 0.5004883
vt 0.40625 0.3125
vt 0.40625 0.5004883
vt 0.40625 0.3125
vt 0.4375 0.5004883
vt 0.4375 0.3125
vt 0.40625 0.5004883
vt 0.4375 0.6884766
vt 0.40625 0.6884766
vt 0.4375 0.5004883
vt 0.40625 0.3125
vt 0.40625 0.5004883
vt 0.40625 0.3125
vt 0.4375 0.5004883
vt 0.4375 0.3125
vt 0.40625 0.5004883
vt 0.4375 0.6884766
vt 0.40625 0.6884766
vt 0.4375 0.5004883
vt 0.40625 0.3125
vt 0.40625 0.5004883
vt 0.53125 0.515625
vt 0.5625 0.5078125
vt 0.5 0.5078125
vt 0.5625 0.5078125
vt 0.53125 0.5004883
vt 0.5 0.5078125
vt 0.40625 0.3125
vt 0.4375 0.5004883
vt 0.4375 0.3125
vt 0.40625 0.5004883
vt 0.4375 0.6884766
vt 0.40625 0.6884766
vt 0.4375 0.5004883
vt 0.40625 0.3125
vt 0.40625 0.5004883
vt 0.40625 0.3125
vt 0.4375 0.5004883
vt 0.4375 0.3125
vt 0.40625 0.5004883
vt 0.4375 0.6884766
vt 0.40625 0.6884766
vt 0.4375 0.5004883
vt 0.40625 0.3125
vt 0.40625 0.5004883
vt 0.40625 0.3125
vt 0.4375 0.5004883
vt 0.4375 0.3125
vt 0.40625 0.5004883
vt 0.4375 0.6884766
vt 0.40625 0.6884766
vt 0.4375 0.5004883
vt 0.40625 0.3125
vt 0.40625 0.5004883
vt 0.5 0.25
vt 0.5 0
vt 0.375 0
vt 0.375 0.75
vt 0.5 0.75
vt 0.5 0.5
vt 0.75 0.375
vt 0.5 0.5
vt 0.5 0.75
vt 0.5 0.5
vt 0.75 0.375
vt 0.5625 0.5
vt 0.40625 0.3125
vt 0.4375 0.5004883
vt 0.4375 0.3125
vt 0.40625 0.5004883
vt 0.4375 0.6884766
vt 0.40625 0.6884766
vt 0.4375 0.5004883
vt 0.40625 0.3125
vt 0.40625 0.5004883
vt 0.40625 0.3125
vt 0.4375 0.5004883
vt 0.4375 0.3125
vt 0.40625 0.5004883
vt 0.4375 0.6884766
vt 0.40625 0.6884766
vt 0.4375 0.5004883
vt 0.40625 0.3125
vt 0.40625 0.5004883
vt 0.40625 0.3125
vt 0.4375 0.5004883
vt 0.4375 0.3125
vt 0.40625 0.5004883
vt 0.4375 0.6884766
vt 0.40625 0.6884766
vt 0.4375 0.5004883
vt 0.40625 0.3125
vt 0.40625 0.5004883
vt 0.40625 0.3125
vt 0.4375 0.5004883
vt 0.4375 0.3125
vt 0.40625 0.5004883
vt 0.4375 0.6884766
vt 0.40625 0.6884766
vt 0.4375 0.5004883
vt 0.40625 0.3125
vt 0.40625 0.5004883
vt 0.40625 0.3125
vt 0.4375 0.5004883
vt 0.4375 0.3125
vt 0.40625 0.5004883
vt 0.4375 0.6884766
vt 0.40625 0.6884766
vt 0.4375 0.5004883
vt 0.40625 0.3125
vt 0.40625 0.5004883
vt 0.40625 0.3125
vt 0.4375 0.5004883
vt 0.4375 0.3125
vt 0.40625 0.5004883
vt 0.4375 0.6884766
vt 0.40625 0.6884766
vt 0.4375 0.5004883
vt 0.40625 0.3125
vt 0.40625 0.5004883
vt 0.40625 0.3125
vt 0.4375 0.5004883
vt 0.4375 0.3125
vt 0.40625 0.5004883
vt 0.4375 0.6884766
vt 0.40625 0.6884766
vt 0.4375 0.5004883
vt 0.40625 0.3125
vt 0.40625 0.5004883
vt 0.40625 0.3125
vt 0.4375 0.5004883
vt 0.4375 0.3125
vt 0.40625 0.5004883
vt 0.4375 0.6884766
vt 0.40625 0.6884766
vt 0.4375 0.5004883
vt 0.40625 0.3125
vt 0.40625 0.5004883
vt 0.40625 0.3125
vt 0.4375 0.5004883
vt 0.4375 0.3125
vt 0.40625 0.5004883
vt 0.4375 0.6884766
vt 0.40625 0.6884766
vt 0.4375 0.5004883
vt 0.40625 0.3125
vt 0.40625 0.5004883
vt 0.40625 0.3125
vt 0.4375 0.5004883
vt 0.4375 0.3125
vt 0.40625 0.5004883
vt 0.4375 0.6884766
vt 0.40625 0.6884766
vt 0.4375 0.5004883
vt 0.40625 0.3125
vt 0.40625 0.5004883
vt 0.40625 0.3125
vt 0.4375 0.5004883
vt 0.4375 0.3125
vt 0.40625 0.5004883
vt 0.4375 0.6884766
vt 0.40625 0.6884766
vt 0.4375 0.5004883
vt 0.40625 0.3125
vt 0.40625 0.5004883
vt 0.40625 0.3125
vt 0.4375 0.5004883
vt 0.4375 0.3125
vt 0.40625 0.5004883
vt 0.4375 0.6884766
vt 0.40625 0.6884766
vt 0.4375 0.5004883
vt 0.40625 0.3125
vt 0.40625 0.5004883
vt 0.40625 0.3125
vt 0.4375 0.5004883
vt 0.4375 0.3125
vt 0.40625 0.5004883
vt 0.4375 0.6884766
vt 0.40625 0.6884766
vt 0.4375 0.5004883
vt 0.40625 0.3125
vt 0.40625 0.5004883
vt 0.375 0.5004883
vt 0.59375 0.5107422
vt 0.40625 0.5107422
vt 0.59375 0.5107422
vt 0.625 0.5205078
vt 0.40625 0.5107422
vt 0.40625 0.3125
vt 0.4375 0.5004883
vt 0.4375 0.3125
vt 0.40625 0.5004883
vt 0.4375 0.6884766
vt 0.40625 0.6884766
vt 0.4375 0.5004883
vt 0.40625 0.3125
vt 0.40625 0.5004883
vt 0.40625 0.3125
vt 0.4375 0.5004883
vt 0.4375 0.3125
vt 0.40625 0.5004883
vt 0.4375 0.6279297
vt 0.40625 0.6279297
vt 0.4375 0.5004883
vt 0.40625 0.3125
vt 0.40625 0.5004883
vt 0.5 0.5004883
vt 0.5625 0.5004883
vt 0.53125 0.5004883
vt 0.40625 0.3125
vt 0.4375 0.5004883
vt 0.4375 0.3125
vt 0.40625 0.5004883
vt 0.4375 0.6884766
vt 0.40625 0.6884766
vt 0.4375 0.5004883
vt 0.40625 0.3125
vt 0.40625 0.5004883
vt 0.40625 0.3125
vt 0.4375 0.5004883
vt 0.4375 0.3125
vt 0.40625 0.5004883
vt 0.4375 0.6884766
vt 0.40625 0.6884766
vt 0.4375 0.5004883
vt 0.40625 0.3125
vt 0.40625 0.5004883
vt 0.40625 0.3125
vt 0.4375 0.5004883
vt 0.4375 0.3125
vt 0.40625 0.5004883
vt 0.4375 0.6884766
vt 0.40625 0.6884766
vt 0.4375 0.5004883
vt 0.40625 0.3125
vt 0.40625 0.5004883
vt 0.59375 0.5517578
vt 0.625 0.5517578
vt 0.5625 0.5429688
vt 0.625 0.5517578
vt 0.59375 0.5341797
vt 0.5625 0.5429688
vt 0.40625 0.3125
vt 0.4375 0.5004883
vt 0.4375 0.3125
vt 0.40625 0.5004883
vt 0.4375 0.6884766
vt 0.40625 0.6884766
vt 0.4375 0.5004883
vt 0.40625 0.3125
vt 0.40625 0.5004883
vt 0.40625 0.3125
vt 0.4375 0.5004883
vt 0.4375 0.3125
vt 0.40625 0.5004883
vt 0.4375 0.6884766
vt 0.40625 0.6884766
vt 0.4375 0.5004883
vt 0.40625 0.3125
vt 0.40625 0.5004883
vt 0.40625 0.3125
vt 0.4375 0.5004883
vt 0.4375 0.3125
vt 0.40625 0.5004883
vt 0.4375 0.6884766
vt 0.40625 0.6884766
vt 0.4375 0.5004883
vt 0.40625 0.3125
vt 0.40625 0.5004883
vt 0.625 0.59375
vt 0.40625 0.5849609
vt 0.59375 0.5849609
vt 0.40625 0.5849609
vt 0.375 0.5761719
vt 0.59375 0.5849609
vt 0.40625 0.3125
vt 0.4375 0.5004883
vt 0.4375 0.3125
vt 0.40625 0.5004883
vt 0.4375 0.6884766
vt 0.40625 0.6884766
vt 0.4375 0.5004883
vt 0.40625 0.3125
vt 0.40625 0.5004883
vt 0.40625 0.3125
vt 0.4375 0.5004883
vt 0.4375 0.3125
vt 0.40625 0.5004883
vt 0.4375 0.6884766
vt 0.40625 0.6884766
vt 0.4375 0.5004883
vt 0.40625 0.3125
vt 0.40625 0.5004883
vt 0.40625 0.3125
vt 0.4375 0.5004883
vt 0.4375 0.3125
vt 0.40625 0.5004883
vt 0.4375 0.6884766
vt 0.40625 0.6884766
vt 0.4375 0.5004883
vt 0.40625 0.3125
vt 0.40625 0.5004883
vt 0.4567871 0.75
vt 0.4536133 0.5
vt 0.4458008 0.5
vt 0.4567871 0.75
vt 0.4602051 0.5
vt 0.4536133 0.5
vt 0.8203125 0.25
vt 0.8256836 0.25
vt 0.8203125 0
vt 0.8256836 0.25
vt 0.8256836 0
vt 0.8203125 0
vt 0.331543 0.3166504
vt 0.4763184 0.3847656
vt 0.625 0.4453125
vt 0.8105469 0
vt 0.8105469 0.25
vt 0.8203125 0
vt 0.8105469 0.25
vt 0.8203125 0.25
vt 0.8203125 0
vt 0.4814453 0.3745117
vt 0.331543 0.3166504
vt 0.625 0.4453125
vt 0.7099609 0
vt 0.7104492 0.25
vt 0.7138672 0.25
vt 0.2893066 0.25
vt 0.3339844 0.2624512
vt 0.3842773 0.2741699
vt 0.2861328 0
vt 0.2893066 0.25
vt 0.2893066 0
vt 0.2893066 0.25
vt 0.2861328 0
vt 0.3339844 0.2624512
vt 0.7099609 0
vt 0.7050781 0.25
vt 0.7104492 0.25
vt 0.3415527 0.2612305
vt 0.2893066 0.25
vt 0.3842773 0.2741699
vt 0.3322754 0.25
vt 0.375 0.25
vt 0.3322754 0
vt 0.375 0.25
vt 0.375 0
vt 0.3322754 0
vt 0.765625 0.25
vt 0.7719727 0.25
vt 0.765625 0
vt 0.7719727 0.25
vt 0.7719727 0
vt 0.765625 0
vt 0.2280273 0.25
vt 0.2342529 0.25
vt 0.2342529 0
vt 0.7587891 0
vt 0.7587891 0.25
vt 0.765625 0
vt 0.7587891 0.25
vt 0.765625 0.25
vt 0.765625 0
vt 0.2342529 0.25
vt 0.2409668 0.25
vt 0.2342529 0
vt 0.2409668 0.25
vt 0.2409668 0
vt 0.2342529 0
vt 0.746582 0.25
vt 0.7587891 0.25
vt 0.746582 0
vt 0.7587891 0.25
vt 0.7587891 0
vt 0.746582 0
vt 0.4199219 0
vt 0.4199219 0.25
vt 0.4462891 0
vt 0.4199219 0.25
vt 0.4384766 0.25
vt 0.4462891 0
vt 0.4291992 0.75
vt 0.4384766 0.5
vt 0.4199219 0.5
vt 0.4543457 0.3908691
vt 0.625 0.3908691
vt 0.5395508 0.3840332
vt 0.5395508 0.3969727
vt 0.625 0.3908691
vt 0.4543457 0.3908691
vt 0.4462891 0
vt 0.4384766 0.25
vt 0.4543457 0.25
vt 0.4384766 0.5
vt 0.4291992 0.75
vt 0.4543457 0.5
vt 0.675293 0
vt 0.6674805 0.25
vt 0.675293 0.25
vt 0.324707 0
vt 0.324707 0.25
vt 0.3322754 0
vt 0.324707 0.25
vt 0.3322754 0.25
vt 0.3322754 0
vt 0.675293 0
vt 0.675293 0.25
vt 0.6826172 0.25
vt 0.5380859 0
vt 0.5380859 0.25
vt 0.5488281 0
vt 0.5380859 0.25
vt 0.5488281 0.25
vt 0.5488281 0
vt 0.5380859 0.75
vt 0.5488281 0.75
vt 0.5380859 0.5
vt 0.5488281 0.75
vt 0.5488281 0.5
vt 0.5380859 0.5
vt 0.5605469 0
vt 0.5488281 0
vt 0.5605469 0.25
vt 0.5488281 0
vt 0.5488281 0.25
vt 0.5605469 0.25
vt 0.5488281 0.5
vt 0.5488281 0.75
vt 0.5605469 0.5
vt 0.5488281 0.75
vt 0.5605469 0.75
vt 0.5605469 0.5
vt 0.7275391 0
vt 0.722168 0.25
vt 0.7333984 0.25
vt 0.2666016 0.25
vt 0.277832 0.25
vt 0.2666016 0
vt 0.7333984 0.25
vt 0.7402344 0.25
vt 0.7275391 0
vt 0.7402344 0.25
vt 0.7402344 0
vt 0.7275391 0
vt 0.2600098 0
vt 0.2600098 0.25
vt 0.2666016 0
vt 0.2600098 0.25
vt 0.2666016 0.25
vt 0.2666016 0
vt 0.1490479 0
vt 0.1418457 0.25
vt 0.1486816 0.25
vt 0.4431152 0.75
vt 0.4431152 0.5
vt 0.4245605 0.5
vt 0.4431152 0.5
vt 0.4431152 0.75
vt 0.4594727 0.5
vt 0.1490479 0
vt 0.1486816 0.25
vt 0.1566162 0.25
vt 0.625 0.75
vt 0.5 0.75
vt 0.5625 0.5
vt 0.5625 0.25
vt 0.5 0
vt 0.625 0
vt 0.40625 0.3125
vt 0.4375 0.5004883
vt 0.4375 0.3125
vt 0.40625 0.5004883
vt 0.4375 0.6884766
vt 0.40625 0.6884766
vt 0.4375 0.5004883
vt 0.40625 0.3125
vt 0.40625 0.5004883
vt 0.53125 0.3125
vt 0.5625 0.5004883
vt 0.5625 0.3125
vt 0.53125 0.5004883
vt 0.5625 0.6884766
vt 0.53125 0.6884766
vt 0.5625 0.5004883
vt 0.53125 0.3125
vt 0.53125 0.5004883
vt 0.40625 0.3125
vt 0.4375 0.5004883
vt 0.4375 0.3125
vt 0.40625 0.5004883
vt 0.4375 0.6884766
vt 0.40625 0.6884766
vt 0.4375 0.5004883
vt 0.40625 0.3125
vt 0.40625 0.5004883
vt 0.53125 0.3125
vt 0.5625 0.5004883
vt 0.5625 0.3125
vt 0.53125 0.5004883
vt 0.5625 0.6884766
vt 0.53125 0.6884766
vt 0.5625 0.5004883
vt 0.53125 0.3125
vt 0.53125 0.5004883
vt 0.40625 0.3125
vt 0.4375 0.5004883
vt 0.4375 0.3125
vt 0.40625 0.5004883
vt 0.4375 0.6884766
vt 0.40625 0.6884766
vt 0.4375 0.5004883
vt 0.40625 0.3125
vt 0.40625 0.5004883
vt 0.53125 0.3125
vt 0.5625 0.5004883
vt 0.5625 0.3125
vt 0.53125 0.5004883
vt 0.5625 0.6884766
vt 0.53125 0.6884766
vt 0.5625 0.5004883
vt 0.53125 0.3125
vt 0.53125 0.5004883
vt 0.40625 0.3125
vt 0.4375 0.5004883
vt 0.4375 0.3125
vt 0.40625 0.5004883
vt 0.4375 0.6884766
vt 0.40625 0.6884766
vt 0.4375 0.5004883
vt 0.40625 0.3125
vt 0.40625 0.5004883
vt 0.53125 0.3125
vt 0.5625 0.5004883
vt 0.5625 0.3125
vt 0.53125 0.5004883
vt 0.5625 0.6884766
vt 0.53125 0.6884766
vt 0.5625 0.5004883
vt 0.53125 0.3125
vt 0.53125 0.5004883
vt 0.5273438 0.25
vt 0.375 0
vt 0.375 0.25
vt 0.375 0.75
vt 0.5273438 0.5
vt 0.375 0.5
vt 0.5273438 0.25
vt 0.375 0
vt 0.375 0.25
vt 0.375 0.75
vt 0.5273438 0.5
vt 0.375 0.5
vt 0.40625 0.3125
vt 0.4375 0.5004883
vt 0.4375 0.3125
vt 0.40625 0.5004883
vt 0.4375 0.6884766
vt 0.40625 0.6884766
vt 0.4375 0.5004883
vt 0.40625 0.3125
vt 0.40625 0.5004883
vt 0.53125 0.3125
vt 0.5625 0.5004883
vt 0.5625 0.3125
vt 0.53125 0.5004883
vt 0.5625 0.6884766
vt 0.53125 0.6884766
vt 0.5625 0.5004883
vt 0.53125 0.3125
vt 0.53125 0.5004883
vt 0.40625 0.3125
vt 0.4375 0.5004883
vt 0.4375 0.3125
vt 0.40625 0.5004883
vt 0.4375 0.6884766
vt 0.40625 0.6884766
vt 0.4375 0.5004883
vt 0.40625 0.3125
vt 0.40625 0.5004883
vt 0.53125 0.3125
vt 0.5625 0.5004883
vt 0.5625 0.3125
vt 0.53125 0.5004883
vt 0.5625 0.6884766
vt 0.53125 0.6884766
vt 0.5625 0.5004883
vt 0.53125 0.3125
vt 0.53125 0.5004883
vt 0.40625 0.3125
vt 0.4375 0.5004883
vt 0.4375 0.3125
vt 0.40625 0.5004883
vt 0.4375 0.6884766
vt 0.40625 0.6884766
vt 0.4375 0.5004883
vt 0.40625 0.3125
vt 0.40625 0.5004883
vt 0.53125 0.3125
vt 0.5625 0.5004883
vt 0.5625 0.3125
vt 0.53125 0.5004883
vt 0.5625 0.6884766
vt 0.53125 0.6884766
vt 0.5625 0.5004883
vt 0.53125 0.3125
vt 0.53125 0.5004883
vt 0.5 0.5004883
vt 0.46875 0.5004883
vt 0.53125 0.5004883
vt 0.40625 0.5004883
vt 0.53125 0.5004883
vt 0.46875 0.5004883
vt 0.53125 0.5004883
vt 0.59375 0.5004883
vt 0.5625 0.5004883
vt 0.40625 0.5004883
vt 0.59375 0.5004883
vt 0.53125 0.5004883
vt 0.59375 0.5004883
vt 0.40625 0.5004883
vt 0.375 0.5004883
vt 0.40625 0.5004883
vt 0.46875 0.5004883
vt 0.4375 0.5004883
vt 0.5 0.6884766
vt 0.46875 0.6884766
vt 0.4375 0.6884766
vt 0.5625 0.6884766
vt 0.375 0.6884766
vt 0.59375 0.6884766
vt 0.5273438 0.25
vt 0.375 0
vt 0.375 0.25
vt 0.375 0.75
vt 0.5273438 0.5
vt 0.375 0.5
vt 0.46875 0.3125
vt 0.5 0.5004883
vt 0.5 0.3125
vt 0.46875 0.5004883
vt 0.5 0.6884766
vt 0.46875 0.6884766
vt 0.5 0.5004883
vt 0.46875 0.3125
vt 0.46875 0.5004883
vt 0.5317383 0.25
vt 0.5317383 0
vt 0.5151367 0.25
vt 0.375 0.25
vt 0.5087891 0.25
vt 0.375 0
vt 0.5151367 0.25
vt 0.5317383 0
vt 0.5087891 0.25
vt 0.5317383 0.5
vt 0.5151367 0.5
vt 0.5317383 0.75
vt 0.375 0.5
vt 0.375 0.75
vt 0.5087891 0.5
vt 0.5151367 0.5
vt 0.5317383 0.75
vt 0.5087891 0.5
vt 0.375 0
vt 0.375 0.25
vt 0.4975586 0
vt 0.375 0.25
vt 0.4975586 0.25
vt 0.4975586 0
vt 0.375 0.25
vt 0.4362793 0.5
vt 0.4975586 0.25
vt 0.4362793 0.5
vt 0.375 0.75
vt 0.5610352 0.75
vt 0.625 0
vt 0.75 0.3125
vt 0.875 0
vt 0.375 0
vt 0.125 0
vt 0.375 0.25
vt 0.125 0
vt 0.125 0.25
vt 0.375 0.25
vt 0.4975586 0.25
vt 0.4362793 0.5
vt 0.75 0.3125
vt 0.5610352 0.75
vt 0.75 0.3125
vt 0.4362793 0.5
vt 0.75 0.3125
vt 0.625 0
vt 0.4975586 0.25
vt 0.625 0
vt 0.4975586 0
vt 0.4975586 0.25
vt 0.5 0.6884766
vt 0.5625 0.6884766
vt 0.53125 0.6884766
vt 0.5625 0.5004883
vt 0.5 0.5004883
vt 0.53125 0.5004883
vt 0.375 0
vt 0.375 0.25
vt 0.4975586 0
vt 0.375 0.25
vt 0.4975586 0.25
vt 0.4975586 0
vt 0.375 0.25
vt 0.4362793 0.5
vt 0.4975586 0.25
vt 0.4362793 0.5
vt 0.375 0.75
vt 0.5610352 0.75
vt 0.625 0
vt 0.75 0.3125
vt 0.875 0
vt 0.375 0
vt 0.125 0
vt 0.375 0.25
vt 0.125 0
vt 0.125 0.25
vt 0.375 0.25
vt 0.4975586 0.25
vt 0.4362793 0.5
vt 0.75 0.3125
vt 0.5610352 0.75
vt 0.75 0.3125
vt 0.4362793 0.5
vt 0.75 0.3125
vt 0.625 0
vt 0.4975586 0.25
vt 0.625 0
vt 0.4975586 0
vt 0.4975586 0.25
vt 0.375 0.25
vt 0.5 0.5
vt 0.625 0.25
vt 0.5 0.5
vt 0.375 0.75
vt 0.625 0.75
vt 0.625 0
vt 0.625 0.25
vt 0.875 0
vt 0.625 0.25
vt 0.875 0.25
vt 0.875 0
vt 0.375 0
vt 0.125 0
vt 0.375 0.25
vt 0.125 0
vt 0.125 0.25
vt 0.375 0.25
vt 0.375 0
vt 0.375 0.25
vt 0.4975586 0
vt 0.375 0.25
vt 0.4975586 0.25
vt 0.4975586 0
vt 0.375 0.25
vt 0.4362793 0.5
vt 0.4975586 0.25
vt 0.4362793 0.5
vt 0.375 0.75
vt 0.5610352 0.75
vt 0.625 0
vt 0.75 0.3125
vt 0.875 0
vt 0.375 0
vt 0.125 0
vt 0.375 0.25
vt 0.125 0
vt 0.125 0.25
vt 0.375 0.25
vt 0.4975586 0.25
vt 0.4362793 0.5
vt 0.75 0.3125
vt 0.5610352 0.75
vt 0.75 0.3125
vt 0.4362793 0.5
vt 0.75 0.3125
vt 0.625 0
vt 0.4975586 0.25
vt 0.625 0
vt 0.4975586 0
vt 0.4975586 0.25
vt 0.40625 0.3125
vt 0.4375 0.5004883
vt 0.4375 0.3125
vt 0.40625 0.5004883
vt 0.4375 0.6884766
vt 0.40625 0.6884766
vt 0.4375 0.5004883
vt 0.40625 0.3125
vt 0.40625 0.5004883
vt 0.40625 0.3125
vt 0.4375 0.5004883
vt 0.4375 0.3125
vt 0.40625 0.5004883
vt 0.4375 0.6884766
vt 0.40625 0.6884766
vt 0.4375 0.5004883
vt 0.40625 0.3125
vt 0.40625 0.5004883
vt 0.40625 0.3125
vt 0.4375 0.5004883
vt 0.4375 0.3125
vt 0.40625 0.5004883
vt 0.4375 0.6279297
vt 0.40625 0.6279297
vt 0.4375 0.5004883
vt 0.40625 0.3125
vt 0.40625 0.5004883
vt 0.5 0.6279297
vt 0.46875 0.5004883
vt 0.46875 0.6279297
vt 0.46875 0.6279297
vt 0.4375 0.5004883
vt 0.4375 0.6279297
vt 0.40625 0.6279297
vt 0.375 0.5004883
vt 0.375 0.6279297
vt 0.625 0.6279297
vt 0.59375 0.5004883
vt 0.59375 0.6279297
vt 0.59375 0.6279297
vt 0.5625 0.5004883
vt 0.5625 0.6279297
vt 0.5625 0.6279297
vt 0.53125 0.5004883
vt 0.53125 0.6279297
vt 0.59375 0.6279297
vt 0.5625 0.6279297
vt 0.46875 0.6279297
vt 0.4375 0.6279297
vt 0.375 0.6279297
vt 0.59375 0.6279297
vt 0.4375 0.6279297
vt 0.40625 0.6279297
vt 0.375 0.6279297
vt 0.59375 0.6279297
vt 0.46875 0.6279297
vt 0.4375 0.6279297
vt 0.46875 0.6279297
vt 0.5625 0.6279297
vt 0.5 0.6279297
vt 0.5 0.6279297
vt 0.5625 0.6279297
vt 0.53125 0.6279297
vt 0.375 0.3125
vt 0.40625 0.5004883
vt 0.40625 0.3125
vt 0.40625 0.5004883
vt 0.375 0.3125
vt 0.375 0.5004883
vt 0.40625 0.3125
vt 0.4375 0.5004883
vt 0.4375 0.3125
vt 0.4375 0.5004883
vt 0.40625 0.3125
vt 0.40625 0.5004883
vt 0.4375 0.3125
vt 0.46875 0.5004883
vt 0.46875 0.3125
vt 0.46875 0.5004883
vt 0.4375 0.3125
vt 0.4375 0.5004883
vt 0.46875 0.3125
vt 0.5 0.5004883
vt 0.5 0.3125
vt 0.5 0.5004883
vt 0.46875 0.3125
vt 0.46875 0.5004883
vt 0.5 0.3125
vt 0.53125 0.5004883
vt 0.53125 0.3125
vt 0.53125 0.5004883
vt 0.5 0.3125
vt 0.5 0.5004883
vt 0.53125 0.3125
vt 0.5625 0.5004883
vt 0.5625 0.3125
vt 0.5625 0.5004883
vt 0.53125 0.3125
vt 0.53125 0.5004883
vt 0.5625 0.3125
vt 0.59375 0.5004883
vt 0.59375 0.3125
vt 0.59375 0.5004883
vt 0.5625 0.3125
vt 0.5625 0.5004883
vt 0.59375 0.3125
vt 0.625 0.5004883
vt 0.625 0.3125
vt 0.625 0.5004883
vt 0.59375 0.3125
vt 0.59375 0.5004883
vt 0.46875 0.5004883
vt 0.5625 0.5004883
vt 0.5 0.5004883
vt 0.4375 0.5004883
vt 0.375 0.5004883
vt 0.5 0.5004883
vt 0.5625 0.5004883
vt 0.53125 0.5004883
vt 0.5625 0.5004883
vt 0.46875 0.5004883
vt 0.59375 0.5004883
vt 0.59375 0.5004883
vt 0.46875 0.5004883
vt 0.375 0.5004883
vt 0.375 0.5004883
vt 0.4375 0.5004883
vt 0.40625 0.5004883
vt 0.375 0.3125
vt 0.40625 0.5004883
vt 0.40625 0.3125
vt 0.375 0.5004883
vt 0.40625 0.6884766
vt 0.375 0.6884766
vt 0.4375 0.3125
vt 0.46875 0.5004883
vt 0.46875 0.3125
vt 0.4375 0.5004883
vt 0.46875 0.6884766
vt 0.4375 0.6884766
vt 0.46875 0.3125
vt 0.5 0.5004883
vt 0.5 0.3125
vt 0.46875 0.5004883
vt 0.5 0.6884766
vt 0.46875 0.6884766
vt 0.5 0.3125
vt 0.53125 0.5004883
vt 0.53125 0.3125
vt 0.5 0.5004883
vt 0.53125 0.6884766
vt 0.5 0.6884766
vt 0.53125 0.3125
vt 0.5625 0.5004883
vt 0.5625 0.3125
vt 0.53125 0.5004883
vt 0.5625 0.6884766
vt 0.53125 0.6884766
vt 0.5625 0.3125
vt 0.59375 0.5004883
vt 0.59375 0.3125
vt 0.5625 0.5004883
vt 0.59375 0.6884766
vt 0.5625 0.6884766
vt 0.59375 0.3125
vt 0.625 0.5004883
vt 0.625 0.3125
vt 0.59375 0.5004883
vt 0.625 0.6884766
vt 0.59375 0.6884766
vt 0.375 0.3125
vt 0.40625 0.5004883
vt 0.40625 0.3125
vt 0.375 0.5004883
vt 0.40625 0.3125
vt 0.4375 0.5004883
vt 0.4375 0.3125
vt 0.40625 0.5004883
vt 0.4375 0.3125
vt 0.46875 0.5004883
vt 0.46875 0.3125
vt 0.4375 0.5004883
vt 0.46875 0.3125
vt 0.5 0.5004883
vt 0.5 0.3125
vt 0.46875 0.5004883
vt 0.5 0.3125
vt 0.53125 0.5004883
vt 0.53125 0.3125
vt 0.5 0.5004883
vt 0.53125 0.3125
vt 0.5625 0.5004883
vt 0.5625 0.3125
vt 0.53125 0.5004883
vt 0.5625 0.3125
vt 0.59375 0.5004883
vt 0.59375 0.3125
vt 0.5625 0.5004883
vt 0.59375 0.3125
vt 0.625 0.5004883
vt 0.625 0.3125
vt 0.59375 0.5004883
vt 0.5625 0.3125
vt 0.59375 0.3125
vt 0.625 0.3125
vt 0.40625 0.3125
vt 0.53125 0.3125
vt 0.4375 0.3125
vt 0.5 0.3125
vt 0.46875 0.3125
vt 0.375 0
vt 0.625 0.25
vt 0.625 0
vt 0.375 0.25
vt 0.375 0.5
vt 0.625 0.75
vt 0.625 0.5
vt 0.375 0.75
vt 0.375 0.75
vt 0.625 1
vt 0.625 0.75
vt 0.375 1
vt 0.625 0
vt 0.875 0.25
vt 0.875 0
vt 0.625 0.25
vt 0.125 0
vt 0.375 0.25
vt 0.375 0
vt 0.125 0.25
vt 0.375 0.3125
vt 0.40625 0.5004883
vt 0.40625 0.3125
vt 0.375 0.5004883
vt 0.40625 0.6884766
vt 0.375 0.6884766
vt 0.4375 0.3125
vt 0.46875 0.5004883
vt 0.46875 0.3125
vt 0.4375 0.5004883
vt 0.46875 0.6884766
vt 0.4375 0.6884766
vt 0.46875 0.3125
vt 0.5 0.5004883
vt 0.5 0.3125
vt 0.46875 0.5004883
vt 0.5 0.6884766
vt 0.46875 0.6884766
vt 0.5 0.3125
vt 0.53125 0.5004883
vt 0.53125 0.3125
vt 0.5 0.5004883
vt 0.53125 0.6884766
vt 0.5 0.6884766
vt 0.53125 0.3125
vt 0.5625 0.5004883
vt 0.5625 0.3125
vt 0.53125 0.5004883
vt 0.5625 0.6884766
vt 0.53125 0.6884766
vt 0.5625 0.3125
vt 0.59375 0.5004883
vt 0.59375 0.3125
vt 0.5625 0.5004883
vt 0.59375 0.6884766
vt 0.5625 0.6884766
vt 0.59375 0.3125
vt 0.625 0.5004883
vt 0.625 0.3125
vt 0.59375 0.5004883
vt 0.625 0.6884766
vt 0.59375 0.6884766
vt 0.375 0.3125
vt 0.40625 0.5004883
vt 0.40625 0.3125
vt 0.375 0.5004883
vt 0.40625 0.3125
vt 0.4375 0.5004883
vt 0.4375 0.3125
vt 0.40625 0.5004883
vt 0.4375 0.3125
vt 0.46875 0.5004883
vt 0.46875 0.3125
vt 0.4375 0.5004883
vt 0.46875 0.3125
vt 0.5 0.5004883
vt 0.5 0.3125
vt 0.46875 0.5004883
vt 0.5 0.3125
vt 0.53125 0.5004883
vt 0.53125 0.3125
vt 0.5 0.5004883
vt 0.53125 0.3125
vt 0.5625 0.5004883
vt 0.5625 0.3125
vt 0.53125 0.5004883
vt 0.5625 0.3125
vt 0.59375 0.5004883
vt 0.59375 0.3125
vt 0.5625 0.5004883
vt 0.59375 0.3125
vt 0.625 0.5004883
vt 0.625 0.3125
vt 0.59375 0.5004883
vt 0.5625 0.3125
vt 0.59375 0.3125
vt 0.625 0.3125
vt 0.40625 0.3125
vt 0.53125 0.3125
vt 0.4375 0.3125
vt 0.5 0.3125
vt 0.46875 0.3125
vt 0.375 0
vt 0.625 0.25
vt 0.625 0
vt 0.375 0.25
vt 0.375 0.5
vt 0.625 0.75
vt 0.625 0.5
vt 0.375 0.75
vt 0.375 0.75
vt 0.625 1
vt 0.625 0.75
vt 0.375 1
vt 0.625 0
vt 0.875 0.25
vt 0.875 0
vt 0.625 0.25
vt 0.125 0
vt 0.375 0.25
vt 0.375 0
vt 0.125 0.25
vt 0.375 0.3125
vt 0.40625 0.5004883
vt 0.40625 0.3125
vt 0.375 0.5004883
vt 0.40625 0.6884766
vt 0.375 0.6884766
vt 0.4375 0.3125
vt 0.46875 0.5004883
vt 0.46875 0.3125
vt 0.4375 0.5004883
vt 0.46875 0.6884766
vt 0.4375 0.6884766
vt 0.46875 0.3125
vt 0.5 0.5078125
vt 0.5 0.3125
vt 0.46875 0.5004883
vt 0.5 0.6884766
vt 0.46875 0.6884766
vt 0.5 0.3125
vt 0.53125 0.5004883
vt 0.53125 0.3125
vt 0.5 0.5078125
vt 0.53125 0.3125
vt 0.5625 0.5078125
vt 0.5625 0.3125
vt 0.53125 0.5004883
vt 0.5625 0.3125
vt 0.59375 0.5004883
vt 0.59375 0.3125
vt 0.5625 0.5078125
vt 0.59375 0.6884766
vt 0.5625 0.6884766
vt 0.59375 0.3125
vt 0.625 0.5004883
vt 0.625 0.3125
vt 0.59375 0.5004883
vt 0.625 0.6884766
vt 0.59375 0.6884766
vt 0.375 0.3125
vt 0.40625 0.5004883
vt 0.40625 0.3125
vt 0.375 0.5004883
vt 0.40625 0.3125
vt 0.4375 0.5004883
vt 0.4375 0.3125
vt 0.40625 0.5004883
vt 0.4375 0.3125
vt 0.46875 0.5004883
vt 0.46875 0.3125
vt 0.4375 0.5004883
vt 0.46875 0.3125
vt 0.5 0.5004883
vt 0.5 0.3125
vt 0.46875 0.5004883
vt 0.5 0.3125
vt 0.53125 0.5004883
vt 0.53125 0.3125
vt 0.5 0.5004883
vt 0.53125 0.3125
vt 0.5625 0.5004883
vt 0.5625 0.3125
vt 0.53125 0.5004883
vt 0.5625 0.3125
vt 0.59375 0.5004883
vt 0.59375 0.3125
vt 0.5625 0.5004883
vt 0.59375 0.3125
vt 0.625 0.5004883
vt 0.625 0.3125
vt 0.59375 0.5004883
vt 0.5625 0.3125
vt 0.59375 0.3125
vt 0.625 0.3125
vt 0.40625 0.3125
vt 0.53125 0.3125
vt 0.4375 0.3125
vt 0.5 0.3125
vt 0.46875 0.3125
vt 0.375 0
vt 0.625 0.25
vt 0.625 0
vt 0.375 0.25
vt 0.375 0.5
vt 0.625 0.75
vt 0.625 0.5
vt 0.375 0.75
vt 0.375 0.75
vt 0.625 1
vt 0.625 0.75
vt 0.375 1
vt 0.625 0
vt 0.875 0.25
vt 0.875 0
vt 0.625 0.25
vt 0.125 0
vt 0.375 0.25
vt 0.375 0
vt 0.125 0.25
vt 0.5 0.5078125
vt 0.53125 0.6884766
vt 0.53125 0.515625
vt 0.5 0.6884766
vt 0.53125 0.515625
vt 0.5625 0.6884766
vt 0.5625 0.5078125
vt 0.53125 0.6884766
vt 0.375 0.3125
vt 0.40625 0.5004883
vt 0.40625 0.3125
vt 0.375 0.5004883
vt 0.40625 0.6884766
vt 0.375 0.6884766
vt 0.4375 0.3125
vt 0.46875 0.5004883
vt 0.46875 0.3125
vt 0.4375 0.5004883
vt 0.46875 0.6884766
vt 0.4375 0.6884766
vt 0.46875 0.3125
vt 0.5 0.5004883
vt 0.5 0.3125
vt 0.46875 0.5004883
vt 0.5 0.6884766
vt 0.46875 0.6884766
vt 0.5 0.3125
vt 0.53125 0.5004883
vt 0.53125 0.3125
vt 0.5 0.5004883
vt 0.53125 0.6884766
vt 0.5 0.6884766
vt 0.53125 0.3125
vt 0.5625 0.5004883
vt 0.5625 0.3125
vt 0.53125 0.5004883
vt 0.5625 0.6884766
vt 0.53125 0.6884766
vt 0.5625 0.3125
vt 0.59375 0.5004883
vt 0.59375 0.3125
vt 0.5625 0.5004883
vt 0.59375 0.6884766
vt 0.5625 0.6884766
vt 0.59375 0.3125
vt 0.625 0.5004883
vt 0.625 0.3125
vt 0.59375 0.5004883
vt 0.625 0.6884766
vt 0.59375 0.6884766
vt 0.375 0.3125
vt 0.40625 0.5004883
vt 0.40625 0.3125
vt 0.375 0.5004883
vt 0.40625 0.3125
vt 0.4375 0.5004883
vt 0.4375 0.3125
vt 0.40625 0.5004883
vt 0.4375 0.3125
vt 0.46875 0.5004883
vt 0.46875 0.3125
vt 0.4375 0.5004883
vt 0.46875 0.3125
vt 0.5 0.5004883
vt 0.5 0.3125
vt 0.46875 0.5004883
vt 0.5 0.3125
vt 0.53125 0.5004883
vt 0.53125 0.3125
vt 0.5 0.5004883
vt 0.53125 0.3125
vt 0.5625 0.5004883
vt 0.5625 0.3125
vt 0.53125 0.5004883
vt 0.5625 0.3125
vt 0.59375 0.5004883
vt 0.59375 0.3125
vt 0.5625 0.5004883
vt 0.59375 0.3125
vt 0.625 0.5004883
vt 0.625 0.3125
vt 0.59375 0.5004883
vt 0.5625 0.3125
vt 0.59375 0.3125
vt 0.625 0.3125
vt 0.40625 0.3125
vt 0.53125 0.3125
vt 0.4375 0.3125
vt 0.5 0.3125
vt 0.46875 0.3125
vt 0.375 0
vt 0.625 0.25
vt 0.625 0
vt 0.375 0.25
vt 0.375 0.5
vt 0.625 0.75
vt 0.625 0.5
vt 0.375 0.75
vt 0.375 0.75
vt 0.625 1
vt 0.625 0.75
vt 0.375 1
vt 0.625 0
vt 0.875 0.25
vt 0.875 0
vt 0.625 0.25
vt 0.125 0
vt 0.375 0.25
vt 0.375 0
vt 0.125 0.25
vt 0.375 0.3125
vt 0.40625 0.5004883
vt 0.40625 0.3125
vt 0.375 0.5004883
vt 0.40625 0.6884766
vt 0.375 0.6884766
vt 0.4375 0.3125
vt 0.46875 0.5004883
vt 0.46875 0.3125
vt 0.4375 0.5004883
vt 0.46875 0.6884766
vt 0.4375 0.6884766
vt 0.46875 0.3125
vt 0.5 0.5004883
vt 0.5 0.3125
vt 0.46875 0.5004883
vt 0.5 0.6884766
vt 0.46875 0.6884766
vt 0.5 0.3125
vt 0.53125 0.5004883
vt 0.53125 0.3125
vt 0.5 0.5004883
vt 0.53125 0.6884766
vt 0.5 0.6884766
vt 0.53125 0.3125
vt 0.5625 0.5004883
vt 0.5625 0.3125
vt 0.53125 0.5004883
vt 0.5625 0.6884766
vt 0.53125 0.6884766
vt 0.5625 0.3125
vt 0.59375 0.5004883
vt 0.59375 0.3125
vt 0.5625 0.5004883
vt 0.59375 0.6884766
vt 0.5625 0.6884766
vt 0.59375 0.3125
vt 0.625 0.5004883
vt 0.625 0.3125
vt 0.59375 0.5004883
vt 0.625 0.6884766
vt 0.59375 0.6884766
vt 0.375 0.3125
vt 0.40625 0.5004883
vt 0.40625 0.3125
vt 0.375 0.5004883
vt 0.40625 0.3125
vt 0.4375 0.5004883
vt 0.4375 0.3125
vt 0.40625 0.5004883
vt 0.4375 0.3125
vt 0.46875 0.5004883
vt 0.46875 0.3125
vt 0.4375 0.5004883
vt 0.46875 0.3125
vt 0.5 0.5004883
vt 0.5 0.3125
vt 0.46875 0.5004883
vt 0.5 0.3125
vt 0.53125 0.5004883
vt 0.53125 0.3125
vt 0.5 0.5004883
vt 0.53125 0.3125
vt 0.5625 0.5004883
vt 0.5625 0.3125
vt 0.53125 0.5004883
vt 0.5625 0.3125
vt 0.59375 0.5004883
vt 0.59375 0.3125
vt 0.5625 0.5004883
vt 0.59375 0.3125
vt 0.625 0.5004883
vt 0.625 0.3125
vt 0.59375 0.5004883
vt 0.5625 0.3125
vt 0.59375 0.3125
vt 0.625 0.3125
vt 0.40625 0.3125
vt 0.53125 0.3125
vt 0.4375 0.3125
vt 0.5 0.3125
vt 0.46875 0.3125
vt 0.375 0
vt 0.625 0.25
vt 0.625 0
vt 0.375 0.25
vt 0.375 0.5
vt 0.625 0.75
vt 0.625 0.5
vt 0.375 0.75
vt 0.375 0.75
vt 0.625 1
vt 0.625 0.75
vt 0.375 1
vt 0.625 0
vt 0.875 0.25
vt 0.875 0
vt 0.625 0.25
vt 0.125 0
vt 0.375 0.25
vt 0.375 0
vt 0.125 0.25
vt 0.375 0.3125
vt 0.40625 0.5004883
vt 0.40625 0.3125
vt 0.375 0.5004883
vt 0.40625 0.6884766
vt 0.375 0.6884766
vt 0.4375 0.3125
vt 0.46875 0.5004883
vt 0.46875 0.3125
vt 0.4375 0.5004883
vt 0.46875 0.6884766
vt 0.4375 0.6884766
vt 0.46875 0.3125
vt 0.5 0.5004883
vt 0.5 0.3125
vt 0.46875 0.5004883
vt 0.5 0.6884766
vt 0.46875 0.6884766
vt 0.5 0.3125
vt 0.53125 0.5004883
vt 0.53125 0.3125
vt 0.5 0.5004883
vt 0.53125 0.6884766
vt 0.5 0.6884766
vt 0.53125 0.3125
vt 0.5625 0.5004883
vt 0.5625 0.3125
vt 0.53125 0.5004883
vt 0.5625 0.6884766
vt 0.53125 0.6884766
vt 0.5625 0.3125
vt 0.59375 0.5004883
vt 0.59375 0.3125
vt 0.5625 0.5004883
vt 0.59375 0.6884766
vt 0.5625 0.6884766
vt 0.59375 0.3125
vt 0.625 0.5004883
vt 0.625 0.3125
vt 0.59375 0.5004883
vt 0.625 0.6884766
vt 0.59375 0.6884766
vt 0.375 0.3125
vt 0.40625 0.5004883
vt 0.40625 0.3125
vt 0.375 0.5004883
vt 0.40625 0.3125
vt 0.4375 0.5004883
vt 0.4375 0.3125
vt 0.40625 0.5004883
vt 0.4375 0.3125
vt 0.46875 0.5004883
vt 0.46875 0.3125
vt 0.4375 0.5004883
vt 0.46875 0.3125
vt 0.5 0.5004883
vt 0.5 0.3125
vt 0.46875 0.5004883
vt 0.5 0.3125
vt 0.53125 0.5004883
vt 0.53125 0.3125
vt 0.5 0.5004883
vt 0.53125 0.3125
vt 0.5625 0.5004883
vt 0.5625 0.3125
vt 0.53125 0.5004883
vt 0.5625 0.3125
vt 0.59375 0.5004883
vt 0.59375 0.3125
vt 0.5625 0.5004883
vt 0.59375 0.3125
vt 0.625 0.5004883
vt 0.625 0.3125
vt 0.59375 0.5004883
vt 0.5625 0.3125
vt 0.59375 0.3125
vt 0.625 0.3125
vt 0.40625 0.3125
vt 0.53125 0.3125
vt 0.4375 0.3125
vt 0.5 0.3125
vt 0.46875 0.3125
vt 0.375 0
vt 0.625 0.25
vt 0.625 0
vt 0.375 0.25
vt 0.375 0.5
vt 0.625 0.75
vt 0.625 0.5
vt 0.375 0.75
vt 0.375 0.75
vt 0.625 1
vt 0.625 0.75
vt 0.375 1
vt 0.625 0
vt 0.875 0.25
vt 0.875 0
vt 0.625 0.25
vt 0.125 0
vt 0.375 0.25
vt 0.375 0
vt 0.125 0.25
vt 0.125 0
vt 0.5 0.25
vt 0.375 0
vt 0.5 0.5
vt 0.5 0.5
vt 0.5 1
vt 0.5 0.25
vt 0.5 0.75
vt 0.5625 0.25
vt 0.75 0.375
vt 0.625 0
vt 0.5625 0.5
vt 0.5 0.25
vt 0.5 0.5
vt 0.5625 0.25
vt 0.5 0
vt 0.5 0.25
vt 0.625 0
vt 0.5 0.5
vt 0.5 0
vt 0.5 0.75
vt 0.5 0.25
vt 0.5 0.75
vt 0.625 0
vt 0.75 0.375
vt 0.5 0
vt 0.375 0
vt 0.625 0.25
vt 0.625 0
vt 0.375 0.25
vt 0.375 0.5
vt 0.625 0.75
vt 0.625 0.5
vt 0.375 0.75
vt 0.375 0.75
vt 0.625 1
vt 0.625 0.75
vt 0.375 1
vt 0.625 0
vt 0.875 0.25
vt 0.875 0
vt 0.625 0.25
vt 0.125 0
vt 0.375 0.25
vt 0.375 0
vt 0.125 0.25
vt 0.375 0.3125
vt 0.40625 0.5004883
vt 0.40625 0.3125
vt 0.375 0.5004883
vt 0.40625 0.6884766
vt 0.375 0.6884766
vt 0.4375 0.3125
vt 0.46875 0.5004883
vt 0.46875 0.3125
vt 0.4375 0.5004883
vt 0.46875 0.6884766
vt 0.4375 0.6884766
vt 0.46875 0.3125
vt 0.5 0.5004883
vt 0.5 0.3125
vt 0.46875 0.5004883
vt 0.5 0.6884766
vt 0.46875 0.6884766
vt 0.5 0.3125
vt 0.53125 0.5004883
vt 0.53125 0.3125
vt 0.5 0.5004883
vt 0.53125 0.6884766
vt 0.5 0.6884766
vt 0.53125 0.3125
vt 0.5625 0.5004883
vt 0.5625 0.3125
vt 0.53125 0.5004883
vt 0.5625 0.6884766
vt 0.53125 0.6884766
vt 0.5625 0.3125
vt 0.59375 0.5004883
vt 0.59375 0.3125
vt 0.5625 0.5004883
vt 0.59375 0.6884766
vt 0.5625 0.6884766
vt 0.59375 0.3125
vt 0.625 0.5004883
vt 0.625 0.3125
vt 0.59375 0.5004883
vt 0.625 0.6884766
vt 0.59375 0.6884766
vt 0.375 0.3125
vt 0.40625 0.5004883
vt 0.40625 0.3125
vt 0.375 0.5004883
vt 0.40625 0.3125
vt 0.4375 0.5004883
vt 0.4375 0.3125
vt 0.40625 0.5004883
vt 0.4375 0.3125
vt 0.46875 0.5004883
vt 0.46875 0.3125
vt 0.4375 0.5004883
vt 0.46875 0.3125
vt 0.5 0.5004883
vt 0.5 0.3125
vt 0.46875 0.5004883
vt 0.5 0.3125
vt 0.53125 0.5004883
vt 0.53125 0.3125
vt 0.5 0.5004883
vt 0.53125 0.3125
vt 0.5625 0.5004883
vt 0.5625 0.3125
vt 0.53125 0.5004883
vt 0.5625 0.3125
vt 0.59375 0.5004883
vt 0.59375 0.3125
vt 0.5625 0.5004883
vt 0.59375 0.3125
vt 0.625 0.5004883
vt 0.625 0.3125
vt 0.59375 0.5004883
vt 0.5625 0.3125
vt 0.59375 0.3125
vt 0.625 0.3125
vt 0.40625 0.3125
vt 0.53125 0.3125
vt 0.4375 0.3125
vt 0.5 0.3125
vt 0.46875 0.3125
vt 0.375 0
vt 0.625 0.25
vt 0.625 0
vt 0.375 0.25
vt 0.375 0.5
vt 0.625 0.75
vt 0.625 0.5
vt 0.375 0.75
vt 0.375 0.75
vt 0.625 1
vt 0.625 0.75
vt 0.375 1
vt 0.625 0
vt 0.875 0.25
vt 0.875 0
vt 0.625 0.25
vt 0.125 0
vt 0.375 0.25
vt 0.375 0
vt 0.125 0.25
vt 0.375 0.3125
vt 0.40625 0.5004883
vt 0.40625 0.3125
vt 0.375 0.5004883
vt 0.40625 0.6884766
vt 0.375 0.6884766
vt 0.4375 0.3125
vt 0.46875 0.5004883
vt 0.46875 0.3125
vt 0.4375 0.5004883
vt 0.46875 0.644043
vt 0.4375 0.6884766
vt 0.46875 0.6884766
vt 0.46875 0.3125
vt 0.5 0.5004883
vt 0.5 0.3125
vt 0.46875 0.5004883
vt 0.5 0.6186523
vt 0.46875 0.644043
vt 0.5 0.6884766
vt 0.5 0.6689453
vt 0.46875 0.6884766
vt 0.5 0.3125
vt 0.53125 0.5004883
vt 0.53125 0.3125
vt 0.5 0.5004883
vt 0.53125 0.644043
vt 0.5 0.6186523
vt 0.5 0.6689453
vt 0.53125 0.6884766
vt 0.5 0.6884766
vt 0.53125 0.3125
vt 0.5625 0.5004883
vt 0.5625 0.3125
vt 0.53125 0.5004883
vt 0.53125 0.644043
vt 0.5625 0.6884766
vt 0.53125 0.6884766
vt 0.5625 0.3125
vt 0.59375 0.5004883
vt 0.59375 0.3125
vt 0.5625 0.5004883
vt 0.59375 0.6884766
vt 0.5625 0.6884766
vt 0.59375 0.3125
vt 0.625 0.5004883
vt 0.625 0.3125
vt 0.59375 0.5004883
vt 0.625 0.6884766
vt 0.59375 0.6884766
vt 0.375 0.3125
vt 0.40625 0.5004883
vt 0.40625 0.3125
vt 0.375 0.5004883
vt 0.40625 0.3125
vt 0.4375 0.5004883
vt 0.4375 0.3125
vt 0.40625 0.5004883
vt 0.4375 0.3125
vt 0.46875 0.5004883
vt 0.46875 0.3125
vt 0.4375 0.5004883
vt 0.46875 0.3125
vt 0.5 0.5004883
vt 0.5 0.3125
vt 0.46875 0.5004883
vt 0.5 0.3125
vt 0.53125 0.5004883
vt 0.53125 0.3125
vt 0.5 0.5004883
vt 0.53125 0.3125
vt 0.5625 0.5004883
vt 0.5625 0.3125
vt 0.53125 0.5004883
vt 0.5625 0.3125
vt 0.59375 0.5004883
vt 0.59375 0.3125
vt 0.5625 0.5004883
vt 0.59375 0.3125
vt 0.625 0.5004883
vt 0.625 0.3125
vt 0.59375 0.5004883
vt 0.5625 0.3125
vt 0.59375 0.3125
vt 0.625 0.3125
vt 0.40625 0.3125
vt 0.53125 0.3125
vt 0.4375 0.3125
vt 0.5 0.3125
vt 0.46875 0.3125
vt 0.375 0
vt 0.625 0.25
vt 0.625 0
vt 0.375 0.25
vt 0.375 0.5
vt 0.625 0.75
vt 0.625 0.5
vt 0.375 0.75
vt 0.375 0.75
vt 0.625 1
vt 0.625 0.75
vt 0.375 1
vt 0.625 0
vt 0.875 0.25
vt 0.875 0
vt 0.625 0.25
vt 0.125 0
vt 0.375 0.25
vt 0.375 0
vt 0.125 0.25
vt 0.5 0.6186523
vt 0.46875 0.644043
vt 0.53125 0.644043
vt 0.5 0.6689453
vt 0.375 0.3125
vt 0.40625 0.5004883
vt 0.40625 0.3125
vt 0.375 0.5004883
vt 0.40625 0.6884766
vt 0.375 0.6884766
vt 0.4375 0.3125
vt 0.46875 0.5004883
vt 0.46875 0.3125
vt 0.4375 0.5004883
vt 0.46875 0.6884766
vt 0.4375 0.6884766
vt 0.46875 0.3125
vt 0.5 0.5004883
vt 0.5 0.3125
vt 0.46875 0.5004883
vt 0.5 0.6884766
vt 0.46875 0.6884766
vt 0.5 0.3125
vt 0.53125 0.5004883
vt 0.53125 0.3125
vt 0.5 0.5004883
vt 0.53125 0.6884766
vt 0.5 0.6884766
vt 0.53125 0.3125
vt 0.5625 0.5004883
vt 0.5625 0.3125
vt 0.53125 0.5004883
vt 0.5625 0.6884766
vt 0.53125 0.6884766
vt 0.5625 0.3125
vt 0.59375 0.5004883
vt 0.59375 0.3125
vt 0.5625 0.5004883
vt 0.59375 0.6884766
vt 0.5625 0.6884766
vt 0.59375 0.3125
vt 0.625 0.5004883
vt 0.625 0.3125
vt 0.59375 0.5004883
vt 0.625 0.6884766
vt 0.59375 0.6884766
vt 0.375 0.3125
vt 0.40625 0.5004883
vt 0.40625 0.3125
vt 0.375 0.5004883
vt 0.40625 0.3125
vt 0.4375 0.5004883
vt 0.4375 0.3125
vt 0.40625 0.5004883
vt 0.4375 0.3125
vt 0.46875 0.5004883
vt 0.46875 0.3125
vt 0.4375 0.5004883
vt 0.46875 0.3125
vt 0.5 0.5004883
vt 0.5 0.3125
vt 0.46875 0.5004883
vt 0.5 0.3125
vt 0.53125 0.5004883
vt 0.53125 0.3125
vt 0.5 0.5004883
vt 0.53125 0.3125
vt 0.5625 0.5004883
vt 0.5625 0.3125
vt 0.53125 0.5004883
vt 0.5625 0.3125
vt 0.59375 0.5004883
vt 0.59375 0.3125
vt 0.5625 0.5004883
vt 0.59375 0.3125
vt 0.625 0.5004883
vt 0.625 0.3125
vt 0.59375 0.5004883
vt 0.5625 0.3125
vt 0.59375 0.3125
vt 0.625 0.3125
vt 0.40625 0.3125
vt 0.53125 0.3125
vt 0.4375 0.3125
vt 0.5 0.3125
vt 0.46875 0.3125
vt 0.375 0
vt 0.625 0.25
vt 0.625 0
vt 0.375 0.25
vt 0.375 0.5
vt 0.625 0.75
vt 0.625 0.5
vt 0.375 0.75
vt 0.375 0.75
vt 0.625 1
vt 0.625 0.75
vt 0.375 1
vt 0.625 0
vt 0.875 0.25
vt 0.875 0
vt 0.625 0.25
vt 0.125 0
vt 0.375 0.25
vt 0.375 0
vt 0.125 0.25
vt 0.375 0.3125
vt 0.40625 0.5004883
vt 0.40625 0.3125
vt 0.375 0.5004883
vt 0.40625 0.3125
vt 0.4375 0.5004883
vt 0.4375 0.3125
vt 0.40625 0.5004883
vt 0.4375 0.3125
vt 0.46875 0.5004883
vt 0.46875 0.3125
vt 0.4375 0.5004883
vt 0.46875 0.3125
vt 0.5 0.5004883
vt 0.5 0.3125
vt 0.46875 0.5004883
vt 0.5 0.3125
vt 0.53125 0.5004883
vt 0.53125 0.3125
vt 0.5 0.5004883
vt 0.53125 0.3125
vt 0.5625 0.5004883
vt 0.5625 0.3125
vt 0.53125 0.5004883
vt 0.5625 0.3125
vt 0.59375 0.5004883
vt 0.59375 0.3125
vt 0.5625 0.5004883
vt 0.59375 0.3125
vt 0.625 0.5004883
vt 0.625 0.3125
vt 0.59375 0.5004883
vt 0.5625 0.3125
vt 0.59375 0.3125
vt 0.625 0.3125
vt 0.40625 0.3125
vt 0.53125 0.3125
vt 0.4375 0.3125
vt 0.5 0.3125
vt 0.46875 0.3125
vt 0.375 0
vt 0.625 0.25
vt 0.625 0
vt 0.375 0.25
vt 0.375 0.5
vt 0.625 0.75
vt 0.625 0.5
vt 0.375 0.75
vt 0.375 0.75
vt 0.625 1
vt 0.625 0.75
vt 0.375 1
vt 0.625 0
vt 0.875 0.25
vt 0.875 0
vt 0.625 0.25
vt 0.125 0
vt 0.375 0.25
vt 0.375 0
vt 0.125 0.25
vt 0.375 0.3125
vt 0.40625 0.5004883
vt 0.40625 0.3125
vt 0.375 0.5004883
vt 0.40625 0.6884766
vt 0.375 0.6884766
vt 0.4375 0.3125
vt 0.46875 0.5004883
vt 0.46875 0.3125
vt 0.4375 0.5004883
vt 0.46875 0.6884766
vt 0.4375 0.6884766
vt 0.46875 0.3125
vt 0.5 0.5004883
vt 0.5 0.3125
vt 0.46875 0.5004883
vt 0.5 0.6884766
vt 0.46875 0.6884766
vt 0.5 0.3125
vt 0.53125 0.5004883
vt 0.53125 0.3125
vt 0.5 0.5004883
vt 0.53125 0.6884766
vt 0.5 0.6884766
vt 0.53125 0.3125
vt 0.5625 0.5004883
vt 0.5625 0.3125
vt 0.53125 0.5004883
vt 0.5625 0.6884766
vt 0.53125 0.6884766
vt 0.5625 0.3125
vt 0.59375 0.5004883
vt 0.59375 0.3125
vt 0.5625 0.5004883
vt 0.59375 0.6884766
vt 0.5625 0.6884766
vt 0.59375 0.3125
vt 0.625 0.5004883
vt 0.625 0.3125
vt 0.59375 0.5004883
vt 0.625 0.6884766
vt 0.59375 0.6884766
vt 0.375 0.3125
vt 0.40625 0.5004883
vt 0.40625 0.3125
vt 0.375 0.5004883
vt 0.40625 0.3125
vt 0.4375 0.5004883
vt 0.4375 0.3125
vt 0.40625 0.5004883
vt 0.4375 0.3125
vt 0.46875 0.5004883
vt 0.46875 0.3125
vt 0.4375 0.5004883
vt 0.46875 0.3125
vt 0.5 0.5004883
vt 0.5 0.3125
vt 0.46875 0.5004883
vt 0.5 0.3125
vt 0.53125 0.5004883
vt 0.53125 0.3125
vt 0.5 0.5004883
vt 0.53125 0.3125
vt 0.5625 0.5004883
vt 0.5625 0.3125
vt 0.53125 0.5004883
vt 0.5625 0.3125
vt 0.59375 0.5004883
vt 0.59375 0.3125
vt 0.5625 0.5004883
vt 0.59375 0.3125
vt 0.625 0.5004883
vt 0.625 0.3125
vt 0.59375 0.5004883
vt 0.5625 0.3125
vt 0.59375 0.3125
vt 0.625 0.3125
vt 0.40625 0.3125
vt 0.53125 0.3125
vt 0.4375 0.3125
vt 0.5 0.3125
vt 0.46875 0.3125
vt 0.375 0
vt 0.625 0.25
vt 0.625 0
vt 0.375 0.25
vt 0.375 0.5
vt 0.625 0.75
vt 0.625 0.5
vt 0.375 0.75
vt 0.375 0.75
vt 0.625 1
vt 0.625 0.75
vt 0.375 1
vt 0.625 0
vt 0.875 0.25
vt 0.875 0
vt 0.625 0.25
vt 0.125 0
vt 0.375 0.25
vt 0.375 0
vt 0.125 0.25
vt 0.375 0.3125
vt 0.40625 0.5004883
vt 0.40625 0.3125
vt 0.375 0.5004883
vt 0.40625 0.6884766
vt 0.375 0.6884766
vt 0.4375 0.3125
vt 0.46875 0.5004883
vt 0.46875 0.3125
vt 0.4375 0.5004883
vt 0.46875 0.6884766
vt 0.4375 0.6884766
vt 0.46875 0.3125
vt 0.5 0.5004883
vt 0.5 0.3125
vt 0.46875 0.5004883
vt 0.5 0.6884766
vt 0.46875 0.6884766
vt 0.5 0.3125
vt 0.53125 0.5004883
vt 0.53125 0.3125
vt 0.5 0.5004883
vt 0.53125 0.6884766
vt 0.5 0.6884766
vt 0.53125 0.3125
vt 0.5625 0.5004883
vt 0.5625 0.3125
vt 0.53125 0.5004883
vt 0.5625 0.6884766
vt 0.53125 0.6884766
vt 0.5625 0.3125
vt 0.59375 0.5004883
vt 0.59375 0.3125
vt 0.5625 0.5004883
vt 0.59375 0.6884766
vt 0.5625 0.6884766
vt 0.59375 0.3125
vt 0.625 0.5004883
vt 0.625 0.3125
vt 0.59375 0.5004883
vt 0.625 0.6884766
vt 0.59375 0.6884766
vt 0.375 0.3125
vt 0.40625 0.5004883
vt 0.40625 0.3125
vt 0.375 0.5004883
vt 0.40625 0.3125
vt 0.4375 0.5004883
vt 0.4375 0.3125
vt 0.40625 0.5004883
vt 0.4375 0.3125
vt 0.46875 0.5004883
vt 0.46875 0.3125
vt 0.4375 0.5004883
vt 0.46875 0.3125
vt 0.5 0.5004883
vt 0.5 0.3125
vt 0.46875 0.5004883
vt 0.5 0.3125
vt 0.53125 0.5004883
vt 0.53125 0.3125
vt 0.5 0.5004883
vt 0.53125 0.3125
vt 0.5625 0.5004883
vt 0.5625 0.3125
vt 0.53125 0.5004883
vt 0.5625 0.3125
vt 0.59375 0.5004883
vt 0.59375 0.3125
vt 0.5625 0.5004883
vt 0.59375 0.3125
vt 0.625 0.5004883
vt 0.625 0.3125
vt 0.59375 0.5004883
vt 0.5625 0.3125
vt 0.59375 0.3125
vt 0.625 0.3125
vt 0.40625 0.3125
vt 0.53125 0.3125
vt 0.4375 0.3125
vt 0.5 0.3125
vt 0.46875 0.3125
vt 0.375 0
vt 0.625 0.25
vt 0.625 0
vt 0.375 0.25
vt 0.375 0.5
vt 0.625 0.75
vt 0.625 0.5
vt 0.375 0.75
vt 0.375 0.75
vt 0.625 1
vt 0.625 0.75
vt 0.375 1
vt 0.625 0
vt 0.875 0.25
vt 0.875 0
vt 0.625 0.25
vt 0.125 0
vt 0.375 0.25
vt 0.375 0
vt 0.125 0.25
vt 0.375 0.3125
vt 0.40625 0.5004883
vt 0.40625 0.3125
vt 0.375 0.5004883
vt 0.40625 0.6884766
vt 0.375 0.6884766
vt 0.4375 0.3125
vt 0.46875 0.5004883
vt 0.46875 0.3125
vt 0.4375 0.5004883
vt 0.46875 0.6884766
vt 0.4375 0.6884766
vt 0.46875 0.3125
vt 0.5 0.5004883
vt 0.5 0.3125
vt 0.46875 0.5004883
vt 0.5 0.6884766
vt 0.46875 0.6884766
vt 0.5 0.3125
vt 0.53125 0.5004883
vt 0.53125 0.3125
vt 0.5 0.5004883
vt 0.53125 0.6884766
vt 0.5 0.6884766
vt 0.53125 0.3125
vt 0.5625 0.5004883
vt 0.5625 0.3125
vt 0.53125 0.5004883
vt 0.5625 0.6884766
vt 0.53125 0.6884766
vt 0.5625 0.3125
vt 0.59375 0.5004883
vt 0.59375 0.3125
vt 0.5625 0.5004883
vt 0.59375 0.6884766
vt 0.5625 0.6884766
vt 0.59375 0.3125
vt 0.625 0.5004883
vt 0.625 0.3125
vt 0.59375 0.5004883
vt 0.625 0.6884766
vt 0.59375 0.6884766
vt 0.375 0.3125
vt 0.40625 0.5004883
vt 0.40625 0.3125
vt 0.375 0.5004883
vt 0.40625 0.3125
vt 0.4375 0.5004883
vt 0.4375 0.3125
vt 0.40625 0.5004883
vt 0.4375 0.3125
vt 0.46875 0.5004883
vt 0.46875 0.3125
vt 0.4375 0.5004883
vt 0.46875 0.3125
vt 0.5 0.5004883
vt 0.5 0.3125
vt 0.46875 0.5004883
vt 0.5 0.3125
vt 0.53125 0.5004883
vt 0.53125 0.3125
vt 0.5 0.5004883
vt 0.53125 0.3125
vt 0.5625 0.5004883
vt 0.5625 0.3125
vt 0.53125 0.5004883
vt 0.5625 0.3125
vt 0.59375 0.5004883
vt 0.59375 0.3125
vt 0.5625 0.5004883
vt 0.59375 0.3125
vt 0.625 0.5004883
vt 0.625 0.3125
vt 0.59375 0.5004883
vt 0.5625 0.3125
vt 0.59375 0.3125
vt 0.625 0.3125
vt 0.40625 0.3125
vt 0.53125 0.3125
vt 0.4375 0.3125
vt 0.5 0.3125
vt 0.46875 0.3125
vt 0.375 0
vt 0.625 0.25
vt 0.625 0
vt 0.375 0.25
vt 0.375 0.5
vt 0.625 0.75
vt 0.625 0.5
vt 0.375 0.75
vt 0.375 0.75
vt 0.625 1
vt 0.625 0.75
vt 0.375 1
vt 0.625 0
vt 0.875 0.25
vt 0.875 0
vt 0.625 0.25
vt 0.125 0
vt 0.375 0.25
vt 0.375 0
vt 0.125 0.25
vt 0.375 0
vt 0.625 0.25
vt 0.625 0
vt 0.375 0.25
vt 0.375 0.5
vt 0.625 0.75
vt 0.625 0.5
vt 0.375 0.75
vt 0.375 0.75
vt 0.625 1
vt 0.625 0.75
vt 0.375 1
vt 0.625 0
vt 0.875 0.25
vt 0.875 0
vt 0.625 0.25
vt 0.125 0
vt 0.375 0.25
vt 0.375 0
vt 0.125 0.25
vt 0.375 0.3125
vt 0.40625 0.5004883
vt 0.40625 0.3125
vt 0.375 0.5004883
vt 0.40625 0.3125
vt 0.4375 0.5004883
vt 0.4375 0.3125
vt 0.40625 0.5004883
vt 0.4375 0.3125
vt 0.46875 0.5004883
vt 0.46875 0.3125
vt 0.4375 0.5004883
vt 0.46875 0.3125
vt 0.5 0.5004883
vt 0.5 0.3125
vt 0.46875 0.5004883
vt 0.5 0.3125
vt 0.53125 0.5004883
vt 0.53125 0.3125
vt 0.5 0.5004883
vt 0.53125 0.3125
vt 0.5625 0.5004883
vt 0.5625 0.3125
vt 0.53125 0.5004883
vt 0.5625 0.3125
vt 0.59375 0.5004883
vt 0.59375 0.3125
vt 0.5625 0.5004883
vt 0.59375 0.3125
vt 0.625 0.5004883
vt 0.625 0.3125
vt 0.59375 0.5004883
vt 0.5625 0.3125
vt 0.59375 0.3125
vt 0.625 0.3125
vt 0.40625 0.3125
vt 0.53125 0.3125
vt 0.4375 0.3125
vt 0.5 0.3125
vt 0.46875 0.3125
vt 0.375 0
vt 0.625 0.25
vt 0.625 0
vt 0.375 0.25
vt 0.375 0.5
vt 0.625 0.75
vt 0.625 0.5
vt 0.375 0.75
vt 0.375 0.75
vt 0.625 1
vt 0.625 0.75
vt 0.375 1
vt 0.625 0
vt 0.875 0.25
vt 0.875 0
vt 0.625 0.25
vt 0.125 0
vt 0.375 0.25
vt 0.375 0
vt 0.125 0.25
vt 0.375 0.3125
vt 0.40625 0.5004883
vt 0.40625 0.3125
vt 0.375 0.5004883
vt 0.40625 0.6884766
vt 0.375 0.6884766
vt 0.4375 0.3125
vt 0.46875 0.5004883
vt 0.46875 0.3125
vt 0.4375 0.5004883
vt 0.46875 0.6884766
vt 0.4375 0.6884766
vt 0.46875 0.3125
vt 0.5 0.5004883
vt 0.5 0.3125
vt 0.46875 0.5004883
vt 0.5 0.6884766
vt 0.46875 0.6884766
vt 0.5 0.3125
vt 0.53125 0.5004883
vt 0.53125 0.3125
vt 0.5 0.5004883
vt 0.53125 0.6884766
vt 0.5 0.6884766
vt 0.53125 0.3125
vt 0.5625 0.5004883
vt 0.5625 0.3125
vt 0.53125 0.5004883
vt 0.5625 0.6884766
vt 0.53125 0.6884766
vt 0.5625 0.3125
vt 0.59375 0.5004883
vt 0.59375 0.3125
vt 0.5625 0.5004883
vt 0.59375 0.6884766
vt 0.5625 0.6884766
vt 0.59375 0.3125
vt 0.625 0.5004883
vt 0.625 0.3125
vt 0.59375 0.5004883
vt 0.625 0.6884766
vt 0.59375 0.6884766
vt 0.375 0.3125
vt 0.40625 0.5004883
vt 0.40625 0.3125
vt 0.375 0.5004883
vt 0.40625 0.3125
vt 0.4375 0.5004883
vt 0.4375 0.3125
vt 0.40625 0.5004883
vt 0.4375 0.3125
vt 0.46875 0.5004883
vt 0.46875 0.3125
vt 0.4375 0.5004883
vt 0.46875 0.3125
vt 0.5 0.5004883
vt 0.5 0.3125
vt 0.46875 0.5004883
vt 0.5 0.3125
vt 0.53125 0.5004883
vt 0.53125 0.3125
vt 0.5 0.5004883
vt 0.53125 0.3125
vt 0.5625 0.5004883
vt 0.5625 0.3125
vt 0.53125 0.5004883
vt 0.5625 0.3125
vt 0.59375 0.5004883
vt 0.59375 0.3125
vt 0.5625 0.5004883
vt 0.59375 0.3125
vt 0.625 0.5004883
vt 0.625 0.3125
vt 0.59375 0.5004883
vt 0.5625 0.3125
vt 0.59375 0.3125
vt 0.625 0.3125
vt 0.40625 0.3125
vt 0.53125 0.3125
vt 0.4375 0.3125
vt 0.5 0.3125
vt 0.46875 0.3125
vt 0.375 0
vt 0.625 0.25
vt 0.625 0
vt 0.375 0.25
vt 0.375 0.5
vt 0.625 0.75
vt 0.625 0.5
vt 0.375 0.75
vt 0.375 0.75
vt 0.625 1
vt 0.625 0.75
vt 0.375 1
vt 0.625 0
vt 0.875 0.25
vt 0.875 0
vt 0.625 0.25
vt 0.125 0
vt 0.375 0.25
vt 0.375 0
vt 0.125 0.25
vt 0.375 0.3125
vt 0.40625 0.5004883
vt 0.40625 0.3125
vt 0.375 0.5004883
vt 0.40625 0.6884766
vt 0.375 0.6884766
vt 0.4375 0.3125
vt 0.46875 0.5004883
vt 0.46875 0.3125
vt 0.4375 0.5004883
vt 0.46875 0.6884766
vt 0.4375 0.6884766
vt 0.46875 0.3125
vt 0.5 0.5004883
vt 0.5 0.3125
vt 0.46875 0.5004883
vt 0.5 0.6884766
vt 0.46875 0.6884766
vt 0.5 0.3125
vt 0.53125 0.5004883
vt 0.53125 0.3125
vt 0.5 0.5004883
vt 0.53125 0.6884766
vt 0.5 0.6884766
vt 0.53125 0.3125
vt 0.5625 0.5004883
vt 0.5625 0.3125
vt 0.53125 0.5004883
vt 0.5625 0.6884766
vt 0.53125 0.6884766
vt 0.5625 0.3125
vt 0.59375 0.5004883
vt 0.59375 0.3125
vt 0.5625 0.5004883
vt 0.59375 0.6884766
vt 0.5625 0.6884766
vt 0.59375 0.3125
vt 0.625 0.5004883
vt 0.625 0.3125
vt 0.59375 0.5004883
vt 0.625 0.6884766
vt 0.59375 0.6884766
vt 0.375 0.3125
vt 0.40625 0.5004883
vt 0.40625 0.3125
vt 0.375 0.5004883
vt 0.40625 0.3125
vt 0.4375 0.5004883
vt 0.4375 0.3125
vt 0.40625 0.5004883
vt 0.4375 0.3125
vt 0.46875 0.5004883
vt 0.46875 0.3125
vt 0.4375 0.5004883
vt 0.46875 0.3125
vt 0.5 0.5004883
vt 0.5 0.3125
vt 0.46875 0.5004883
vt 0.5 0.3125
vt 0.53125 0.5004883
vt 0.53125 0.3125
vt 0.5 0.5004883
vt 0.53125 0.3125
vt 0.5625 0.5004883
vt 0.5625 0.3125
vt 0.53125 0.5004883
vt 0.5625 0.3125
vt 0.59375 0.5004883
vt 0.59375 0.3125
vt 0.5625 0.5004883
vt 0.59375 0.3125
vt 0.625 0.5004883
vt 0.625 0.3125
vt 0.59375 0.5004883
vt 0.5625 0.3125
vt 0.59375 0.3125
vt 0.625 0.3125
vt 0.40625 0.3125
vt 0.53125 0.3125
vt 0.4375 0.3125
vt 0.5 0.3125
vt 0.46875 0.3125
vt 0.375 0
vt 0.625 0.25
vt 0.625 0
vt 0.375 0.25
vt 0.375 0.5
vt 0.625 0.75
vt 0.625 0.5
vt 0.375 0.75
vt 0.375 0.75
vt 0.625 1
vt 0.625 0.75
vt 0.375 1
vt 0.625 0
vt 0.875 0.25
vt 0.875 0
vt 0.625 0.25
vt 0.125 0
vt 0.375 0.25
vt 0.375 0
vt 0.125 0.25
vt 0.375 0.3125
vt 0.40625 0.5004883
vt 0.40625 0.3125
vt 0.375 0.5004883
vt 0.40625 0.6884766
vt 0.375 0.6884766
vt 0.4375 0.3125
vt 0.46875 0.5004883
vt 0.46875 0.3125
vt 0.4375 0.5004883
vt 0.46875 0.6884766
vt 0.4375 0.6884766
vt 0.46875 0.3125
vt 0.5 0.5004883
vt 0.5 0.3125
vt 0.46875 0.5004883
vt 0.5 0.6884766
vt 0.46875 0.6884766
vt 0.5 0.3125
vt 0.53125 0.5004883
vt 0.53125 0.3125
vt 0.5 0.5004883
vt 0.53125 0.6884766
vt 0.5 0.6884766
vt 0.53125 0.3125
vt 0.5625 0.5004883
vt 0.5625 0.3125
vt 0.53125 0.5004883
vt 0.5625 0.6884766
vt 0.53125 0.6884766
vt 0.5625 0.3125
vt 0.59375 0.5004883
vt 0.59375 0.3125
vt 0.5625 0.5004883
vt 0.59375 0.6884766
vt 0.5625 0.6884766
vt 0.59375 0.3125
vt 0.625 0.5004883
vt 0.625 0.3125
vt 0.59375 0.5004883
vt 0.625 0.6884766
vt 0.59375 0.6884766
vt 0.375 0.3125
vt 0.40625 0.5004883
vt 0.40625 0.3125
vt 0.375 0.5004883
vt 0.40625 0.3125
vt 0.4375 0.5004883
vt 0.4375 0.3125
vt 0.40625 0.5004883
vt 0.4375 0.3125
vt 0.46875 0.5004883
vt 0.46875 0.3125
vt 0.4375 0.5004883
vt 0.46875 0.3125
vt 0.5 0.5004883
vt 0.5 0.3125
vt 0.46875 0.5004883
vt 0.5 0.3125
vt 0.53125 0.5004883
vt 0.53125 0.3125
vt 0.5 0.5004883
vt 0.53125 0.3125
vt 0.5625 0.5004883
vt 0.5625 0.3125
vt 0.53125 0.5004883
vt 0.5625 0.3125
vt 0.59375 0.5004883
vt 0.59375 0.3125
vt 0.5625 0.5004883
vt 0.59375 0.3125
vt 0.625 0.5004883
vt 0.625 0.3125
vt 0.59375 0.5004883
vt 0.5625 0.3125
vt 0.59375 0.3125
vt 0.625 0.3125
vt 0.40625 0.3125
vt 0.53125 0.3125
vt 0.4375 0.3125
vt 0.5 0.3125
vt 0.46875 0.3125
vt 0.375 0
vt 0.625 0.25
vt 0.625 0
vt 0.375 0.25
vt 0.375 0.5
vt 0.625 0.75
vt 0.625 0.5
vt 0.375 0.75
vt 0.375 0.75
vt 0.625 1
vt 0.625 0.75
vt 0.375 1
vt 0.625 0
vt 0.875 0.25
vt 0.875 0
vt 0.625 0.25
vt 0.125 0
vt 0.375 0.25
vt 0.375 0
vt 0.125 0.25
vt 0.375 0.3125
vt 0.40625 0.5004883
vt 0.40625 0.3125
vt 0.375 0.5004883
vt 0.40625 0.6884766
vt 0.375 0.6884766
vt 0.4375 0.3125
vt 0.46875 0.5004883
vt 0.46875 0.3125
vt 0.4375 0.5004883
vt 0.46875 0.6884766
vt 0.4375 0.6884766
vt 0.46875 0.3125
vt 0.5 0.5004883
vt 0.5 0.3125
vt 0.46875 0.5004883
vt 0.5 0.6884766
vt 0.46875 0.6884766
vt 0.5 0.3125
vt 0.53125 0.5004883
vt 0.53125 0.3125
vt 0.5 0.5004883
vt 0.53125 0.6884766
vt 0.5 0.6884766
vt 0.53125 0.3125
vt 0.5625 0.5004883
vt 0.5625 0.3125
vt 0.53125 0.5004883
vt 0.5625 0.6884766
vt 0.53125 0.6884766
vt 0.5625 0.3125
vt 0.59375 0.5004883
vt 0.59375 0.3125
vt 0.5625 0.5004883
vt 0.59375 0.6884766
vt 0.5625 0.6884766
vt 0.59375 0.3125
vt 0.625 0.5004883
vt 0.625 0.3125
vt 0.59375 0.5004883
vt 0.625 0.6884766
vt 0.59375 0.6884766
vt 0.375 0.3125
vt 0.40625 0.5004883
vt 0.40625 0.3125
vt 0.375 0.5004883
vt 0.40625 0.3125
vt 0.4375 0.5004883
vt 0.4375 0.3125
vt 0.40625 0.5004883
vt 0.4375 0.3125
vt 0.46875 0.5004883
vt 0.46875 0.3125
vt 0.4375 0.5004883
vt 0.46875 0.3125
vt 0.5 0.5004883
vt 0.5 0.3125
vt 0.46875 0.5004883
vt 0.5 0.3125
vt 0.53125 0.5004883
vt 0.53125 0.3125
vt 0.5 0.5004883
vt 0.53125 0.3125
vt 0.5625 0.5004883
vt 0.5625 0.3125
vt 0.53125 0.5004883
vt 0.5625 0.3125
vt 0.59375 0.5004883
vt 0.59375 0.3125
vt 0.5625 0.5004883
vt 0.59375 0.3125
vt 0.625 0.5004883
vt 0.625 0.3125
vt 0.59375 0.5004883
vt 0.5625 0.3125
vt 0.59375 0.3125
vt 0.625 0.3125
vt 0.40625 0.3125
vt 0.53125 0.3125
vt 0.4375 0.3125
vt 0.5 0.3125
vt 0.46875 0.3125
vt 0.375 0
vt 0.625 0.25
vt 0.625 0
vt 0.375 0.25
vt 0.375 0.5
vt 0.625 0.75
vt 0.625 0.5
vt 0.375 0.75
vt 0.375 0.75
vt 0.625 1
vt 0.625 0.75
vt 0.375 1
vt 0.625 0
vt 0.875 0.25
vt 0.875 0
vt 0.625 0.25
vt 0.125 0
vt 0.375 0.25
vt 0.375 0
vt 0.125 0.25
vt 0.375 0.3125
vt 0.40625 0.5004883
vt 0.40625 0.3125
vt 0.375 0.5004883
vt 0.40625 0.3125
vt 0.4375 0.5004883
vt 0.4375 0.3125
vt 0.40625 0.5004883
vt 0.4375 0.3125
vt 0.46875 0.5004883
vt 0.46875 0.3125
vt 0.4375 0.5004883
vt 0.46875 0.3125
vt 0.5 0.5004883
vt 0.5 0.3125
vt 0.46875 0.5004883
vt 0.5 0.3125
vt 0.53125 0.5004883
vt 0.53125 0.3125
vt 0.5 0.5004883
vt 0.53125 0.3125
vt 0.5625 0.5004883
vt 0.5625 0.3125
vt 0.53125 0.5004883
vt 0.5625 0.3125
vt 0.59375 0.5004883
vt 0.59375 0.3125
vt 0.5625 0.5004883
vt 0.59375 0.3125
vt 0.625 0.5004883
vt 0.625 0.3125
vt 0.59375 0.5004883
vt 0.5625 0.3125
vt 0.59375 0.3125
vt 0.625 0.3125
vt 0.40625 0.3125
vt 0.53125 0.3125
vt 0.4375 0.3125
vt 0.5 0.3125
vt 0.46875 0.3125
vt 0.375 0
vt 0.625 0.25
vt 0.625 0
vt 0.375 0.25
vt 0.375 0.5
vt 0.625 0.75
vt 0.625 0.5
vt 0.375 0.75
vt 0.375 0.75
vt 0.625 1
vt 0.625 0.75
vt 0.375 1
vt 0.625 0
vt 0.875 0.25
vt 0.875 0
vt 0.625 0.25
vt 0.125 0
vt 0.375 0.25
vt 0.375 0
vt 0.125 0.25
vt 0.375 0.3125
vt 0.40625 0.5004883
vt 0.40625 0.3125
vt 0.375 0.5004883
vt 0.40625 0.6884766
vt 0.375 0.6884766
vt 0.4375 0.3125
vt 0.46875 0.5004883
vt 0.46875 0.3125
vt 0.4375 0.5004883
vt 0.46875 0.6884766
vt 0.4375 0.6884766
vt 0.46875 0.3125
vt 0.5 0.5004883
vt 0.5 0.3125
vt 0.46875 0.5004883
vt 0.5 0.6884766
vt 0.46875 0.6884766
vt 0.5 0.3125
vt 0.53125 0.5004883
vt 0.53125 0.3125
vt 0.5 0.5004883
vt 0.53125 0.6884766
vt 0.5 0.6884766
vt 0.53125 0.3125
vt 0.5625 0.5004883
vt 0.5625 0.3125
vt 0.53125 0.5004883
vt 0.5625 0.6884766
vt 0.53125 0.6884766
vt 0.5625 0.3125
vt 0.59375 0.5004883
vt 0.59375 0.3125
vt 0.5625 0.5004883
vt 0.59375 0.6884766
vt 0.5625 0.6884766
vt 0.59375 0.3125
vt 0.625 0.5004883
vt 0.625 0.3125
vt 0.59375 0.5004883
vt 0.625 0.6884766
vt 0.59375 0.6884766
vt 0.375 0.3125
vt 0.40625 0.5004883
vt 0.40625 0.3125
vt 0.375 0.5004883
vt 0.40625 0.3125
vt 0.4375 0.5004883
vt 0.4375 0.3125
vt 0.40625 0.5004883
vt 0.4375 0.3125
vt 0.46875 0.5004883
vt 0.46875 0.3125
vt 0.4375 0.5004883
vt 0.46875 0.3125
vt 0.5 0.5004883
vt 0.5 0.3125
vt 0.46875 0.5004883
vt 0.5 0.3125
vt 0.53125 0.5004883
vt 0.53125 0.3125
vt 0.5 0.5004883
vt 0.53125 0.3125
vt 0.5625 0.5004883
vt 0.5625 0.3125
vt 0.53125 0.5004883
vt 0.5625 0.3125
vt 0.59375 0.5004883
vt 0.59375 0.3125
vt 0.5625 0.5004883
vt 0.59375 0.3125
vt 0.625 0.5004883
vt 0.625 0.3125
vt 0.59375 0.5004883
vt 0.5625 0.3125
vt 0.59375 0.3125
vt 0.625 0.3125
vt 0.40625 0.3125
vt 0.53125 0.3125
vt 0.4375 0.3125
vt 0.5 0.3125
vt 0.46875 0.3125
vt 0.375 0
vt 0.625 0.25
vt 0.625 0
vt 0.375 0.25
vt 0.375 0.5
vt 0.625 0.75
vt 0.625 0.5
vt 0.375 0.75
vt 0.375 0.75
vt 0.625 1
vt 0.625 0.75
vt 0.375 1
vt 0.625 0
vt 0.875 0.25
vt 0.875 0
vt 0.625 0.25
vt 0.125 0
vt 0.375 0.25
vt 0.375 0
vt 0.125 0.25
vt 0.375 0.3125
vt 0.40625 0.5004883
vt 0.40625 0.3125
vt 0.375 0.5004883
vt 0.40625 0.6884766
vt 0.375 0.6884766
vt 0.4375 0.3125
vt 0.46875 0.5004883
vt 0.46875 0.3125
vt 0.4375 0.5004883
vt 0.46875 0.6884766
vt 0.4375 0.6884766
vt 0.46875 0.3125
vt 0.5 0.5004883
vt 0.5 0.3125
vt 0.46875 0.5004883
vt 0.5 0.6884766
vt 0.46875 0.6884766
vt 0.5 0.3125
vt 0.53125 0.5004883
vt 0.53125 0.3125
vt 0.5 0.5004883
vt 0.53125 0.6884766
vt 0.5 0.6884766
vt 0.53125 0.3125
vt 0.5625 0.5004883
vt 0.5625 0.3125
vt 0.53125 0.5004883
vt 0.5625 0.6884766
vt 0.53125 0.6884766
vt 0.5625 0.3125
vt 0.59375 0.5004883
vt 0.59375 0.3125
vt 0.5625 0.5004883
vt 0.59375 0.6884766
vt 0.5625 0.6884766
vt 0.59375 0.3125
vt 0.625 0.5004883
vt 0.625 0.3125
vt 0.59375 0.5004883
vt 0.625 0.6884766
vt 0.59375 0.6884766
vt 0.375 0.3125
vt 0.40625 0.5004883
vt 0.40625 0.3125
vt 0.375 0.5004883
vt 0.40625 0.3125
vt 0.4375 0.5004883
vt 0.4375 0.3125
vt 0.40625 0.5004883
vt 0.4375 0.3125
vt 0.46875 0.5004883
vt 0.46875 0.3125
vt 0.4375 0.5004883
vt 0.46875 0.3125
vt 0.5 0.5004883
vt 0.5 0.3125
vt 0.46875 0.5004883
vt 0.5 0.3125
vt 0.53125 0.5004883
vt 0.53125 0.3125
vt 0.5 0.5004883
vt 0.53125 0.3125
vt 0.5625 0.5004883
vt 0.5625 0.3125
vt 0.53125 0.5004883
vt 0.5625 0.3125
vt 0.59375 0.5004883
vt 0.59375 0.3125
vt 0.5625 0.5004883
vt 0.59375 0.3125
vt 0.625 0.5004883
vt 0.625 0.3125
vt 0.59375 0.5004883
vt 0.5625 0.3125
vt 0.59375 0.3125
vt 0.625 0.3125
vt 0.40625 0.3125
vt 0.53125 0.3125
vt 0.4375 0.3125
vt 0.5 0.3125
vt 0.46875 0.3125
vt 0.375 0
vt 0.625 0.25
vt 0.625 0
vt 0.375 0.25
vt 0.375 0.5
vt 0.625 0.75
vt 0.625 0.5
vt 0.375 0.75
vt 0.375 0.75
vt 0.625 1
vt 0.625 0.75
vt 0.375 1
vt 0.625 0
vt 0.875 0.25
vt 0.875 0
vt 0.625 0.25
vt 0.125 0
vt 0.375 0.25
vt 0.375 0
vt 0.125 0.25
vt 0.375 0.3125
vt 0.40625 0.5004883
vt 0.40625 0.3125
vt 0.375 0.5004883
vt 0.40625 0.3125
vt 0.4375 0.5004883
vt 0.4375 0.3125
vt 0.40625 0.5004883
vt 0.4375 0.3125
vt 0.46875 0.5004883
vt 0.46875 0.3125
vt 0.4375 0.5004883
vt 0.46875 0.3125
vt 0.5 0.5004883
vt 0.5 0.3125
vt 0.46875 0.5004883
vt 0.5 0.3125
vt 0.53125 0.5004883
vt 0.53125 0.3125
vt 0.5 0.5004883
vt 0.53125 0.3125
vt 0.5625 0.5004883
vt 0.5625 0.3125
vt 0.53125 0.5004883
vt 0.5625 0.3125
vt 0.59375 0.5004883
vt 0.59375 0.3125
vt 0.5625 0.5004883
vt 0.59375 0.3125
vt 0.625 0.5004883
vt 0.625 0.3125
vt 0.59375 0.5004883
vt 0.5625 0.3125
vt 0.59375 0.3125
vt 0.625 0.3125
vt 0.40625 0.3125
vt 0.53125 0.3125
vt 0.4375 0.3125
vt 0.5 0.3125
vt 0.46875 0.3125
vt 0.375 0
vt 0.625 0.25
vt 0.625 0
vt 0.375 0.25
vt 0.375 0.5
vt 0.625 0.75
vt 0.625 0.5
vt 0.375 0.75
vt 0.375 0.75
vt 0.625 1
vt 0.625 0.75
vt 0.375 1
vt 0.625 0
vt 0.875 0.25
vt 0.875 0
vt 0.625 0.25
vt 0.125 0
vt 0.375 0.25
vt 0.375 0
vt 0.125 0.25
vt 0.375 0.3125
vt 0.40625 0.5004883
vt 0.40625 0.3125
vt 0.375 0.5004883
vt 0.40625 0.6884766
vt 0.375 0.6884766
vt 0.4375 0.3125
vt 0.46875 0.5004883
vt 0.46875 0.3125
vt 0.4375 0.5004883
vt 0.46875 0.6884766
vt 0.4375 0.6884766
vt 0.46875 0.3125
vt 0.5 0.5004883
vt 0.5 0.3125
vt 0.46875 0.5004883
vt 0.5 0.6884766
vt 0.46875 0.6884766
vt 0.5 0.3125
vt 0.53125 0.5004883
vt 0.53125 0.3125
vt 0.5 0.5004883
vt 0.53125 0.6884766
vt 0.5 0.6884766
vt 0.53125 0.3125
vt 0.5625 0.5004883
vt 0.5625 0.3125
vt 0.53125 0.5004883
vt 0.5625 0.6884766
vt 0.53125 0.6884766
vt 0.5625 0.3125
vt 0.59375 0.5004883
vt 0.59375 0.3125
vt 0.5625 0.5004883
vt 0.59375 0.6884766
vt 0.5625 0.6884766
vt 0.59375 0.3125
vt 0.625 0.5004883
vt 0.625 0.3125
vt 0.59375 0.5004883
vt 0.625 0.6884766
vt 0.59375 0.6884766
vt 0.375 0.3125
vt 0.40625 0.5004883
vt 0.40625 0.3125
vt 0.375 0.5004883
vt 0.40625 0.3125
vt 0.4375 0.5004883
vt 0.4375 0.3125
vt 0.40625 0.5004883
vt 0.4375 0.3125
vt 0.46875 0.5004883
vt 0.46875 0.3125
vt 0.4375 0.5004883
vt 0.46875 0.3125
vt 0.5 0.5004883
vt 0.5 0.3125
vt 0.46875 0.5004883
vt 0.5 0.3125
vt 0.53125 0.5004883
vt 0.53125 0.3125
vt 0.5 0.5004883
vt 0.53125 0.3125
vt 0.5625 0.5004883
vt 0.5625 0.3125
vt 0.53125 0.5004883
vt 0.5625 0.3125
vt 0.59375 0.5004883
vt 0.59375 0.3125
vt 0.5625 0.5004883
vt 0.59375 0.3125
vt 0.625 0.5004883
vt 0.625 0.3125
vt 0.59375 0.5004883
vt 0.5625 0.3125
vt 0.59375 0.3125
vt 0.625 0.3125
vt 0.40625 0.3125
vt 0.53125 0.3125
vt 0.4375 0.3125
vt 0.5 0.3125
vt 0.46875 0.3125
vt 0.375 0
vt 0.625 0.25
vt 0.625 0
vt 0.375 0.25
vt 0.375 0.5
vt 0.625 0.75
vt 0.625 0.5
vt 0.375 0.75
vt 0.375 0.75
vt 0.625 1
vt 0.625 0.75
vt 0.375 1
vt 0.625 0
vt 0.875 0.25
vt 0.875 0
vt 0.625 0.25
vt 0.125 0
vt 0.375 0.25
vt 0.375 0
vt 0.125 0.25
vt 0.375 0.3125
vt 0.40625 0.5107422
vt 0.40625 0.3125
vt 0.375 0.5004883
vt 0.40625 0.3125
vt 0.4375 0.5004883
vt 0.4375 0.3125
vt 0.40625 0.5107422
vt 0.4375 0.6884766
vt 0.40625 0.6884766
vt 0.4375 0.3125
vt 0.46875 0.5004883
vt 0.46875 0.3125
vt 0.4375 0.5004883
vt 0.46875 0.6884766
vt 0.4375 0.6884766
vt 0.46875 0.3125
vt 0.5 0.5004883
vt 0.5 0.3125
vt 0.46875 0.5004883
vt 0.5 0.6884766
vt 0.46875 0.6884766
vt 0.5 0.3125
vt 0.53125 0.5004883
vt 0.53125 0.3125
vt 0.5 0.5004883
vt 0.53125 0.6884766
vt 0.5 0.6884766
vt 0.53125 0.3125
vt 0.5625 0.5004883
vt 0.5625 0.3125
vt 0.53125 0.5004883
vt 0.5625 0.6884766
vt 0.53125 0.6884766
vt 0.5625 0.3125
vt 0.59375 0.5107422
vt 0.59375 0.3125
vt 0.5625 0.5004883
vt 0.59375 0.6884766
vt 0.5625 0.6884766
vt 0.59375 0.3125
vt 0.625 0.5004883
vt 0.625 0.3125
vt 0.59375 0.5107422
vt 0.375 0.3125
vt 0.40625 0.5004883
vt 0.40625 0.3125
vt 0.375 0.5004883
vt 0.40625 0.3125
vt 0.4375 0.5004883
vt 0.4375 0.3125
vt 0.40625 0.5004883
vt 0.4375 0.3125
vt 0.46875 0.5004883
vt 0.46875 0.3125
vt 0.4375 0.5004883
vt 0.46875 0.3125
vt 0.5 0.5004883
vt 0.5 0.3125
vt 0.46875 0.5004883
vt 0.5 0.3125
vt 0.53125 0.5004883
vt 0.53125 0.3125
vt 0.5 0.5004883
vt 0.53125 0.3125
vt 0.5625 0.5004883
vt 0.5625 0.3125
vt 0.53125 0.5004883
vt 0.5625 0.3125
vt 0.59375 0.5004883
vt 0.59375 0.3125
vt 0.5625 0.5004883
vt 0.59375 0.3125
vt 0.625 0.5004883
vt 0.625 0.3125
vt 0.59375 0.5004883
vt 0.5625 0.3125
vt 0.59375 0.3125
vt 0.625 0.3125
vt 0.40625 0.3125
vt 0.53125 0.3125
vt 0.4375 0.3125
vt 0.5 0.3125
vt 0.46875 0.3125
vt 0.375 0
vt 0.625 0.25
vt 0.625 0
vt 0.375 0.25
vt 0.375 0.5
vt 0.625 0.75
vt 0.625 0.5
vt 0.375 0.75
vt 0.375 0.75
vt 0.625 1
vt 0.625 0.75
vt 0.375 1
vt 0.625 0
vt 0.875 0.25
vt 0.875 0
vt 0.625 0.25
vt 0.125 0
vt 0.375 0.25
vt 0.375 0
vt 0.125 0.25
vt 0.375 0.5205078
vt 0.40625 0.6884766
vt 0.40625 0.5107422
vt 0.375 0.6884766
vt 0.59375 0.5107422
vt 0.625 0.6884766
vt 0.625 0.5205078
vt 0.59375 0.6884766
vt 0.375 0.3125
vt 0.40625 0.5004883
vt 0.40625 0.3125
vt 0.375 0.5004883
vt 0.40625 0.6884766
vt 0.375 0.6884766
vt 0.4375 0.3125
vt 0.46875 0.5004883
vt 0.46875 0.3125
vt 0.4375 0.5004883
vt 0.46875 0.6884766
vt 0.4375 0.6884766
vt 0.46875 0.3125
vt 0.5 0.5004883
vt 0.5 0.3125
vt 0.46875 0.5004883
vt 0.5 0.6884766
vt 0.46875 0.6884766
vt 0.5 0.3125
vt 0.53125 0.5004883
vt 0.53125 0.3125
vt 0.5 0.5004883
vt 0.53125 0.6884766
vt 0.5 0.6884766
vt 0.53125 0.3125
vt 0.5625 0.5004883
vt 0.5625 0.3125
vt 0.53125 0.5004883
vt 0.5625 0.6884766
vt 0.53125 0.6884766
vt 0.5625 0.3125
vt 0.59375 0.5004883
vt 0.59375 0.3125
vt 0.5625 0.5004883
vt 0.59375 0.6884766
vt 0.5625 0.6884766
vt 0.59375 0.3125
vt 0.625 0.5004883
vt 0.625 0.3125
vt 0.59375 0.5004883
vt 0.625 0.6884766
vt 0.59375 0.6884766
vt 0.375 0.3125
vt 0.40625 0.5004883
vt 0.40625 0.3125
vt 0.375 0.5004883
vt 0.40625 0.3125
vt 0.4375 0.5004883
vt 0.4375 0.3125
vt 0.40625 0.5004883
vt 0.4375 0.3125
vt 0.46875 0.5004883
vt 0.46875 0.3125
vt 0.4375 0.5004883
vt 0.46875 0.3125
vt 0.5 0.5004883
vt 0.5 0.3125
vt 0.46875 0.5004883
vt 0.5 0.3125
vt 0.53125 0.5004883
vt 0.53125 0.3125
vt 0.5 0.5004883
vt 0.53125 0.3125
vt 0.5625 0.5004883
vt 0.5625 0.3125
vt 0.53125 0.5004883
vt 0.5625 0.3125
vt 0.59375 0.5004883
vt 0.59375 0.3125
vt 0.5625 0.5004883
vt 0.59375 0.3125
vt 0.625 0.5004883
vt 0.625 0.3125
vt 0.59375 0.5004883
vt 0.5625 0.3125
vt 0.59375 0.3125
vt 0.625 0.3125
vt 0.40625 0.3125
vt 0.53125 0.3125
vt 0.4375 0.3125
vt 0.5 0.3125
vt 0.46875 0.3125
vt 0.375 0
vt 0.625 0.25
vt 0.625 0
vt 0.375 0.25
vt 0.375 0.5
vt 0.625 0.75
vt 0.625 0.5
vt 0.375 0.75
vt 0.375 0.75
vt 0.625 1
vt 0.625 0.75
vt 0.375 1
vt 0.625 0
vt 0.875 0.25
vt 0.875 0
vt 0.625 0.25
vt 0.125 0
vt 0.375 0.25
vt 0.375 0
vt 0.125 0.25
vt 0.375 0.3125
vt 0.40625 0.5004883
vt 0.40625 0.3125
vt 0.375 0.5004883
vt 0.40625 0.6279297
vt 0.375 0.6279297
vt 0.4375 0.3125
vt 0.46875 0.5004883
vt 0.46875 0.3125
vt 0.4375 0.5004883
vt 0.46875 0.6279297
vt 0.4375 0.6279297
vt 0.46875 0.3125
vt 0.5 0.5004883
vt 0.5 0.3125
vt 0.46875 0.5004883
vt 0.5 0.6279297
vt 0.46875 0.6279297
vt 0.5 0.3125
vt 0.53125 0.5004883
vt 0.53125 0.3125
vt 0.5 0.5004883
vt 0.53125 0.6279297
vt 0.5 0.6279297
vt 0.53125 0.3125
vt 0.5625 0.5004883
vt 0.5625 0.3125
vt 0.53125 0.5004883
vt 0.5625 0.6279297
vt 0.53125 0.6279297
vt 0.5625 0.3125
vt 0.59375 0.5004883
vt 0.59375 0.3125
vt 0.5625 0.5004883
vt 0.59375 0.6279297
vt 0.5625 0.6279297
vt 0.59375 0.3125
vt 0.625 0.5004883
vt 0.625 0.3125
vt 0.59375 0.5004883
vt 0.59375 0.5004883
vt 0.625 0.6279297
vt 0.59375 0.6279297
vt 0.4375 0.6279297
vt 0.40625 0.6279297
vt 0.375 0.6279297
vt 0.59375 0.6279297
vt 0.46875 0.6279297
vt 0.5625 0.6279297
vt 0.5 0.6279297
vt 0.53125 0.6279297
vt 0.375 0.3125
vt 0.40625 0.5004883
vt 0.40625 0.3125
vt 0.375 0.5004883
vt 0.40625 0.3125
vt 0.4375 0.5004883
vt 0.4375 0.3125
vt 0.40625 0.5004883
vt 0.4375 0.3125
vt 0.46875 0.5004883
vt 0.46875 0.3125
vt 0.4375 0.5004883
vt 0.46875 0.3125
vt 0.5 0.5004883
vt 0.5 0.3125
vt 0.46875 0.5004883
vt 0.5 0.3125
vt 0.53125 0.5004883
vt 0.53125 0.3125
vt 0.5 0.5004883
vt 0.53125 0.3125
vt 0.5625 0.5004883
vt 0.5625 0.3125
vt 0.53125 0.5004883
vt 0.5625 0.3125
vt 0.59375 0.5004883
vt 0.59375 0.3125
vt 0.5625 0.5004883
vt 0.59375 0.3125
vt 0.625 0.5004883
vt 0.625 0.3125
vt 0.59375 0.5004883
vt 0.46875 0.5004883
vt 0.5625 0.5004883
vt 0.5 0.5004883
vt 0.59375 0.5004883
vt 0.375 0.5004883
vt 0.4375 0.5004883
vt 0.40625 0.5004883
vt 0.375 0.3125
vt 0.40625 0.4008789
vt 0.40625 0.3125
vt 0.375 0.4008789
vt 0.40625 0.3125
vt 0.4375 0.4008789
vt 0.4375 0.3125
vt 0.40625 0.4008789
vt 0.4375 0.3125
vt 0.46875 0.4008789
vt 0.46875 0.3125
vt 0.4375 0.4008789
vt 0.46875 0.3125
vt 0.5 0.4008789
vt 0.5 0.3125
vt 0.46875 0.4008789
vt 0.5 0.3125
vt 0.53125 0.4008789
vt 0.53125 0.3125
vt 0.5 0.4008789
vt 0.53125 0.3125
vt 0.5625 0.4008789
vt 0.5625 0.3125
vt 0.53125 0.4008789
vt 0.5625 0.3125
vt 0.59375 0.4008789
vt 0.59375 0.3125
vt 0.5625 0.4008789
vt 0.59375 0.3125
vt 0.625 0.4008789
vt 0.625 0.3125
vt 0.59375 0.4008789
vt 0.5 0.4008789
vt 0.5625 0.4008789
vt 0.53125 0.4008789
vt 0.46875 0.4008789
vt 0.59375 0.4008789
vt 0.375 0.4008789
vt 0.4375 0.4008789
vt 0.40625 0.4008789
vt 0.375 0.3125
vt 0.40625 0.5004883
vt 0.40625 0.3125
vt 0.375 0.5004883
vt 0.40625 0.5864258
vt 0.375 0.5864258
vt 0.40625 0.3125
vt 0.4375 0.5004883
vt 0.4375 0.3125
vt 0.40625 0.5004883
vt 0.4375 0.3125
vt 0.46875 0.5004883
vt 0.46875 0.3125
vt 0.4375 0.5004883
vt 0.46875 0.5864258
vt 0.4375 0.5864258
vt 0.46875 0.3125
vt 0.5 0.5004883
vt 0.5 0.3125
vt 0.46875 0.5004883
vt 0.46875 0.5004883
vt 0.5 0.5864258
vt 0.46875 0.5864258
vt 0.5 0.3125
vt 0.53125 0.5004883
vt 0.53125 0.3125
vt 0.5 0.5004883
vt 0.53125 0.5864258
vt 0.5 0.5864258
vt 0.53125 0.3125
vt 0.5625 0.5004883
vt 0.5625 0.3125
vt 0.53125 0.5004883
vt 0.5625 0.5864258
vt 0.53125 0.5864258
vt 0.5625 0.3125
vt 0.59375 0.5004883
vt 0.59375 0.3125
vt 0.5625 0.5004883
vt 0.59375 0.5864258
vt 0.5625 0.5864258
vt 0.59375 0.3125
vt 0.625 0.5004883
vt 0.625 0.3125
vt 0.59375 0.5004883
vt 0.625 0.5864258
vt 0.59375 0.5864258
vt 0.40625 0.5004883
vt 0.4375 0.5864258
vt 0.4375 0.5004883
vt 0.40625 0.5864258
vt 0.4375 0.5864258
vt 0.40625 0.5864258
vt 0.375 0.5864258
vt 0.59375 0.5864258
vt 0.46875 0.5864258
vt 0.5625 0.5864258
vt 0.5 0.5864258
vt 0.53125 0.5864258
vt 0.375 0.3125
vt 0.40625 0.5004883
vt 0.40625 0.3125
vt 0.375 0.5004883
vt 0.40625 0.6884766
vt 0.375 0.6884766
vt 0.4375 0.3125
vt 0.46875 0.5004883
vt 0.46875 0.3125
vt 0.4375 0.5004883
vt 0.46875 0.6884766
vt 0.4375 0.6884766
vt 0.46875 0.3125
vt 0.5 0.5004883
vt 0.5 0.3125
vt 0.46875 0.5004883
vt 0.5 0.6884766
vt 0.46875 0.6884766
vt 0.5 0.3125
vt 0.53125 0.5004883
vt 0.53125 0.3125
vt 0.5 0.5004883
vt 0.53125 0.6884766
vt 0.5 0.6884766
vt 0.53125 0.3125
vt 0.5625 0.5004883
vt 0.5625 0.3125
vt 0.53125 0.5004883
vt 0.5625 0.6884766
vt 0.53125 0.6884766
vt 0.5625 0.3125
vt 0.59375 0.5004883
vt 0.59375 0.3125
vt 0.5625 0.5004883
vt 0.59375 0.6884766
vt 0.5625 0.6884766
vt 0.59375 0.3125
vt 0.625 0.5004883
vt 0.625 0.3125
vt 0.59375 0.5004883
vt 0.625 0.6884766
vt 0.59375 0.6884766
vt 0.375 0.3125
vt 0.40625 0.5004883
vt 0.40625 0.3125
vt 0.375 0.5004883
vt 0.40625 0.3125
vt 0.4375 0.5004883
vt 0.4375 0.3125
vt 0.40625 0.5004883
vt 0.4375 0.3125
vt 0.46875 0.5004883
vt 0.46875 0.3125
vt 0.4375 0.5004883
vt 0.46875 0.3125
vt 0.5 0.5004883
vt 0.5 0.3125
vt 0.46875 0.5004883
vt 0.5 0.3125
vt 0.53125 0.5004883
vt 0.53125 0.3125
vt 0.5 0.5004883
vt 0.53125 0.3125
vt 0.5625 0.5004883
vt 0.5625 0.3125
vt 0.53125 0.5004883
vt 0.5625 0.3125
vt 0.59375 0.5004883
vt 0.59375 0.3125
vt 0.5625 0.5004883
vt 0.59375 0.3125
vt 0.625 0.5004883
vt 0.625 0.3125
vt 0.59375 0.5004883
vt 0.5625 0.3125
vt 0.59375 0.3125
vt 0.625 0.3125
vt 0.40625 0.3125
vt 0.53125 0.3125
vt 0.4375 0.3125
vt 0.5 0.3125
vt 0.46875 0.3125
vt 0.375 0
vt 0.625 0.25
vt 0.625 0
vt 0.375 0.25
vt 0.375 0.5
vt 0.625 0.75
vt 0.625 0.5
vt 0.375 0.75
vt 0.375 0.75
vt 0.625 1
vt 0.625 0.75
vt 0.375 1
vt 0.625 0
vt 0.875 0.25
vt 0.875 0
vt 0.625 0.25
vt 0.125 0
vt 0.375 0.25
vt 0.375 0
vt 0.125 0.25
vt 0.625 0.25
vt 0.125 0.25
vt 0.625 0.5
vt 0.375 0.25
vt 0.375 0.3125
vt 0.40625 0.5004883
vt 0.40625 0.3125
vt 0.375 0.5004883
vt 0.40625 0.6884766
vt 0.375 0.6884766
vt 0.4375 0.3125
vt 0.46875 0.5004883
vt 0.46875 0.3125
vt 0.4375 0.5004883
vt 0.46875 0.6884766
vt 0.4375 0.6884766
vt 0.46875 0.3125
vt 0.5 0.5004883
vt 0.5 0.3125
vt 0.46875 0.5004883
vt 0.5 0.6884766
vt 0.46875 0.6884766
vt 0.5 0.3125
vt 0.53125 0.5004883
vt 0.53125 0.3125
vt 0.5 0.5004883
vt 0.53125 0.6884766
vt 0.5 0.6884766
vt 0.53125 0.3125
vt 0.5625 0.5004883
vt 0.5625 0.3125
vt 0.53125 0.5004883
vt 0.5625 0.6884766
vt 0.53125 0.6884766
vt 0.5625 0.3125
vt 0.59375 0.5004883
vt 0.59375 0.3125
vt 0.5625 0.5004883
vt 0.59375 0.6884766
vt 0.5625 0.6884766
vt 0.59375 0.3125
vt 0.625 0.5004883
vt 0.625 0.3125
vt 0.59375 0.5004883
vt 0.625 0.6884766
vt 0.59375 0.6884766
vt 0.375 0.3125
vt 0.40625 0.5004883
vt 0.40625 0.3125
vt 0.375 0.5004883
vt 0.40625 0.3125
vt 0.4375 0.5004883
vt 0.4375 0.3125
vt 0.40625 0.5004883
vt 0.4375 0.3125
vt 0.46875 0.5004883
vt 0.46875 0.3125
vt 0.4375 0.5004883
vt 0.46875 0.3125
vt 0.5 0.5004883
vt 0.5 0.3125
vt 0.46875 0.5004883
vt 0.5 0.3125
vt 0.53125 0.5004883
vt 0.53125 0.3125
vt 0.5 0.5004883
vt 0.53125 0.3125
vt 0.5625 0.5004883
vt 0.5625 0.3125
vt 0.53125 0.5004883
vt 0.5625 0.3125
vt 0.59375 0.5004883
vt 0.59375 0.3125
vt 0.5625 0.5004883
vt 0.59375 0.3125
vt 0.625 0.5004883
vt 0.625 0.3125
vt 0.59375 0.5004883
vt 0.5625 0.3125
vt 0.59375 0.3125
vt 0.625 0.3125
vt 0.40625 0.3125
vt 0.53125 0.3125
vt 0.4375 0.3125
vt 0.5 0.3125
vt 0.46875 0.3125
vt 0.375 0
vt 0.625 0.25
vt 0.625 0
vt 0.375 0.25
vt 0.375 0.5
vt 0.625 0.75
vt 0.625 0.5
vt 0.375 0.75
vt 0.375 0.75
vt 0.625 1
vt 0.625 0.75
vt 0.375 1
vt 0.625 0
vt 0.875 0.25
vt 0.875 0
vt 0.625 0.25
vt 0.125 0
vt 0.375 0.25
vt 0.375 0
vt 0.125 0.25
vt 0.375 0.3125
vt 0.40625 0.5004883
vt 0.40625 0.3125
vt 0.375 0.5004883
vt 0.375 0.5429688
vt 0.40625 0.6884766
vt 0.375 0.6884766
vt 0.4375 0.3125
vt 0.46875 0.5004883
vt 0.46875 0.3125
vt 0.4375 0.5004883
vt 0.46875 0.6884766
vt 0.4375 0.6884766
vt 0.46875 0.3125
vt 0.5 0.5004883
vt 0.5 0.3125
vt 0.46875 0.5004883
vt 0.5 0.6884766
vt 0.46875 0.6884766
vt 0.5 0.3125
vt 0.53125 0.5004883
vt 0.53125 0.3125
vt 0.5 0.5004883
vt 0.53125 0.6884766
vt 0.5 0.6884766
vt 0.53125 0.3125
vt 0.5625 0.5004883
vt 0.5625 0.3125
vt 0.53125 0.5004883
vt 0.5625 0.5429688
vt 0.53125 0.6884766
vt 0.5625 0.6884766
vt 0.5625 0.3125
vt 0.59375 0.5004883
vt 0.59375 0.3125
vt 0.5625 0.5004883
vt 0.59375 0.5341797
vt 0.5625 0.5429688
vt 0.59375 0.3125
vt 0.625 0.5004883
vt 0.625 0.3125
vt 0.59375 0.5004883
vt 0.625 0.5341797
vt 0.59375 0.5341797
vt 0.375 0.3125
vt 0.40625 0.5004883
vt 0.40625 0.3125
vt 0.375 0.5004883
vt 0.40625 0.3125
vt 0.4375 0.5004883
vt 0.4375 0.3125
vt 0.40625 0.5004883
vt 0.4375 0.3125
vt 0.46875 0.5004883
vt 0.46875 0.3125
vt 0.4375 0.5004883
vt 0.46875 0.3125
vt 0.5 0.5004883
vt 0.5 0.3125
vt 0.46875 0.5004883
vt 0.5 0.3125
vt 0.53125 0.5004883
vt 0.53125 0.3125
vt 0.5 0.5004883
vt 0.53125 0.3125
vt 0.5625 0.5004883
vt 0.5625 0.3125
vt 0.53125 0.5004883
vt 0.5625 0.3125
vt 0.59375 0.5004883
vt 0.59375 0.3125
vt 0.5625 0.5004883
vt 0.59375 0.3125
vt 0.625 0.5004883
vt 0.625 0.3125
vt 0.59375 0.5004883
vt 0.5625 0.3125
vt 0.59375 0.3125
vt 0.625 0.3125
vt 0.40625 0.3125
vt 0.53125 0.3125
vt 0.4375 0.3125
vt 0.5 0.3125
vt 0.46875 0.3125
vt 0.375 0
vt 0.625 0.25
vt 0.625 0
vt 0.375 0.25
vt 0.375 0.5
vt 0.625 0.75
vt 0.625 0.5
vt 0.375 0.75
vt 0.375 0.75
vt 0.625 1
vt 0.625 0.75
vt 0.375 1
vt 0.625 0
vt 0.875 0.25
vt 0.875 0
vt 0.625 0.25
vt 0.125 0
vt 0.375 0.25
vt 0.375 0
vt 0.125 0.25
vt 0.5625 0.5429688
vt 0.59375 0.6884766
vt 0.59375 0.5517578
vt 0.5625 0.6884766
vt 0.59375 0.5517578
vt 0.625 0.6884766
vt 0.625 0.5517578
vt 0.59375 0.6884766
vt 0.375 0.3125
vt 0.40625 0.5004883
vt 0.40625 0.3125
vt 0.375 0.5004883
vt 0.40625 0.6884766
vt 0.375 0.6884766
vt 0.4375 0.3125
vt 0.46875 0.5004883
vt 0.46875 0.3125
vt 0.4375 0.5004883
vt 0.46875 0.6884766
vt 0.4375 0.6884766
vt 0.46875 0.3125
vt 0.5 0.5004883
vt 0.5 0.3125
vt 0.46875 0.5004883
vt 0.5 0.6884766
vt 0.46875 0.6884766
vt 0.5 0.3125
vt 0.53125 0.5004883
vt 0.53125 0.3125
vt 0.5 0.5004883
vt 0.53125 0.6884766
vt 0.5 0.6884766
vt 0.53125 0.3125
vt 0.5625 0.5004883
vt 0.5625 0.3125
vt 0.53125 0.5004883
vt 0.5625 0.6884766
vt 0.53125 0.6884766
vt 0.5625 0.3125
vt 0.59375 0.5004883
vt 0.59375 0.3125
vt 0.5625 0.5004883
vt 0.59375 0.6884766
vt 0.5625 0.6884766
vt 0.59375 0.3125
vt 0.625 0.5004883
vt 0.625 0.3125
vt 0.59375 0.5004883
vt 0.625 0.6884766
vt 0.59375 0.6884766
vt 0.375 0.3125
vt 0.40625 0.5004883
vt 0.40625 0.3125
vt 0.375 0.5004883
vt 0.40625 0.3125
vt 0.4375 0.5004883
vt 0.4375 0.3125
vt 0.40625 0.5004883
vt 0.4375 0.3125
vt 0.46875 0.5004883
vt 0.46875 0.3125
vt 0.4375 0.5004883
vt 0.46875 0.3125
vt 0.5 0.5004883
vt 0.5 0.3125
vt 0.46875 0.5004883
vt 0.5 0.3125
vt 0.53125 0.5004883
vt 0.53125 0.3125
vt 0.5 0.5004883
vt 0.53125 0.3125
vt 0.5625 0.5004883
vt 0.5625 0.3125
vt 0.53125 0.5004883
vt 0.5625 0.3125
vt 0.59375 0.5004883
vt 0.59375 0.3125
vt 0.5625 0.5004883
vt 0.59375 0.3125
vt 0.625 0.5004883
vt 0.625 0.3125
vt 0.59375 0.5004883
vt 0.5625 0.3125
vt 0.59375 0.3125
vt 0.625 0.3125
vt 0.40625 0.3125
vt 0.53125 0.3125
vt 0.4375 0.3125
vt 0.5 0.3125
vt 0.46875 0.3125
vt 0.375 0
vt 0.625 0.25
vt 0.625 0
vt 0.375 0.25
vt 0.375 0.5
vt 0.625 0.75
vt 0.625 0.5
vt 0.375 0.75
vt 0.375 0.75
vt 0.625 1
vt 0.625 0.75
vt 0.375 1
vt 0.625 0
vt 0.875 0.25
vt 0.875 0
vt 0.625 0.25
vt 0.125 0
vt 0.375 0.25
vt 0.375 0
vt 0.125 0.25
vt 0.625 0.25
vt 0.125 0.25
vt 0.625 0.5
vt 0.375 0.25
vt 0.375 0.3125
vt 0.40625 0.5004883
vt 0.40625 0.3125
vt 0.375 0.5004883
vt 0.40625 0.6884766
vt 0.375 0.6884766
vt 0.4375 0.3125
vt 0.46875 0.5004883
vt 0.46875 0.3125
vt 0.4375 0.5004883
vt 0.46875 0.6884766
vt 0.4375 0.6884766
vt 0.46875 0.3125
vt 0.5 0.5004883
vt 0.5 0.3125
vt 0.46875 0.5004883
vt 0.5 0.6884766
vt 0.46875 0.6884766
vt 0.5 0.3125
vt 0.53125 0.5004883
vt 0.53125 0.3125
vt 0.5 0.5004883
vt 0.53125 0.6884766
vt 0.5 0.6884766
vt 0.53125 0.3125
vt 0.5625 0.5004883
vt 0.5625 0.3125
vt 0.53125 0.5004883
vt 0.5625 0.6884766
vt 0.53125 0.6884766
vt 0.5625 0.3125
vt 0.59375 0.5004883
vt 0.59375 0.3125
vt 0.5625 0.5004883
vt 0.59375 0.6884766
vt 0.5625 0.6884766
vt 0.59375 0.3125
vt 0.625 0.5004883
vt 0.625 0.3125
vt 0.59375 0.5004883
vt 0.625 0.6884766
vt 0.59375 0.6884766
vt 0.375 0.3125
vt 0.40625 0.5004883
vt 0.40625 0.3125
vt 0.375 0.5004883
vt 0.40625 0.3125
vt 0.4375 0.5004883
vt 0.4375 0.3125
vt 0.40625 0.5004883
vt 0.4375 0.3125
vt 0.46875 0.5004883
vt 0.46875 0.3125
vt 0.4375 0.5004883
vt 0.46875 0.3125
vt 0.5 0.5004883
vt 0.5 0.3125
vt 0.46875 0.5004883
vt 0.5 0.3125
vt 0.53125 0.5004883
vt 0.53125 0.3125
vt 0.5 0.5004883
vt 0.53125 0.3125
vt 0.5625 0.5004883
vt 0.5625 0.3125
vt 0.53125 0.5004883
vt 0.5625 0.3125
vt 0.59375 0.5004883
vt 0.59375 0.3125
vt 0.5625 0.5004883
vt 0.59375 0.3125
vt 0.625 0.5004883
vt 0.625 0.3125
vt 0.59375 0.5004883
vt 0.5625 0.3125
vt 0.59375 0.3125
vt 0.625 0.3125
vt 0.40625 0.3125
vt 0.53125 0.3125
vt 0.4375 0.3125
vt 0.5 0.3125
vt 0.46875 0.3125
vt 0.375 0
vt 0.625 0.25
vt 0.625 0
vt 0.375 0.25
vt 0.375 0.5
vt 0.625 0.75
vt 0.625 0.5
vt 0.375 0.75
vt 0.375 0.75
vt 0.625 1
vt 0.625 0.75
vt 0.375 1
vt 0.625 0
vt 0.875 0.25
vt 0.875 0
vt 0.625 0.25
vt 0.125 0
vt 0.375 0.25
vt 0.375 0
vt 0.125 0.25
vt 0.375 0.3125
vt 0.40625 0.5004883
vt 0.40625 0.3125
vt 0.375 0.5004883
vt 0.40625 0.6884766
vt 0.375 0.6884766
vt 0.4375 0.3125
vt 0.46875 0.5004883
vt 0.46875 0.3125
vt 0.4375 0.5004883
vt 0.46875 0.6884766
vt 0.4375 0.6884766
vt 0.46875 0.3125
vt 0.5 0.5004883
vt 0.5 0.3125
vt 0.46875 0.5004883
vt 0.5 0.6884766
vt 0.46875 0.6884766
vt 0.5 0.3125
vt 0.53125 0.5004883
vt 0.53125 0.3125
vt 0.5 0.5004883
vt 0.53125 0.6884766
vt 0.5 0.6884766
vt 0.53125 0.3125
vt 0.5625 0.5004883
vt 0.5625 0.3125
vt 0.53125 0.5004883
vt 0.5625 0.6884766
vt 0.53125 0.6884766
vt 0.5625 0.3125
vt 0.59375 0.5004883
vt 0.59375 0.3125
vt 0.5625 0.5004883
vt 0.59375 0.6884766
vt 0.5625 0.6884766
vt 0.59375 0.3125
vt 0.625 0.5004883
vt 0.625 0.3125
vt 0.59375 0.5004883
vt 0.625 0.6884766
vt 0.59375 0.6884766
vt 0.375 0.3125
vt 0.40625 0.5004883
vt 0.40625 0.3125
vt 0.375 0.5004883
vt 0.40625 0.3125
vt 0.4375 0.5004883
vt 0.4375 0.3125
vt 0.40625 0.5004883
vt 0.4375 0.3125
vt 0.46875 0.5004883
vt 0.46875 0.3125
vt 0.4375 0.5004883
vt 0.46875 0.3125
vt 0.5 0.5004883
vt 0.5 0.3125
vt 0.46875 0.5004883
vt 0.5 0.3125
vt 0.53125 0.5004883
vt 0.53125 0.3125
vt 0.5 0.5004883
vt 0.53125 0.3125
vt 0.5625 0.5004883
vt 0.5625 0.3125
vt 0.53125 0.5004883
vt 0.5625 0.3125
vt 0.59375 0.5004883
vt 0.59375 0.3125
vt 0.5625 0.5004883
vt 0.59375 0.3125
vt 0.625 0.5004883
vt 0.625 0.3125
vt 0.59375 0.5004883
vt 0.5625 0.3125
vt 0.59375 0.3125
vt 0.625 0.3125
vt 0.40625 0.3125
vt 0.53125 0.3125
vt 0.4375 0.3125
vt 0.5 0.3125
vt 0.46875 0.3125
vt 0.375 0
vt 0.625 0.25
vt 0.625 0
vt 0.375 0.25
vt 0.375 0.5
vt 0.625 0.75
vt 0.625 0.5
vt 0.375 0.75
vt 0.375 0.75
vt 0.625 1
vt 0.625 0.75
vt 0.375 1
vt 0.625 0
vt 0.875 0.25
vt 0.875 0
vt 0.625 0.25
vt 0.125 0
vt 0.375 0.25
vt 0.375 0
vt 0.125 0.25
vt 0.375 0.3125
vt 0.40625 0.5004883
vt 0.40625 0.3125
vt 0.375 0.5004883
vt 0.40625 0.5849609
vt 0.375 0.5761719
vt 0.40625 0.3125
vt 0.4375 0.5004883
vt 0.4375 0.3125
vt 0.40625 0.5004883
vt 0.40625 0.5849609
vt 0.4375 0.3125
vt 0.46875 0.5004883
vt 0.46875 0.3125
vt 0.4375 0.5004883
vt 0.46875 0.6884766
vt 0.4375 0.6884766
vt 0.46875 0.3125
vt 0.5 0.5004883
vt 0.5 0.3125
vt 0.46875 0.5004883
vt 0.5 0.6884766
vt 0.46875 0.6884766
vt 0.5 0.3125
vt 0.53125 0.5004883
vt 0.53125 0.3125
vt 0.5 0.5004883
vt 0.53125 0.6884766
vt 0.5 0.6884766
vt 0.53125 0.3125
vt 0.5625 0.5004883
vt 0.5625 0.3125
vt 0.53125 0.5004883
vt 0.5625 0.6884766
vt 0.53125 0.6884766
vt 0.5625 0.3125
vt 0.59375 0.5004883
vt 0.59375 0.3125
vt 0.5625 0.5004883
vt 0.59375 0.5849609
vt 0.5625 0.6884766
vt 0.59375 0.6884766
vt 0.59375 0.3125
vt 0.625 0.5004883
vt 0.625 0.3125
vt 0.59375 0.5004883
vt 0.625 0.5761719
vt 0.59375 0.5849609
vt 0.4375 0.5004883
vt 0.40625 0.5849609
vt 0.4375 0.6884766
vt 0.40625 0.6884766
vt 0.375 0.3125
vt 0.40625 0.5004883
vt 0.40625 0.3125
vt 0.375 0.5004883
vt 0.40625 0.3125
vt 0.4375 0.5004883
vt 0.4375 0.3125
vt 0.40625 0.5004883
vt 0.4375 0.3125
vt 0.46875 0.5004883
vt 0.46875 0.3125
vt 0.4375 0.5004883
vt 0.46875 0.3125
vt 0.5 0.5004883
vt 0.5 0.3125
vt 0.46875 0.5004883
vt 0.5 0.3125
vt 0.53125 0.5004883
vt 0.53125 0.3125
vt 0.5 0.5004883
vt 0.53125 0.3125
vt 0.5625 0.5004883
vt 0.5625 0.3125
vt 0.53125 0.5004883
vt 0.5625 0.3125
vt 0.59375 0.5004883
vt 0.59375 0.3125
vt 0.5625 0.5004883
vt 0.59375 0.3125
vt 0.625 0.5004883
vt 0.625 0.3125
vt 0.59375 0.5004883
vt 0.5625 0.3125
vt 0.59375 0.3125
vt 0.625 0.3125
vt 0.40625 0.3125
vt 0.53125 0.3125
vt 0.4375 0.3125
vt 0.5 0.3125
vt 0.46875 0.3125
vt 0.375 0
vt 0.625 0.25
vt 0.625 0
vt 0.375 0.25
vt 0.375 0.5
vt 0.625 0.75
vt 0.625 0.5
vt 0.375 0.75
vt 0.375 0.75
vt 0.625 1
vt 0.625 0.75
vt 0.375 1
vt 0.625 0
vt 0.875 0.25
vt 0.875 0
vt 0.625 0.25
vt 0.125 0
vt 0.375 0.25
vt 0.375 0
vt 0.125 0.25
vt 0.375 0.59375
vt 0.40625 0.6884766
vt 0.40625 0.5849609
vt 0.375 0.6884766
vt 0.59375 0.5849609
vt 0.625 0.6884766
vt 0.625 0.59375
vt 0.59375 0.6884766
vt 0.375 0.3125
vt 0.40625 0.5004883
vt 0.40625 0.3125
vt 0.375 0.5004883
vt 0.40625 0.3125
vt 0.4375 0.5004883
vt 0.4375 0.3125
vt 0.40625 0.5004883
vt 0.4375 0.3125
vt 0.46875 0.5004883
vt 0.46875 0.3125
vt 0.4375 0.5004883
vt 0.46875 0.3125
vt 0.5 0.5004883
vt 0.5 0.3125
vt 0.46875 0.5004883
vt 0.5 0.3125
vt 0.53125 0.5004883
vt 0.53125 0.3125
vt 0.5 0.5004883
vt 0.53125 0.3125
vt 0.5625 0.5004883
vt 0.5625 0.3125
vt 0.53125 0.5004883
vt 0.5625 0.3125
vt 0.59375 0.5004883
vt 0.59375 0.3125
vt 0.5625 0.5004883
vt 0.59375 0.3125
vt 0.625 0.5004883
vt 0.625 0.3125
vt 0.59375 0.5004883
vt 0.5625 0.3125
vt 0.59375 0.3125
vt 0.625 0.3125
vt 0.40625 0.3125
vt 0.53125 0.3125
vt 0.4375 0.3125
vt 0.5 0.3125
vt 0.46875 0.3125
vt 0.375 0
vt 0.625 0.25
vt 0.625 0
vt 0.375 0.25
vt 0.375 0.5
vt 0.625 0.75
vt 0.625 0.5
vt 0.375 0.75
vt 0.375 0.75
vt 0.625 1
vt 0.625 0.75
vt 0.375 1
vt 0.625 0
vt 0.875 0.25
vt 0.875 0
vt 0.625 0.25
vt 0.125 0
vt 0.375 0.25
vt 0.375 0
vt 0.125 0.25
vt 0.375 0.3125
vt 0.40625 0.5004883
vt 0.40625 0.3125
vt 0.375 0.5004883
vt 0.40625 0.3125
vt 0.4375 0.5004883
vt 0.4375 0.3125
vt 0.40625 0.5004883
vt 0.4375 0.3125
vt 0.46875 0.5004883
vt 0.46875 0.3125
vt 0.4375 0.5004883
vt 0.46875 0.3125
vt 0.5 0.5004883
vt 0.5 0.3125
vt 0.46875 0.5004883
vt 0.5 0.3125
vt 0.53125 0.5004883
vt 0.53125 0.3125
vt 0.5 0.5004883
vt 0.53125 0.3125
vt 0.5625 0.5004883
vt 0.5625 0.3125
vt 0.53125 0.5004883
vt 0.5625 0.3125
vt 0.59375 0.5004883
vt 0.59375 0.3125
vt 0.5625 0.5004883
vt 0.59375 0.3125
vt 0.625 0.5004883
vt 0.625 0.3125
vt 0.59375 0.5004883
vt 0.5625 0.3125
vt 0.59375 0.3125
vt 0.625 0.3125
vt 0.40625 0.3125
vt 0.53125 0.3125
vt 0.4375 0.3125
vt 0.5 0.3125
vt 0.46875 0.3125
vt 0.375 0
vt 0.625 0.25
vt 0.625 0
vt 0.375 0.25
vt 0.375 0.5
vt 0.625 0.75
vt 0.625 0.5
vt 0.375 0.75
vt 0.375 0.75
vt 0.625 1
vt 0.625 0.75
vt 0.375 1
vt 0.625 0
vt 0.875 0.25
vt 0.875 0
vt 0.625 0.25
vt 0.125 0
vt 0.375 0.25
vt 0.375 0
vt 0.125 0.25
vt 0.375 0.3125
vt 0.40625 0.5004883
vt 0.40625 0.3125
vt 0.375 0.5004883
vt 0.40625 0.6884766
vt 0.375 0.6884766
vt 0.4375 0.3125
vt 0.46875 0.5004883
vt 0.46875 0.3125
vt 0.4375 0.5004883
vt 0.46875 0.6884766
vt 0.4375 0.6884766
vt 0.46875 0.3125
vt 0.5 0.5004883
vt 0.5 0.3125
vt 0.46875 0.5004883
vt 0.5 0.6884766
vt 0.46875 0.6884766
vt 0.5 0.3125
vt 0.53125 0.5004883
vt 0.53125 0.3125
vt 0.5 0.5004883
vt 0.53125 0.6884766
vt 0.5 0.6884766
vt 0.53125 0.3125
vt 0.5625 0.5004883
vt 0.5625 0.3125
vt 0.53125 0.5004883
vt 0.5625 0.6884766
vt 0.53125 0.6884766
vt 0.5625 0.3125
vt 0.59375 0.5004883
vt 0.59375 0.3125
vt 0.5625 0.5004883
vt 0.59375 0.6884766
vt 0.5625 0.6884766
vt 0.59375 0.3125
vt 0.625 0.5004883
vt 0.625 0.3125
vt 0.59375 0.5004883
vt 0.625 0.6884766
vt 0.59375 0.6884766
vt 0.375 0.3125
vt 0.40625 0.5004883
vt 0.40625 0.3125
vt 0.375 0.5004883
vt 0.40625 0.3125
vt 0.4375 0.5004883
vt 0.4375 0.3125
vt 0.40625 0.5004883
vt 0.4375 0.3125
vt 0.46875 0.5004883
vt 0.46875 0.3125
vt 0.4375 0.5004883
vt 0.46875 0.3125
vt 0.5 0.5004883
vt 0.5 0.3125
vt 0.46875 0.5004883
vt 0.5 0.3125
vt 0.53125 0.5004883
vt 0.53125 0.3125
vt 0.5 0.5004883
vt 0.53125 0.3125
vt 0.5625 0.5004883
vt 0.5625 0.3125
vt 0.53125 0.5004883
vt 0.5625 0.3125
vt 0.59375 0.5004883
vt 0.59375 0.3125
vt 0.5625 0.5004883
vt 0.59375 0.3125
vt 0.625 0.5004883
vt 0.625 0.3125
vt 0.59375 0.5004883
vt 0.5625 0.3125
vt 0.59375 0.3125
vt 0.625 0.3125
vt 0.40625 0.3125
vt 0.53125 0.3125
vt 0.4375 0.3125
vt 0.5 0.3125
vt 0.46875 0.3125
vt 0.375 0
vt 0.625 0.25
vt 0.625 0
vt 0.375 0.25
vt 0.375 0.5
vt 0.625 0.75
vt 0.625 0.5
vt 0.375 0.75
vt 0.375 0.75
vt 0.625 1
vt 0.625 0.75
vt 0.375 1
vt 0.625 0
vt 0.875 0.25
vt 0.875 0
vt 0.625 0.25
vt 0.125 0
vt 0.375 0.25
vt 0.375 0
vt 0.125 0.25
vt 0.375 0.3125
vt 0.40625 0.5004883
vt 0.40625 0.3125
vt 0.375 0.5004883
vt 0.40625 0.6884766
vt 0.375 0.6884766
vt 0.4375 0.3125
vt 0.46875 0.5004883
vt 0.46875 0.3125
vt 0.4375 0.5004883
vt 0.46875 0.6884766
vt 0.4375 0.6884766
vt 0.46875 0.3125
vt 0.5 0.5004883
vt 0.5 0.3125
vt 0.46875 0.5004883
vt 0.5 0.6884766
vt 0.46875 0.6884766
vt 0.5 0.3125
vt 0.53125 0.5004883
vt 0.53125 0.3125
vt 0.5 0.5004883
vt 0.53125 0.6884766
vt 0.5 0.6884766
vt 0.53125 0.3125
vt 0.5625 0.5004883
vt 0.5625 0.3125
vt 0.53125 0.5004883
vt 0.5625 0.6884766
vt 0.53125 0.6884766
vt 0.5625 0.3125
vt 0.59375 0.5004883
vt 0.59375 0.3125
vt 0.5625 0.5004883
vt 0.59375 0.6884766
vt 0.5625 0.6884766
vt 0.59375 0.3125
vt 0.625 0.5004883
vt 0.625 0.3125
vt 0.59375 0.5004883
vt 0.625 0.6884766
vt 0.59375 0.6884766
vt 0.375 0.3125
vt 0.40625 0.5004883
vt 0.40625 0.3125
vt 0.375 0.5004883
vt 0.40625 0.3125
vt 0.4375 0.5004883
vt 0.4375 0.3125
vt 0.40625 0.5004883
vt 0.4375 0.3125
vt 0.46875 0.5004883
vt 0.46875 0.3125
vt 0.4375 0.5004883
vt 0.46875 0.3125
vt 0.5 0.5004883
vt 0.5 0.3125
vt 0.46875 0.5004883
vt 0.5 0.3125
vt 0.53125 0.5004883
vt 0.53125 0.3125
vt 0.5 0.5004883
vt 0.53125 0.3125
vt 0.5625 0.5004883
vt 0.5625 0.3125
vt 0.53125 0.5004883
vt 0.5625 0.3125
vt 0.59375 0.5004883
vt 0.59375 0.3125
vt 0.5625 0.5004883
vt 0.59375 0.3125
vt 0.625 0.5004883
vt 0.625 0.3125
vt 0.59375 0.5004883
vt 0.5625 0.3125
vt 0.59375 0.3125
vt 0.625 0.3125
vt 0.40625 0.3125
vt 0.53125 0.3125
vt 0.4375 0.3125
vt 0.5 0.3125
vt 0.46875 0.3125
vt 0.375 0
vt 0.625 0.25
vt 0.625 0
vt 0.375 0.25
vt 0.375 0.5
vt 0.625 0.75
vt 0.625 0.5
vt 0.375 0.75
vt 0.375 0.75
vt 0.625 1
vt 0.625 0.75
vt 0.375 1
vt 0.625 0
vt 0.875 0.25
vt 0.875 0
vt 0.625 0.25
vt 0.125 0
vt 0.375 0.25
vt 0.375 0
vt 0.125 0.25
vt 0.375 0
vt 0.625 0.25
vt 0.625 0
vt 0.375 0.25
vt 0.375 0.5
vt 0.625 0.75
vt 0.625 0.5
vt 0.375 0.75
vt 0.375 0.75
vt 0.625 1
vt 0.625 0.75
vt 0.375 1
vt 0.625 0
vt 0.875 0.25
vt 0.875 0
vt 0.625 0.25
vt 0.125 0
vt 0.375 0.25
vt 0.375 0
vt 0.125 0.25
vt 0.375 0.3125
vt 0.40625 0.5004883
vt 0.40625 0.3125
vt 0.375 0.5004883
vt 0.40625 0.6884766
vt 0.375 0.6884766
vt 0.4375 0.3125
vt 0.46875 0.5004883
vt 0.46875 0.3125
vt 0.4375 0.5004883
vt 0.46875 0.6884766
vt 0.4375 0.6884766
vt 0.46875 0.3125
vt 0.5 0.5004883
vt 0.5 0.3125
vt 0.46875 0.5004883
vt 0.5 0.6884766
vt 0.46875 0.6884766
vt 0.5 0.3125
vt 0.53125 0.5004883
vt 0.53125 0.3125
vt 0.5 0.5004883
vt 0.53125 0.6884766
vt 0.5 0.6884766
vt 0.53125 0.3125
vt 0.5625 0.5004883
vt 0.5625 0.3125
vt 0.53125 0.5004883
vt 0.5625 0.6884766
vt 0.53125 0.6884766
vt 0.5625 0.3125
vt 0.59375 0.5004883
vt 0.59375 0.3125
vt 0.5625 0.5004883
vt 0.59375 0.6884766
vt 0.5625 0.6884766
vt 0.59375 0.3125
vt 0.625 0.5004883
vt 0.625 0.3125
vt 0.59375 0.5004883
vt 0.625 0.6884766
vt 0.59375 0.6884766
vt 0.375 0.3125
vt 0.40625 0.5004883
vt 0.40625 0.3125
vt 0.375 0.5004883
vt 0.40625 0.3125
vt 0.4375 0.5004883
vt 0.4375 0.3125
vt 0.40625 0.5004883
vt 0.4375 0.3125
vt 0.46875 0.5004883
vt 0.46875 0.3125
vt 0.4375 0.5004883
vt 0.46875 0.3125
vt 0.5 0.5004883
vt 0.5 0.3125
vt 0.46875 0.5004883
vt 0.5 0.3125
vt 0.53125 0.5004883
vt 0.53125 0.3125
vt 0.5 0.5004883
vt 0.53125 0.3125
vt 0.5625 0.5004883
vt 0.5625 0.3125
vt 0.53125 0.5004883
vt 0.5625 0.3125
vt 0.59375 0.5004883
vt 0.59375 0.3125
vt 0.5625 0.5004883
vt 0.59375 0.3125
vt 0.625 0.5004883
vt 0.625 0.3125
vt 0.59375 0.5004883
vt 0.5625 0.3125
vt 0.59375 0.3125
vt 0.625 0.3125
vt 0.40625 0.3125
vt 0.53125 0.3125
vt 0.4375 0.3125
vt 0.5 0.3125
vt 0.46875 0.3125
vt 0.375 0
vt 0.625 0.25
vt 0.625 0
vt 0.375 0.25
vt 0.375 0.5
vt 0.625 0.75
vt 0.625 0.5
vt 0.375 0.75
vt 0.375 0.75
vt 0.625 1
vt 0.625 0.75
vt 0.375 1
vt 0.625 0
vt 0.875 0.25
vt 0.875 0
vt 0.625 0.25
vt 0.125 0
vt 0.375 0.25
vt 0.375 0
vt 0.125 0.25
vt 0.375 0
vt 0.4458008 0.25
vt 0.4458008 0
vt 0.375 0.25
vt 0.4458008 0.75
vt 0.375 0.5
vt 0.375 0.75
vt 0.4458008 0.5
vt 0.4567871 0.75
vt 0.625 0.5
vt 0.4602051 0.5
vt 0.625 0.75
vt 0.7050781 0.25
vt 0.625 0
vt 0.625 0.25
vt 0.7099609 0
vt 0.8105469 0.25
vt 0.8105469 0
vt 0.7138672 0.25
vt 0.2946777 0
vt 0.375 0.25
vt 0.375 0
vt 0.3415527 0.2612305
vt 0.4458008 0.25
vt 0.375 0.25
vt 0.3415527 0.2612305
vt 0.4536133 0.25
vt 0.625 0.3303223
vt 0.4602051 0.25
vt 0.625 0.25
vt 0.625 0.3356934
vt 0.3842773 0.2741699
vt 0.625 0.3388672
vt 0.3339844 0.2624512
vt 0.189209 0.25
vt 0.4814453 0.3745117
vt 0.331543 0.3166504
vt 0.4763184 0.3847656
vt 0.1796875 0.25
vt 0.1740723 0.25
vt 0.2819824 0.3286133
vt 0.2954102 0.3352051
vt 0.625 0.5
vt 0.2663574 0.3208008
vt 0.125 0.25
vt 0.4458008 0
vt 0.4536133 0.25
vt 0.4536133 0
vt 0.4458008 0.25
vt 0.4536133 0
vt 0.4602051 0.25
vt 0.4602051 0
vt 0.4536133 0.25
vt 0.4602051 0
vt 0.625 0.25
vt 0.625 0
vt 0.4602051 0.25
vt 0.8256836 0
vt 0.875 0.25
vt 0.875 0
vt 0.8256836 0.25
vt 0.125 0
vt 0.1740723 0.25
vt 0.1740723 0
vt 0.125 0.25
vt 0.1740723 0
vt 0.1796875 0.25
vt 0.1796875 0
vt 0.1740723 0.25
vt 0.1796875 0
vt 0.189209 0.25
vt 0.189209 0
vt 0.1796875 0.25
vt 0.189209 0
vt 0.3339844 0.2624512
vt 0.2861328 0
vt 0.189209 0.25
vt 0.2893066 0
vt 0.3415527 0.2612305
vt 0.2946777 0
vt 0.2893066 0.25
vt 0.375 0
vt 0.4199219 0.25
vt 0.4199219 0
vt 0.375 0.25
vt 0.375 0.5
vt 0.4291992 0.75
vt 0.4199219 0.5
vt 0.375 0.75
vt 0.6674805 0.25
vt 0.625 0
vt 0.625 0.25
vt 0.675293 0
vt 0.746582 0.25
vt 0.746582 0
vt 0.6826172 0.25
vt 0.7719727 0
vt 0.875 0.25
vt 0.875 0
vt 0.7719727 0.25
vt 0.2280273 0.25
vt 0.125 0
vt 0.125 0.25
vt 0.2280273 0
vt 0.2342529 0
vt 0.2409668 0
vt 0.2536621 0.25
vt 0.2536621 0
vt 0.2409668 0.25
vt 0.4462891 0
vt 0.625 0.25
vt 0.625 0
vt 0.4543457 0.25
vt 0.4543457 0.5
vt 0.625 0.5
vt 0.5395508 0.3969727
vt 0.4384766 0.5
vt 0.4543457 0.3908691
vt 0.375 0.3969727
vt 0.4199219 0.5
vt 0.375 0.5
vt 0.5395508 0.3840332
vt 0.625 0.3713379
vt 0.375 0.3908691
vt 0.375 0.3840332
vt 0.375 0.3713379
vt 0.375 0.307373
vt 0.625 0.307373
vt 0.625 0.300293
vt 0.375 0.300293
vt 0.375 0.2927246
vt 0.625 0.2927246
vt 0.375 0.25
vt 0.4384766 0.25
vt 0.4199219 0.25
vt 0.4543457 0.25
vt 0.625 0.25
vt 0.625 0.5
vt 0.4543457 0.75
vt 0.625 0.75
vt 0.4543457 0.5
vt 0.4291992 0.75
vt 0.317627 0
vt 0.324707 0.25
vt 0.324707 0
vt 0.317627 0.25
vt 0.2536621 0
vt 0.317627 0.25
vt 0.317627 0
vt 0.2536621 0.25
vt 0.375 0
vt 0.4245605 0.25
vt 0.4245605 0
vt 0.375 0.25
vt 0.5605469 0.25
vt 0.5488281 0.25
vt 0.625 0.25
vt 0.625 0.347168
vt 0.375 0.347168
vt 0.375 0.3583984
vt 0.625 0.3583984
vt 0.375 0.3649902
vt 0.625 0.3649902
vt 0.625 0.3740234
vt 0.375 0.3740234
vt 0.375 0.4682617
vt 0.625 0.4682617
vt 0.375 0.4763184
vt 0.625 0.4763184
vt 0.375 0.4831543
vt 0.4431152 0.25
vt 0.375 0.25
vt 0.4245605 0.25
vt 0.5380859 0.25
vt 0.4594727 0.25
vt 0.4431152 0.5
vt 0.625 0.4831543
vt 0.4245605 0.5
vt 0.375 0.5
vt 0.5488281 0.5
vt 0.4594727 0.5
vt 0.5380859 0.5
vt 0.5605469 0.5
vt 0.625 0.5
vt 0.4245605 0.75
vt 0.375 0.5
vt 0.375 0.75
vt 0.4245605 0.5
vt 0.4431152 0.75
vt 0.4594727 0.75
vt 0.4594727 0.5
vt 0.5380859 0.5
vt 0.5380859 0.75
vt 0.625 0
vt 0.722168 0.25
vt 0.7275391 0
vt 0.625 0.25
vt 0.277832 0
vt 0.375 0.25
vt 0.375 0
vt 0.277832 0.25
vt 0.2666016 0
vt 0.5605469 0
vt 0.625 0.25
vt 0.625 0
vt 0.5605469 0.25
vt 0.5605469 0.75
vt 0.625 0.5
vt 0.5605469 0.5
vt 0.625 0.75
vt 0.7402344 0
vt 0.7490234 0.25
vt 0.7490234 0
vt 0.7402344 0.25
vt 0.2509766 0
vt 0.2509766 0.25
vt 0.2600098 0
vt 0.2600098 0.25
vt 0.7490234 0
vt 0.8432617 0.25
vt 0.8432617 0
vt 0.7490234 0.25
vt 0.1490479 0
vt 0.2509766 0.25
vt 0.2509766 0
vt 0.1566162 0.25
vt 0.125 0
vt 0.1418457 0.25
vt 0.125 0.25
vt 0.8579102 0
vt 0.875 0.25
vt 0.875 0
vt 0.8579102 0.25
vt 0.8510742 0
vt 0.8579102 0.25
vt 0.8579102 0
vt 0.8510742 0.25
vt 0.8432617 0
vt 0.8432617 0.25
vt 0.4245605 0
vt 0.4431152 0.25
vt 0.4431152 0
vt 0.4245605 0.25
vt 0.4431152 0
vt 0.4594727 0.25
vt 0.4594727 0
vt 0.4431152 0.25
vt 0.4594727 0
vt 0.5380859 0.25
vt 0.5380859 0
vt 0.4594727 0.25
vt 0.875 0
vt 0.5625 0.25
vt 0.625 0
vt 0.5625 0.5
vt 0 0
vt 0.7373047 1
vt 0 1
vt 0.7373047 0
vt 0.875 0
vt 0.5625 0.25
vt 0.5625 0.5
vt 0.625 0
vt 0.5 0.25
vt 0.5625 0.5
vt 0.5625 0.25
vt 0.5 0.5
vt 0.5 0.5
vt 0.625 0.75
vt 0.5625 0.5
vt 0.5 0.75
vt 0.625 0
vt 0.5 0.25
vt 0.5625 0.25
vt 0.5 0
vt 0.5 0.5
vt 0.5 0
vt 0.5 0.75
vt 0.5 0.25
vt 0.375 0
vt 0.4326172 0.1154175
vt 0.375 0
vt 0.4326172 0.1154175
vt 0.2980957 0.230835
vt 0.125 0
vt 0.2980957 0.230835
vt 0.125 0
vt 0.125 0
vt 0.4326172 0.1154175
vt 0.2980957 0.230835
vt 0.375 0
vt 0.5385742 0
vt 1 0.2315674
vt 0.5385742 0.2329102
vt 1 0
vt 0.2980957 0.230835
vt 0.4326172 0.1154175
vt 0.5385742 0
vt 0.2980957 0.230835
vt 0.375 0
vt 0.3955078 0.04116821
vt 0.3955078 0.04116821
vt 0.375 0
vt 0.1867676 0.08233643
vt 0.125 0
vt 0.125 0
vt 0.1867676 0.08233643
vt 0.125 0
vt 0.3955078 0.04116821
vt 0.375 0
vt 0.1867676 0.08233643
vt 0.8354492 0
vt 1 0.2315674
vt 1 0
vt 0.8354492 0.2320557
vt 0.1867676 0.08233643
vt 0.3955078 0.04116821
vt 0.1867676 0.08233643
vt 0.8354492 0
vt 0.375 0
vt 0.4052734 0.0607605
vt 0.375 0
vt 0.4052734 0.0607605
vt 0.2161865 0.121521
vt 0.125 0
vt 0.2161865 0.121521
vt 0.125 0
vt 0.125 0
vt 0.4052734 0.0607605
vt 0.2161865 0.121521
vt 0.375 0
vt 0.7568359 0.2322998
vt 1 0
vt 1 0.2315674
vt 0.7568359 0
vt 0.4052734 0.0607605
vt 0.2161865 0.121521
vt 0.2161865 0.121521
vt 0.7568359 0
vt 0.375 0
vt 0.4040527 0.05813599
vt 0.4040527 0.05813599
vt 0.375 0
vt 0.2121582 0.116272
vt 0.125 0
vt 0.125 0
vt 0.2121582 0.116272
vt 0.125 0
vt 0.4040527 0.05813599
vt 0.375 0
vt 0.2121582 0.116272
vt 0.7675781 0.2322998
vt 1 0
vt 0.7675781 0
vt 1 0.2315674
vt 0.4040527 0.05813599
vt 0.2121582 0.116272
vt 0.7675781 0
vt 0.2121582 0.116272
vt 0.4360352 0.1219482
vt 0.4643555 0.1789551
vt 0.4643555 0.1789551
vt 0.4360352 0.1219482
vt 0.3078613 0.2438965
vt 0.4643555 0.1789551
vt 0.4360352 0.1219482
vt 0.3933105 0.3579102
vt 0.3933105 0.3579102
vt 0.3078613 0.2438965
vt 0.3078613 0.2438965
vt 0.3933105 0.3579102
vt 0.2841797 0.2337646
vt 0.512207 0
vt 0.2841797 0
vt 0.512207 0.2330322
vt 0.4360352 0.1219482
vt 0.512207 0.2330322
vt 0.3078613 0.2438965
vt 0.4360352 0.1219482
vt 0.4643555 0.1789551
vt 0.3933105 0.3579102
vt 0.2841797 0
vt 0.3933105 0.3579102
vt 0.375 0
vt 0.625 0.25
vt 0.625 0
vt 0.375 0.25
vt 0.375 0.5
vt 0.625 0.75
vt 0.625 0.5
vt 0.375 0.75
vt 0.625 0
vt 0.875 0.25
vt 0.875 0
vt 0.625 0.25
vt 0.125 0
vt 0.375 0.25
vt 0.375 0
vt 0.125 0.25
vt 0.625 0.25
vt 0.125 0.25
vt 0.625 0.5
vt 0.375 0.25
vt 0.375 0.3125
vt 0.40625 0.5004883
vt 0.40625 0.3125
vt 0.375 0.5004883
vt 0.40625 0.6884766
vt 0.375 0.6884766
vt 0.4375 0.3125
vt 0.46875 0.5004883
vt 0.46875 0.3125
vt 0.4375 0.5004883
vt 0.46875 0.6884766
vt 0.4375 0.6884766
vt 0.46875 0.3125
vt 0.5 0.5004883
vt 0.5 0.3125
vt 0.46875 0.5004883
vt 0.5 0.6884766
vt 0.46875 0.6884766
vt 0.5 0.3125
vt 0.53125 0.5004883
vt 0.53125 0.3125
vt 0.5 0.5004883
vt 0.53125 0.6884766
vt 0.5 0.6884766
vt 0.5625 0.3125
vt 0.59375 0.5004883
vt 0.59375 0.3125
vt 0.5625 0.5004883
vt 0.59375 0.6884766
vt 0.5625 0.6884766
vt 0.59375 0.3125
vt 0.625 0.5004883
vt 0.625 0.3125
vt 0.59375 0.5004883
vt 0.625 0.6884766
vt 0.59375 0.6884766
vt 0.375 0.3125
vt 0.40625 0.5004883
vt 0.40625 0.3125
vt 0.375 0.5004883
vt 0.40625 0.3125
vt 0.4375 0.5004883
vt 0.4375 0.3125
vt 0.40625 0.5004883
vt 0.4375 0.3125
vt 0.46875 0.5004883
vt 0.46875 0.3125
vt 0.4375 0.5004883
vt 0.46875 0.3125
vt 0.5 0.5004883
vt 0.5 0.3125
vt 0.46875 0.5004883
vt 0.5 0.3125
vt 0.53125 0.5004883
vt 0.53125 0.3125
vt 0.5 0.5004883
vt 0.53125 0.3125
vt 0.5625 0.5004883
vt 0.5625 0.3125
vt 0.53125 0.5004883
vt 0.5625 0.3125
vt 0.59375 0.5004883
vt 0.59375 0.3125
vt 0.5625 0.5004883
vt 0.59375 0.3125
vt 0.625 0.5004883
vt 0.625 0.3125
vt 0.59375 0.5004883
vt 0.5625 0.3125
vt 0.59375 0.3125
vt 0.625 0.3125
vt 0.40625 0.3125
vt 0.53125 0.3125
vt 0.4375 0.3125
vt 0.5 0.3125
vt 0.46875 0.3125
vt 0.375 0
vt 0.625 0.25
vt 0.625 0
vt 0.375 0.25
vt 0.375 0.5
vt 0.625 0.75
vt 0.625 0.5
vt 0.375 0.75
vt 0.375 0.75
vt 0.625 1
vt 0.625 0.75
vt 0.375 1
vt 0.625 0
vt 0.875 0.25
vt 0.875 0
vt 0.625 0.25
vt 0.125 0
vt 0.375 0.25
vt 0.375 0
vt 0.125 0.25
vt 0.375 0.3125
vt 0.40625 0.5004883
vt 0.40625 0.3125
vt 0.375 0.5004883
vt 0.40625 0.6884766
vt 0.375 0.6884766
vt 0.4375 0.3125
vt 0.46875 0.5004883
vt 0.46875 0.3125
vt 0.4375 0.5004883
vt 0.46875 0.6884766
vt 0.4375 0.6884766
vt 0.46875 0.3125
vt 0.5 0.5004883
vt 0.5 0.3125
vt 0.46875 0.5004883
vt 0.5 0.6884766
vt 0.46875 0.6884766
vt 0.5 0.3125
vt 0.53125 0.5004883
vt 0.53125 0.3125
vt 0.5 0.5004883
vt 0.53125 0.6884766
vt 0.5 0.6884766
vt 0.5625 0.3125
vt 0.59375 0.5004883
vt 0.59375 0.3125
vt 0.5625 0.5004883
vt 0.59375 0.6884766
vt 0.5625 0.6884766
vt 0.59375 0.3125
vt 0.625 0.5004883
vt 0.625 0.3125
vt 0.59375 0.5004883
vt 0.625 0.6884766
vt 0.59375 0.6884766
vt 0.375 0.3125
vt 0.40625 0.5004883
vt 0.40625 0.3125
vt 0.375 0.5004883
vt 0.40625 0.3125
vt 0.4375 0.5004883
vt 0.4375 0.3125
vt 0.40625 0.5004883
vt 0.4375 0.3125
vt 0.46875 0.5004883
vt 0.46875 0.3125
vt 0.4375 0.5004883
vt 0.46875 0.3125
vt 0.5 0.5004883
vt 0.5 0.3125
vt 0.46875 0.5004883
vt 0.5 0.3125
vt 0.53125 0.5004883
vt 0.53125 0.3125
vt 0.5 0.5004883
vt 0.53125 0.3125
vt 0.5625 0.5004883
vt 0.5625 0.3125
vt 0.53125 0.5004883
vt 0.5625 0.3125
vt 0.59375 0.5004883
vt 0.59375 0.3125
vt 0.5625 0.5004883
vt 0.59375 0.3125
vt 0.625 0.5004883
vt 0.625 0.3125
vt 0.59375 0.5004883
vt 0.5625 0.3125
vt 0.59375 0.3125
vt 0.625 0.3125
vt 0.40625 0.3125
vt 0.53125 0.3125
vt 0.4375 0.3125
vt 0.5 0.3125
vt 0.46875 0.3125
vt 0.375 0
vt 0.625 0.25
vt 0.625 0
vt 0.375 0.25
vt 0.375 0.5
vt 0.625 0.75
vt 0.625 0.5
vt 0.375 0.75
vt 0.375 0.75
vt 0.625 1
vt 0.625 0.75
vt 0.375 1
vt 0.625 0
vt 0.875 0.25
vt 0.875 0
vt 0.625 0.25
vt 0.125 0
vt 0.375 0.25
vt 0.375 0
vt 0.125 0.25
vt 0.375 0.3125
vt 0.40625 0.5004883
vt 0.40625 0.3125
vt 0.375 0.5004883
vt 0.40625 0.6884766
vt 0.375 0.6884766
vt 0.4375 0.3125
vt 0.46875 0.5004883
vt 0.46875 0.3125
vt 0.4375 0.5004883
vt 0.46875 0.6884766
vt 0.4375 0.6884766
vt 0.46875 0.3125
vt 0.5 0.5004883
vt 0.5 0.3125
vt 0.46875 0.5004883
vt 0.5 0.6884766
vt 0.46875 0.6884766
vt 0.5 0.3125
vt 0.53125 0.5004883
vt 0.53125 0.3125
vt 0.5 0.5004883
vt 0.53125 0.6884766
vt 0.5 0.6884766
vt 0.5625 0.3125
vt 0.59375 0.5004883
vt 0.59375 0.3125
vt 0.5625 0.5004883
vt 0.59375 0.6884766
vt 0.5625 0.6884766
vt 0.59375 0.3125
vt 0.625 0.5004883
vt 0.625 0.3125
vt 0.59375 0.5004883
vt 0.625 0.6884766
vt 0.59375 0.6884766
vt 0.375 0.3125
vt 0.40625 0.5004883
vt 0.40625 0.3125
vt 0.375 0.5004883
vt 0.40625 0.3125
vt 0.4375 0.5004883
vt 0.4375 0.3125
vt 0.40625 0.5004883
vt 0.4375 0.3125
vt 0.46875 0.5004883
vt 0.46875 0.3125
vt 0.4375 0.5004883
vt 0.46875 0.3125
vt 0.5 0.5004883
vt 0.5 0.3125
vt 0.46875 0.5004883
vt 0.5 0.3125
vt 0.53125 0.5004883
vt 0.53125 0.3125
vt 0.5 0.5004883
vt 0.53125 0.3125
vt 0.5625 0.5004883
vt 0.5625 0.3125
vt 0.53125 0.5004883
vt 0.5625 0.3125
vt 0.59375 0.5004883
vt 0.59375 0.3125
vt 0.5625 0.5004883
vt 0.59375 0.3125
vt 0.625 0.5004883
vt 0.625 0.3125
vt 0.59375 0.5004883
vt 0.5625 0.3125
vt 0.59375 0.3125
vt 0.625 0.3125
vt 0.40625 0.3125
vt 0.53125 0.3125
vt 0.4375 0.3125
vt 0.5 0.3125
vt 0.46875 0.3125
vt 0.375 0
vt 0.625 0.25
vt 0.625 0
vt 0.375 0.25
vt 0.375 0.5
vt 0.625 0.75
vt 0.625 0.5
vt 0.375 0.75
vt 0.375 0.75
vt 0.625 1
vt 0.625 0.75
vt 0.375 1
vt 0.625 0
vt 0.875 0.25
vt 0.875 0
vt 0.625 0.25
vt 0.125 0
vt 0.375 0.25
vt 0.375 0
vt 0.125 0.25
vt 0.375 0.3125
vt 0.40625 0.5004883
vt 0.40625 0.3125
vt 0.375 0.5004883
vt 0.40625 0.6884766
vt 0.375 0.6884766
vt 0.4375 0.3125
vt 0.46875 0.5004883
vt 0.46875 0.3125
vt 0.4375 0.5004883
vt 0.46875 0.6884766
vt 0.4375 0.6884766
vt 0.46875 0.3125
vt 0.5 0.5004883
vt 0.5 0.3125
vt 0.46875 0.5004883
vt 0.5 0.6884766
vt 0.46875 0.6884766
vt 0.5 0.3125
vt 0.53125 0.5004883
vt 0.53125 0.3125
vt 0.5 0.5004883
vt 0.53125 0.6884766
vt 0.5 0.6884766
vt 0.5625 0.3125
vt 0.59375 0.5004883
vt 0.59375 0.3125
vt 0.5625 0.5004883
vt 0.59375 0.6884766
vt 0.5625 0.6884766
vt 0.59375 0.3125
vt 0.625 0.5004883
vt 0.625 0.3125
vt 0.59375 0.5004883
vt 0.625 0.6884766
vt 0.59375 0.6884766
vt 0.375 0.3125
vt 0.40625 0.5004883
vt 0.40625 0.3125
vt 0.375 0.5004883
vt 0.40625 0.3125
vt 0.4375 0.5004883
vt 0.4375 0.3125
vt 0.40625 0.5004883
vt 0.4375 0.3125
vt 0.46875 0.5004883
vt 0.46875 0.3125
vt 0.4375 0.5004883
vt 0.46875 0.3125
vt 0.5 0.5004883
vt 0.5 0.3125
vt 0.46875 0.5004883
vt 0.5 0.3125
vt 0.53125 0.5004883
vt 0.53125 0.3125
vt 0.5 0.5004883
vt 0.53125 0.3125
vt 0.5625 0.5004883
vt 0.5625 0.3125
vt 0.53125 0.5004883
vt 0.5625 0.3125
vt 0.59375 0.5004883
vt 0.59375 0.3125
vt 0.5625 0.5004883
vt 0.59375 0.3125
vt 0.625 0.5004883
vt 0.625 0.3125
vt 0.59375 0.5004883
vt 0.5625 0.3125
vt 0.59375 0.3125
vt 0.625 0.3125
vt 0.40625 0.3125
vt 0.53125 0.3125
vt 0.4375 0.3125
vt 0.5 0.3125
vt 0.46875 0.3125
vt 0.375 0
vt 0.625 0.25
vt 0.625 0
vt 0.375 0.25
vt 0.375 0.5
vt 0.625 0.75
vt 0.625 0.5
vt 0.375 0.75
vt 0.375 0.75
vt 0.625 1
vt 0.625 0.75
vt 0.375 1
vt 0.625 0
vt 0.875 0.25
vt 0.875 0
vt 0.625 0.25
vt 0.125 0
vt 0.375 0.25
vt 0.375 0
vt 0.125 0.25
vt 0.375 0
vt 0.625 0.25
vt 0.625 0
vt 0.375 0.25
vt 0.375 0.25
vt 0.625 0.5
vt 0.625 0.25
vt 0.375 0.5
vt 0.375 0.5
vt 0.625 0.75
vt 0.625 0.5
vt 0.375 0.75
vt 0.375 0.75
vt 0.625 1
vt 0.625 0.75
vt 0.375 1
vt 0.625 0
vt 0.875 0.25
vt 0.875 0
vt 0.625 0.25
vt 0.125 0
vt 0.375 0.25
vt 0.375 0
vt 0.125 0.25
vt 0.375 0
vt 0.625 0.25
vt 0.625 0
vt 0.375 0.25
vt 0.375 0.5
vt 0.625 0.75
vt 0.625 0.5
vt 0.375 0.75
vt 0.375 0
vt 0.625 0.25
vt 0.625 0
vt 0.375 0.25
vt 0.375 0.5
vt 0.625 0.75
vt 0.625 0.5
vt 0.375 0.75
vt 0.375 0
vt 0.625 0.25
vt 0.625 0
vt 0.5273438 0.25
vt 0.625 0.5
vt 0.375 0.75
vt 0.625 0.75
vt 0.5273438 0.5
vt 0.625 0.25
vt 0.625 0.75
vt 0.625 0
vt 0.625 0.5
vt 0.375 0
vt 0.375 0.5
vt 0.375 0.25
vt 0.375 0.75
vt 0.5273438 0.5
vt 0.375 0.25
vt 0.375 0.5
vt 0.5273438 0.25
vt 0.625 0.25
vt 0.625 0.5
vt 0.375 0.3125
vt 0.40625 0.5004883
vt 0.40625 0.3125
vt 0.375 0.5004883
vt 0.40625 0.3125
vt 0.4375 0.5004883
vt 0.4375 0.3125
vt 0.40625 0.5004883
vt 0.4375 0.3125
vt 0.46875 0.5004883
vt 0.46875 0.3125
vt 0.4375 0.5004883
vt 0.46875 0.3125
vt 0.5 0.5004883
vt 0.5 0.3125
vt 0.46875 0.5004883
vt 0.5 0.3125
vt 0.53125 0.5004883
vt 0.53125 0.3125
vt 0.5 0.5004883
vt 0.53125 0.3125
vt 0.5625 0.5004883
vt 0.5625 0.3125
vt 0.53125 0.5004883
vt 0.5625 0.3125
vt 0.59375 0.5004883
vt 0.59375 0.3125
vt 0.5625 0.5004883
vt 0.59375 0.3125
vt 0.625 0.5004883
vt 0.625 0.3125
vt 0.59375 0.5004883
vt 0.5 0.5004883
vt 0.5625 0.5004883
vt 0.53125 0.5004883
vt 0.46875 0.5004883
vt 0.59375 0.5004883
vt 0.375 0.5004883
vt 0.4375 0.5004883
vt 0.40625 0.5004883
vt 0.375 0
vt 0.625 0.25
vt 0.625 0
vt 0.5273438 0.25
vt 0.625 0.5
vt 0.375 0.75
vt 0.625 0.75
vt 0.5273438 0.5
vt 0.625 0.25
vt 0.625 0.75
vt 0.625 0
vt 0.625 0.5
vt 0.375 0.25
vt 0.5273438 0.5
vt 0.5273438 0.25
vt 0.375 0.5
vt 0.5273438 0.5
vt 0.625 0.25
vt 0.5273438 0.25
vt 0.625 0.5
vt 0.375 0.3125
vt 0.40625 0.5004883
vt 0.40625 0.3125
vt 0.375 0.5004883
vt 0.40625 0.6884766
vt 0.375 0.6884766
vt 0.4375 0.3125
vt 0.46875 0.5004883
vt 0.46875 0.3125
vt 0.4375 0.5004883
vt 0.46875 0.6884766
vt 0.4375 0.6884766
vt 0.46875 0.3125
vt 0.5 0.5004883
vt 0.5 0.3125
vt 0.46875 0.5004883
vt 0.5 0.6884766
vt 0.46875 0.6884766
vt 0.5 0.3125
vt 0.53125 0.5004883
vt 0.53125 0.3125
vt 0.5 0.5004883
vt 0.53125 0.6884766
vt 0.5 0.6884766
vt 0.5625 0.3125
vt 0.59375 0.5004883
vt 0.59375 0.3125
vt 0.5625 0.5004883
vt 0.59375 0.6884766
vt 0.5625 0.6884766
vt 0.59375 0.3125
vt 0.625 0.5004883
vt 0.625 0.3125
vt 0.59375 0.5004883
vt 0.625 0.6884766
vt 0.59375 0.6884766
vt 0.375 0.3125
vt 0.40625 0.5004883
vt 0.40625 0.3125
vt 0.375 0.5004883
vt 0.40625 0.3125
vt 0.4375 0.5004883
vt 0.4375 0.3125
vt 0.40625 0.5004883
vt 0.4375 0.3125
vt 0.46875 0.5004883
vt 0.46875 0.3125
vt 0.4375 0.5004883
vt 0.46875 0.3125
vt 0.5 0.5004883
vt 0.5 0.3125
vt 0.46875 0.5004883
vt 0.5 0.3125
vt 0.53125 0.5004883
vt 0.53125 0.3125
vt 0.5 0.5004883
vt 0.53125 0.3125
vt 0.5625 0.5004883
vt 0.5625 0.3125
vt 0.53125 0.5004883
vt 0.5625 0.3125
vt 0.59375 0.5004883
vt 0.59375 0.3125
vt 0.5625 0.5004883
vt 0.59375 0.3125
vt 0.625 0.5004883
vt 0.625 0.3125
vt 0.59375 0.5004883
vt 0.5625 0.3125
vt 0.59375 0.3125
vt 0.625 0.3125
vt 0.40625 0.3125
vt 0.53125 0.3125
vt 0.4375 0.3125
vt 0.5 0.3125
vt 0.46875 0.3125
vt 0.375 0
vt 0.625 0.25
vt 0.625 0
vt 0.375 0.25
vt 0.375 0.5
vt 0.625 0.75
vt 0.625 0.5
vt 0.375 0.75
vt 0.375 0.75
vt 0.625 1
vt 0.625 0.75
vt 0.375 1
vt 0.625 0
vt 0.875 0.25
vt 0.875 0
vt 0.625 0.25
vt 0.125 0
vt 0.375 0.25
vt 0.375 0
vt 0.125 0.25
vt 0.375 0.3125
vt 0.40625 0.5004883
vt 0.40625 0.3125
vt 0.375 0.5004883
vt 0.40625 0.6884766
vt 0.375 0.6884766
vt 0.4375 0.3125
vt 0.46875 0.5004883
vt 0.46875 0.3125
vt 0.4375 0.5004883
vt 0.46875 0.6884766
vt 0.4375 0.6884766
vt 0.46875 0.3125
vt 0.5 0.5004883
vt 0.5 0.3125
vt 0.46875 0.5004883
vt 0.5 0.6884766
vt 0.46875 0.6884766
vt 0.5 0.3125
vt 0.53125 0.5004883
vt 0.53125 0.3125
vt 0.5 0.5004883
vt 0.53125 0.6884766
vt 0.5 0.6884766
vt 0.5625 0.3125
vt 0.59375 0.5004883
vt 0.59375 0.3125
vt 0.5625 0.5004883
vt 0.59375 0.6884766
vt 0.5625 0.6884766
vt 0.59375 0.3125
vt 0.625 0.5004883
vt 0.625 0.3125
vt 0.59375 0.5004883
vt 0.625 0.6884766
vt 0.59375 0.6884766
vt 0.375 0.3125
vt 0.40625 0.5004883
vt 0.40625 0.3125
vt 0.375 0.5004883
vt 0.40625 0.3125
vt 0.4375 0.5004883
vt 0.4375 0.3125
vt 0.40625 0.5004883
vt 0.4375 0.3125
vt 0.46875 0.5004883
vt 0.46875 0.3125
vt 0.4375 0.5004883
vt 0.46875 0.3125
vt 0.5 0.5004883
vt 0.5 0.3125
vt 0.46875 0.5004883
vt 0.5 0.3125
vt 0.53125 0.5004883
vt 0.53125 0.3125
vt 0.5 0.5004883
vt 0.53125 0.3125
vt 0.5625 0.5004883
vt 0.5625 0.3125
vt 0.53125 0.5004883
vt 0.5625 0.3125
vt 0.59375 0.5004883
vt 0.59375 0.3125
vt 0.5625 0.5004883
vt 0.59375 0.3125
vt 0.625 0.5004883
vt 0.625 0.3125
vt 0.59375 0.5004883
vt 0.5625 0.3125
vt 0.59375 0.3125
vt 0.625 0.3125
vt 0.40625 0.3125
vt 0.53125 0.3125
vt 0.4375 0.3125
vt 0.5 0.3125
vt 0.46875 0.3125
vt 0.375 0
vt 0.625 0.25
vt 0.625 0
vt 0.375 0.25
vt 0.375 0.5
vt 0.625 0.75
vt 0.625 0.5
vt 0.375 0.75
vt 0.375 0.75
vt 0.625 1
vt 0.625 0.75
vt 0.375 1
vt 0.625 0
vt 0.875 0.25
vt 0.875 0
vt 0.625 0.25
vt 0.125 0
vt 0.375 0.25
vt 0.375 0
vt 0.125 0.25
vt 0.375 0.3125
vt 0.40625 0.5004883
vt 0.40625 0.3125
vt 0.375 0.5004883
vt 0.40625 0.3125
vt 0.4375 0.5004883
vt 0.4375 0.3125
vt 0.40625 0.5004883
vt 0.4375 0.3125
vt 0.46875 0.5004883
vt 0.46875 0.3125
vt 0.4375 0.5004883
vt 0.46875 0.3125
vt 0.5 0.5004883
vt 0.5 0.3125
vt 0.46875 0.5004883
vt 0.5 0.3125
vt 0.53125 0.5004883
vt 0.53125 0.3125
vt 0.5 0.5004883
vt 0.53125 0.3125
vt 0.5625 0.5004883
vt 0.5625 0.3125
vt 0.53125 0.5004883
vt 0.5625 0.3125
vt 0.59375 0.5004883
vt 0.59375 0.3125
vt 0.5625 0.5004883
vt 0.59375 0.3125
vt 0.625 0.5004883
vt 0.625 0.3125
vt 0.59375 0.5004883
vt 0.375 0.3125
vt 0.40625 0.5004883
vt 0.40625 0.3125
vt 0.375 0.5004883
vt 0.40625 0.6884766
vt 0.375 0.6884766
vt 0.4375 0.3125
vt 0.46875 0.5004883
vt 0.46875 0.3125
vt 0.4375 0.5004883
vt 0.46875 0.6884766
vt 0.4375 0.6884766
vt 0.46875 0.3125
vt 0.5 0.5004883
vt 0.5 0.3125
vt 0.46875 0.5004883
vt 0.5 0.6884766
vt 0.46875 0.6884766
vt 0.5 0.3125
vt 0.53125 0.5004883
vt 0.53125 0.3125
vt 0.5 0.5004883
vt 0.53125 0.6884766
vt 0.5 0.6884766
vt 0.5625 0.3125
vt 0.59375 0.5004883
vt 0.59375 0.3125
vt 0.5625 0.5004883
vt 0.59375 0.6884766
vt 0.5625 0.6884766
vt 0.59375 0.3125
vt 0.625 0.5004883
vt 0.625 0.3125
vt 0.59375 0.5004883
vt 0.625 0.6884766
vt 0.59375 0.6884766
vt 0.375 0.6884766
vt 0.53125 0.6884766
vt 0.40625 0.6884766
vt 0.5625 0.6884766
vt 0.40625 0.6884766
vt 0.5 0.6884766
vt 0.4375 0.6884766
vt 0.53125 0.6884766
vt 0.375 0
vt 0.625 0.25
vt 0.625 0
vt 0.375 0.25
vt 0.375 0.25
vt 0.625 0.5
vt 0.625 0.25
vt 0.375 0.5
vt 0.375 0.5
vt 0.625 0.75
vt 0.625 0.5
vt 0.375 0.75
vt 0.375 0.75
vt 0.625 1
vt 0.625 0.75
vt 0.375 1
vt 0.625 0
vt 0.875 0.25
vt 0.875 0
vt 0.625 0.25
vt 0.125 0
vt 0.375 0.25
vt 0.375 0
vt 0.125 0.25
vt 0.4501953 0.5
vt 0.5229492 0.75
vt 0.5229492 0.5
vt 0.4501953 0.75
vt 0.4501953 1
vt 0.5229492 0.75
vt 0.4501953 0.75
vt 0.5229492 1
vt 0.4501953 0.25
vt 0.5229492 0
vt 0.4501953 0
vt 0.5229492 0.25
vt 0.4501953 0.5
vt 0.5229492 0.25
vt 0.4501953 0.25
vt 0.5229492 0.5
vt 0.5229492 0.75
vt 0.5229492 0.25
vt 0.5229492 0.5
vt 0.5229492 1
vt 0.4501953 0.75
vt 0.4501953 0.25
vt 0.4501953 0
vt 0.4501953 0.5
vt 0.4501953 0.5
vt 0.5229492 0.75
vt 0.5229492 0.5
vt 0.4501953 0.75
vt 0.4501953 1
vt 0.5229492 0.75
vt 0.4501953 0.75
vt 0.5229492 1
vt 0.4501953 0.25
vt 0.5229492 0
vt 0.4501953 0
vt 0.5229492 0.25
vt 0.4501953 0.5
vt 0.5229492 0.25
vt 0.4501953 0.25
vt 0.5229492 0.5
vt 0.5229492 0.75
vt 0.5229492 0.25
vt 0.5229492 0.5
vt 0.5229492 1
vt 0.4501953 0.75
vt 0.4501953 0.25
vt 0.4501953 0
vt 0.4501953 0.5
vt 0.4501953 0.5
vt 0.5229492 0.75
vt 0.5229492 0.5
vt 0.4501953 0.75
vt 0.4501953 1
vt 0.5229492 0.75
vt 0.4501953 0.75
vt 0.5229492 1
vt 0.4501953 0.25
vt 0.5229492 0
vt 0.4501953 0
vt 0.5229492 0.25
vt 0.4501953 0.5
vt 0.5229492 0.25
vt 0.4501953 0.25
vt 0.5229492 0.5
vt 0.5229492 0.75
vt 0.5229492 0.25
vt 0.5229492 0.5
vt 0.5229492 1
vt 0.4501953 0.75
vt 0.4501953 0.25
vt 0.4501953 0
vt 0.4501953 0.5
vt 0.4501953 0.5
vt 0.5229492 0.75
vt 0.5229492 0.5
vt 0.4501953 0.75
vt 0.4501953 1
vt 0.5229492 0.75
vt 0.4501953 0.75
vt 0.5229492 1
vt 0.4501953 0.25
vt 0.5229492 0
vt 0.4501953 0
vt 0.5229492 0.25
vt 0.4501953 0.5
vt 0.5229492 0.25
vt 0.4501953 0.25
vt 0.5229492 0.5
vt 0.5229492 0.75
vt 0.5229492 0.25
vt 0.5229492 0.5
vt 0.5229492 1
vt 0.4501953 0.75
vt 0.4501953 0.25
vt 0.4501953 0
vt 0.4501953 0.5
vt 0.4501953 0.5
vt 0.5229492 0.75
vt 0.4501953 0.75
vt 0.5229492 0.5
vt 0.4501953 1
vt 0.5229492 0.75
vt 0.5229492 1
vt 0.4501953 0.75
vt 0.4501953 0.25
vt 0.5229492 0
vt 0.5229492 0.25
vt 0.4501953 0
vt 0.4501953 0.5
vt 0.5229492 0.25
vt 0.5229492 0.5
vt 0.4501953 0.25
vt 0.5229492 0.75
vt 0.5229492 0.25
vt 0.5229492 1
vt 0.5229492 0.5
vt 0.4501953 0.75
vt 0.4501953 0.25
vt 0.4501953 0.5
vt 0.4501953 0
vt 0.375 0
vt 0.625 0.25
vt 0.625 0
vt 0.5273438 0.25
vt 0.625 0.5
vt 0.375 0.75
vt 0.625 0.75
vt 0.5273438 0.5
vt 0.5273438 0.5
vt 0.375 0.25
vt 0.375 0.5
vt 0.5273438 0.25
vt 0.625 0.25
vt 0.625 0.5
vt 0.375 0.3125
vt 0.40625 0.5004883
vt 0.40625 0.3125
vt 0.375 0.5004883
vt 0.40625 0.6884766
vt 0.375 0.6884766
vt 0.40625 0.3125
vt 0.4375 0.5004883
vt 0.4375 0.3125
vt 0.40625 0.5004883
vt 0.4375 0.6884766
vt 0.40625 0.6884766
vt 0.4375 0.3125
vt 0.46875 0.5004883
vt 0.46875 0.3125
vt 0.4375 0.5004883
vt 0.46875 0.6884766
vt 0.4375 0.6884766
vt 0.5 0.3125
vt 0.53125 0.5004883
vt 0.53125 0.3125
vt 0.5 0.5004883
vt 0.53125 0.6884766
vt 0.5 0.6884766
vt 0.53125 0.3125
vt 0.5625 0.5004883
vt 0.5625 0.3125
vt 0.53125 0.5004883
vt 0.5625 0.6884766
vt 0.53125 0.6884766
vt 0.5625 0.3125
vt 0.59375 0.5004883
vt 0.59375 0.3125
vt 0.5625 0.5004883
vt 0.59375 0.6884766
vt 0.5625 0.6884766
vt 0.59375 0.3125
vt 0.625 0.5004883
vt 0.625 0.3125
vt 0.59375 0.5004883
vt 0.625 0.6884766
vt 0.59375 0.6884766
vt 0.5 0.6884766
vt 0.46875 0.6884766
vt 0.4375 0.6884766
vt 0.40625 0.6884766
vt 0.53125 0.6884766
vt 0.375 0.6884766
vt 0.5625 0.6884766
vt 0.59375 0.6884766
vt 0.375 0
vt 0.625 0.25
vt 0.625 0
vt 0.375 0.25
vt 0.375 0.25
vt 0.625 0.5
vt 0.625 0.25
vt 0.375 0.5
vt 0.375 0.5
vt 0.625 0.75
vt 0.625 0.5
vt 0.375 0.75
vt 0.375 0.75
vt 0.625 1
vt 0.625 0.75
vt 0.375 1
vt 0.375 0
vt 0.625 0.25
vt 0.625 0
vt 0.375 0.25
vt 0.375 0.25
vt 0.625 0.5
vt 0.625 0.25
vt 0.375 0.5
vt 0.375 0.5
vt 0.625 0.75
vt 0.625 0.5
vt 0.375 0.75
vt 0.375 0.75
vt 0.625 1
vt 0.625 0.75
vt 0.375 1
vt 0.375 0
vt 0.625 0.25
vt 0.625 0
vt 0.375 0.25
vt 0.375 0.25
vt 0.625 0.5
vt 0.625 0.25
vt 0.375 0.5
vt 0.375 0.5
vt 0.625 0.75
vt 0.625 0.5
vt 0.375 0.75
vt 0.375 0.75
vt 0.625 1
vt 0.625 0.75
vt 0.375 1
vt 0.125 0
vt 0.375 0.25
vt 0.375 0
vt 0.125 0.25
vt 0.375 0
vt 0.625 0.25
vt 0.625 0
vt 0.375 0.25
vt 0.375 0.25
vt 0.625 0.5
vt 0.625 0.25
vt 0.375 0.5
vt 0.375 0.5
vt 0.625 0.75
vt 0.625 0.5
vt 0.375 0.75
vt 0.375 0.75
vt 0.625 1
vt 0.625 0.75
vt 0.375 1
vt 0.375 0
vt 0.625 0.25
vt 0.625 0
vt 0.375 0.25
vt 0.375 0.25
vt 0.625 0.5
vt 0.625 0.25
vt 0.375 0.5
vt 0.375 0.5
vt 0.625 0.75
vt 0.625 0.5
vt 0.375 0.75
vt 0.375 0.75
vt 0.625 1
vt 0.625 0.75
vt 0.375 1
vt 0.625 0
vt 0.875 0.25
vt 0.875 0
vt 0.625 0.25
vt 0.5087891 0.5
vt 0.375 0.25
vt 0.375 0.5
vt 0.5087891 0.25
vt 0.5151367 0.5
vt 0.5151367 0.25
vt 0.5317383 0.5
vt 0.5317383 0.25
vt 0.5742188 0.5
vt 0.625 0.75
vt 0.625 0.5
vt 0.5742188 0.75
vt 0.5742188 0.25
vt 0.625 0
vt 0.5742188 0
vt 0.625 0.25
vt 0.5742188 0.5
vt 0.625 0.25
vt 0.5742188 0.25
vt 0.625 0.5
vt 0.5317383 0.75
vt 0.5317383 0.25
vt 0.5317383 0.5
vt 0.5317383 1
vt 0.5742188 0.75
vt 0.5742188 0.25
vt 0.5742188 0
vt 0.5742188 0.5
vt 0.375 0
vt 0.625 0.25
vt 0.625 0
vt 0.375 0.25
vt 0.375 0.25
vt 0.625 0.5
vt 0.625 0.25
vt 0.375 0.5
vt 0.375 0.5
vt 0.625 0.75
vt 0.625 0.5
vt 0.375 0.75
vt 0.375 0
vt 0.5317383 0.25
vt 0.5317383 0
vt 0.375 0.25
vt 0.375 0.25
vt 0.5317383 0.5
vt 0.5317383 0.25
vt 0.375 0.5
vt 0.375 0.5
vt 0.5317383 0.75
vt 0.5317383 0.5
vt 0.375 0.75
vt 0.5742188 0.5
vt 0.625 0.75
vt 0.625 0.5
vt 0.5742188 0.75
vt 0.5742188 0.25
vt 0.625 0
vt 0.5742188 0
vt 0.625 0.25
vt 0.5742188 0.5
vt 0.625 0.25
vt 0.5742188 0.25
vt 0.625 0.5
vt 0.5317383 0.75
vt 0.5317383 0.25
vt 0.5317383 0.5
vt 0.5317383 1
vt 0.5742188 0.75
vt 0.5742188 0.25
vt 0.5742188 0
vt 0.5742188 0.5
vt 0.375 0
vt 0.625 0.25
vt 0.625 0
vt 0.375 0.25
vt 0.375 0.25
vt 0.625 0.5
vt 0.625 0.25
vt 0.375 0.5
vt 0.375 0.5
vt 0.625 0.75
vt 0.625 0.5
vt 0.375 0.75
vt 0.4501953 0.5
vt 0.5229492 0.75
vt 0.5229492 0.5
vt 0.4501953 0.75
vt 0.4501953 1
vt 0.5229492 0.75
vt 0.4501953 0.75
vt 0.5229492 1
vt 0.4501953 0.25
vt 0.5229492 0
vt 0.4501953 0
vt 0.5229492 0.25
vt 0.4501953 0.5
vt 0.5229492 0.25
vt 0.4501953 0.25
vt 0.5229492 0.5
vt 0.4501953 0.75
vt 0.4501953 0.25
vt 0.4501953 0
vt 0.4501953 0.5
vt 0.375 0
vt 0.4384766 0.25
vt 0.4384766 0
vt 0.375 0.25
vt 0.375 0.25
vt 0.4384766 0.5
vt 0.4384766 0.25
vt 0.375 0.5
vt 0.375 0.5
vt 0.4384766 0.75
vt 0.4384766 0.5
vt 0.375 0.75
vt 0.375 0.75
vt 0.4384766 1
vt 0.4384766 0.75
vt 0.375 1
vt 0.625 0
vt 0.875 0.25
vt 0.875 0
vt 0.625 0.25
vt 0.5371094 0.5
vt 0.625 0.75
vt 0.625 0.5
vt 0.5371094 0.75
vt 0.5371094 1
vt 0.625 0.75
vt 0.5371094 0.75
vt 0.625 1
vt 0.5371094 0.25
vt 0.625 0
vt 0.5371094 0
vt 0.625 0.25
vt 0.5371094 0.5
vt 0.625 0.25
vt 0.5371094 0.25
vt 0.625 0.5
vt 0.4501953 0.5
vt 0.5229492 0.75
vt 0.5229492 0.5
vt 0.4501953 0.75
vt 0.4501953 1
vt 0.5229492 0.75
vt 0.4501953 0.75
vt 0.5229492 1
vt 0.4501953 0.25
vt 0.5229492 0
vt 0.4501953 0
vt 0.5229492 0.25
vt 0.4501953 0.5
vt 0.5229492 0.25
vt 0.4501953 0.25
vt 0.5229492 0.5
vt 0.4384766 0.75
vt 0.4384766 0.25
vt 0.4384766 0.5
vt 0.4384766 1
vt 0.5371094 0.75
vt 0.5371094 0.25
vt 0.5371094 0
vt 0.5371094 0.5
vt 0.5229492 0.75
vt 0.5229492 0.25
vt 0.5229492 0.5
vt 0.5229492 1
vt 0.4501953 0.75
vt 0.4501953 0.25
vt 0.4501953 0
vt 0.4501953 0.5
vt 0.4501953 0.5
vt 0.5229492 0.75
vt 0.4501953 0.75
vt 0.5229492 0.5
vt 0.4501953 1
vt 0.5229492 0.75
vt 0.5229492 1
vt 0.4501953 0.75
vt 0.4501953 0.25
vt 0.5229492 0
vt 0.5229492 0.25
vt 0.4501953 0
vt 0.4501953 0.5
vt 0.5229492 0.25
vt 0.5229492 0.5
vt 0.4501953 0.25
vt 0.5229492 0.75
vt 0.5229492 0.25
vt 0.5229492 1
vt 0.5229492 0.5
vt 0.375 0
vt 0.4318848 0.25
vt 0.4318848 0
vt 0.375 0.25
vt 0.5620117 0.5
vt 0.5014648 0.375
vt 0.375 0.5
vt 0.5131836 0.375
vt 0.5620117 0.25
vt 0.5131836 0.25
vt 0.375 0.25
vt 0.4318848 0.375
vt 0.4318848 0.25
vt 0.375 0.5
vt 0.375 0.5
vt 0.4443359 0.375
vt 0.4318848 0.375
vt 0.5014648 0.375
vt 0.5014648 0.25
vt 0.4443359 0.25
vt 0.5620117 0.75
vt 0.375 0.5
vt 0.375 0.75
vt 0.5620117 0.5
vt 0.4318848 0.875
vt 0.375 1
vt 0.4318848 1
vt 0.375 0.75
vt 0.375 0.75
vt 0.4443359 0.875
vt 0.5014648 0.875
vt 0.4318848 0.875
vt 0.4443359 1
vt 0.5014648 0.875
vt 0.5014648 1
vt 0.5620117 0.75
vt 0.375 0.75
vt 0.5131836 0.875
vt 0.5131836 1
vt 0.5620117 1
vt 0.4443359 0.25
vt 0.5014648 0
vt 0.4443359 0
vt 0.5014648 0.25
vt 0.5131836 0.25
vt 0.5620117 0
vt 0.5131836 0
vt 0.5620117 0.25
vt 0.625 0.75
vt 0.5678711 0.5
vt 0.5620117 0.75
vt 0.625 0.5
vt 0.5620117 1
vt 0.625 0.75
vt 0.5620117 0.75
vt 0.625 1
vt 0.5678711 0.25
vt 0.625 0
vt 0.5620117 0
vt 0.625 0.25
vt 0.5678711 0.25
vt 0.625 0.5
vt 0.625 0.25
vt 0.5678711 0.5
vt 0.4443359 0.375
vt 0.4318848 0.875
vt 0.4318848 0.375
vt 0.4443359 0.875
vt 0.5014648 0.875
vt 0.5131836 0.375
vt 0.5131836 0.875
vt 0.5014648 0.375
vt 0.5678711 0.5
vt 0.5620117 0
vt 0.5620117 0.75
vt 0.5678711 0.25
vt 0.5620117 0.75
vt 0.5620117 0.25
vt 0.5620117 0.5
vt 0.5620117 0
vt 0.5014648 0.375
vt 0.5014648 1
vt 0.5014648 0.25
vt 0.5014648 0.875
vt 0.5131836 0.375
vt 0.5131836 0
vt 0.5131836 0.875
vt 0.5131836 0.25
vt 0.4318848 0.375
vt 0.4318848 1
vt 0.4318848 0.25
vt 0.4318848 0.875
vt 0.4443359 0.375
vt 0.4443359 0
vt 0.4443359 0.875
vt 0.4443359 0.25
vt 0.4501953 0.5
vt 0.5229492 0.75
vt 0.5229492 0.5
vt 0.4501953 0.75
vt 0.4501953 1
vt 0.5229492 0.75
vt 0.4501953 0.75
vt 0.5229492 1
vt 0.4501953 0.25
vt 0.5229492 0
vt 0.4501953 0
vt 0.5229492 0.25
vt 0.4501953 0.5
vt 0.5229492 0.25
vt 0.4501953 0.25
vt 0.5229492 0.5
vt 0.5229492 0.75
vt 0.5229492 0.25
vt 0.5229492 0.5
vt 0.5229492 1
vt 0.5 0.5004883
vt 0.53125 0.6884766
vt 0.53125 0.5004883
vt 0.5 0.6884766
vt 0.46875 0.5004883
vt 0.5 0.6884766
vt 0.5 0.5004883
vt 0.46875 0.6884766
vt 0.4375 0.5004883
vt 0.46875 0.6884766
vt 0.46875 0.5004883
vt 0.4375 0.6884766
vt 0.40625 0.5004883
vt 0.4375 0.6884766
vt 0.4375 0.5004883
vt 0.40625 0.6884766
vt 0.375 0.5004883
vt 0.40625 0.6884766
vt 0.40625 0.5004883
vt 0.375 0.6884766
vt 0.59375 0.5004883
vt 0.625 0.6884766
vt 0.625 0.5004883
vt 0.59375 0.6884766
vt 0.5625 0.5004883
vt 0.59375 0.6884766
vt 0.59375 0.5004883
vt 0.5625 0.6884766
vt 0.53125 0.5004883
vt 0.5625 0.6884766
vt 0.5625 0.5004883
vt 0.53125 0.6884766
vt 0.40625 0.6884766
vt 0.375 0.6884766
vt 0.4375 0.6884766
vt 0.46875 0.6884766
vt 0.59375 0.6884766
vt 0.5625 0.6884766
vt 0.5 0.6884766
vt 0.4375 0.5004883
vt 0.625 0.5004883
vt 0.40625 0.5004883
vt 0.59375 0.5004883
vt 0.46875 0.5004883
vt 0.5 0.5004883
vt 0.5625 0.5004883
vt 0.375 0
vt 0.625 0.25
vt 0.625 0
vt 0.375 0.25
vt 0.375 0.75
vt 0.625 1
vt 0.625 0.75
vt 0.375 1
vt 0.375 0.3125
vt 0.40625 0.5004883
vt 0.40625 0.3125
vt 0.375 0.5004883
vt 0.40625 0.6884766
vt 0.375 0.6884766
vt 0.4375 0.3125
vt 0.46875 0.5004883
vt 0.46875 0.3125
vt 0.4375 0.5004883
vt 0.46875 0.6884766
vt 0.4375 0.6884766
vt 0.46875 0.3125
vt 0.5 0.5004883
vt 0.5 0.3125
vt 0.46875 0.5004883
vt 0.5 0.6884766
vt 0.46875 0.6884766
vt 0.5 0.3125
vt 0.53125 0.5004883
vt 0.53125 0.3125
vt 0.5 0.5004883
vt 0.53125 0.6884766
vt 0.5 0.6884766
vt 0.53125 0.3125
vt 0.5625 0.5004883
vt 0.5625 0.3125
vt 0.53125 0.5004883
vt 0.5625 0.6884766
vt 0.53125 0.6884766
vt 0.5625 0.3125
vt 0.59375 0.5004883
vt 0.59375 0.3125
vt 0.5625 0.5004883
vt 0.59375 0.6884766
vt 0.5625 0.6884766
vt 0.59375 0.3125
vt 0.625 0.5004883
vt 0.625 0.3125
vt 0.59375 0.5004883
vt 0.625 0.6884766
vt 0.59375 0.6884766
vt 0.375 0.3125
vt 0.40625 0.5004883
vt 0.40625 0.3125
vt 0.375 0.5004883
vt 0.40625 0.6884766
vt 0.375 0.6884766
vt 0.4375 0.3125
vt 0.46875 0.5004883
vt 0.46875 0.3125
vt 0.4375 0.5004883
vt 0.46875 0.6884766
vt 0.4375 0.6884766
vt 0.46875 0.3125
vt 0.5 0.5004883
vt 0.5 0.3125
vt 0.46875 0.5004883
vt 0.5 0.6884766
vt 0.46875 0.6884766
vt 0.5 0.3125
vt 0.53125 0.5004883
vt 0.53125 0.3125
vt 0.5 0.5004883
vt 0.53125 0.6884766
vt 0.5 0.6884766
vt 0.53125 0.3125
vt 0.5625 0.5004883
vt 0.5625 0.3125
vt 0.53125 0.5004883
vt 0.5625 0.6884766
vt 0.53125 0.6884766
vt 0.5625 0.3125
vt 0.59375 0.5004883
vt 0.59375 0.3125
vt 0.5625 0.5004883
vt 0.59375 0.6884766
vt 0.5625 0.6884766
vt 0.59375 0.3125
vt 0.625 0.5004883
vt 0.625 0.3125
vt 0.59375 0.5004883
vt 0.625 0.6884766
vt 0.59375 0.6884766
vt 0.375 0.3125
vt 0.40625 0.5004883
vt 0.40625 0.3125
vt 0.375 0.5004883
vt 0.40625 0.6279297
vt 0.4375 0.3125
vt 0.46875 0.5004883
vt 0.46875 0.3125
vt 0.4375 0.5004883
vt 0.46875 0.6279297
vt 0.46875 0.3125
vt 0.5 0.5004883
vt 0.5 0.3125
vt 0.46875 0.5004883
vt 0.5 0.6279297
vt 0.5 0.3125
vt 0.53125 0.5004883
vt 0.53125 0.3125
vt 0.5 0.5004883
vt 0.53125 0.6279297
vt 0.5 0.6279297
vt 0.53125 0.3125
vt 0.5625 0.5004883
vt 0.5625 0.3125
vt 0.53125 0.5004883
vt 0.5625 0.6279297
vt 0.5625 0.3125
vt 0.59375 0.5004883
vt 0.59375 0.3125
vt 0.5625 0.5004883
vt 0.59375 0.6279297
vt 0.59375 0.3125
vt 0.625 0.5004883
vt 0.625 0.3125
vt 0.59375 0.5004883
vt 0.625 0.6279297

g Parthenon_428_98
usemtl Parthenon_428_98
usemap Parthenon_428_98
f 1/1/1 3/3/3 2/2/2
f 4/4/4 2/2/2 5/5/5
f 5/5/5 6/6/6 4/4/4
f 7/7/7 9/9/9 8/8/8
f 10/10/10 12/12/12 11/11/11
f 13/13/13 11/11/11 14/14/14
f 14/14/14 15/15/15 13/13/13
f 16/16/16 18/18/18 17/17/17
f 19/19/19 21/21/21 20/20/20
f 22/22/22 20/20/20 23/23/23
f 23/23/23 24/24/24 22/22/22
f 25/25/25 27/27/27 26/26/26
f 28/28/28 30/30/30 29/29/29
f 31/31/31 33/33/33 32/32/32
f 34/34/34 36/36/36 35/35/35
f 37/37/37 35/35/35 38/38/38
f 38/38/38 39/39/39 37/37/37
f 40/40/40 42/42/42 41/41/41
f 43/43/43 45/45/45 44/44/44
f 46/46/46 44/44/44 47/47/47
f 47/47/47 48/48/48 46/46/46
f 49/49/49 51/51/51 50/50/50
f 52/52/52 54/54/54 53/53/53
f 55/55/55 53/53/53 56/56/56
f 56/56/56 57/57/57 55/55/55
f 58/58/58 60/60/60 59/59/59
f 61/61/61 63/63/63 62/62/62
f 64/64/64 66/66/66 65/65/65
f 67/67/67 69/69/69 68/68/68
f 70/70/70 72/72/72 71/71/71
f 73/73/73 75/75/75 74/74/74
f 76/76/76 74/74/74 77/77/77
f 77/77/77 78/78/78 76/76/76
f 79/79/79 81/81/81 80/80/80
f 82/82/82 84/84/84 83/83/83
f 85/85/85 83/83/83 86/86/86
f 86/86/86 87/87/87 85/85/85
f 88/88/88 90/90/90 89/89/89
f 91/91/91 93/93/93 92/92/92
f 94/94/94 92/92/92 95/95/95
f 95/95/95 96/96/96 94/94/94
f 97/97/97 99/99/99 98/98/98
f 100/100/100 102/102/102 101/101/101
f 103/103/103 101/101/101 104/104/104
f 104/104/104 105/105/105 103/103/103
f 106/106/106 108/108/108 107/107/107
f 109/109/109 111/111/111 110/110/110
f 112/112/112 110/110/110 113/113/113
f 113/113/113 114/114/114 112/112/112
f 115/115/115 117/117/117 116/116/116
f 118/118/118 120/120/120 119/119/119
f 121/121/121 119/119/119 122/122/122
f 122/122/122 123/123/123 121/121/121
f 124/124/124 126/126/126 125/125/125
f 127/127/127 129/129/129 128/128/128
f 130/130/130 128/128/128 131/131/131
f 131/131/131 132/132/132 130/130/130
f 133/133/133 135/135/135 134/134/134
f 136/136/136 138/138/138 137/137/137
f 139/139/139 137/137/137 140/140/140
f 140/140/140 141/141/141 139/139/139
f 142/142/142 144/144/144 143/143/143
f 145/145/145 147/147/147 146/146/146
f 148/148/148 146/146/146 149/149/149
f 149/149/149 150/150/150 148/148/148
f 151/151/151 153/153/153 152/152/152
f 154/154/154 156/156/156 155/155/155
f 157/157/157 155/155/155 158/158/158
f 158/158/158 159/159/159 157/157/157
f 160/160/160 162/162/162 161/161/161
f 163/163/163 165/165/165 164/164/164
f 166/166/166 164/164/164 167/167/167
f 167/167/167 168/168/168 166/166/166
f 169/169/169 171/171/171 170/170/170
f 172/172/172 174/174/174 173/173/173
f 175/175/175 173/173/173 176/176/176
f 176/176/176 177/177/177 175/175/175
f 178/178/178 180/180/180 179/179/179
f 181/181/181 183/183/183 182/182/182
f 184/184/184 182/182/182 185/185/185
f 185/185/185 186/186/186 184/184/184
f 187/187/187 189/189/189 188/188/188
f 190/190/190 192/192/192 191/191/191
f 193/193/193 195/195/195 194/194/194
f 196/196/196 198/198/198 197/197/197
f 199/199/199 197/197/197 200/200/200
f 200/200/200 201/201/201 199/199/199
f 202/202/202 204/204/204 203/203/203
f 205/205/205 207/207/207 206/206/206
f 208/208/208 206/206/206 209/209/209
f 209/209/209 210/210/210 208/208/208
f 211/211/211 213/213/213 212/212/212
f 214/214/214 216/216/216 215/215/215
f 217/217/217 219/219/219 218/218/218
f 220/220/220 218/218/218 221/221/221
f 221/221/221 222/222/222 220/220/220
f 223/223/223 225/225/225 224/224/224
f 226/226/226 228/228/228 227/227/227
f 229/229/229 227/227/227 230/230/230
f 230/230/230 231/231/231 229/229/229
f 232/232/232 234/234/234 233/233/233
f 235/235/235 237/237/237 236/236/236
f 238/238/238 236/236/236 239/239/239
f 239/239/239 240/240/240 238/238/238
f 241/241/241 243/243/243 242/242/242
f 244/244/244 246/246/246 245/245/245
f 247/247/247 249/249/249 248/248/248
f 250/250/250 252/252/252 251/251/251
f 253/253/253 251/251/251 254/254/254
f 254/254/254 255/255/255 253/253/253
f 256/256/256 258/258/258 257/257/257
f 259/259/259 261/261/261 260/260/260
f 262/262/262 260/260/260 263/263/263
f 263/263/263 264/264/264 262/262/262
f 265/265/265 267/267/267 266/266/266
f 268/268/268 270/270/270 269/269/269
f 271/271/271 269/269/269 272/272/272
f 272/272/272 273/273/273 271/271/271
f 274/274/274 276/276/276 275/275/275
f 277/277/277 279/279/279 278/278/278
f 280/280/280 282/282/282 281/281/281
f 283/283/283 285/285/285 284/284/284
f 286/286/286 284/284/284 287/287/287
f 287/287/287 288/288/288 286/286/286
f 289/289/289 291/291/291 290/290/290
f 292/292/292 294/294/294 293/293/293
f 295/295/295 293/293/293 296/296/296
f 296/296/296 297/297/297 295/295/295
f 298/298/298 300/300/300 299/299/299
f 301/301/301 303/303/303 302/302/302
f 304/304/304 302/302/302 305/305/305
f 305/305/305 306/306/306 304/304/304
f 307/307/307 309/309/309 308/308/308
f 310/310/310 312/312/312 311/311/311
f 313/313/313 315/315/315 314/314/314
f 316/316/316 318/318/318 317/317/317
f 319/319/319 321/321/321 320/320/320
f 322/322/322 324/324/324 323/323/323
f 325/325/325 327/327/327 326/326/326
f 328/328/328 330/330/330 329/329/329
f 331/331/331 333/333/333 332/332/332
f 334/334/334 336/336/336 335/335/335
f 337/337/337 339/339/339 338/338/338
f 340/340/340 342/342/342 341/341/341
f 343/343/343 345/345/345 344/344/344
f 346/346/346 348/348/348 347/347/347
f 349/349/349 351/351/351 350/350/350
f 352/352/352 354/354/354 353/353/353
f 355/355/355 357/357/357 356/356/356
f 358/358/358 360/360/360 359/359/359
f 361/361/361 363/363/363 362/362/362
f 364/364/364 366/366/366 365/365/365
f 367/367/367 369/369/369 368/368/368
f 370/370/370 372/372/372 371/371/371
f 373/373/373 375/375/375 374/374/374
f 376/376/376 378/378/378 377/377/377
f 379/379/379 381/381/381 380/380/380
f 382/382/382 384/384/384 383/383/383
f 385/385/385 387/387/387 386/386/386
f 388/388/388 390/390/390 389/389/389
f 391/391/391 393/393/393 392/392/392
f 394/394/394 396/396/396 395/395/395
f 397/397/397 399/399/399 398/398/398
f 400/400/400 402/402/402 401/401/401
f 403/403/403 405/405/405 404/404/404
f 406/406/406 408/408/408 407/407/407
f 409/409/409 411/411/411 410/410/410
f 412/412/412 414/414/414 413/413/413
f 415/415/415 417/417/417 416/416/416
f 418/418/418 420/420/420 419/419/419
f 421/421/421 423/423/423 422/422/422
f 424/424/424 426/426/426 425/425/425
f 427/427/427 429/429/429 428/428/428
f 430/430/430 432/432/432 431/431/431
f 433/433/433 435/435/435 434/434/434
f 436/436/436 438/438/438 437/437/437
f 439/439/439 441/441/441 440/440/440
f 442/442/442 444/444/444 443/443/443
f 445/445/445 447/447/447 446/446/446
f 448/448/448 450/450/450 449/449/449
f 451/451/451 453/453/453 452/452/452
f 454/454/454 456/456/456 455/455/455
f 457/457/457 459/459/459 458/458/458
f 460/460/460 462/462/462 461/461/461
f 463/463/463 465/465/465 464/464/464
f 466/466/466 468/468/468 467/467/467
f 469/469/469 471/471/471 470/470/470
f 472/472/472 474/474/474 473/473/473
f 475/475/475 477/477/477 476/476/476
f 478/478/478 480/480/480 479/479/479
f 481/481/481 479/479/479 482/482/482
f 482/482/482 483/483/483 481/481/481
f 484/484/484 486/486/486 485/485/485
f 487/487/487 489/489/489 488/488/488
f 490/490/490 488/488/488 491/491/491
f 491/491/491 492/492/492 490/490/490
f 493/493/493 495/495/495 494/494/494
f 496/496/496 498/498/498 497/497/497
f 499/499/499 497/497/497 500/500/500
f 500/500/500 501/501/501 499/499/499
f 502/502/502 504/504/504 503/503/503
f 505/505/505 507/507/507 506/506/506
f 508/508/508 506/506/506 509/509/509
f 509/509/509 510/510/510 508/508/508
f 511/511/511 513/513/513 512/512/512
f 514/514/514 516/516/516 515/515/515
f 517/517/517 515/515/515 518/518/518
f 518/518/518 519/519/519 517/517/517
f 520/520/520 522/522/522 521/521/521
f 523/523/523 525/525/525 524/524/524
f 526/526/526 524/524/524 527/527/527
f 527/527/527 528/528/528 526/526/526
f 529/529/529 531/531/531 530/530/530
f 532/532/532 534/534/534 533/533/533
f 535/535/535 533/533/533 536/536/536
f 536/536/536 537/537/537 535/535/535
f 538/538/538 540/540/540 539/539/539
f 541/541/541 543/543/543 542/542/542
f 544/544/544 542/542/542 545/545/545
f 545/545/545 546/546/546 544/544/544
f 547/547/547 549/549/549 548/548/548
f 550/550/550 552/552/552 551/551/551
f 553/553/553 555/555/555 554/554/554
f 556/556/556 558/558/558 557/557/557
f 559/559/559 561/561/561 560/560/560
f 562/562/562 564/564/564 563/563/563
f 565/565/565 563/563/563 566/566/566
f 566/566/566 567/567/567 565/565/565
f 568/568/568 570/570/570 569/569/569
f 571/571/571 573/573/573 572/572/572
f 574/574/574 572/572/572 575/575/575
f 575/575/575 576/576/576 574/574/574
f 577/577/577 579/579/579 578/578/578
f 580/580/580 582/582/582 581/581/581
f 583/583/583 581/581/581 584/584/584
f 584/584/584 585/585/585 583/583/583
f 586/586/586 588/588/588 587/587/587
f 589/589/589 591/591/591 590/590/590
f 592/592/592 590/590/590 593/593/593
f 593/593/593 594/594/594 592/592/592
f 595/595/595 597/597/597 596/596/596
f 598/598/598 600/600/600 599/599/599
f 601/601/601 599/599/599 602/602/602
f 602/602/602 603/603/603 601/601/601
f 604/604/604 606/606/606 605/605/605
f 607/607/607 609/609/609 608/608/608
f 610/610/610 608/608/608 611/611/611
f 611/611/611 612/612/612 610/610/610
f 613/613/613 615/615/615 614/614/614
f 616/616/616 618/618/618 617/617/617
f 619/619/619 621/621/621 620/620/620
f 622/622/622 624/624/624 623/623/623
f 625/625/625 627/627/627 626/626/626
f 628/628/628 630/630/630 629/629/629
f 631/631/631 633/633/633 632/632/632
f 634/634/634 636/636/636 635/635/635
f 637/637/637 639/639/639 638/638/638
f 640/640/640 642/642/642 641/641/641
f 643/643/643 645/645/645 644/644/644
f 646/646/646 648/648/648 647/647/647
f 649/649/649 647/647/647 650/650/650
f 650/650/650 651/651/651 649/649/649
f 652/652/652 654/654/654 653/653/653
f 655/655/655 657/657/657 656/656/656
f 658/658/658 660/660/660 659/659/659
f 660/660/660 662/662/662 661/661/661
f 661/661/661 663/663/663 660/660/660
f 664/664/664 666/666/666 665/665/665
f 667/667/667 669/669/669 668/668/668
f 670/670/670 671/671/671 668/668/668
f 668/668/668 672/672/672 670/670/670
f 673/673/673 675/675/675 674/674/674
f 676/676/676 678/678/678 677/677/677
f 679/679/679 681/681/681 680/680/680
f 682/682/682 684/684/684 683/683/683
f 685/685/685 687/687/687 686/686/686
f 688/688/688 690/690/690 689/689/689
f 691/691/691 693/693/693 692/692/692
f 694/694/694 696/696/696 695/695/695
f 697/697/697 699/699/699 698/698/698
f 700/700/700 702/702/702 701/701/701
f 703/703/703 705/705/705 704/704/704
f 706/706/706 708/708/708 707/707/707
f 709/709/709 711/711/711 710/710/710
f 712/712/712 714/714/714 713/713/713
f 715/715/715 717/717/717 716/716/716
f 718/718/718 720/720/720 719/719/719
f 721/721/721 723/723/723 722/722/722
f 724/724/724 726/726/726 725/725/725
f 727/727/727 729/729/729 728/728/728
f 730/730/730 732/732/732 731/731/731
f 733/733/733 735/735/735 734/734/734
f 736/736/736 738/738/738 737/737/737
f 739/739/739 741/741/741 740/740/740
f 742/742/742 744/744/744 743/743/743
f 745/745/745 747/747/747 746/746/746
f 748/748/748 750/750/750 749/749/749
f 751/751/751 753/753/753 752/752/752
f 754/754/754 756/756/756 755/755/755
f 757/757/757 759/759/759 758/758/758
f 760/760/760 762/762/762 761/761/761
f 763/763/763 765/765/765 764/764/764
f 766/766/766 768/768/768 767/767/767
f 769/769/769 771/771/771 770/770/770
f 772/772/772 774/774/774 773/773/773
f 775/775/775 777/777/777 776/776/776
f 778/778/778 780/780/780 779/779/779
f 781/781/781 783/783/783 782/782/782
f 784/784/784 786/786/786 785/785/785
f 787/787/787 789/789/789 788/788/788
f 790/790/790 792/792/792 791/791/791
f 793/793/793 795/795/795 794/794/794
f 796/796/796 798/798/798 797/797/797
f 799/799/799 797/797/797 800/800/800
f 800/800/800 801/801/801 799/799/799
f 802/802/802 804/804/804 803/803/803
f 805/805/805 807/807/807 806/806/806
f 808/808/808 806/806/806 809/809/809
f 809/809/809 810/810/810 808/808/808
f 811/811/811 813/813/813 812/812/812
f 814/814/814 816/816/816 815/815/815
f 817/817/817 815/815/815 818/818/818
f 818/818/818 819/819/819 817/817/817
f 820/820/820 822/822/822 821/821/821
f 823/823/823 825/825/825 824/824/824
f 826/826/826 828/828/828 827/827/827
f 829/829/829 831/831/831 830/830/830
f 832/832/832 834/834/834 833/833/833
f 835/835/835 837/837/837 836/836/836
f 838/838/838 840/840/840 839/839/839
f 841/841/841 843/843/843 842/842/842
f 844/844/844 846/846/846 845/845/845
f 847/847/847 849/849/849 848/848/848
f 850/850/850 852/852/852 851/851/851
f 853/853/853 855/855/855 854/854/854
f 856/856/856 858/858/858 857/857/857
f 859/859/859 861/861/861 860/860/860
f 862/862/862 864/864/864 863/863/863
f 865/865/865 867/867/867 866/866/866
f 868/868/868 870/870/870 869/869/869
f 871/871/871 873/873/873 872/872/872
f 874/874/874 876/876/876 875/875/875
f 877/877/877 879/879/879 878/878/878
f 880/880/880 882/882/882 881/881/881
f 883/883/883 885/885/885 884/884/884
f 886/886/886 888/888/888 887/887/887
f 889/889/889 891/891/891 890/890/890
f 892/892/892 894/894/894 893/893/893
f 895/895/895 897/897/897 896/896/896
f 898/898/898 900/900/900 899/899/899
f 901/901/901 903/903/903 902/902/902
f 904/904/904 906/906/906 905/905/905
f 907/907/907 909/909/909 908/908/908
f 907/907/907 911/911/911 910/910/910
f 912/912/912 914/914/914 913/913/913
f 915/915/915 917/917/917 916/916/916
f 918/918/918 920/920/920 919/919/919
f 921/921/921 923/923/923 922/922/922
f 924/924/924 926/926/926 925/925/925
f 925/925/925 927/927/927 924/924/924
f 927/927/927 925/925/925 928/928/928
f 928/928/928 929/929/929 927/927/927
f 930/930/930 932/932/932 931/931/931
f 931/931/931 933/933/933 930/930/930
f 933/933/933 931/931/931 934/934/934
f 934/934/934 935/935/935 933/933/933
f 936/936/936 938/938/938 937/937/937
f 937/937/937 939/939/939 936/936/936
f 939/939/939 937/937/937 940/940/940
f 940/940/940 941/941/941 939/939/939
f 942/942/942 944/944/944 943/943/943
f 943/943/943 945/945/945 942/942/942
f 945/945/945 943/943/943 946/946/946
f 946/946/946 947/947/947 945/945/945
f 948/948/948 950/950/950 949/949/949
f 949/949/949 951/951/951 948/948/948
f 951/951/951 949/949/949 952/952/952
f 952/952/952 953/953/953 951/951/951
f 954/954/954 956/956/956 955/955/955
f 955/955/955 957/957/957 954/954/954
f 957/957/957 955/955/955 958/958/958
f 958/958/958 959/959/959 957/957/957
f 960/960/960 962/962/962 961/961/961
f 961/961/961 963/963/963 960/960/960
f 963/963/963 961/961/961 964/964/964
f 964/964/964 965/965/965 963/963/963
f 966/966/966 968/968/968 967/967/967
f 967/967/967 969/969/969 966/966/966
f 970/970/970 972/972/972 971/971/971
f 971/971/971 973/973/973 970/970/970
f 974/974/974 976/976/976 975/975/975
f 975/975/975 977/977/977 974/974/974
f 978/978/978 980/980/980 979/979/979
f 979/979/979 981/981/981 978/978/978
f 982/982/982 984/984/984 983/983/983
f 983/983/983 985/985/985 982/982/982
f 986/986/986 988/988/988 987/987/987
f 987/987/987 989/989/989 986/986/986
f 990/990/990 992/992/992 991/991/991
f 991/991/991 993/993/993 990/990/990
f 994/994/994 996/996/996 995/995/995
f 995/995/995 997/997/997 994/994/994
f 998/998/998 1000/1000/1000 999/999/999
f 1001/1001/1001 1000/1000/1000 998/998/998
f 998/998/998 1002/1002/1002 1001/1001/1001
f 1003/1003/1003 1001/1001/1001 1002/1002/1002
f 1002/1002/1002 1004/1004/1004 1003/1003/1003
f 1004/1004/1004 1005/1005/1005 1003/1003/1003
f 1006/1006/1006 1008/1008/1008 1007/1007/1007
f 1007/1007/1007 1009/1009/1009 1006/1006/1006
f 1010/1010/1010 1012/1012/1012 1011/1011/1011
f 1011/1011/1011 1013/1013/1013 1010/1010/1010
f 1014/1014/1014 1016/1016/1016 1015/1015/1015
f 1015/1015/1015 1017/1017/1017 1014/1014/1014
f 1018/1018/1018 1020/1020/1020 1019/1019/1019
f 1019/1019/1019 1021/1021/1021 1018/1018/1018
f 1022/1022/1022 1024/1024/1024 1023/1023/1023
f 1023/1023/1023 1025/1025/1025 1022/1022/1022
f 1026/1026/1026 1028/1028/1028 1027/1027/1027
f 1027/1027/1027 1029/1029/1029 1026/1026/1026
f 1029/1029/1029 1027/1027/1027 1030/1030/1030
f 1030/1030/1030 1031/1031/1031 1029/1029/1029
f 1032/1032/1032 1034/1034/1034 1033/1033/1033
f 1033/1033/1033 1035/1035/1035 1032/1032/1032
f 1035/1035/1035 1033/1033/1033 1036/1036/1036
f 1036/1036/1036 1037/1037/1037 1035/1035/1035
f 1038/1038/1038 1040/1040/1040 1039/1039/1039
f 1039/1039/1039 1041/1041/1041 1038/1038/1038
f 1041/1041/1041 1039/1039/1039 1042/1042/1042
f 1042/1042/1042 1043/1043/1043 1041/1041/1041
f 1044/1044/1044 1046/1046/1046 1045/1045/1045
f 1045/1045/1045 1047/1047/1047 1044/1044/1044
f 1047/1047/1047 1045/1045/1045 1048/1048/1048
f 1048/1048/1048 1049/1049/1049 1047/1047/1047
f 1050/1050/1050 1052/1052/1052 1051/1051/1051
f 1051/1051/1051 1053/1053/1053 1050/1050/1050
f 1053/1053/1053 1051/1051/1051 1054/1054/1054
f 1054/1054/1054 1055/1055/1055 1053/1053/1053
f 1056/1056/1056 1058/1058/1058 1057/1057/1057
f 1057/1057/1057 1059/1059/1059 1056/1056/1056
f 1059/1059/1059 1057/1057/1057 1060/1060/1060
f 1060/1060/1060 1061/1061/1061 1059/1059/1059
f 1062/1062/1062 1064/1064/1064 1063/1063/1063
f 1063/1063/1063 1065/1065/1065 1062/1062/1062
f 1065/1065/1065 1063/1063/1063 1066/1066/1066
f 1066/1066/1066 1067/1067/1067 1065/1065/1065
f 1068/1068/1068 1070/1070/1070 1069/1069/1069
f 1069/1069/1069 1071/1071/1071 1068/1068/1068
f 1072/1072/1072 1074/1074/1074 1073/1073/1073
f 1073/1073/1073 1075/1075/1075 1072/1072/1072
f 1076/1076/1076 1078/1078/1078 1077/1077/1077
f 1077/1077/1077 1079/1079/1079 1076/1076/1076
f 1080/1080/1080 1082/1082/1082 1081/1081/1081
f 1081/1081/1081 1083/1083/1083 1080/1080/1080
f 1084/1084/1084 1086/1086/1086 1085/1085/1085
f 1085/1085/1085 1087/1087/1087 1084/1084/1084
f 1088/1088/1088 1090/1090/1090 1089/1089/1089
f 1089/1089/1089 1091/1091/1091 1088/1088/1088
f 1092/1092/1092 1094/1094/1094 1093/1093/1093
f 1093/1093/1093 1095/1095/1095 1092/1092/1092
f 1096/1096/1096 1098/1098/1098 1097/1097/1097
f 1097/1097/1097 1099/1099/1099 1096/1096/1096
f 1100/1100/1100 1102/1102/1102 1101/1101/1101
f 1103/1103/1103 1102/1102/1102 1100/1100/1100
f 1100/1100/1100 1104/1104/1104 1103/1103/1103
f 1105/1105/1105 1103/1103/1103 1104/1104/1104
f 1104/1104/1104 1106/1106/1106 1105/1105/1105
f 1106/1106/1106 1107/1107/1107 1105/1105/1105
f 1108/1108/1108 1110/1110/1110 1109/1109/1109
f 1109/1109/1109 1111/1111/1111 1108/1108/1108
f 1112/1112/1112 1114/1114/1114 1113/1113/1113
f 1113/1113/1113 1115/1115/1115 1112/1112/1112
f 1116/1116/1116 1118/1118/1118 1117/1117/1117
f 1117/1117/1117 1119/1119/1119 1116/1116/1116
f 1120/1120/1120 1122/1122/1122 1121/1121/1121
f 1121/1121/1121 1123/1123/1123 1120/1120/1120
f 1124/1124/1124 1126/1126/1126 1125/1125/1125
f 1125/1125/1125 1127/1127/1127 1124/1124/1124
f 1128/1128/1128 1130/1130/1130 1129/1129/1129
f 1129/1129/1129 1131/1131/1131 1128/1128/1128
f 1131/1131/1131 1129/1129/1129 1132/1132/1132
f 1132/1132/1132 1133/1133/1133 1131/1131/1131
f 1134/1134/1134 1136/1136/1136 1135/1135/1135
f 1135/1135/1135 1137/1137/1137 1134/1134/1134
f 1137/1137/1137 1135/1135/1135 1138/1138/1138
f 1138/1138/1138 1139/1139/1139 1137/1137/1137
f 1140/1140/1140 1142/1142/1142 1141/1141/1141
f 1141/1141/1141 1143/1143/1143 1140/1140/1140
f 1143/1143/1143 1141/1141/1141 1144/1144/1144
f 1144/1144/1144 1145/1145/1145 1143/1143/1143
f 1146/1146/1146 1148/1148/1148 1147/1147/1147
f 1147/1147/1147 1149/1149/1149 1146/1146/1146
f 1150/1150/1150 1152/1152/1152 1151/1151/1151
f 1151/1151/1151 1153/1153/1153 1150/1150/1150
f 1154/1154/1154 1156/1156/1156 1155/1155/1155
f 1155/1155/1155 1157/1157/1157 1154/1154/1154
f 1157/1157/1157 1155/1155/1155 1158/1158/1158
f 1158/1158/1158 1159/1159/1159 1157/1157/1157
f 1160/1160/1160 1162/1162/1162 1161/1161/1161
f 1161/1161/1161 1163/1163/1163 1160/1160/1160
f 1163/1163/1163 1161/1161/1161 1164/1164/1164
f 1164/1164/1164 1165/1165/1165 1163/1163/1163
f 1166/1166/1166 1168/1168/1168 1167/1167/1167
f 1167/1167/1167 1169/1169/1169 1166/1166/1166
f 1170/1170/1170 1172/1172/1172 1171/1171/1171
f 1171/1171/1171 1173/1173/1173 1170/1170/1170
f 1174/1174/1174 1176/1176/1176 1175/1175/1175
f 1175/1175/1175 1177/1177/1177 1174/1174/1174
f 1178/1178/1178 1180/1180/1180 1179/1179/1179
f 1179/1179/1179 1181/1181/1181 1178/1178/1178
f 1182/1182/1182 1184/1184/1184 1183/1183/1183
f 1183/1183/1183 1185/1185/1185 1182/1182/1182
f 1186/1186/1186 1188/1188/1188 1187/1187/1187
f 1187/1187/1187 1189/1189/1189 1186/1186/1186
f 1190/1190/1190 1192/1192/1192 1191/1191/1191
f 1191/1191/1191 1193/1193/1193 1190/1190/1190
f 1194/1194/1194 1196/1196/1196 1195/1195/1195
f 1195/1195/1195 1197/1197/1197 1194/1194/1194
f 1198/1198/1198 1200/1200/1200 1199/1199/1199
f 1201/1201/1201 1200/1200/1200 1198/1198/1198
f 1198/1198/1198 1202/1202/1202 1201/1201/1201
f 1203/1203/1203 1201/1201/1201 1202/1202/1202
f 1202/1202/1202 1204/1204/1204 1203/1203/1203
f 1204/1204/1204 1205/1205/1205 1203/1203/1203
f 1206/1206/1206 1208/1208/1208 1207/1207/1207
f 1207/1207/1207 1209/1209/1209 1206/1206/1206
f 1210/1210/1210 1212/1212/1212 1211/1211/1211
f 1211/1211/1211 1213/1213/1213 1210/1210/1210
f 1214/1214/1214 1216/1216/1216 1215/1215/1215
f 1215/1215/1215 1217/1217/1217 1214/1214/1214
f 1218/1218/1218 1220/1220/1220 1219/1219/1219
f 1219/1219/1219 1221/1221/1221 1218/1218/1218
f 1222/1222/1222 1224/1224/1224 1223/1223/1223
f 1223/1223/1223 1225/1225/1225 1222/1222/1222
f 1226/1226/1226 1228/1228/1228 1227/1227/1227
f 1227/1227/1227 1229/1229/1229 1226/1226/1226
f 1230/1230/1230 1232/1232/1232 1231/1231/1231
f 1231/1231/1231 1233/1233/1233 1230/1230/1230
f 1234/1234/1234 1236/1236/1236 1235/1235/1235
f 1235/1235/1235 1237/1237/1237 1234/1234/1234
f 1237/1237/1237 1235/1235/1235 1238/1238/1238
f 1238/1238/1238 1239/1239/1239 1237/1237/1237
f 1240/1240/1240 1242/1242/1242 1241/1241/1241
f 1241/1241/1241 1243/1243/1243 1240/1240/1240
f 1243/1243/1243 1241/1241/1241 1244/1244/1244
f 1244/1244/1244 1245/1245/1245 1243/1243/1243
f 1246/1246/1246 1248/1248/1248 1247/1247/1247
f 1247/1247/1247 1249/1249/1249 1246/1246/1246
f 1249/1249/1249 1247/1247/1247 1250/1250/1250
f 1250/1250/1250 1251/1251/1251 1249/1249/1249
f 1252/1252/1252 1254/1254/1254 1253/1253/1253
f 1253/1253/1253 1255/1255/1255 1252/1252/1252
f 1255/1255/1255 1253/1253/1253 1256/1256/1256
f 1256/1256/1256 1257/1257/1257 1255/1255/1255
f 1258/1258/1258 1260/1260/1260 1259/1259/1259
f 1259/1259/1259 1261/1261/1261 1258/1258/1258
f 1261/1261/1261 1259/1259/1259 1262/1262/1262
f 1262/1262/1262 1263/1263/1263 1261/1261/1261
f 1264/1264/1264 1266/1266/1266 1265/1265/1265
f 1265/1265/1265 1267/1267/1267 1264/1264/1264
f 1267/1267/1267 1265/1265/1265 1268/1268/1268
f 1268/1268/1268 1269/1269/1269 1267/1267/1267
f 1270/1270/1270 1272/1272/1272 1271/1271/1271
f 1271/1271/1271 1273/1273/1273 1270/1270/1270
f 1273/1273/1273 1271/1271/1271 1274/1274/1274
f 1274/1274/1274 1275/1275/1275 1273/1273/1273
f 1276/1276/1276 1278/1278/1278 1277/1277/1277
f 1277/1277/1277 1279/1279/1279 1276/1276/1276
f 1280/1280/1280 1282/1282/1282 1281/1281/1281
f 1281/1281/1281 1283/1283/1283 1280/1280/1280
f 1284/1284/1284 1286/1286/1286 1285/1285/1285
f 1285/1285/1285 1287/1287/1287 1284/1284/1284
f 1288/1288/1288 1290/1290/1290 1289/1289/1289
f 1289/1289/1289 1291/1291/1291 1288/1288/1288
f 1292/1292/1292 1294/1294/1294 1293/1293/1293
f 1293/1293/1293 1295/1295/1295 1292/1292/1292
f 1296/1296/1296 1298/1298/1298 1297/1297/1297
f 1297/1297/1297 1299/1299/1299 1296/1296/1296
f 1300/1300/1300 1302/1302/1302 1301/1301/1301
f 1301/1301/1301 1303/1303/1303 1300/1300/1300
f 1304/1304/1304 1306/1306/1306 1305/1305/1305
f 1305/1305/1305 1307/1307/1307 1304/1304/1304
f 1308/1308/1308 1310/1310/1310 1309/1309/1309
f 1311/1311/1311 1310/1310/1310 1308/1308/1308
f 1308/1308/1308 1312/1312/1312 1311/1311/1311
f 1313/1313/1313 1311/1311/1311 1312/1312/1312
f 1312/1312/1312 1314/1314/1314 1313/1313/1313
f 1314/1314/1314 1315/1315/1315 1313/1313/1313
f 1316/1316/1316 1318/1318/1318 1317/1317/1317
f 1317/1317/1317 1319/1319/1319 1316/1316/1316
f 1320/1320/1320 1322/1322/1322 1321/1321/1321
f 1321/1321/1321 1323/1323/1323 1320/1320/1320
f 1324/1324/1324 1326/1326/1326 1325/1325/1325
f 1325/1325/1325 1327/1327/1327 1324/1324/1324
f 1328/1328/1328 1330/1330/1330 1329/1329/1329
f 1329/1329/1329 1331/1331/1331 1328/1328/1328
f 1332/1332/1332 1334/1334/1334 1333/1333/1333
f 1333/1333/1333 1335/1335/1335 1332/1332/1332
f 1336/1336/1336 1338/1338/1338 1337/1337/1337
f 1337/1337/1337 1339/1339/1339 1336/1336/1336
f 1339/1339/1339 1337/1337/1337 1340/1340/1340
f 1340/1340/1340 1341/1341/1341 1339/1339/1339
f 1342/1342/1342 1344/1344/1344 1343/1343/1343
f 1343/1343/1343 1345/1345/1345 1342/1342/1342
f 1345/1345/1345 1343/1343/1343 1346/1346/1346
f 1346/1346/1346 1347/1347/1347 1345/1345/1345
f 1348/1348/1348 1350/1350/1350 1349/1349/1349
f 1349/1349/1349 1351/1351/1351 1348/1348/1348
f 1351/1351/1351 1349/1349/1349 1352/1352/1352
f 1352/1352/1352 1353/1353/1353 1351/1351/1351
f 1354/1354/1354 1356/1356/1356 1355/1355/1355
f 1355/1355/1355 1357/1357/1357 1354/1354/1354
f 1357/1357/1357 1355/1355/1355 1358/1358/1358
f 1358/1358/1358 1359/1359/1359 1357/1357/1357
f 1360/1360/1360 1362/1362/1362 1361/1361/1361
f 1361/1361/1361 1363/1363/1363 1360/1360/1360
f 1363/1363/1363 1361/1361/1361 1364/1364/1364
f 1364/1364/1364 1365/1365/1365 1363/1363/1363
f 1366/1366/1366 1368/1368/1368 1367/1367/1367
f 1367/1367/1367 1369/1369/1369 1366/1366/1366
f 1369/1369/1369 1367/1367/1367 1370/1370/1370
f 1370/1370/1370 1371/1371/1371 1369/1369/1369
f 1372/1372/1372 1374/1374/1374 1373/1373/1373
f 1373/1373/1373 1375/1375/1375 1372/1372/1372
f 1375/1375/1375 1373/1373/1373 1376/1376/1376
f 1376/1376/1376 1377/1377/1377 1375/1375/1375
f 1378/1378/1378 1380/1380/1380 1379/1379/1379
f 1379/1379/1379 1381/1381/1381 1378/1378/1378
f 1382/1382/1382 1384/1384/1384 1383/1383/1383
f 1383/1383/1383 1385/1385/1385 1382/1382/1382
f 1386/1386/1386 1388/1388/1388 1387/1387/1387
f 1387/1387/1387 1389/1389/1389 1386/1386/1386
f 1390/1390/1390 1392/1392/1392 1391/1391/1391
f 1391/1391/1391 1393/1393/1393 1390/1390/1390
f 1394/1394/1394 1396/1396/1396 1395/1395/1395
f 1395/1395/1395 1397/1397/1397 1394/1394/1394
f 1398/1398/1398 1400/1400/1400 1399/1399/1399
f 1399/1399/1399 1401/1401/1401 1398/1398/1398
f 1402/1402/1402 1404/1404/1404 1403/1403/1403
f 1403/1403/1403 1405/1405/1405 1402/1402/1402
f 1406/1406/1406 1408/1408/1408 1407/1407/1407
f 1407/1407/1407 1409/1409/1409 1406/1406/1406
f 1410/1410/1410 1412/1412/1412 1411/1411/1411
f 1413/1413/1413 1412/1412/1412 1410/1410/1410
f 1410/1410/1410 1414/1414/1414 1413/1413/1413
f 1415/1415/1415 1413/1413/1413 1414/1414/1414
f 1414/1414/1414 1416/1416/1416 1415/1415/1415
f 1416/1416/1416 1417/1417/1417 1415/1415/1415
f 1418/1418/1418 1420/1420/1420 1419/1419/1419
f 1419/1419/1419 1421/1421/1421 1418/1418/1418
f 1422/1422/1422 1424/1424/1424 1423/1423/1423
f 1423/1423/1423 1425/1425/1425 1422/1422/1422
f 1426/1426/1426 1428/1428/1428 1427/1427/1427
f 1427/1427/1427 1429/1429/1429 1426/1426/1426
f 1430/1430/1430 1432/1432/1432 1431/1431/1431
f 1431/1431/1431 1433/1433/1433 1430/1430/1430
f 1434/1434/1434 1436/1436/1436 1435/1435/1435
f 1435/1435/1435 1437/1437/1437 1434/1434/1434
f 1438/1438/1438 1440/1440/1440 1439/1439/1439
f 1439/1439/1439 1441/1441/1441 1438/1438/1438
f 1441/1441/1441 1439/1439/1439 1442/1442/1442
f 1442/1442/1442 1443/1443/1443 1441/1441/1441
f 1444/1444/1444 1446/1446/1446 1445/1445/1445
f 1445/1445/1445 1447/1447/1447 1444/1444/1444
f 1447/1447/1447 1445/1445/1445 1448/1448/1448
f 1448/1448/1448 1449/1449/1449 1447/1447/1447
f 1450/1450/1450 1452/1452/1452 1451/1451/1451
f 1451/1451/1451 1453/1453/1453 1450/1450/1450
f 1453/1453/1453 1451/1451/1451 1454/1454/1454
f 1454/1454/1454 1455/1455/1455 1453/1453/1453
f 1456/1456/1456 1458/1458/1458 1457/1457/1457
f 1457/1457/1457 1459/1459/1459 1456/1456/1456
f 1459/1459/1459 1457/1457/1457 1460/1460/1460
f 1460/1460/1460 1461/1461/1461 1459/1459/1459
f 1462/1462/1462 1464/1464/1464 1463/1463/1463
f 1463/1463/1463 1465/1465/1465 1462/1462/1462
f 1465/1465/1465 1463/1463/1463 1466/1466/1466
f 1466/1466/1466 1467/1467/1467 1465/1465/1465
f 1468/1468/1468 1470/1470/1470 1469/1469/1469
f 1469/1469/1469 1471/1471/1471 1468/1468/1468
f 1471/1471/1471 1469/1469/1469 1472/1472/1472
f 1472/1472/1472 1473/1473/1473 1471/1471/1471
f 1474/1474/1474 1476/1476/1476 1475/1475/1475
f 1475/1475/1475 1477/1477/1477 1474/1474/1474
f 1477/1477/1477 1475/1475/1475 1478/1478/1478
f 1478/1478/1478 1479/1479/1479 1477/1477/1477
f 1480/1480/1480 1482/1482/1482 1481/1481/1481
f 1481/1481/1481 1483/1483/1483 1480/1480/1480
f 1484/1484/1484 1486/1486/1486 1485/1485/1485
f 1485/1485/1485 1487/1487/1487 1484/1484/1484
f 1488/1488/1488 1490/1490/1490 1489/1489/1489
f 1489/1489/1489 1491/1491/1491 1488/1488/1488
f 1492/1492/1492 1494/1494/1494 1493/1493/1493
f 1493/1493/1493 1495/1495/1495 1492/1492/1492
f 1496/1496/1496 1498/1498/1498 1497/1497/1497
f 1497/1497/1497 1499/1499/1499 1496/1496/1496
f 1500/1500/1500 1502/1502/1502 1501/1501/1501
f 1501/1501/1501 1503/1503/1503 1500/1500/1500
f 1504/1504/1504 1506/1506/1506 1505/1505/1505
f 1505/1505/1505 1507/1507/1507 1504/1504/1504
f 1508/1508/1508 1510/1510/1510 1509/1509/1509
f 1509/1509/1509 1511/1511/1511 1508/1508/1508
f 1512/1512/1512 1514/1514/1514 1513/1513/1513
f 1515/1515/1515 1514/1514/1514 1512/1512/1512
f 1512/1512/1512 1516/1516/1516 1515/1515/1515
f 1517/1517/1517 1515/1515/1515 1516/1516/1516
f 1516/1516/1516 1518/1518/1518 1517/1517/1517
f 1518/1518/1518 1519/1519/1519 1517/1517/1517
f 1520/1520/1520 1522/1522/1522 1521/1521/1521
f 1521/1521/1521 1523/1523/1523 1520/1520/1520
f 1524/1524/1524 1526/1526/1526 1525/1525/1525
f 1525/1525/1525 1527/1527/1527 1524/1524/1524
f 1528/1528/1528 1530/1530/1530 1529/1529/1529
f 1529/1529/1529 1531/1531/1531 1528/1528/1528
f 1532/1532/1532 1534/1534/1534 1533/1533/1533
f 1533/1533/1533 1535/1535/1535 1532/1532/1532
f 1536/1536/1536 1538/1538/1538 1537/1537/1537
f 1537/1537/1537 1539/1539/1539 1536/1536/1536
f 1540/1540/1540 1542/1542/1542 1541/1541/1541
f 1541/1541/1541 1543/1543/1543 1540/1540/1540
f 1544/1544/1544 1546/1546/1546 1545/1545/1545
f 1545/1545/1545 1547/1547/1547 1544/1544/1544
f 1548/1548/1548 1550/1550/1550 1549/1549/1549
f 1549/1549/1549 1551/1551/1551 1548/1548/1548
f 1552/1552/1552 1548/1548/1548 1551/1551/1551
f 1551/1551/1551 1553/1553/1553 1552/1552/1552
f 1554/1554/1554 1556/1556/1556 1555/1555/1555
f 1555/1555/1555 1557/1557/1557 1554/1554/1554
f 1558/1558/1558 1560/1560/1560 1559/1559/1559
f 1559/1559/1559 1561/1561/1561 1558/1558/1558
f 1562/1562/1562 1564/1564/1564 1563/1563/1563
f 1563/1563/1563 1565/1565/1565 1562/1562/1562
f 1566/1566/1566 1568/1568/1568 1567/1567/1567
f 1567/1567/1567 1569/1569/1569 1566/1566/1566
f 1570/1570/1570 1572/1572/1572 1571/1571/1571
f 1571/1571/1571 1573/1573/1573 1570/1570/1570
f 1574/1574/1574 1576/1576/1576 1575/1575/1575
f 1575/1575/1575 1577/1577/1577 1574/1574/1574
f 1578/1578/1578 1580/1580/1580 1579/1579/1579
f 1579/1579/1579 1581/1581/1581 1578/1578/1578
f 1582/1582/1582 1584/1584/1584 1583/1583/1583
f 1583/1583/1583 1585/1585/1585 1582/1582/1582
f 1586/1586/1586 1588/1588/1588 1587/1587/1587
f 1587/1587/1587 1589/1589/1589 1586/1586/1586
f 1589/1589/1589 1587/1587/1587 1590/1590/1590
f 1590/1590/1590 1591/1591/1591 1589/1589/1589
f 1592/1592/1592 1594/1594/1594 1593/1593/1593
f 1593/1593/1593 1595/1595/1595 1592/1592/1592
f 1595/1595/1595 1593/1593/1593 1596/1596/1596
f 1596/1596/1596 1597/1597/1597 1595/1595/1595
f 1598/1598/1598 1600/1600/1600 1599/1599/1599
f 1599/1599/1599 1601/1601/1601 1598/1598/1598
f 1601/1601/1601 1599/1599/1599 1602/1602/1602
f 1602/1602/1602 1603/1603/1603 1601/1601/1601
f 1604/1604/1604 1606/1606/1606 1605/1605/1605
f 1605/1605/1605 1607/1607/1607 1604/1604/1604
f 1607/1607/1607 1605/1605/1605 1608/1608/1608
f 1608/1608/1608 1609/1609/1609 1607/1607/1607
f 1610/1610/1610 1612/1612/1612 1611/1611/1611
f 1611/1611/1611 1613/1613/1613 1610/1610/1610
f 1613/1613/1613 1611/1611/1611 1614/1614/1614
f 1614/1614/1614 1615/1615/1615 1613/1613/1613
f 1616/1616/1616 1618/1618/1618 1617/1617/1617
f 1617/1617/1617 1619/1619/1619 1616/1616/1616
f 1619/1619/1619 1617/1617/1617 1620/1620/1620
f 1620/1620/1620 1621/1621/1621 1619/1619/1619
f 1622/1622/1622 1624/1624/1624 1623/1623/1623
f 1623/1623/1623 1625/1625/1625 1622/1622/1622
f 1625/1625/1625 1623/1623/1623 1626/1626/1626
f 1626/1626/1626 1627/1627/1627 1625/1625/1625
f 1628/1628/1628 1630/1630/1630 1629/1629/1629
f 1629/1629/1629 1631/1631/1631 1628/1628/1628
f 1632/1632/1632 1634/1634/1634 1633/1633/1633
f 1633/1633/1633 1635/1635/1635 1632/1632/1632
f 1636/1636/1636 1638/1638/1638 1637/1637/1637
f 1637/1637/1637 1639/1639/1639 1636/1636/1636
f 1640/1640/1640 1642/1642/1642 1641/1641/1641
f 1641/1641/1641 1643/1643/1643 1640/1640/1640
f 1644/1644/1644 1646/1646/1646 1645/1645/1645
f 1645/1645/1645 1647/1647/1647 1644/1644/1644
f 1648/1648/1648 1650/1650/1650 1649/1649/1649
f 1649/1649/1649 1651/1651/1651 1648/1648/1648
f 1652/1652/1652 1654/1654/1654 1653/1653/1653
f 1653/1653/1653 1655/1655/1655 1652/1652/1652
f 1656/1656/1656 1658/1658/1658 1657/1657/1657
f 1657/1657/1657 1659/1659/1659 1656/1656/1656
f 1660/1660/1660 1662/1662/1662 1661/1661/1661
f 1663/1663/1663 1662/1662/1662 1660/1660/1660
f 1660/1660/1660 1664/1664/1664 1663/1663/1663
f 1665/1665/1665 1663/1663/1663 1664/1664/1664
f 1664/1664/1664 1666/1666/1666 1665/1665/1665
f 1666/1666/1666 1667/1667/1667 1665/1665/1665
f 1668/1668/1668 1670/1670/1670 1669/1669/1669
f 1669/1669/1669 1671/1671/1671 1668/1668/1668
f 1672/1672/1672 1674/1674/1674 1673/1673/1673
f 1673/1673/1673 1675/1675/1675 1672/1672/1672
f 1676/1676/1676 1678/1678/1678 1677/1677/1677
f 1677/1677/1677 1679/1679/1679 1676/1676/1676
f 1680/1680/1680 1682/1682/1682 1681/1681/1681
f 1681/1681/1681 1683/1683/1683 1680/1680/1680
f 1684/1684/1684 1686/1686/1686 1685/1685/1685
f 1685/1685/1685 1687/1687/1687 1684/1684/1684
f 1688/1688/1688 1690/1690/1690 1689/1689/1689
f 1689/1689/1689 1691/1691/1691 1688/1688/1688
f 1691/1691/1691 1689/1689/1689 1692/1692/1692
f 1692/1692/1692 1693/1693/1693 1691/1691/1691
f 1694/1694/1694 1696/1696/1696 1695/1695/1695
f 1695/1695/1695 1697/1697/1697 1694/1694/1694
f 1697/1697/1697 1695/1695/1695 1698/1698/1698
f 1699/1699/1699 1697/1697/1697 1698/1698/1698
f 1700/1700/1700 1699/1699/1699 1698/1698/1698
f 1701/1701/1701 1703/1703/1703 1702/1702/1702
f 1702/1702/1702 1704/1704/1704 1701/1701/1701
f 1704/1704/1704 1702/1702/1702 1705/1705/1705
f 1705/1705/1705 1706/1706/1706 1704/1704/1704
f 1706/1706/1706 1708/1708/1708 1707/1707/1707
f 1707/1707/1707 1709/1709/1709 1706/1706/1706
f 1710/1710/1710 1712/1712/1712 1711/1711/1711
f 1711/1711/1711 1713/1713/1713 1710/1710/1710
f 1713/1713/1713 1711/1711/1711 1714/1714/1714
f 1714/1714/1714 1715/1715/1715 1713/1713/1713
f 1716/1716/1716 1714/1714/1714 1717/1717/1717
f 1717/1717/1717 1718/1718/1718 1716/1716/1716
f 1719/1719/1719 1721/1721/1721 1720/1720/1720
f 1720/1720/1720 1722/1722/1722 1719/1719/1719
f 1722/1722/1722 1720/1720/1720 1723/1723/1723
f 1720/1720/1720 1724/1724/1724 1723/1723/1723
f 1725/1725/1725 1723/1723/1723 1724/1724/1724
f 1726/1726/1726 1728/1728/1728 1727/1727/1727
f 1727/1727/1727 1729/1729/1729 1726/1726/1726
f 1729/1729/1729 1727/1727/1727 1730/1730/1730
f 1730/1730/1730 1731/1731/1731 1729/1729/1729
f 1732/1732/1732 1734/1734/1734 1733/1733/1733
f 1733/1733/1733 1735/1735/1735 1732/1732/1732
f 1735/1735/1735 1733/1733/1733 1736/1736/1736
f 1736/1736/1736 1737/1737/1737 1735/1735/1735
f 1738/1738/1738 1740/1740/1740 1739/1739/1739
f 1739/1739/1739 1741/1741/1741 1738/1738/1738
f 1742/1742/1742 1744/1744/1744 1743/1743/1743
f 1743/1743/1743 1745/1745/1745 1742/1742/1742
f 1746/1746/1746 1748/1748/1748 1747/1747/1747
f 1747/1747/1747 1749/1749/1749 1746/1746/1746
f 1750/1750/1750 1752/1752/1752 1751/1751/1751
f 1751/1751/1751 1753/1753/1753 1750/1750/1750
f 1754/1754/1754 1756/1756/1756 1755/1755/1755
f 1755/1755/1755 1757/1757/1757 1754/1754/1754
f 1758/1758/1758 1760/1760/1760 1759/1759/1759
f 1759/1759/1759 1761/1761/1761 1758/1758/1758
f 1762/1762/1762 1764/1764/1764 1763/1763/1763
f 1763/1763/1763 1765/1765/1765 1762/1762/1762
f 1766/1766/1766 1768/1768/1768 1767/1767/1767
f 1767/1767/1767 1769/1769/1769 1766/1766/1766
f 1770/1770/1770 1772/1772/1772 1771/1771/1771
f 1773/1773/1773 1772/1772/1772 1770/1770/1770
f 1770/1770/1770 1774/1774/1774 1773/1773/1773
f 1775/1775/1775 1773/1773/1773 1774/1774/1774
f 1774/1774/1774 1776/1776/1776 1775/1775/1775
f 1776/1776/1776 1777/1777/1777 1775/1775/1775
f 1778/1778/1778 1780/1780/1780 1779/1779/1779
f 1779/1779/1779 1781/1781/1781 1778/1778/1778
f 1782/1782/1782 1784/1784/1784 1783/1783/1783
f 1783/1783/1783 1785/1785/1785 1782/1782/1782
f 1786/1786/1786 1788/1788/1788 1787/1787/1787
f 1787/1787/1787 1789/1789/1789 1786/1786/1786
f 1790/1790/1790 1792/1792/1792 1791/1791/1791
f 1791/1791/1791 1793/1793/1793 1790/1790/1790
f 1794/1794/1794 1796/1796/1796 1795/1795/1795
f 1795/1795/1795 1797/1797/1797 1794/1794/1794
f 1798/1798/1798 1800/1800/1800 1799/1799/1799
f 1799/1799/1799 1800/1800/1800 1801/1801/1801
f 1802/1802/1802 1804/1804/1804 1803/1803/1803
f 1803/1803/1803 1805/1805/1805 1802/1802/1802
f 1805/1805/1805 1803/1803/1803 1806/1806/1806
f 1806/1806/1806 1807/1807/1807 1805/1805/1805
f 1808/1808/1808 1810/1810/1810 1809/1809/1809
f 1809/1809/1809 1811/1811/1811 1808/1808/1808
f 1811/1811/1811 1809/1809/1809 1812/1812/1812
f 1812/1812/1812 1813/1813/1813 1811/1811/1811
f 1814/1814/1814 1816/1816/1816 1815/1815/1815
f 1815/1815/1815 1817/1817/1817 1814/1814/1814
f 1817/1817/1817 1815/1815/1815 1818/1818/1818
f 1818/1818/1818 1819/1819/1819 1817/1817/1817
f 1820/1820/1820 1822/1822/1822 1821/1821/1821
f 1821/1821/1821 1823/1823/1823 1820/1820/1820
f 1823/1823/1823 1821/1821/1821 1824/1824/1824
f 1824/1824/1824 1825/1825/1825 1823/1823/1823
f 1826/1826/1826 1828/1828/1828 1827/1827/1827
f 1827/1827/1827 1829/1829/1829 1826/1826/1826
f 1829/1829/1829 1827/1827/1827 1830/1830/1830
f 1830/1830/1830 1831/1831/1831 1829/1829/1829
f 1832/1832/1832 1834/1834/1834 1833/1833/1833
f 1833/1833/1833 1835/1835/1835 1832/1832/1832
f 1835/1835/1835 1833/1833/1833 1836/1836/1836
f 1836/1836/1836 1837/1837/1837 1835/1835/1835
f 1838/1838/1838 1840/1840/1840 1839/1839/1839
f 1839/1839/1839 1841/1841/1841 1838/1838/1838
f 1841/1841/1841 1839/1839/1839 1842/1842/1842
f 1842/1842/1842 1843/1843/1843 1841/1841/1841
f 1844/1844/1844 1846/1846/1846 1845/1845/1845
f 1845/1845/1845 1847/1847/1847 1844/1844/1844
f 1848/1848/1848 1850/1850/1850 1849/1849/1849
f 1849/1849/1849 1851/1851/1851 1848/1848/1848
f 1852/1852/1852 1854/1854/1854 1853/1853/1853
f 1853/1853/1853 1855/1855/1855 1852/1852/1852
f 1856/1856/1856 1858/1858/1858 1857/1857/1857
f 1857/1857/1857 1859/1859/1859 1856/1856/1856
f 1860/1860/1860 1862/1862/1862 1861/1861/1861
f 1861/1861/1861 1863/1863/1863 1860/1860/1860
f 1864/1864/1864 1866/1866/1866 1865/1865/1865
f 1865/1865/1865 1867/1867/1867 1864/1864/1864
f 1868/1868/1868 1870/1870/1870 1869/1869/1869
f 1869/1869/1869 1871/1871/1871 1868/1868/1868
f 1872/1872/1872 1874/1874/1874 1873/1873/1873
f 1873/1873/1873 1875/1875/1875 1872/1872/1872
f 1876/1876/1876 1878/1878/1878 1877/1877/1877
f 1879/1879/1879 1878/1878/1878 1876/1876/1876
f 1876/1876/1876 1880/1880/1880 1879/1879/1879
f 1881/1881/1881 1879/1879/1879 1880/1880/1880
f 1880/1880/1880 1882/1882/1882 1881/1881/1881
f 1882/1882/1882 1883/1883/1883 1881/1881/1881
f 1884/1884/1884 1886/1886/1886 1885/1885/1885
f 1885/1885/1885 1887/1887/1887 1884/1884/1884
f 1888/1888/1888 1890/1890/1890 1889/1889/1889
f 1889/1889/1889 1891/1891/1891 1888/1888/1888
f 1892/1892/1892 1894/1894/1894 1893/1893/1893
f 1893/1893/1893 1895/1895/1895 1892/1892/1892
f 1896/1896/1896 1898/1898/1898 1897/1897/1897
f 1897/1897/1897 1899/1899/1899 1896/1896/1896
f 1900/1900/1900 1902/1902/1902 1901/1901/1901
f 1901/1901/1901 1903/1903/1903 1900/1900/1900
f 1904/1904/1904 1906/1906/1906 1905/1905/1905
f 1905/1905/1905 1907/1907/1907 1904/1904/1904
f 1908/1908/1908 1910/1910/1910 1909/1909/1909
f 1909/1909/1909 1911/1911/1911 1908/1908/1908
f 1912/1912/1912 1914/1914/1914 1913/1913/1913
f 1913/1913/1913 1915/1915/1915 1912/1912/1912
f 1916/1916/1916 1918/1918/1918 1917/1917/1917
f 1917/1917/1917 1919/1919/1919 1916/1916/1916
f 1920/1920/1920 1922/1922/1922 1921/1921/1921
f 1921/1921/1921 1923/1923/1923 1920/1920/1920
f 1924/1924/1924 1926/1926/1926 1925/1925/1925
f 1925/1925/1925 1927/1927/1927 1924/1924/1924
f 1928/1928/1928 1930/1930/1930 1929/1929/1929
f 1929/1929/1929 1931/1931/1931 1928/1928/1928
f 1932/1932/1932 1934/1934/1934 1933/1933/1933
f 1933/1933/1933 1935/1935/1935 1932/1932/1932
f 1936/1936/1936 1938/1938/1938 1937/1937/1937
f 1939/1939/1939 1938/1938/1938 1936/1936/1936
f 1936/1936/1936 1940/1940/1940 1939/1939/1939
f 1941/1941/1941 1939/1939/1939 1940/1940/1940
f 1940/1940/1940 1942/1942/1942 1941/1941/1941
f 1942/1942/1942 1943/1943/1943 1941/1941/1941
f 1944/1944/1944 1946/1946/1946 1945/1945/1945
f 1945/1945/1945 1947/1947/1947 1944/1944/1944
f 1948/1948/1948 1950/1950/1950 1949/1949/1949
f 1949/1949/1949 1951/1951/1951 1948/1948/1948
f 1952/1952/1952 1954/1954/1954 1953/1953/1953
f 1953/1953/1953 1955/1955/1955 1952/1952/1952
f 1956/1956/1956 1958/1958/1958 1957/1957/1957
f 1957/1957/1957 1959/1959/1959 1956/1956/1956
f 1960/1960/1960 1962/1962/1962 1961/1961/1961
f 1961/1961/1961 1963/1963/1963 1960/1960/1960
f 1964/1964/1964 1966/1966/1966 1965/1965/1965
f 1965/1965/1965 1967/1967/1967 1964/1964/1964
f 1967/1967/1967 1965/1965/1965 1968/1968/1968
f 1968/1968/1968 1969/1969/1969 1967/1967/1967
f 1970/1970/1970 1972/1972/1972 1971/1971/1971
f 1971/1971/1971 1973/1973/1973 1970/1970/1970
f 1973/1973/1973 1971/1971/1971 1974/1974/1974
f 1974/1974/1974 1975/1975/1975 1973/1973/1973
f 1976/1976/1976 1978/1978/1978 1977/1977/1977
f 1977/1977/1977 1979/1979/1979 1976/1976/1976
f 1979/1979/1979 1977/1977/1977 1980/1980/1980
f 1980/1980/1980 1981/1981/1981 1979/1979/1979
f 1982/1982/1982 1984/1984/1984 1983/1983/1983
f 1983/1983/1983 1985/1985/1985 1982/1982/1982
f 1985/1985/1985 1983/1983/1983 1986/1986/1986
f 1986/1986/1986 1987/1987/1987 1985/1985/1985
f 1988/1988/1988 1990/1990/1990 1989/1989/1989
f 1989/1989/1989 1991/1991/1991 1988/1988/1988
f 1991/1991/1991 1989/1989/1989 1992/1992/1992
f 1992/1992/1992 1993/1993/1993 1991/1991/1991
f 1994/1994/1994 1996/1996/1996 1995/1995/1995
f 1995/1995/1995 1997/1997/1997 1994/1994/1994
f 1997/1997/1997 1995/1995/1995 1998/1998/1998
f 1998/1998/1998 1999/1999/1999 1997/1997/1997
f 2000/2000/2000 2002/2002/2002 2001/2001/2001
f 2001/2001/2001 2003/2003/2003 2000/2000/2000
f 2003/2003/2003 2001/2001/2001 2004/2004/2004
f 2004/2004/2004 2005/2005/2005 2003/2003/2003
f 2006/2006/2006 2008/2008/2008 2007/2007/2007
f 2007/2007/2007 2009/2009/2009 2006/2006/2006
f 2010/2010/2010 2012/2012/2012 2011/2011/2011
f 2011/2011/2011 2013/2013/2013 2010/2010/2010
f 2014/2014/2014 2016/2016/2016 2015/2015/2015
f 2015/2015/2015 2017/2017/2017 2014/2014/2014
f 2018/2018/2018 2020/2020/2020 2019/2019/2019
f 2019/2019/2019 2021/2021/2021 2018/2018/2018
f 2022/2022/2022 2024/2024/2024 2023/2023/2023
f 2023/2023/2023 2025/2025/2025 2022/2022/2022
f 2026/2026/2026 2028/2028/2028 2027/2027/2027
f 2027/2027/2027 2029/2029/2029 2026/2026/2026
f 2030/2030/2030 2032/2032/2032 2031/2031/2031
f 2031/2031/2031 2033/2033/2033 2030/2030/2030
f 2034/2034/2034 2036/2036/2036 2035/2035/2035
f 2035/2035/2035 2037/2037/2037 2034/2034/2034
f 2038/2038/2038 2040/2040/2040 2039/2039/2039
f 2041/2041/2041 2040/2040/2040 2038/2038/2038
f 2038/2038/2038 2042/2042/2042 2041/2041/2041
f 2043/2043/2043 2041/2041/2041 2042/2042/2042
f 2042/2042/2042 2044/2044/2044 2043/2043/2043
f 2044/2044/2044 2045/2045/2045 2043/2043/2043
f 2046/2046/2046 2048/2048/2048 2047/2047/2047
f 2047/2047/2047 2049/2049/2049 2046/2046/2046
f 2050/2050/2050 2052/2052/2052 2051/2051/2051
f 2051/2051/2051 2053/2053/2053 2050/2050/2050
f 2054/2054/2054 2056/2056/2056 2055/2055/2055
f 2055/2055/2055 2057/2057/2057 2054/2054/2054
f 2058/2058/2058 2060/2060/2060 2059/2059/2059
f 2059/2059/2059 2061/2061/2061 2058/2058/2058
f 2062/2062/2062 2064/2064/2064 2063/2063/2063
f 2063/2063/2063 2065/2065/2065 2062/2062/2062
f 2066/2066/2066 2068/2068/2068 2067/2067/2067
f 2067/2067/2067 2069/2069/2069 2066/2066/2066
f 2069/2069/2069 2067/2067/2067 2070/2070/2070
f 2070/2070/2070 2071/2071/2071 2069/2069/2069
f 2072/2072/2072 2074/2074/2074 2073/2073/2073
f 2073/2073/2073 2075/2075/2075 2072/2072/2072
f 2075/2075/2075 2073/2073/2073 2076/2076/2076
f 2076/2076/2076 2077/2077/2077 2075/2075/2075
f 2078/2078/2078 2080/2080/2080 2079/2079/2079
f 2079/2079/2079 2081/2081/2081 2078/2078/2078
f 2081/2081/2081 2079/2079/2079 2082/2082/2082
f 2082/2082/2082 2083/2083/2083 2081/2081/2081
f 2084/2084/2084 2086/2086/2086 2085/2085/2085
f 2085/2085/2085 2087/2087/2087 2084/2084/2084
f 2087/2087/2087 2085/2085/2085 2088/2088/2088
f 2088/2088/2088 2089/2089/2089 2087/2087/2087
f 2090/2090/2090 2092/2092/2092 2091/2091/2091
f 2091/2091/2091 2093/2093/2093 2090/2090/2090
f 2093/2093/2093 2091/2091/2091 2094/2094/2094
f 2094/2094/2094 2095/2095/2095 2093/2093/2093
f 2096/2096/2096 2098/2098/2098 2097/2097/2097
f 2097/2097/2097 2099/2099/2099 2096/2096/2096
f 2099/2099/2099 2097/2097/2097 2100/2100/2100
f 2100/2100/2100 2101/2101/2101 2099/2099/2099
f 2102/2102/2102 2104/2104/2104 2103/2103/2103
f 2103/2103/2103 2105/2105/2105 2102/2102/2102
f 2105/2105/2105 2103/2103/2103 2106/2106/2106
f 2106/2106/2106 2107/2107/2107 2105/2105/2105
f 2108/2108/2108 2110/2110/2110 2109/2109/2109
f 2109/2109/2109 2111/2111/2111 2108/2108/2108
f 2112/2112/2112 2114/2114/2114 2113/2113/2113
f 2113/2113/2113 2115/2115/2115 2112/2112/2112
f 2116/2116/2116 2118/2118/2118 2117/2117/2117
f 2117/2117/2117 2119/2119/2119 2116/2116/2116
f 2120/2120/2120 2122/2122/2122 2121/2121/2121
f 2121/2121/2121 2123/2123/2123 2120/2120/2120
f 2124/2124/2124 2126/2126/2126 2125/2125/2125
f 2125/2125/2125 2127/2127/2127 2124/2124/2124
f 2128/2128/2128 2130/2130/2130 2129/2129/2129
f 2129/2129/2129 2131/2131/2131 2128/2128/2128
f 2132/2132/2132 2134/2134/2134 2133/2133/2133
f 2133/2133/2133 2135/2135/2135 2132/2132/2132
f 2136/2136/2136 2138/2138/2138 2137/2137/2137
f 2137/2137/2137 2139/2139/2139 2136/2136/2136
f 2140/2140/2140 2142/2142/2142 2141/2141/2141
f 2143/2143/2143 2142/2142/2142 2140/2140/2140
f 2140/2140/2140 2144/2144/2144 2143/2143/2143
f 2145/2145/2145 2143/2143/2143 2144/2144/2144
f 2144/2144/2144 2146/2146/2146 2145/2145/2145
f 2146/2146/2146 2147/2147/2147 2145/2145/2145
f 2148/2148/2148 2150/2150/2150 2149/2149/2149
f 2149/2149/2149 2151/2151/2151 2148/2148/2148
f 2152/2152/2152 2154/2154/2154 2153/2153/2153
f 2153/2153/2153 2155/2155/2155 2152/2152/2152
f 2156/2156/2156 2158/2158/2158 2157/2157/2157
f 2157/2157/2157 2159/2159/2159 2156/2156/2156
f 2160/2160/2160 2162/2162/2162 2161/2161/2161
f 2161/2161/2161 2163/2163/2163 2160/2160/2160
f 2164/2164/2164 2166/2166/2166 2165/2165/2165
f 2165/2165/2165 2167/2167/2167 2164/2164/2164
f 2168/2168/2168 2170/2170/2170 2169/2169/2169
f 2169/2169/2169 2171/2171/2171 2168/2168/2168
f 2171/2171/2171 2169/2169/2169 2172/2172/2172
f 2172/2172/2172 2173/2173/2173 2171/2171/2171
f 2174/2174/2174 2176/2176/2176 2175/2175/2175
f 2175/2175/2175 2177/2177/2177 2174/2174/2174
f 2177/2177/2177 2175/2175/2175 2178/2178/2178
f 2178/2178/2178 2179/2179/2179 2177/2177/2177
f 2180/2180/2180 2182/2182/2182 2181/2181/2181
f 2181/2181/2181 2183/2183/2183 2180/2180/2180
f 2183/2183/2183 2181/2181/2181 2184/2184/2184
f 2184/2184/2184 2185/2185/2185 2183/2183/2183
f 2186/2186/2186 2188/2188/2188 2187/2187/2187
f 2187/2187/2187 2189/2189/2189 2186/2186/2186
f 2189/2189/2189 2187/2187/2187 2190/2190/2190
f 2190/2190/2190 2191/2191/2191 2189/2189/2189
f 2192/2192/2192 2194/2194/2194 2193/2193/2193
f 2193/2193/2193 2195/2195/2195 2192/2192/2192
f 2195/2195/2195 2193/2193/2193 2196/2196/2196
f 2196/2196/2196 2197/2197/2197 2195/2195/2195
f 2198/2198/2198 2200/2200/2200 2199/2199/2199
f 2199/2199/2199 2201/2201/2201 2198/2198/2198
f 2201/2201/2201 2199/2199/2199 2202/2202/2202
f 2202/2202/2202 2203/2203/2203 2201/2201/2201
f 2204/2204/2204 2206/2206/2206 2205/2205/2205
f 2205/2205/2205 2207/2207/2207 2204/2204/2204
f 2207/2207/2207 2205/2205/2205 2208/2208/2208
f 2208/2208/2208 2209/2209/2209 2207/2207/2207
f 2210/2210/2210 2212/2212/2212 2211/2211/2211
f 2211/2211/2211 2213/2213/2213 2210/2210/2210
f 2214/2214/2214 2216/2216/2216 2215/2215/2215
f 2215/2215/2215 2217/2217/2217 2214/2214/2214
f 2218/2218/2218 2220/2220/2220 2219/2219/2219
f 2219/2219/2219 2221/2221/2221 2218/2218/2218
f 2222/2222/2222 2224/2224/2224 2223/2223/2223
f 2223/2223/2223 2225/2225/2225 2222/2222/2222
f 2226/2226/2226 2228/2228/2228 2227/2227/2227
f 2227/2227/2227 2229/2229/2229 2226/2226/2226
f 2230/2230/2230 2232/2232/2232 2231/2231/2231
f 2231/2231/2231 2233/2233/2233 2230/2230/2230
f 2234/2234/2234 2236/2236/2236 2235/2235/2235
f 2235/2235/2235 2237/2237/2237 2234/2234/2234
f 2238/2238/2238 2240/2240/2240 2239/2239/2239
f 2239/2239/2239 2241/2241/2241 2238/2238/2238
f 2242/2242/2242 2244/2244/2244 2243/2243/2243
f 2245/2245/2245 2244/2244/2244 2242/2242/2242
f 2242/2242/2242 2246/2246/2246 2245/2245/2245
f 2247/2247/2247 2245/2245/2245 2246/2246/2246
f 2246/2246/2246 2248/2248/2248 2247/2247/2247
f 2248/2248/2248 2249/2249/2249 2247/2247/2247
f 2250/2250/2250 2252/2252/2252 2251/2251/2251
f 2251/2251/2251 2253/2253/2253 2250/2250/2250
f 2254/2254/2254 2256/2256/2256 2255/2255/2255
f 2255/2255/2255 2257/2257/2257 2254/2254/2254
f 2258/2258/2258 2260/2260/2260 2259/2259/2259
f 2259/2259/2259 2261/2261/2261 2258/2258/2258
f 2262/2262/2262 2264/2264/2264 2263/2263/2263
f 2263/2263/2263 2265/2265/2265 2262/2262/2262
f 2266/2266/2266 2268/2268/2268 2267/2267/2267
f 2267/2267/2267 2269/2269/2269 2266/2266/2266
f 2270/2270/2270 2272/2272/2272 2271/2271/2271
f 2271/2271/2271 2273/2273/2273 2270/2270/2270
f 2274/2274/2274 2276/2276/2276 2275/2275/2275
f 2275/2275/2275 2277/2277/2277 2274/2274/2274
f 2278/2278/2278 2280/2280/2280 2279/2279/2279
f 2279/2279/2279 2281/2281/2281 2278/2278/2278
f 2282/2282/2282 2284/2284/2284 2283/2283/2283
f 2283/2283/2283 2285/2285/2285 2282/2282/2282
f 2286/2286/2286 2288/2288/2288 2287/2287/2287
f 2287/2287/2287 2289/2289/2289 2286/2286/2286
f 2290/2290/2290 2292/2292/2292 2291/2291/2291
f 2291/2291/2291 2293/2293/2293 2290/2290/2290
f 2294/2294/2294 2296/2296/2296 2295/2295/2295
f 2295/2295/2295 2297/2297/2297 2294/2294/2294
f 2298/2298/2298 2300/2300/2300 2299/2299/2299
f 2299/2299/2299 2301/2301/2301 2298/2298/2298
f 2302/2302/2302 2304/2304/2304 2303/2303/2303
f 2303/2303/2303 2305/2305/2305 2302/2302/2302
f 2306/2306/2306 2308/2308/2308 2307/2307/2307
f 2307/2307/2307 2309/2309/2309 2306/2306/2306
f 2310/2310/2310 2312/2312/2312 2311/2311/2311
f 2311/2311/2311 2313/2313/2313 2310/2310/2310
f 2314/2314/2314 2316/2316/2316 2315/2315/2315
f 2315/2315/2315 2317/2317/2317 2314/2314/2314
f 2318/2318/2318 2320/2320/2320 2319/2319/2319
f 2319/2319/2319 2321/2321/2321 2318/2318/2318
f 2322/2322/2322 2324/2324/2324 2323/2323/2323
f 2325/2325/2325 2324/2324/2324 2322/2322/2322
f 2322/2322/2322 2326/2326/2326 2325/2325/2325
f 2327/2327/2327 2325/2325/2325 2326/2326/2326
f 2326/2326/2326 2328/2328/2328 2327/2327/2327
f 2328/2328/2328 2329/2329/2329 2327/2327/2327
f 2330/2330/2330 2332/2332/2332 2331/2331/2331
f 2331/2331/2331 2333/2333/2333 2330/2330/2330
f 2334/2334/2334 2336/2336/2336 2335/2335/2335
f 2335/2335/2335 2337/2337/2337 2334/2334/2334
f 2338/2338/2338 2340/2340/2340 2339/2339/2339
f 2339/2339/2339 2341/2341/2341 2338/2338/2338
f 2342/2342/2342 2344/2344/2344 2343/2343/2343
f 2343/2343/2343 2345/2345/2345 2342/2342/2342
f 2346/2346/2346 2348/2348/2348 2347/2347/2347
f 2347/2347/2347 2349/2349/2349 2346/2346/2346
f 2350/2350/2350 2352/2352/2352 2351/2351/2351
f 2351/2351/2351 2353/2353/2353 2350/2350/2350
f 2353/2353/2353 2351/2351/2351 2354/2354/2354
f 2354/2354/2354 2355/2355/2355 2353/2353/2353
f 2356/2356/2356 2358/2358/2358 2357/2357/2357
f 2357/2357/2357 2359/2359/2359 2356/2356/2356
f 2359/2359/2359 2357/2357/2357 2360/2360/2360
f 2360/2360/2360 2361/2361/2361 2359/2359/2359
f 2362/2362/2362 2364/2364/2364 2363/2363/2363
f 2363/2363/2363 2365/2365/2365 2362/2362/2362
f 2365/2365/2365 2363/2363/2363 2366/2366/2366
f 2366/2366/2366 2367/2367/2367 2365/2365/2365
f 2368/2368/2368 2370/2370/2370 2369/2369/2369
f 2369/2369/2369 2371/2371/2371 2368/2368/2368
f 2371/2371/2371 2369/2369/2369 2372/2372/2372
f 2372/2372/2372 2373/2373/2373 2371/2371/2371
f 2374/2374/2374 2376/2376/2376 2375/2375/2375
f 2375/2375/2375 2377/2377/2377 2374/2374/2374
f 2377/2377/2377 2375/2375/2375 2378/2378/2378
f 2378/2378/2378 2379/2379/2379 2377/2377/2377
f 2380/2380/2380 2382/2382/2382 2381/2381/2381
f 2381/2381/2381 2383/2383/2383 2380/2380/2380
f 2383/2383/2383 2381/2381/2381 2384/2384/2384
f 2384/2384/2384 2385/2385/2385 2383/2383/2383
f 2386/2386/2386 2388/2388/2388 2387/2387/2387
f 2387/2387/2387 2389/2389/2389 2386/2386/2386
f 2389/2389/2389 2387/2387/2387 2390/2390/2390
f 2390/2390/2390 2391/2391/2391 2389/2389/2389
f 2392/2392/2392 2394/2394/2394 2393/2393/2393
f 2393/2393/2393 2395/2395/2395 2392/2392/2392
f 2396/2396/2396 2398/2398/2398 2397/2397/2397
f 2397/2397/2397 2399/2399/2399 2396/2396/2396
f 2400/2400/2400 2402/2402/2402 2401/2401/2401
f 2401/2401/2401 2403/2403/2403 2400/2400/2400
f 2404/2404/2404 2406/2406/2406 2405/2405/2405
f 2405/2405/2405 2407/2407/2407 2404/2404/2404
f 2408/2408/2408 2410/2410/2410 2409/2409/2409
f 2409/2409/2409 2411/2411/2411 2408/2408/2408
f 2412/2412/2412 2414/2414/2414 2413/2413/2413
f 2413/2413/2413 2415/2415/2415 2412/2412/2412
f 2416/2416/2416 2418/2418/2418 2417/2417/2417
f 2417/2417/2417 2419/2419/2419 2416/2416/2416
f 2420/2420/2420 2422/2422/2422 2421/2421/2421
f 2421/2421/2421 2423/2423/2423 2420/2420/2420
f 2424/2424/2424 2426/2426/2426 2425/2425/2425
f 2427/2427/2427 2426/2426/2426 2424/2424/2424
f 2424/2424/2424 2428/2428/2428 2427/2427/2427
f 2429/2429/2429 2427/2427/2427 2428/2428/2428
f 2428/2428/2428 2430/2430/2430 2429/2429/2429
f 2430/2430/2430 2431/2431/2431 2429/2429/2429
f 2432/2432/2432 2434/2434/2434 2433/2433/2433
f 2433/2433/2433 2435/2435/2435 2432/2432/2432
f 2436/2436/2436 2438/2438/2438 2437/2437/2437
f 2437/2437/2437 2439/2439/2439 2436/2436/2436
f 2440/2440/2440 2442/2442/2442 2441/2441/2441
f 2441/2441/2441 2443/2443/2443 2440/2440/2440
f 2444/2444/2444 2446/2446/2446 2445/2445/2445
f 2445/2445/2445 2447/2447/2447 2444/2444/2444
f 2448/2448/2448 2450/2450/2450 2449/2449/2449
f 2449/2449/2449 2451/2451/2451 2448/2448/2448
f 2452/2452/2452 2454/2454/2454 2453/2453/2453
f 2453/2453/2453 2455/2455/2455 2452/2452/2452
f 2455/2455/2455 2453/2453/2453 2456/2456/2456
f 2456/2456/2456 2457/2457/2457 2455/2455/2455
f 2458/2458/2458 2460/2460/2460 2459/2459/2459
f 2459/2459/2459 2461/2461/2461 2458/2458/2458
f 2461/2461/2461 2459/2459/2459 2462/2462/2462
f 2462/2462/2462 2463/2463/2463 2461/2461/2461
f 2464/2464/2464 2466/2466/2466 2465/2465/2465
f 2465/2465/2465 2467/2467/2467 2464/2464/2464
f 2467/2467/2467 2465/2465/2465 2468/2468/2468
f 2468/2468/2468 2469/2469/2469 2467/2467/2467
f 2470/2470/2470 2472/2472/2472 2471/2471/2471
f 2471/2471/2471 2473/2473/2473 2470/2470/2470
f 2473/2473/2473 2471/2471/2471 2474/2474/2474
f 2474/2474/2474 2475/2475/2475 2473/2473/2473
f 2476/2476/2476 2478/2478/2478 2477/2477/2477
f 2477/2477/2477 2479/2479/2479 2476/2476/2476
f 2479/2479/2479 2477/2477/2477 2480/2480/2480
f 2480/2480/2480 2481/2481/2481 2479/2479/2479
f 2482/2482/2482 2484/2484/2484 2483/2483/2483
f 2483/2483/2483 2485/2485/2485 2482/2482/2482
f 2485/2485/2485 2483/2483/2483 2486/2486/2486
f 2486/2486/2486 2487/2487/2487 2485/2485/2485
f 2488/2488/2488 2490/2490/2490 2489/2489/2489
f 2489/2489/2489 2491/2491/2491 2488/2488/2488
f 2491/2491/2491 2489/2489/2489 2492/2492/2492
f 2492/2492/2492 2493/2493/2493 2491/2491/2491
f 2494/2494/2494 2496/2496/2496 2495/2495/2495
f 2495/2495/2495 2497/2497/2497 2494/2494/2494
f 2498/2498/2498 2500/2500/2500 2499/2499/2499
f 2499/2499/2499 2501/2501/2501 2498/2498/2498
f 2502/2502/2502 2504/2504/2504 2503/2503/2503
f 2503/2503/2503 2505/2505/2505 2502/2502/2502
f 2506/2506/2506 2508/2508/2508 2507/2507/2507
f 2507/2507/2507 2509/2509/2509 2506/2506/2506
f 2510/2510/2510 2512/2512/2512 2511/2511/2511
f 2511/2511/2511 2513/2513/2513 2510/2510/2510
f 2514/2514/2514 2516/2516/2516 2515/2515/2515
f 2515/2515/2515 2517/2517/2517 2514/2514/2514
f 2518/2518/2518 2520/2520/2520 2519/2519/2519
f 2519/2519/2519 2521/2521/2521 2518/2518/2518
f 2522/2522/2522 2524/2524/2524 2523/2523/2523
f 2523/2523/2523 2525/2525/2525 2522/2522/2522
f 2526/2526/2526 2528/2528/2528 2527/2527/2527
f 2529/2529/2529 2528/2528/2528 2526/2526/2526
f 2526/2526/2526 2530/2530/2530 2529/2529/2529
f 2531/2531/2531 2529/2529/2529 2530/2530/2530
f 2530/2530/2530 2532/2532/2532 2531/2531/2531
f 2532/2532/2532 2533/2533/2533 2531/2531/2531
f 2534/2534/2534 2536/2536/2536 2535/2535/2535
f 2535/2535/2535 2537/2537/2537 2534/2534/2534
f 2538/2538/2538 2540/2540/2540 2539/2539/2539
f 2539/2539/2539 2541/2541/2541 2538/2538/2538
f 2542/2542/2542 2544/2544/2544 2543/2543/2543
f 2543/2543/2543 2545/2545/2545 2542/2542/2542
f 2546/2546/2546 2548/2548/2548 2547/2547/2547
f 2547/2547/2547 2549/2549/2549 2546/2546/2546
f 2550/2550/2550 2552/2552/2552 2551/2551/2551
f 2551/2551/2551 2553/2553/2553 2550/2550/2550
f 2554/2554/2554 2556/2556/2556 2555/2555/2555
f 2555/2555/2555 2557/2557/2557 2554/2554/2554
f 2557/2557/2557 2555/2555/2555 2558/2558/2558
f 2558/2558/2558 2559/2559/2559 2557/2557/2557
f 2560/2560/2560 2562/2562/2562 2561/2561/2561
f 2561/2561/2561 2563/2563/2563 2560/2560/2560
f 2563/2563/2563 2561/2561/2561 2564/2564/2564
f 2564/2564/2564 2565/2565/2565 2563/2563/2563
f 2566/2566/2566 2568/2568/2568 2567/2567/2567
f 2567/2567/2567 2569/2569/2569 2566/2566/2566
f 2569/2569/2569 2567/2567/2567 2570/2570/2570
f 2570/2570/2570 2571/2571/2571 2569/2569/2569
f 2572/2572/2572 2574/2574/2574 2573/2573/2573
f 2573/2573/2573 2575/2575/2575 2572/2572/2572
f 2575/2575/2575 2573/2573/2573 2576/2576/2576
f 2576/2576/2576 2577/2577/2577 2575/2575/2575
f 2578/2578/2578 2580/2580/2580 2579/2579/2579
f 2579/2579/2579 2581/2581/2581 2578/2578/2578
f 2581/2581/2581 2579/2579/2579 2582/2582/2582
f 2582/2582/2582 2583/2583/2583 2581/2581/2581
f 2584/2584/2584 2586/2586/2586 2585/2585/2585
f 2585/2585/2585 2587/2587/2587 2584/2584/2584
f 2587/2587/2587 2585/2585/2585 2588/2588/2588
f 2588/2588/2588 2589/2589/2589 2587/2587/2587
f 2590/2590/2590 2592/2592/2592 2591/2591/2591
f 2591/2591/2591 2593/2593/2593 2590/2590/2590
f 2593/2593/2593 2591/2591/2591 2594/2594/2594
f 2594/2594/2594 2595/2595/2595 2593/2593/2593
f 2596/2596/2596 2598/2598/2598 2597/2597/2597
f 2597/2597/2597 2599/2599/2599 2596/2596/2596
f 2600/2600/2600 2602/2602/2602 2601/2601/2601
f 2601/2601/2601 2603/2603/2603 2600/2600/2600
f 2604/2604/2604 2606/2606/2606 2605/2605/2605
f 2605/2605/2605 2607/2607/2607 2604/2604/2604
f 2608/2608/2608 2610/2610/2610 2609/2609/2609
f 2609/2609/2609 2611/2611/2611 2608/2608/2608
f 2612/2612/2612 2614/2614/2614 2613/2613/2613
f 2613/2613/2613 2615/2615/2615 2612/2612/2612
f 2616/2616/2616 2618/2618/2618 2617/2617/2617
f 2617/2617/2617 2619/2619/2619 2616/2616/2616
f 2620/2620/2620 2622/2622/2622 2621/2621/2621
f 2621/2621/2621 2623/2623/2623 2620/2620/2620
f 2624/2624/2624 2626/2626/2626 2625/2625/2625
f 2625/2625/2625 2627/2627/2627 2624/2624/2624
f 2628/2628/2628 2630/2630/2630 2629/2629/2629
f 2631/2631/2631 2630/2630/2630 2628/2628/2628
f 2628/2628/2628 2632/2632/2632 2631/2631/2631
f 2633/2633/2633 2631/2631/2631 2632/2632/2632
f 2632/2632/2632 2634/2634/2634 2633/2633/2633
f 2634/2634/2634 2635/2635/2635 2633/2633/2633
f 2636/2636/2636 2638/2638/2638 2637/2637/2637
f 2637/2637/2637 2639/2639/2639 2636/2636/2636
f 2640/2640/2640 2642/2642/2642 2641/2641/2641
f 2641/2641/2641 2643/2643/2643 2640/2640/2640
f 2644/2644/2644 2646/2646/2646 2645/2645/2645
f 2645/2645/2645 2647/2647/2647 2644/2644/2644
f 2648/2648/2648 2650/2650/2650 2649/2649/2649
f 2649/2649/2649 2651/2651/2651 2648/2648/2648
f 2652/2652/2652 2654/2654/2654 2653/2653/2653
f 2653/2653/2653 2655/2655/2655 2652/2652/2652
f 2656/2656/2656 2658/2658/2658 2657/2657/2657
f 2657/2657/2657 2659/2659/2659 2656/2656/2656
f 2659/2659/2659 2657/2657/2657 2660/2660/2660
f 2660/2660/2660 2661/2661/2661 2659/2659/2659
f 2662/2662/2662 2664/2664/2664 2663/2663/2663
f 2663/2663/2663 2665/2665/2665 2662/2662/2662
f 2665/2665/2665 2663/2663/2663 2666/2666/2666
f 2666/2666/2666 2667/2667/2667 2665/2665/2665
f 2668/2668/2668 2670/2670/2670 2669/2669/2669
f 2669/2669/2669 2671/2671/2671 2668/2668/2668
f 2671/2671/2671 2669/2669/2669 2672/2672/2672
f 2672/2672/2672 2673/2673/2673 2671/2671/2671
f 2674/2674/2674 2676/2676/2676 2675/2675/2675
f 2675/2675/2675 2677/2677/2677 2674/2674/2674
f 2677/2677/2677 2675/2675/2675 2678/2678/2678
f 2678/2678/2678 2679/2679/2679 2677/2677/2677
f 2680/2680/2680 2682/2682/2682 2681/2681/2681
f 2681/2681/2681 2683/2683/2683 2680/2680/2680
f 2683/2683/2683 2681/2681/2681 2684/2684/2684
f 2684/2684/2684 2685/2685/2685 2683/2683/2683
f 2686/2686/2686 2688/2688/2688 2687/2687/2687
f 2687/2687/2687 2689/2689/2689 2686/2686/2686
f 2689/2689/2689 2687/2687/2687 2690/2690/2690
f 2690/2690/2690 2691/2691/2691 2689/2689/2689
f 2692/2692/2692 2694/2694/2694 2693/2693/2693
f 2693/2693/2693 2695/2695/2695 2692/2692/2692
f 2695/2695/2695 2693/2693/2693 2696/2696/2696
f 2696/2696/2696 2697/2697/2697 2695/2695/2695
f 2698/2698/2698 2700/2700/2700 2699/2699/2699
f 2699/2699/2699 2701/2701/2701 2698/2698/2698
f 2702/2702/2702 2704/2704/2704 2703/2703/2703
f 2703/2703/2703 2705/2705/2705 2702/2702/2702
f 2706/2706/2706 2708/2708/2708 2707/2707/2707
f 2707/2707/2707 2709/2709/2709 2706/2706/2706
f 2710/2710/2710 2712/2712/2712 2711/2711/2711
f 2711/2711/2711 2713/2713/2713 2710/2710/2710
f 2714/2714/2714 2716/2716/2716 2715/2715/2715
f 2715/2715/2715 2717/2717/2717 2714/2714/2714
f 2718/2718/2718 2720/2720/2720 2719/2719/2719
f 2719/2719/2719 2721/2721/2721 2718/2718/2718
f 2722/2722/2722 2724/2724/2724 2723/2723/2723
f 2723/2723/2723 2725/2725/2725 2722/2722/2722
f 2726/2726/2726 2728/2728/2728 2727/2727/2727
f 2727/2727/2727 2729/2729/2729 2726/2726/2726
f 2730/2730/2730 2732/2732/2732 2731/2731/2731
f 2733/2733/2733 2732/2732/2732 2730/2730/2730
f 2730/2730/2730 2734/2734/2734 2733/2733/2733
f 2735/2735/2735 2733/2733/2733 2734/2734/2734
f 2734/2734/2734 2736/2736/2736 2735/2735/2735
f 2736/2736/2736 2737/2737/2737 2735/2735/2735
f 2738/2738/2738 2740/2740/2740 2739/2739/2739
f 2739/2739/2739 2741/2741/2741 2738/2738/2738
f 2742/2742/2742 2744/2744/2744 2743/2743/2743
f 2743/2743/2743 2745/2745/2745 2742/2742/2742
f 2746/2746/2746 2748/2748/2748 2747/2747/2747
f 2747/2747/2747 2749/2749/2749 2746/2746/2746
f 2750/2750/2750 2752/2752/2752 2751/2751/2751
f 2751/2751/2751 2753/2753/2753 2750/2750/2750
f 2754/2754/2754 2756/2756/2756 2755/2755/2755
f 2755/2755/2755 2757/2757/2757 2754/2754/2754
f 2758/2758/2758 2760/2760/2760 2759/2759/2759
f 2759/2759/2759 2761/2761/2761 2758/2758/2758
f 2762/2762/2762 2764/2764/2764 2763/2763/2763
f 2763/2763/2763 2765/2765/2765 2762/2762/2762
f 2766/2766/2766 2768/2768/2768 2767/2767/2767
f 2767/2767/2767 2769/2769/2769 2766/2766/2766
f 2770/2770/2770 2772/2772/2772 2771/2771/2771
f 2771/2771/2771 2773/2773/2773 2770/2770/2770
f 2774/2774/2774 2776/2776/2776 2775/2775/2775
f 2775/2775/2775 2777/2777/2777 2774/2774/2774
f 2778/2778/2778 2780/2780/2780 2779/2779/2779
f 2779/2779/2779 2781/2781/2781 2778/2778/2778
f 2782/2782/2782 2784/2784/2784 2783/2783/2783
f 2783/2783/2783 2785/2785/2785 2782/2782/2782
f 2786/2786/2786 2788/2788/2788 2787/2787/2787
f 2787/2787/2787 2789/2789/2789 2786/2786/2786
f 2790/2790/2790 2792/2792/2792 2791/2791/2791
f 2793/2793/2793 2792/2792/2792 2790/2790/2790
f 2790/2790/2790 2794/2794/2794 2793/2793/2793
f 2795/2795/2795 2793/2793/2793 2794/2794/2794
f 2794/2794/2794 2796/2796/2796 2795/2795/2795
f 2796/2796/2796 2797/2797/2797 2795/2795/2795
f 2798/2798/2798 2800/2800/2800 2799/2799/2799
f 2799/2799/2799 2801/2801/2801 2798/2798/2798
f 2802/2802/2802 2804/2804/2804 2803/2803/2803
f 2803/2803/2803 2805/2805/2805 2802/2802/2802
f 2806/2806/2806 2808/2808/2808 2807/2807/2807
f 2807/2807/2807 2809/2809/2809 2806/2806/2806
f 2810/2810/2810 2812/2812/2812 2811/2811/2811
f 2811/2811/2811 2813/2813/2813 2810/2810/2810
f 2814/2814/2814 2816/2816/2816 2815/2815/2815
f 2815/2815/2815 2817/2817/2817 2814/2814/2814
f 2818/2818/2818 2820/2820/2820 2819/2819/2819
f 2819/2819/2819 2821/2821/2821 2818/2818/2818
f 2821/2821/2821 2819/2819/2819 2822/2822/2822
f 2822/2822/2822 2823/2823/2823 2821/2821/2821
f 2824/2824/2824 2826/2826/2826 2825/2825/2825
f 2825/2825/2825 2827/2827/2827 2824/2824/2824
f 2827/2827/2827 2825/2825/2825 2828/2828/2828
f 2828/2828/2828 2829/2829/2829 2827/2827/2827
f 2830/2830/2830 2832/2832/2832 2831/2831/2831
f 2831/2831/2831 2833/2833/2833 2830/2830/2830
f 2833/2833/2833 2831/2831/2831 2834/2834/2834
f 2834/2834/2834 2835/2835/2835 2833/2833/2833
f 2836/2836/2836 2838/2838/2838 2837/2837/2837
f 2837/2837/2837 2839/2839/2839 2836/2836/2836
f 2839/2839/2839 2837/2837/2837 2840/2840/2840
f 2840/2840/2840 2841/2841/2841 2839/2839/2839
f 2842/2842/2842 2844/2844/2844 2843/2843/2843
f 2843/2843/2843 2845/2845/2845 2842/2842/2842
f 2845/2845/2845 2843/2843/2843 2846/2846/2846
f 2846/2846/2846 2847/2847/2847 2845/2845/2845
f 2848/2848/2848 2850/2850/2850 2849/2849/2849
f 2849/2849/2849 2851/2851/2851 2848/2848/2848
f 2851/2851/2851 2849/2849/2849 2852/2852/2852
f 2852/2852/2852 2853/2853/2853 2851/2851/2851
f 2854/2854/2854 2856/2856/2856 2855/2855/2855
f 2855/2855/2855 2857/2857/2857 2854/2854/2854
f 2857/2857/2857 2855/2855/2855 2858/2858/2858
f 2858/2858/2858 2859/2859/2859 2857/2857/2857
f 2860/2860/2860 2862/2862/2862 2861/2861/2861
f 2861/2861/2861 2863/2863/2863 2860/2860/2860
f 2864/2864/2864 2866/2866/2866 2865/2865/2865
f 2865/2865/2865 2867/2867/2867 2864/2864/2864
f 2868/2868/2868 2870/2870/2870 2869/2869/2869
f 2869/2869/2869 2871/2871/2871 2868/2868/2868
f 2872/2872/2872 2874/2874/2874 2873/2873/2873
f 2873/2873/2873 2875/2875/2875 2872/2872/2872
f 2876/2876/2876 2878/2878/2878 2877/2877/2877
f 2877/2877/2877 2879/2879/2879 2876/2876/2876
f 2880/2880/2880 2882/2882/2882 2881/2881/2881
f 2881/2881/2881 2883/2883/2883 2880/2880/2880
f 2884/2884/2884 2886/2886/2886 2885/2885/2885
f 2885/2885/2885 2887/2887/2887 2884/2884/2884
f 2888/2888/2888 2890/2890/2890 2889/2889/2889
f 2889/2889/2889 2891/2891/2891 2888/2888/2888
f 2892/2892/2892 2894/2894/2894 2893/2893/2893
f 2895/2895/2895 2894/2894/2894 2892/2892/2892
f 2892/2892/2892 2896/2896/2896 2895/2895/2895
f 2897/2897/2897 2895/2895/2895 2896/2896/2896
f 2896/2896/2896 2898/2898/2898 2897/2897/2897
f 2898/2898/2898 2899/2899/2899 2897/2897/2897
f 2900/2900/2900 2902/2902/2902 2901/2901/2901
f 2901/2901/2901 2903/2903/2903 2900/2900/2900
f 2904/2904/2904 2906/2906/2906 2905/2905/2905
f 2905/2905/2905 2907/2907/2907 2904/2904/2904
f 2908/2908/2908 2910/2910/2910 2909/2909/2909
f 2909/2909/2909 2911/2911/2911 2908/2908/2908
f 2912/2912/2912 2914/2914/2914 2913/2913/2913
f 2913/2913/2913 2915/2915/2915 2912/2912/2912
f 2916/2916/2916 2918/2918/2918 2917/2917/2917
f 2917/2917/2917 2919/2919/2919 2916/2916/2916
f 2920/2920/2920 2922/2922/2922 2921/2921/2921
f 2921/2921/2921 2923/2923/2923 2920/2920/2920
f 2923/2923/2923 2921/2921/2921 2924/2924/2924
f 2924/2924/2924 2925/2925/2925 2923/2923/2923
f 2926/2926/2926 2928/2928/2928 2927/2927/2927
f 2927/2927/2927 2929/2929/2929 2926/2926/2926
f 2929/2929/2929 2927/2927/2927 2930/2930/2930
f 2930/2930/2930 2931/2931/2931 2929/2929/2929
f 2932/2932/2932 2934/2934/2934 2933/2933/2933
f 2933/2933/2933 2935/2935/2935 2932/2932/2932
f 2935/2935/2935 2933/2933/2933 2936/2936/2936
f 2936/2936/2936 2937/2937/2937 2935/2935/2935
f 2938/2938/2938 2940/2940/2940 2939/2939/2939
f 2939/2939/2939 2941/2941/2941 2938/2938/2938
f 2941/2941/2941 2939/2939/2939 2942/2942/2942
f 2942/2942/2942 2943/2943/2943 2941/2941/2941
f 2944/2944/2944 2946/2946/2946 2945/2945/2945
f 2945/2945/2945 2947/2947/2947 2944/2944/2944
f 2947/2947/2947 2945/2945/2945 2948/2948/2948
f 2948/2948/2948 2949/2949/2949 2947/2947/2947
f 2950/2950/2950 2952/2952/2952 2951/2951/2951
f 2951/2951/2951 2953/2953/2953 2950/2950/2950
f 2953/2953/2953 2951/2951/2951 2954/2954/2954
f 2954/2954/2954 2955/2955/2955 2953/2953/2953
f 2956/2956/2956 2958/2958/2958 2957/2957/2957
f 2957/2957/2957 2959/2959/2959 2956/2956/2956
f 2959/2959/2959 2957/2957/2957 2960/2960/2960
f 2960/2960/2960 2961/2961/2961 2959/2959/2959
f 2962/2962/2962 2964/2964/2964 2963/2963/2963
f 2963/2963/2963 2965/2965/2965 2962/2962/2962
f 2966/2966/2966 2968/2968/2968 2967/2967/2967
f 2967/2967/2967 2969/2969/2969 2966/2966/2966
f 2970/2970/2970 2972/2972/2972 2971/2971/2971
f 2971/2971/2971 2973/2973/2973 2970/2970/2970
f 2974/2974/2974 2976/2976/2976 2975/2975/2975
f 2975/2975/2975 2977/2977/2977 2974/2974/2974
f 2978/2978/2978 2980/2980/2980 2979/2979/2979
f 2979/2979/2979 2981/2981/2981 2978/2978/2978
f 2982/2982/2982 2984/2984/2984 2983/2983/2983
f 2983/2983/2983 2985/2985/2985 2982/2982/2982
f 2986/2986/2986 2988/2988/2988 2987/2987/2987
f 2987/2987/2987 2989/2989/2989 2986/2986/2986
f 2990/2990/2990 2992/2992/2992 2991/2991/2991
f 2991/2991/2991 2993/2993/2993 2990/2990/2990
f 2994/2994/2994 2996/2996/2996 2995/2995/2995
f 2997/2997/2997 2996/2996/2996 2994/2994/2994
f 2994/2994/2994 2998/2998/2998 2997/2997/2997
f 2999/2999/2999 2997/2997/2997 2998/2998/2998
f 2998/2998/2998 3000/3000/3000 2999/2999/2999
f 3000/3000/3000 3001/3001/3001 2999/2999/2999
f 3002/3002/3002 3004/3004/3004 3003/3003/3003
f 3003/3003/3003 3005/3005/3005 3002/3002/3002
f 3006/3006/3006 3008/3008/3008 3007/3007/3007
f 3007/3007/3007 3009/3009/3009 3006/3006/3006
f 3010/3010/3010 3012/3012/3012 3011/3011/3011
f 3011/3011/3011 3013/3013/3013 3010/3010/3010
f 3014/3014/3014 3016/3016/3016 3015/3015/3015
f 3015/3015/3015 3017/3017/3017 3014/3014/3014
f 3018/3018/3018 3020/3020/3020 3019/3019/3019
f 3019/3019/3019 3021/3021/3021 3018/3018/3018
f 3022/3022/3022 3024/3024/3024 3023/3023/3023
f 3023/3023/3023 3025/3025/3025 3022/3022/3022
f 3026/3026/3026 3028/3028/3028 3027/3027/3027
f 3027/3027/3027 3029/3029/3029 3026/3026/3026
f 3030/3030/3030 3032/3032/3032 3031/3031/3031
f 3031/3031/3031 3033/3033/3033 3030/3030/3030
f 3034/3034/3034 3036/3036/3036 3035/3035/3035
f 3035/3035/3035 3037/3037/3037 3034/3034/3034
f 3038/3038/3038 3040/3040/3040 3039/3039/3039
f 3039/3039/3039 3041/3041/3041 3038/3038/3038
f 3042/3042/3042 3044/3044/3044 3043/3043/3043
f 3043/3043/3043 3045/3045/3045 3042/3042/3042
f 3046/3046/3046 3048/3048/3048 3047/3047/3047
f 3047/3047/3047 3049/3049/3049 3046/3046/3046
f 3050/3050/3050 3052/3052/3052 3051/3051/3051
f 3051/3051/3051 3053/3053/3053 3050/3050/3050
f 3054/3054/3054 3056/3056/3056 3055/3055/3055
f 3057/3057/3057 3056/3056/3056 3054/3054/3054
f 3054/3054/3054 3058/3058/3058 3057/3057/3057
f 3059/3059/3059 3057/3057/3057 3058/3058/3058
f 3058/3058/3058 3060/3060/3060 3059/3059/3059
f 3060/3060/3060 3061/3061/3061 3059/3059/3059
f 3062/3062/3062 3064/3064/3064 3063/3063/3063
f 3063/3063/3063 3065/3065/3065 3062/3062/3062
f 3066/3066/3066 3068/3068/3068 3067/3067/3067
f 3067/3067/3067 3069/3069/3069 3066/3066/3066
f 3070/3070/3070 3072/3072/3072 3071/3071/3071
f 3071/3071/3071 3073/3073/3073 3070/3070/3070
f 3074/3074/3074 3076/3076/3076 3075/3075/3075
f 3075/3075/3075 3077/3077/3077 3074/3074/3074
f 3078/3078/3078 3080/3080/3080 3079/3079/3079
f 3079/3079/3079 3081/3081/3081 3078/3078/3078
f 3082/3082/3082 3084/3084/3084 3083/3083/3083
f 3083/3083/3083 3085/3085/3085 3082/3082/3082
f 3085/3085/3085 3083/3083/3083 3086/3086/3086
f 3086/3086/3086 3087/3087/3087 3085/3085/3085
f 3088/3088/3088 3090/3090/3090 3089/3089/3089
f 3089/3089/3089 3091/3091/3091 3088/3088/3088
f 3091/3091/3091 3089/3089/3089 3092/3092/3092
f 3092/3092/3092 3093/3093/3093 3091/3091/3091
f 3094/3094/3094 3096/3096/3096 3095/3095/3095
f 3095/3095/3095 3097/3097/3097 3094/3094/3094
f 3097/3097/3097 3095/3095/3095 3098/3098/3098
f 3098/3098/3098 3099/3099/3099 3097/3097/3097
f 3100/3100/3100 3102/3102/3102 3101/3101/3101
f 3101/3101/3101 3103/3103/3103 3100/3100/3100
f 3103/3103/3103 3101/3101/3101 3104/3104/3104
f 3104/3104/3104 3105/3105/3105 3103/3103/3103
f 3106/3106/3106 3108/3108/3108 3107/3107/3107
f 3107/3107/3107 3109/3109/3109 3106/3106/3106
f 3109/3109/3109 3107/3107/3107 3110/3110/3110
f 3110/3110/3110 3111/3111/3111 3109/3109/3109
f 3112/3112/3112 3114/3114/3114 3113/3113/3113
f 3113/3113/3113 3115/3115/3115 3112/3112/3112
f 3115/3115/3115 3113/3113/3113 3116/3116/3116
f 3116/3116/3116 3117/3117/3117 3115/3115/3115
f 3118/3118/3118 3120/3120/3120 3119/3119/3119
f 3119/3119/3119 3121/3121/3121 3118/3118/3118
f 3121/3121/3121 3119/3119/3119 3122/3122/3122
f 3122/3122/3122 3123/3123/3123 3121/3121/3121
f 3124/3124/3124 3126/3126/3126 3125/3125/3125
f 3125/3125/3125 3127/3127/3127 3124/3124/3124
f 3128/3128/3128 3130/3130/3130 3129/3129/3129
f 3129/3129/3129 3131/3131/3131 3128/3128/3128
f 3132/3132/3132 3134/3134/3134 3133/3133/3133
f 3133/3133/3133 3135/3135/3135 3132/3132/3132
f 3136/3136/3136 3138/3138/3138 3137/3137/3137
f 3137/3137/3137 3139/3139/3139 3136/3136/3136
f 3140/3140/3140 3142/3142/3142 3141/3141/3141
f 3141/3141/3141 3143/3143/3143 3140/3140/3140
f 3144/3144/3144 3146/3146/3146 3145/3145/3145
f 3145/3145/3145 3147/3147/3147 3144/3144/3144
f 3148/3148/3148 3150/3150/3150 3149/3149/3149
f 3149/3149/3149 3151/3151/3151 3148/3148/3148
f 3152/3152/3152 3154/3154/3154 3153/3153/3153
f 3153/3153/3153 3155/3155/3155 3152/3152/3152
f 3156/3156/3156 3158/3158/3158 3157/3157/3157
f 3159/3159/3159 3158/3158/3158 3156/3156/3156
f 3156/3156/3156 3160/3160/3160 3159/3159/3159
f 3161/3161/3161 3159/3159/3159 3160/3160/3160
f 3160/3160/3160 3162/3162/3162 3161/3161/3161
f 3162/3162/3162 3163/3163/3163 3161/3161/3161
f 3164/3164/3164 3166/3166/3166 3165/3165/3165
f 3165/3165/3165 3167/3167/3167 3164/3164/3164
f 3168/3168/3168 3170/3170/3170 3169/3169/3169
f 3169/3169/3169 3171/3171/3171 3168/3168/3168
f 3172/3172/3172 3174/3174/3174 3173/3173/3173
f 3173/3173/3173 3175/3175/3175 3172/3172/3172
f 3176/3176/3176 3178/3178/3178 3177/3177/3177
f 3177/3177/3177 3179/3179/3179 3176/3176/3176
f 3180/3180/3180 3182/3182/3182 3181/3181/3181
f 3181/3181/3181 3183/3183/3183 3180/3180/3180
f 3184/3184/3184 3186/3186/3186 3185/3185/3185
f 3185/3185/3185 3187/3187/3187 3184/3184/3184
f 3188/3188/3188 3190/3190/3190 3189/3189/3189
f 3189/3189/3189 3191/3191/3191 3188/3188/3188
f 3191/3191/3191 3189/3189/3189 3192/3192/3192
f 3192/3192/3192 3193/3193/3193 3191/3191/3191
f 3194/3194/3194 3196/3196/3196 3195/3195/3195
f 3195/3195/3195 3197/3197/3197 3194/3194/3194
f 3197/3197/3197 3195/3195/3195 3198/3198/3198
f 3198/3198/3198 3199/3199/3199 3197/3197/3197
f 3200/3200/3200 3202/3202/3202 3201/3201/3201
f 3201/3201/3201 3203/3203/3203 3200/3200/3200
f 3203/3203/3203 3201/3201/3201 3204/3204/3204
f 3204/3204/3204 3205/3205/3205 3203/3203/3203
f 3206/3206/3206 3208/3208/3208 3207/3207/3207
f 3207/3207/3207 3209/3209/3209 3206/3206/3206
f 3209/3209/3209 3207/3207/3207 3210/3210/3210
f 3210/3210/3210 3211/3211/3211 3209/3209/3209
f 3212/3212/3212 3214/3214/3214 3213/3213/3213
f 3213/3213/3213 3215/3215/3215 3212/3212/3212
f 3215/3215/3215 3213/3213/3213 3216/3216/3216
f 3216/3216/3216 3217/3217/3217 3215/3215/3215
f 3218/3218/3218 3220/3220/3220 3219/3219/3219
f 3219/3219/3219 3221/3221/3221 3218/3218/3218
f 3221/3221/3221 3219/3219/3219 3222/3222/3222
f 3222/3222/3222 3223/3223/3223 3221/3221/3221
f 3224/3224/3224 3226/3226/3226 3225/3225/3225
f 3225/3225/3225 3227/3227/3227 3224/3224/3224
f 3228/3228/3228 3230/3230/3230 3229/3229/3229
f 3229/3229/3229 3231/3231/3231 3228/3228/3228
f 3232/3232/3232 3234/3234/3234 3233/3233/3233
f 3233/3233/3233 3235/3235/3235 3232/3232/3232
f 3236/3236/3236 3238/3238/3238 3237/3237/3237
f 3237/3237/3237 3239/3239/3239 3236/3236/3236
f 3240/3240/3240 3242/3242/3242 3241/3241/3241
f 3241/3241/3241 3243/3243/3243 3240/3240/3240
f 3244/3244/3244 3246/3246/3246 3245/3245/3245
f 3245/3245/3245 3247/3247/3247 3244/3244/3244
f 3248/3248/3248 3250/3250/3250 3249/3249/3249
f 3249/3249/3249 3251/3251/3251 3248/3248/3248
f 3252/3252/3252 3254/3254/3254 3253/3253/3253
f 3253/3253/3253 3255/3255/3255 3252/3252/3252
f 3256/3256/3256 3258/3258/3258 3257/3257/3257
f 3257/3257/3257 3259/3259/3259 3256/3256/3256
f 3260/3260/3260 3262/3262/3262 3261/3261/3261
f 3263/3263/3263 3262/3262/3262 3260/3260/3260
f 3260/3260/3260 3264/3264/3264 3263/3263/3263
f 3265/3265/3265 3263/3263/3263 3264/3264/3264
f 3264/3264/3264 3266/3266/3266 3265/3265/3265
f 3266/3266/3266 3267/3267/3267 3265/3265/3265
f 3268/3268/3268 3270/3270/3270 3269/3269/3269
f 3269/3269/3269 3271/3271/3271 3268/3268/3268
f 3272/3272/3272 3274/3274/3274 3273/3273/3273
f 3273/3273/3273 3275/3275/3275 3272/3272/3272
f 3276/3276/3276 3278/3278/3278 3277/3277/3277
f 3277/3277/3277 3279/3279/3279 3276/3276/3276
f 3280/3280/3280 3282/3282/3282 3281/3281/3281
f 3281/3281/3281 3283/3283/3283 3280/3280/3280
f 3284/3284/3284 3286/3286/3286 3285/3285/3285
f 3285/3285/3285 3287/3287/3287 3284/3284/3284
f 3288/3288/3288 3290/3290/3290 3289/3289/3289
f 3289/3289/3289 3291/3291/3291 3288/3288/3288
f 3292/3292/3292 3294/3294/3294 3293/3293/3293
f 3293/3293/3293 3295/3295/3295 3292/3292/3292
f 3296/3296/3296 3298/3298/3298 3297/3297/3297
f 3297/3297/3297 3299/3299/3299 3296/3296/3296
f 3299/3299/3299 3297/3297/3297 3300/3300/3300
f 3300/3300/3300 3301/3301/3301 3299/3299/3299
f 3302/3302/3302 3304/3304/3304 3303/3303/3303
f 3303/3303/3303 3305/3305/3305 3302/3302/3302
f 3305/3305/3305 3303/3303/3303 3306/3306/3306
f 3306/3306/3306 3307/3307/3307 3305/3305/3305
f 3308/3308/3308 3310/3310/3310 3309/3309/3309
f 3309/3309/3309 3311/3311/3311 3308/3308/3308
f 3311/3311/3311 3309/3309/3309 3312/3312/3312
f 3312/3312/3312 3313/3313/3313 3311/3311/3311
f 3314/3314/3314 3316/3316/3316 3315/3315/3315
f 3315/3315/3315 3317/3317/3317 3314/3314/3314
f 3317/3317/3317 3315/3315/3315 3318/3318/3318
f 3318/3318/3318 3319/3319/3319 3317/3317/3317
f 3320/3320/3320 3322/3322/3322 3321/3321/3321
f 3321/3321/3321 3323/3323/3323 3320/3320/3320
f 3323/3323/3323 3321/3321/3321 3324/3324/3324
f 3324/3324/3324 3325/3325/3325 3323/3323/3323
f 3326/3326/3326 3328/3328/3328 3327/3327/3327
f 3327/3327/3327 3329/3329/3329 3326/3326/3326
f 3329/3329/3329 3327/3327/3327 3330/3330/3330
f 3330/3330/3330 3331/3331/3331 3329/3329/3329
f 3332/3332/3332 3334/3334/3334 3333/3333/3333
f 3333/3333/3333 3335/3335/3335 3332/3332/3332
f 3335/3335/3335 3333/3333/3333 3336/3336/3336
f 3336/3336/3336 3337/3337/3337 3335/3335/3335
f 3338/3338/3338 3340/3340/3340 3339/3339/3339
f 3339/3339/3339 3341/3341/3341 3338/3338/3338
f 3342/3342/3342 3344/3344/3344 3343/3343/3343
f 3343/3343/3343 3345/3345/3345 3342/3342/3342
f 3346/3346/3346 3348/3348/3348 3347/3347/3347
f 3347/3347/3347 3349/3349/3349 3346/3346/3346
f 3350/3350/3350 3352/3352/3352 3351/3351/3351
f 3351/3351/3351 3353/3353/3353 3350/3350/3350
f 3354/3354/3354 3356/3356/3356 3355/3355/3355
f 3355/3355/3355 3357/3357/3357 3354/3354/3354
f 3358/3358/3358 3360/3360/3360 3359/3359/3359
f 3359/3359/3359 3361/3361/3361 3358/3358/3358
f 3362/3362/3362 3364/3364/3364 3363/3363/3363
f 3363/3363/3363 3365/3365/3365 3362/3362/3362
f 3366/3366/3366 3368/3368/3368 3367/3367/3367
f 3367/3367/3367 3369/3369/3369 3366/3366/3366
f 3370/3370/3370 3372/3372/3372 3371/3371/3371
f 3373/3373/3373 3372/3372/3372 3370/3370/3370
f 3370/3370/3370 3374/3374/3374 3373/3373/3373
f 3375/3375/3375 3373/3373/3373 3374/3374/3374
f 3374/3374/3374 3376/3376/3376 3375/3375/3375
f 3376/3376/3376 3377/3377/3377 3375/3375/3375
f 3378/3378/3378 3380/3380/3380 3379/3379/3379
f 3379/3379/3379 3381/3381/3381 3378/3378/3378
f 3382/3382/3382 3384/3384/3384 3383/3383/3383
f 3383/3383/3383 3385/3385/3385 3382/3382/3382
f 3386/3386/3386 3388/3388/3388 3387/3387/3387
f 3387/3387/3387 3389/3389/3389 3386/3386/3386
f 3390/3390/3390 3392/3392/3392 3391/3391/3391
f 3391/3391/3391 3393/3393/3393 3390/3390/3390
f 3394/3394/3394 3396/3396/3396 3395/3395/3395
f 3395/3395/3395 3397/3397/3397 3394/3394/3394
f 3398/3398/3398 3400/3400/3400 3399/3399/3399
f 3399/3399/3399 3401/3401/3401 3398/3398/3398
f 3401/3401/3401 3399/3399/3399 3402/3402/3402
f 3402/3402/3402 3403/3403/3403 3401/3401/3401
f 3404/3404/3404 3406/3406/3406 3405/3405/3405
f 3405/3405/3405 3407/3407/3407 3404/3404/3404
f 3407/3407/3407 3405/3405/3405 3408/3408/3408
f 3408/3408/3408 3409/3409/3409 3407/3407/3407
f 3410/3410/3410 3412/3412/3412 3411/3411/3411
f 3411/3411/3411 3413/3413/3413 3410/3410/3410
f 3413/3413/3413 3411/3411/3411 3414/3414/3414
f 3414/3414/3414 3415/3415/3415 3413/3413/3413
f 3416/3416/3416 3418/3418/3418 3417/3417/3417
f 3417/3417/3417 3419/3419/3419 3416/3416/3416
f 3419/3419/3419 3417/3417/3417 3420/3420/3420
f 3420/3420/3420 3421/3421/3421 3419/3419/3419
f 3422/3422/3422 3424/3424/3424 3423/3423/3423
f 3423/3423/3423 3425/3425/3425 3422/3422/3422
f 3425/3425/3425 3423/3423/3423 3426/3426/3426
f 3426/3426/3426 3427/3427/3427 3425/3425/3425
f 3428/3428/3428 3430/3430/3430 3429/3429/3429
f 3429/3429/3429 3431/3431/3431 3428/3428/3428
f 3431/3431/3431 3429/3429/3429 3432/3432/3432
f 3432/3432/3432 3433/3433/3433 3431/3431/3431
f 3434/3434/3434 3436/3436/3436 3435/3435/3435
f 3435/3435/3435 3437/3437/3437 3434/3434/3434
f 3438/3438/3438 3435/3435/3435 3439/3439/3439
f 3439/3439/3439 3440/3440/3440 3438/3438/3438
f 3441/3441/3441 3443/3443/3443 3442/3442/3442
f 3441/3441/3441 3444/3444/3444 3443/3443/3443
f 3444/3444/3444 3441/3441/3441 3445/3445/3445
f 3444/3444/3444 3445/3445/3445 3446/3446/3446
f 3445/3445/3445 3447/3447/3447 3446/3446/3446
f 3447/3447/3447 3448/3448/3448 3446/3446/3446
f 3449/3449/3449 3451/3451/3451 3450/3450/3450
f 3450/3450/3450 3452/3452/3452 3449/3449/3449
f 3453/3453/3453 3455/3455/3455 3454/3454/3454
f 3454/3454/3454 3456/3456/3456 3453/3453/3453
f 3457/3457/3457 3459/3459/3459 3458/3458/3458
f 3458/3458/3458 3460/3460/3460 3457/3457/3457
f 3461/3461/3461 3463/3463/3463 3462/3462/3462
f 3462/3462/3462 3464/3464/3464 3461/3461/3461
f 3465/3465/3465 3467/3467/3467 3466/3466/3466
f 3466/3466/3466 3468/3468/3468 3465/3465/3465
f 3469/3469/3469 3471/3471/3471 3470/3470/3470
f 3470/3470/3470 3472/3472/3472 3469/3469/3469
f 3473/3473/3473 3475/3475/3475 3474/3474/3474
f 3474/3474/3474 3476/3476/3476 3473/3473/3473
f 3477/3477/3477 3479/3479/3479 3478/3478/3478
f 3478/3478/3478 3480/3480/3480 3477/3477/3477
f 3481/3481/3481 3483/3483/3483 3482/3482/3482
f 3482/3482/3482 3484/3484/3484 3481/3481/3481
f 3484/3484/3484 3485/3485/3485 3481/3481/3481
f 3481/3481/3481 3485/3485/3485 3486/3486/3486
f 3485/3485/3485 3487/3487/3487 3486/3486/3486
f 3488/3488/3488 3490/3490/3490 3489/3489/3489
f 3489/3489/3489 3491/3491/3491 3488/3488/3488
f 3492/3492/3492 3494/3494/3494 3493/3493/3493
f 3493/3493/3493 3495/3495/3495 3492/3492/3492
f 3496/3496/3496 3498/3498/3498 3497/3497/3497
f 3497/3497/3497 3499/3499/3499 3496/3496/3496
f 3500/3500/3500 3502/3502/3502 3501/3501/3501
f 3501/3501/3501 3503/3503/3503 3500/3500/3500
f 3504/3504/3504 3506/3506/3506 3505/3505/3505
f 3505/3505/3505 3507/3507/3507 3504/3504/3504
f 3508/3508/3508 3510/3510/3510 3509/3509/3509
f 3509/3509/3509 3511/3511/3511 3508/3508/3508
f 3512/3512/3512 3514/3514/3514 3513/3513/3513
f 3513/3513/3513 3515/3515/3515 3512/3512/3512
f 3516/3516/3516 3518/3518/3518 3517/3517/3517
f 3517/3517/3517 3519/3519/3519 3516/3516/3516
f 3520/3520/3520 3522/3522/3522 3521/3521/3521
f 3521/3521/3521 3523/3523/3523 3520/3520/3520
f 3523/3523/3523 3521/3521/3521 3524/3524/3524
f 3523/3523/3523 3524/3524/3524 3525/3525/3525
f 3526/3526/3526 3523/3523/3523 3525/3525/3525
f 3525/3525/3525 3527/3527/3527 3526/3526/3526
f 3528/3528/3528 3530/3530/3530 3529/3529/3529
f 3529/3529/3529 3531/3531/3531 3528/3528/3528
f 3531/3531/3531 3529/3529/3529 3532/3532/3532
f 3532/3532/3532 3533/3533/3533 3531/3531/3531
f 3534/3534/3534 3536/3536/3536 3535/3535/3535
f 3535/3535/3535 3537/3537/3537 3534/3534/3534
f 3538/3538/3538 3540/3540/3540 3539/3539/3539
f 3539/3539/3539 3541/3541/3541 3538/3538/3538
f 3541/3541/3541 3539/3539/3539 3542/3542/3542
f 3542/3542/3542 3543/3543/3543 3541/3541/3541
f 3544/3544/3544 3546/3546/3546 3545/3545/3545
f 3545/3545/3545 3547/3547/3547 3544/3544/3544
f 3548/3548/3548 3545/3545/3545 3549/3549/3549
f 3549/3549/3549 3550/3550/3550 3548/3548/3548
f 3551/3551/3551 3553/3553/3553 3552/3552/3552
f 3552/3552/3552 3554/3554/3554 3551/3551/3551
f 3554/3554/3554 3552/3552/3552 3555/3555/3555
f 3555/3555/3555 3556/3556/3556 3554/3554/3554
f 3557/3557/3557 3559/3559/3559 3558/3558/3558
f 3558/3558/3558 3560/3560/3560 3557/3557/3557
f 3560/3560/3560 3558/3558/3558 3561/3561/3561
f 3561/3561/3561 3562/3562/3562 3560/3560/3560
f 3563/3563/3563 3565/3565/3565 3564/3564/3564
f 3564/3564/3564 3566/3566/3566 3563/3563/3563
f 3566/3566/3566 3564/3564/3564 3567/3567/3567
f 3567/3567/3567 3568/3568/3568 3566/3566/3566
f 3569/3569/3569 3571/3571/3571 3570/3570/3570
f 3570/3570/3570 3572/3572/3572 3569/3569/3569
f 3572/3572/3572 3570/3570/3570 3573/3573/3573
f 3573/3573/3573 3574/3574/3574 3572/3572/3572
f 3575/3575/3575 3577/3577/3577 3576/3576/3576
f 3576/3576/3576 3578/3578/3578 3575/3575/3575
f 3579/3579/3579 3581/3581/3581 3580/3580/3580
f 3579/3579/3579 3582/3582/3582 3581/3581/3581
f 3582/3582/3582 3579/3579/3579 3583/3583/3583
f 3582/3582/3582 3583/3583/3583 3584/3584/3584
f 3583/3583/3583 3585/3585/3585 3584/3584/3584
f 3585/3585/3585 3586/3586/3586 3584/3584/3584
f 3587/3587/3587 3589/3589/3589 3588/3588/3588
f 3588/3588/3588 3590/3590/3590 3587/3587/3587
f 3590/3590/3590 3588/3588/3588 3591/3591/3591
f 3591/3591/3591 3592/3592/3592 3590/3590/3590
f 3593/3593/3593 3595/3595/3595 3594/3594/3594
f 3594/3594/3594 3596/3596/3596 3593/3593/3593
f 3596/3596/3596 3594/3594/3594 3597/3597/3597
f 3597/3597/3597 3598/3598/3598 3596/3596/3596
f 3599/3599/3599 3601/3601/3601 3600/3600/3600
f 3600/3600/3600 3602/3602/3602 3599/3599/3599
f 3602/3602/3602 3600/3600/3600 3603/3603/3603
f 3603/3603/3603 3604/3604/3604 3602/3602/3602
f 3605/3605/3605 3607/3607/3607 3606/3606/3606
f 3606/3606/3606 3608/3608/3608 3605/3605/3605
f 3608/3608/3608 3606/3606/3606 3609/3609/3609
f 3609/3609/3609 3610/3610/3610 3608/3608/3608
f 3611/3611/3611 3613/3613/3613 3612/3612/3612
f 3612/3612/3612 3614/3614/3614 3611/3611/3611
f 3614/3614/3614 3612/3612/3612 3615/3615/3615
f 3615/3615/3615 3616/3616/3616 3614/3614/3614
f 3617/3617/3617 3619/3619/3619 3618/3618/3618
f 3618/3618/3618 3620/3620/3620 3617/3617/3617
f 3620/3620/3620 3618/3618/3618 3621/3621/3621
f 3621/3621/3621 3622/3622/3622 3620/3620/3620
f 3623/3623/3623 3625/3625/3625 3624/3624/3624
f 3624/3624/3624 3626/3626/3626 3623/3623/3623
f 3626/3626/3626 3624/3624/3624 3627/3627/3627
f 3627/3627/3627 3628/3628/3628 3626/3626/3626
f 3629/3629/3629 3631/3631/3631 3630/3630/3630
f 3630/3630/3630 3632/3632/3632 3629/3629/3629
f 3633/3633/3633 3635/3635/3635 3634/3634/3634
f 3634/3634/3634 3636/3636/3636 3633/3633/3633
f 3637/3637/3637 3639/3639/3639 3638/3638/3638
f 3638/3638/3638 3640/3640/3640 3637/3637/3637
f 3641/3641/3641 3643/3643/3643 3642/3642/3642
f 3642/3642/3642 3644/3644/3644 3641/3641/3641
f 3645/3645/3645 3647/3647/3647 3646/3646/3646
f 3646/3646/3646 3648/3648/3648 3645/3645/3645
f 3649/3649/3649 3651/3651/3651 3650/3650/3650
f 3650/3650/3650 3652/3652/3652 3649/3649/3649
f 3653/3653/3653 3655/3655/3655 3654/3654/3654
f 3654/3654/3654 3656/3656/3656 3653/3653/3653
f 3657/3657/3657 3659/3659/3659 3658/3658/3658
f 3658/3658/3658 3660/3660/3660 3657/3657/3657
f 3661/3661/3661 3663/3663/3663 3662/3662/3662
f 3664/3664/3664 3663/3663/3663 3661/3661/3661
f 3661/3661/3661 3665/3665/3665 3664/3664/3664
f 3666/3666/3666 3664/3664/3664 3665/3665/3665
f 3665/3665/3665 3667/3667/3667 3666/3666/3666
f 3667/3667/3667 3668/3668/3668 3666/3666/3666
f 3669/3669/3669 3671/3671/3671 3670/3670/3670
f 3670/3670/3670 3672/3672/3672 3669/3669/3669
f 3673/3673/3673 3675/3675/3675 3674/3674/3674
f 3674/3674/3674 3676/3676/3676 3673/3673/3673
f 3677/3677/3677 3679/3679/3679 3678/3678/3678
f 3678/3678/3678 3680/3680/3680 3677/3677/3677
f 3681/3681/3681 3683/3683/3683 3682/3682/3682
f 3682/3682/3682 3684/3684/3684 3681/3681/3681
f 3685/3685/3685 3687/3687/3687 3686/3686/3686
f 3686/3686/3686 3688/3688/3688 3685/3685/3685
f 3689/3689/3689 3691/3691/3691 3690/3690/3690
f 3690/3690/3690 3692/3692/3692 3689/3689/3689
f 3693/3693/3693 3695/3695/3695 3694/3694/3694
f 3694/3694/3694 3696/3696/3696 3693/3693/3693
f 3696/3696/3696 3694/3694/3694 3697/3697/3697
f 3697/3697/3697 3698/3698/3698 3696/3696/3696
f 3699/3699/3699 3701/3701/3701 3700/3700/3700
f 3700/3700/3700 3702/3702/3702 3699/3699/3699
f 3702/3702/3702 3700/3700/3700 3703/3703/3703
f 3703/3703/3703 3704/3704/3704 3702/3702/3702
f 3705/3705/3705 3707/3707/3707 3706/3706/3706
f 3706/3706/3706 3708/3708/3708 3705/3705/3705
f 3708/3708/3708 3706/3706/3706 3709/3709/3709
f 3709/3709/3709 3710/3710/3710 3708/3708/3708
f 3711/3711/3711 3713/3713/3713 3712/3712/3712
f 3712/3712/3712 3714/3714/3714 3711/3711/3711
f 3714/3714/3714 3712/3712/3712 3715/3715/3715
f 3715/3715/3715 3716/3716/3716 3714/3714/3714
f 3717/3717/3717 3719/3719/3719 3718/3718/3718
f 3718/3718/3718 3720/3720/3720 3717/3717/3717
f 3720/3720/3720 3718/3718/3718 3721/3721/3721
f 3721/3721/3721 3722/3722/3722 3720/3720/3720
f 3723/3723/3723 3725/3725/3725 3724/3724/3724
f 3724/3724/3724 3726/3726/3726 3723/3723/3723
f 3726/3726/3726 3724/3724/3724 3727/3727/3727
f 3727/3727/3727 3728/3728/3728 3726/3726/3726
f 3729/3729/3729 3731/3731/3731 3730/3730/3730
f 3730/3730/3730 3732/3732/3732 3729/3729/3729
f 3732/3732/3732 3730/3730/3730 3733/3733/3733
f 3733/3733/3733 3734/3734/3734 3732/3732/3732
f 3735/3735/3735 3737/3737/3737 3736/3736/3736
f 3736/3736/3736 3738/3738/3738 3735/3735/3735
f 3739/3739/3739 3741/3741/3741 3740/3740/3740
f 3740/3740/3740 3742/3742/3742 3739/3739/3739
f 3743/3743/3743 3745/3745/3745 3744/3744/3744
f 3744/3744/3744 3746/3746/3746 3743/3743/3743
f 3747/3747/3747 3749/3749/3749 3748/3748/3748
f 3748/3748/3748 3750/3750/3750 3747/3747/3747
f 3751/3751/3751 3753/3753/3753 3752/3752/3752
f 3752/3752/3752 3754/3754/3754 3751/3751/3751
f 3755/3755/3755 3757/3757/3757 3756/3756/3756
f 3756/3756/3756 3758/3758/3758 3755/3755/3755
f 3759/3759/3759 3761/3761/3761 3760/3760/3760
f 3760/3760/3760 3762/3762/3762 3759/3759/3759
f 3763/3763/3763 3765/3765/3765 3764/3764/3764
f 3764/3764/3764 3766/3766/3766 3763/3763/3763
f 3767/3767/3767 3769/3769/3769 3768/3768/3768
f 3770/3770/3770 3769/3769/3769 3767/3767/3767
f 3767/3767/3767 3771/3771/3771 3770/3770/3770
f 3772/3772/3772 3770/3770/3770 3771/3771/3771
f 3771/3771/3771 3773/3773/3773 3772/3772/3772
f 3773/3773/3773 3774/3774/3774 3772/3772/3772
f 3775/3775/3775 3777/3777/3777 3776/3776/3776
f 3776/3776/3776 3778/3778/3778 3775/3775/3775
f 3779/3779/3779 3781/3781/3781 3780/3780/3780
f 3780/3780/3780 3782/3782/3782 3779/3779/3779
f 3783/3783/3783 3785/3785/3785 3784/3784/3784
f 3784/3784/3784 3786/3786/3786 3783/3783/3783
f 3787/3787/3787 3789/3789/3789 3788/3788/3788
f 3788/3788/3788 3790/3790/3790 3787/3787/3787
f 3791/3791/3791 3793/3793/3793 3792/3792/3792
f 3792/3792/3792 3794/3794/3794 3791/3791/3791
f 3795/3795/3795 3797/3797/3797 3796/3796/3796
f 3796/3796/3796 3798/3798/3798 3795/3795/3795
f 3798/3798/3798 3796/3796/3796 3799/3799/3799
f 3796/3796/3796 3800/3800/3800 3799/3799/3799
f 3799/3799/3799 3800/3800/3800 3801/3801/3801
f 3802/3802/3802 3804/3804/3804 3803/3803/3803
f 3803/3803/3803 3805/3805/3805 3802/3802/3802
f 3805/3805/3805 3803/3803/3803 3806/3806/3806
f 3806/3806/3806 3807/3807/3807 3805/3805/3805
f 3808/3808/3808 3810/3810/3810 3809/3809/3809
f 3809/3809/3809 3811/3811/3811 3808/3808/3808
f 3811/3811/3811 3809/3809/3809 3812/3812/3812
f 3812/3812/3812 3813/3813/3813 3811/3811/3811
f 3814/3814/3814 3816/3816/3816 3815/3815/3815
f 3815/3815/3815 3817/3817/3817 3814/3814/3814
f 3817/3817/3817 3815/3815/3815 3818/3818/3818
f 3818/3818/3818 3819/3819/3819 3817/3817/3817
f 3820/3820/3820 3822/3822/3822 3821/3821/3821
f 3821/3821/3821 3823/3823/3823 3820/3820/3820
f 3823/3823/3823 3821/3821/3821 3824/3824/3824
f 3825/3825/3825 3823/3823/3823 3824/3824/3824
f 3824/3824/3824 3826/3826/3826 3825/3825/3825
f 3827/3827/3827 3829/3829/3829 3828/3828/3828
f 3828/3828/3828 3830/3830/3830 3827/3827/3827
f 3830/3830/3830 3828/3828/3828 3831/3831/3831
f 3831/3831/3831 3832/3832/3832 3830/3830/3830
f 3833/3833/3833 3835/3835/3835 3834/3834/3834
f 3834/3834/3834 3836/3836/3836 3833/3833/3833
f 3836/3836/3836 3834/3834/3834 3837/3837/3837
f 3837/3837/3837 3838/3838/3838 3836/3836/3836
f 3839/3839/3839 3841/3841/3841 3840/3840/3840
f 3840/3840/3840 3842/3842/3842 3839/3839/3839
f 3843/3843/3843 3845/3845/3845 3844/3844/3844
f 3844/3844/3844 3846/3846/3846 3843/3843/3843
f 3847/3847/3847 3849/3849/3849 3848/3848/3848
f 3848/3848/3848 3850/3850/3850 3847/3847/3847
f 3851/3851/3851 3853/3853/3853 3852/3852/3852
f 3852/3852/3852 3854/3854/3854 3851/3851/3851
f 3855/3855/3855 3857/3857/3857 3856/3856/3856
f 3856/3856/3856 3858/3858/3858 3855/3855/3855
f 3859/3859/3859 3861/3861/3861 3860/3860/3860
f 3860/3860/3860 3862/3862/3862 3859/3859/3859
f 3863/3863/3863 3865/3865/3865 3864/3864/3864
f 3864/3864/3864 3866/3866/3866 3863/3863/3863
f 3867/3867/3867 3869/3869/3869 3868/3868/3868
f 3868/3868/3868 3870/3870/3870 3867/3867/3867
f 3871/3871/3871 3873/3873/3873 3872/3872/3872
f 3874/3874/3874 3873/3873/3873 3871/3871/3871
f 3871/3871/3871 3875/3875/3875 3874/3874/3874
f 3876/3876/3876 3874/3874/3874 3875/3875/3875
f 3875/3875/3875 3877/3877/3877 3876/3876/3876
f 3877/3877/3877 3878/3878/3878 3876/3876/3876
f 3879/3879/3879 3881/3881/3881 3880/3880/3880
f 3880/3880/3880 3882/3882/3882 3879/3879/3879
f 3883/3883/3883 3885/3885/3885 3884/3884/3884
f 3884/3884/3884 3886/3886/3886 3883/3883/3883
f 3887/3887/3887 3889/3889/3889 3888/3888/3888
f 3888/3888/3888 3890/3890/3890 3887/3887/3887
f 3891/3891/3891 3893/3893/3893 3892/3892/3892
f 3892/3892/3892 3894/3894/3894 3891/3891/3891
f 3895/3895/3895 3897/3897/3897 3896/3896/3896
f 3896/3896/3896 3898/3898/3898 3895/3895/3895
f 3899/3899/3899 3901/3901/3901 3900/3900/3900
f 3900/3900/3900 3902/3902/3902 3899/3899/3899
f 3903/3903/3903 3905/3905/3905 3904/3904/3904
f 3904/3904/3904 3906/3906/3906 3903/3903/3903
f 3907/3907/3907 3909/3909/3909 3908/3908/3908
f 3908/3908/3908 3910/3910/3910 3907/3907/3907
f 3910/3910/3910 3908/3908/3908 3911/3911/3911
f 3911/3911/3911 3912/3912/3912 3910/3910/3910
f 3913/3913/3913 3915/3915/3915 3914/3914/3914
f 3914/3914/3914 3916/3916/3916 3913/3913/3913
f 3916/3916/3916 3914/3914/3914 3917/3917/3917
f 3917/3917/3917 3918/3918/3918 3916/3916/3916
f 3919/3919/3919 3921/3921/3921 3920/3920/3920
f 3920/3920/3920 3922/3922/3922 3919/3919/3919
f 3922/3922/3922 3920/3920/3920 3923/3923/3923
f 3923/3923/3923 3924/3924/3924 3922/3922/3922
f 3925/3925/3925 3927/3927/3927 3926/3926/3926
f 3926/3926/3926 3928/3928/3928 3925/3925/3925
f 3928/3928/3928 3926/3926/3926 3929/3929/3929
f 3929/3929/3929 3930/3930/3930 3928/3928/3928
f 3931/3931/3931 3933/3933/3933 3932/3932/3932
f 3932/3932/3932 3934/3934/3934 3931/3931/3931
f 3934/3934/3934 3932/3932/3932 3935/3935/3935
f 3935/3935/3935 3936/3936/3936 3934/3934/3934
f 3937/3937/3937 3939/3939/3939 3938/3938/3938
f 3938/3938/3938 3940/3940/3940 3937/3937/3937
f 3940/3940/3940 3938/3938/3938 3941/3941/3941
f 3941/3941/3941 3942/3942/3942 3940/3940/3940
f 3943/3943/3943 3945/3945/3945 3944/3944/3944
f 3944/3944/3944 3946/3946/3946 3943/3943/3943
f 3946/3946/3946 3944/3944/3944 3947/3947/3947
f 3947/3947/3947 3948/3948/3948 3946/3946/3946
f 3949/3949/3949 3951/3951/3951 3950/3950/3950
f 3950/3950/3950 3952/3952/3952 3949/3949/3949
f 3953/3953/3953 3955/3955/3955 3954/3954/3954
f 3954/3954/3954 3956/3956/3956 3953/3953/3953
f 3957/3957/3957 3959/3959/3959 3958/3958/3958
f 3958/3958/3958 3960/3960/3960 3957/3957/3957
f 3961/3961/3961 3963/3963/3963 3962/3962/3962
f 3962/3962/3962 3964/3964/3964 3961/3961/3961
f 3965/3965/3965 3967/3967/3967 3966/3966/3966
f 3966/3966/3966 3968/3968/3968 3965/3965/3965
f 3969/3969/3969 3971/3971/3971 3970/3970/3970
f 3970/3970/3970 3972/3972/3972 3969/3969/3969
f 3973/3973/3973 3975/3975/3975 3974/3974/3974
f 3974/3974/3974 3976/3976/3976 3973/3973/3973
f 3977/3977/3977 3979/3979/3979 3978/3978/3978
f 3978/3978/3978 3980/3980/3980 3977/3977/3977
f 3981/3981/3981 3983/3983/3983 3982/3982/3982
f 3984/3984/3984 3983/3983/3983 3981/3981/3981
f 3981/3981/3981 3985/3985/3985 3984/3984/3984
f 3986/3986/3986 3984/3984/3984 3985/3985/3985
f 3985/3985/3985 3987/3987/3987 3986/3986/3986
f 3987/3987/3987 3988/3988/3988 3986/3986/3986
f 3989/3989/3989 3991/3991/3991 3990/3990/3990
f 3990/3990/3990 3992/3992/3992 3989/3989/3989
f 3993/3993/3993 3995/3995/3995 3994/3994/3994
f 3994/3994/3994 3996/3996/3996 3993/3993/3993
f 3997/3997/3997 3999/3999/3999 3998/3998/3998
f 3998/3998/3998 4000/4000/4000 3997/3997/3997
f 4001/4001/4001 4003/4003/4003 4002/4002/4002
f 4002/4002/4002 4004/4004/4004 4001/4001/4001
f 4005/4005/4005 4007/4007/4007 4006/4006/4006
f 4006/4006/4006 4008/4008/4008 4005/4005/4005
f 4009/4009/4009 4011/4011/4011 4010/4010/4010
f 4010/4010/4010 4012/4012/4012 4009/4009/4009
f 4013/4013/4013 4015/4015/4015 4014/4014/4014
f 4014/4014/4014 4016/4016/4016 4013/4013/4013
f 4016/4016/4016 4014/4014/4014 4017/4017/4017
f 4017/4017/4017 4018/4018/4018 4016/4016/4016
f 4019/4019/4019 4021/4021/4021 4020/4020/4020
f 4020/4020/4020 4022/4022/4022 4019/4019/4019
f 4022/4022/4022 4020/4020/4020 4023/4023/4023
f 4023/4023/4023 4024/4024/4024 4022/4022/4022
f 4025/4025/4025 4027/4027/4027 4026/4026/4026
f 4026/4026/4026 4028/4028/4028 4025/4025/4025
f 4028/4028/4028 4026/4026/4026 4029/4029/4029
f 4029/4029/4029 4030/4030/4030 4028/4028/4028
f 4031/4031/4031 4033/4033/4033 4032/4032/4032
f 4032/4032/4032 4034/4034/4034 4031/4031/4031
f 4034/4034/4034 4032/4032/4032 4035/4035/4035
f 4035/4035/4035 4036/4036/4036 4034/4034/4034
f 4037/4037/4037 4039/4039/4039 4038/4038/4038
f 4038/4038/4038 4040/4040/4040 4037/4037/4037
f 4040/4040/4040 4038/4038/4038 4041/4041/4041
f 4041/4041/4041 4042/4042/4042 4040/4040/4040
f 4043/4043/4043 4045/4045/4045 4044/4044/4044
f 4044/4044/4044 4046/4046/4046 4043/4043/4043
f 4046/4046/4046 4044/4044/4044 4047/4047/4047
f 4047/4047/4047 4048/4048/4048 4046/4046/4046
f 4049/4049/4049 4051/4051/4051 4050/4050/4050
f 4050/4050/4050 4052/4052/4052 4049/4049/4049
f 4052/4052/4052 4050/4050/4050 4053/4053/4053
f 4053/4053/4053 4054/4054/4054 4052/4052/4052
f 4055/4055/4055 4057/4057/4057 4056/4056/4056
f 4056/4056/4056 4058/4058/4058 4055/4055/4055
f 4059/4059/4059 4061/4061/4061 4060/4060/4060
f 4060/4060/4060 4062/4062/4062 4059/4059/4059
f 4063/4063/4063 4065/4065/4065 4064/4064/4064
f 4064/4064/4064 4066/4066/4066 4063/4063/4063
f 4067/4067/4067 4069/4069/4069 4068/4068/4068
f 4068/4068/4068 4070/4070/4070 4067/4067/4067
f 4071/4071/4071 4073/4073/4073 4072/4072/4072
f 4072/4072/4072 4074/4074/4074 4071/4071/4071
f 4075/4075/4075 4077/4077/4077 4076/4076/4076
f 4076/4076/4076 4078/4078/4078 4075/4075/4075
f 4079/4079/4079 4081/4081/4081 4080/4080/4080
f 4080/4080/4080 4082/4082/4082 4079/4079/4079
f 4083/4083/4083 4085/4085/4085 4084/4084/4084
f 4084/4084/4084 4086/4086/4086 4083/4083/4083
f 4087/4087/4087 4089/4089/4089 4088/4088/4088
f 4090/4090/4090 4089/4089/4089 4087/4087/4087
f 4087/4087/4087 4091/4091/4091 4090/4090/4090
f 4092/4092/4092 4090/4090/4090 4091/4091/4091
f 4091/4091/4091 4093/4093/4093 4092/4092/4092
f 4093/4093/4093 4094/4094/4094 4092/4092/4092
f 4095/4095/4095 4097/4097/4097 4096/4096/4096
f 4096/4096/4096 4098/4098/4098 4095/4095/4095
f 4099/4099/4099 4101/4101/4101 4100/4100/4100
f 4100/4100/4100 4102/4102/4102 4099/4099/4099
f 4103/4103/4103 4105/4105/4105 4104/4104/4104
f 4104/4104/4104 4106/4106/4106 4103/4103/4103
f 4107/4107/4107 4109/4109/4109 4108/4108/4108
f 4108/4108/4108 4110/4110/4110 4107/4107/4107
f 4111/4111/4111 4113/4113/4113 4112/4112/4112
f 4112/4112/4112 4114/4114/4114 4111/4111/4111
f 4115/4115/4115 4117/4117/4117 4116/4116/4116
f 4116/4116/4116 4118/4118/4118 4115/4115/4115
f 4118/4118/4118 4116/4116/4116 4119/4119/4119
f 4119/4119/4119 4120/4120/4120 4118/4118/4118
f 4121/4121/4121 4123/4123/4123 4122/4122/4122
f 4122/4122/4122 4124/4124/4124 4121/4121/4121
f 4124/4124/4124 4122/4122/4122 4125/4125/4125
f 4125/4125/4125 4126/4126/4126 4124/4124/4124
f 4127/4127/4127 4129/4129/4129 4128/4128/4128
f 4128/4128/4128 4130/4130/4130 4127/4127/4127
f 4130/4130/4130 4128/4128/4128 4131/4131/4131
f 4131/4131/4131 4132/4132/4132 4130/4130/4130
f 4133/4133/4133 4135/4135/4135 4134/4134/4134
f 4134/4134/4134 4136/4136/4136 4133/4133/4133
f 4136/4136/4136 4134/4134/4134 4137/4137/4137
f 4137/4137/4137 4138/4138/4138 4136/4136/4136
f 4139/4139/4139 4141/4141/4141 4140/4140/4140
f 4140/4140/4140 4142/4142/4142 4139/4139/4139
f 4142/4142/4142 4140/4140/4140 4143/4143/4143
f 4143/4143/4143 4144/4144/4144 4142/4142/4142
f 4145/4145/4145 4147/4147/4147 4146/4146/4146
f 4146/4146/4146 4148/4148/4148 4145/4145/4145
f 4148/4148/4148 4146/4146/4146 4149/4149/4149
f 4149/4149/4149 4150/4150/4150 4148/4148/4148
f 4151/4151/4151 4153/4153/4153 4152/4152/4152
f 4152/4152/4152 4154/4154/4154 4151/4151/4151
f 4154/4154/4154 4152/4152/4152 4155/4155/4155
f 4155/4155/4155 4156/4156/4156 4154/4154/4154
f 4157/4157/4157 4159/4159/4159 4158/4158/4158
f 4158/4158/4158 4160/4160/4160 4157/4157/4157
f 4161/4161/4161 4163/4163/4163 4162/4162/4162
f 4162/4162/4162 4164/4164/4164 4161/4161/4161
f 4165/4165/4165 4167/4167/4167 4166/4166/4166
f 4166/4166/4166 4168/4168/4168 4165/4165/4165
f 4169/4169/4169 4171/4171/4171 4170/4170/4170
f 4170/4170/4170 4172/4172/4172 4169/4169/4169
f 4173/4173/4173 4175/4175/4175 4174/4174/4174
f 4174/4174/4174 4176/4176/4176 4173/4173/4173
f 4177/4177/4177 4179/4179/4179 4178/4178/4178
f 4178/4178/4178 4180/4180/4180 4177/4177/4177
f 4181/4181/4181 4183/4183/4183 4182/4182/4182
f 4182/4182/4182 4184/4184/4184 4181/4181/4181
f 4185/4185/4185 4187/4187/4187 4186/4186/4186
f 4186/4186/4186 4188/4188/4188 4185/4185/4185
f 4189/4189/4189 4191/4191/4191 4190/4190/4190
f 4192/4192/4192 4191/4191/4191 4189/4189/4189
f 4189/4189/4189 4193/4193/4193 4192/4192/4192
f 4194/4194/4194 4192/4192/4192 4193/4193/4193
f 4193/4193/4193 4195/4195/4195 4194/4194/4194
f 4195/4195/4195 4196/4196/4196 4194/4194/4194
f 4197/4197/4197 4199/4199/4199 4198/4198/4198
f 4198/4198/4198 4200/4200/4200 4197/4197/4197
f 4201/4201/4201 4203/4203/4203 4202/4202/4202
f 4202/4202/4202 4204/4204/4204 4201/4201/4201
f 4205/4205/4205 4207/4207/4207 4206/4206/4206
f 4206/4206/4206 4208/4208/4208 4205/4205/4205
f 4209/4209/4209 4211/4211/4211 4210/4210/4210
f 4210/4210/4210 4212/4212/4212 4209/4209/4209
f 4213/4213/4213 4215/4215/4215 4214/4214/4214
f 4214/4214/4214 4216/4216/4216 4213/4213/4213
f 4217/4217/4217 4219/4219/4219 4218/4218/4218
f 4218/4218/4218 4220/4220/4220 4217/4217/4217
f 4220/4220/4220 4218/4218/4218 4221/4221/4221
f 4221/4221/4221 4222/4222/4222 4220/4220/4220
f 4223/4223/4223 4225/4225/4225 4224/4224/4224
f 4224/4224/4224 4226/4226/4226 4223/4223/4223
f 4226/4226/4226 4224/4224/4224 4227/4227/4227
f 4228/4228/4228 4230/4230/4230 4229/4229/4229
f 4229/4229/4229 4231/4231/4231 4228/4228/4228
f 4231/4231/4231 4229/4229/4229 4232/4232/4232
f 4232/4232/4232 4233/4233/4233 4231/4231/4231
f 4234/4234/4234 4236/4236/4236 4235/4235/4235
f 4235/4235/4235 4237/4237/4237 4234/4234/4234
f 4237/4237/4237 4235/4235/4235 4238/4238/4238
f 4238/4238/4238 4239/4239/4239 4237/4237/4237
f 4240/4240/4240 4242/4242/4242 4241/4241/4241
f 4241/4241/4241 4243/4243/4243 4240/4240/4240
f 4243/4243/4243 4241/4241/4241 4244/4244/4244
f 4244/4244/4244 4245/4245/4245 4243/4243/4243
f 4246/4246/4246 4248/4248/4248 4247/4247/4247
f 4247/4247/4247 4249/4249/4249 4246/4246/4246
f 4249/4249/4249 4247/4247/4247 4250/4250/4250
f 4250/4250/4250 4251/4251/4251 4249/4249/4249
f 4252/4252/4252 4254/4254/4254 4253/4253/4253
f 4253/4253/4253 4255/4255/4255 4252/4252/4252
f 4255/4255/4255 4253/4253/4253 4256/4256/4256
f 4257/4257/4257 4255/4255/4255 4256/4256/4256
f 4256/4256/4256 4258/4258/4258 4257/4257/4257
f 4259/4259/4259 4261/4261/4261 4260/4260/4260
f 4260/4260/4260 4262/4262/4262 4259/4259/4259
f 4262/4262/4262 4260/4260/4260 4263/4263/4263
f 4263/4263/4263 4264/4264/4264 4262/4262/4262
f 4265/4265/4265 4267/4267/4267 4266/4266/4266
f 4266/4266/4266 4267/4267/4267 4268/4268/4268
f 4269/4269/4269 4271/4271/4271 4270/4270/4270
f 4270/4270/4270 4272/4272/4272 4269/4269/4269
f 4273/4273/4273 4275/4275/4275 4274/4274/4274
f 4274/4274/4274 4276/4276/4276 4273/4273/4273
f 4277/4277/4277 4279/4279/4279 4278/4278/4278
f 4278/4278/4278 4280/4280/4280 4277/4277/4277
f 4281/4281/4281 4283/4283/4283 4282/4282/4282
f 4282/4282/4282 4284/4284/4284 4281/4281/4281
f 4285/4285/4285 4287/4287/4287 4286/4286/4286
f 4286/4286/4286 4288/4288/4288 4285/4285/4285
f 4289/4289/4289 4291/4291/4291 4290/4290/4290
f 4290/4290/4290 4292/4292/4292 4289/4289/4289
f 4293/4293/4293 4295/4295/4295 4294/4294/4294
f 4294/4294/4294 4296/4296/4296 4293/4293/4293
f 4297/4297/4297 4299/4299/4299 4298/4298/4298
f 4298/4298/4298 4300/4300/4300 4297/4297/4297
f 4301/4301/4301 4303/4303/4303 4302/4302/4302
f 4304/4304/4304 4303/4303/4303 4301/4301/4301
f 4301/4301/4301 4305/4305/4305 4304/4304/4304
f 4306/4306/4306 4304/4304/4304 4305/4305/4305
f 4305/4305/4305 4307/4307/4307 4306/4306/4306
f 4307/4307/4307 4308/4308/4308 4306/4306/4306
f 4309/4309/4309 4311/4311/4311 4310/4310/4310
f 4310/4310/4310 4312/4312/4312 4309/4309/4309
f 4313/4313/4313 4315/4315/4315 4314/4314/4314
f 4314/4314/4314 4316/4316/4316 4313/4313/4313
f 4317/4317/4317 4319/4319/4319 4318/4318/4318
f 4318/4318/4318 4320/4320/4320 4317/4317/4317
f 4321/4321/4321 4323/4323/4323 4322/4322/4322
f 4322/4322/4322 4324/4324/4324 4321/4321/4321
f 4325/4325/4325 4327/4327/4327 4326/4326/4326
f 4326/4326/4326 4328/4328/4328 4325/4325/4325
f 4329/4329/4329 4331/4331/4331 4330/4330/4330
f 4330/4330/4330 4332/4332/4332 4329/4329/4329
f 4333/4333/4333 4335/4335/4335 4334/4334/4334
f 4334/4334/4334 4336/4336/4336 4333/4333/4333
f 4337/4337/4337 4339/4339/4339 4338/4338/4338
f 4338/4338/4338 4340/4340/4340 4337/4337/4337
f 4341/4341/4341 4343/4343/4343 4342/4342/4342
f 4342/4342/4342 4344/4344/4344 4341/4341/4341
f 4345/4345/4345 4347/4347/4347 4346/4346/4346
f 4346/4346/4346 4348/4348/4348 4345/4345/4345
f 4349/4349/4349 4351/4351/4351 4350/4350/4350
f 4350/4350/4350 4352/4352/4352 4349/4349/4349
f 4353/4353/4353 4355/4355/4355 4354/4354/4354
f 4354/4354/4354 4356/4356/4356 4353/4353/4353
f 4357/4357/4357 4359/4359/4359 4358/4358/4358
f 4358/4358/4358 4360/4360/4360 4357/4357/4357
f 4361/4361/4361 4363/4363/4363 4362/4362/4362
f 4362/4362/4362 4364/4364/4364 4361/4361/4361
f 4365/4365/4365 4367/4367/4367 4366/4366/4366
f 4366/4366/4366 4368/4368/4368 4365/4365/4365
f 4369/4369/4369 4371/4371/4371 4370/4370/4370
f 4372/4372/4372 4371/4371/4371 4369/4369/4369
f 4369/4369/4369 4373/4373/4373 4372/4372/4372
f 4374/4374/4374 4372/4372/4372 4373/4373/4373
f 4373/4373/4373 4375/4375/4375 4374/4374/4374
f 4375/4375/4375 4376/4376/4376 4374/4374/4374
f 4377/4377/4377 4379/4379/4379 4378/4378/4378
f 4378/4378/4378 4380/4380/4380 4377/4377/4377
f 4381/4381/4381 4383/4383/4383 4382/4382/4382
f 4382/4382/4382 4384/4384/4384 4381/4381/4381
f 4385/4385/4385 4387/4387/4387 4386/4386/4386
f 4386/4386/4386 4388/4388/4388 4385/4385/4385
f 4389/4389/4389 4391/4391/4391 4390/4390/4390
f 4390/4390/4390 4392/4392/4392 4389/4389/4389
f 4393/4393/4393 4395/4395/4395 4394/4394/4394
f 4394/4394/4394 4396/4396/4396 4393/4393/4393
f 4397/4397/4397 4399/4399/4399 4398/4398/4398
f 4398/4398/4398 4400/4400/4400 4397/4397/4397
f 4401/4401/4401 4403/4403/4403 4402/4402/4402
f 4402/4402/4402 4404/4404/4404 4401/4401/4401
f 4405/4405/4405 4407/4407/4407 4406/4406/4406
f 4406/4406/4406 4408/4408/4408 4405/4405/4405
f 4409/4409/4409 4411/4411/4411 4410/4410/4410
f 4410/4410/4410 4412/4412/4412 4409/4409/4409
f 4413/4413/4413 4415/4415/4415 4414/4414/4414
f 4414/4414/4414 4416/4416/4416 4413/4413/4413
f 4417/4417/4417 4419/4419/4419 4418/4418/4418
f 4418/4418/4418 4420/4420/4420 4417/4417/4417
f 4421/4421/4421 4423/4423/4423 4422/4422/4422
f 4422/4422/4422 4424/4424/4424 4421/4421/4421
f 4425/4425/4425 4427/4427/4427 4426/4426/4426
f 4426/4426/4426 4428/4428/4428 4425/4425/4425
f 4429/4429/4429 4431/4431/4431 4430/4430/4430
f 4432/4432/4432 4431/4431/4431 4429/4429/4429
f 4429/4429/4429 4433/4433/4433 4432/4432/4432
f 4434/4434/4434 4432/4432/4432 4433/4433/4433
f 4433/4433/4433 4435/4435/4435 4434/4434/4434
f 4435/4435/4435 4436/4436/4436 4434/4434/4434
f 4437/4437/4437 4439/4439/4439 4438/4438/4438
f 4438/4438/4438 4440/4440/4440 4437/4437/4437
f 4441/4441/4441 4443/4443/4443 4442/4442/4442
f 4442/4442/4442 4444/4444/4444 4441/4441/4441
f 4445/4445/4445 4447/4447/4447 4446/4446/4446
f 4446/4446/4446 4448/4448/4448 4445/4445/4445
f 4449/4449/4449 4451/4451/4451 4450/4450/4450
f 4450/4450/4450 4452/4452/4452 4449/4449/4449
f 4453/4453/4453 4455/4455/4455 4454/4454/4454
f 4454/4454/4454 4456/4456/4456 4453/4453/4453
f 4457/4457/4457 4459/4459/4459 4458/4458/4458
f 4458/4458/4458 4460/4460/4460 4457/4457/4457
f 4460/4460/4460 4458/4458/4458 4461/4461/4461
f 4461/4461/4461 4462/4462/4462 4460/4460/4460
f 4463/4463/4463 4465/4465/4465 4464/4464/4464
f 4464/4464/4464 4466/4466/4466 4463/4463/4463
f 4466/4466/4466 4464/4464/4464 4467/4467/4467
f 4467/4467/4467 4468/4468/4468 4466/4466/4466
f 4469/4469/4469 4471/4471/4471 4470/4470/4470
f 4470/4470/4470 4472/4472/4472 4469/4469/4469
f 4472/4472/4472 4470/4470/4470 4473/4473/4473
f 4473/4473/4473 4474/4474/4474 4472/4472/4472
f 4475/4475/4475 4477/4477/4477 4476/4476/4476
f 4476/4476/4476 4478/4478/4478 4475/4475/4475
f 4478/4478/4478 4476/4476/4476 4479/4479/4479
f 4479/4479/4479 4480/4480/4480 4478/4478/4478
f 4481/4481/4481 4483/4483/4483 4482/4482/4482
f 4482/4482/4482 4484/4484/4484 4481/4481/4481
f 4484/4484/4484 4482/4482/4482 4485/4485/4485
f 4485/4485/4485 4486/4486/4486 4484/4484/4484
f 4487/4487/4487 4489/4489/4489 4488/4488/4488
f 4488/4488/4488 4490/4490/4490 4487/4487/4487
f 4490/4490/4490 4488/4488/4488 4491/4491/4491
f 4491/4491/4491 4492/4492/4492 4490/4490/4490
f 4493/4493/4493 4495/4495/4495 4494/4494/4494
f 4494/4494/4494 4496/4496/4496 4493/4493/4493
f 4496/4496/4496 4494/4494/4494 4497/4497/4497
f 4497/4497/4497 4498/4498/4498 4496/4496/4496
f 4499/4499/4499 4501/4501/4501 4500/4500/4500
f 4500/4500/4500 4502/4502/4502 4499/4499/4499
f 4503/4503/4503 4505/4505/4505 4504/4504/4504
f 4504/4504/4504 4506/4506/4506 4503/4503/4503
f 4507/4507/4507 4509/4509/4509 4508/4508/4508
f 4508/4508/4508 4510/4510/4510 4507/4507/4507
f 4511/4511/4511 4513/4513/4513 4512/4512/4512
f 4512/4512/4512 4514/4514/4514 4511/4511/4511
f 4515/4515/4515 4517/4517/4517 4516/4516/4516
f 4516/4516/4516 4518/4518/4518 4515/4515/4515
f 4519/4519/4519 4521/4521/4521 4520/4520/4520
f 4520/4520/4520 4522/4522/4522 4519/4519/4519
f 4523/4523/4523 4525/4525/4525 4524/4524/4524
f 4524/4524/4524 4526/4526/4526 4523/4523/4523
f 4527/4527/4527 4529/4529/4529 4528/4528/4528
f 4528/4528/4528 4530/4530/4530 4527/4527/4527
f 4531/4531/4531 4533/4533/4533 4532/4532/4532
f 4534/4534/4534 4533/4533/4533 4531/4531/4531
f 4531/4531/4531 4535/4535/4535 4534/4534/4534
f 4536/4536/4536 4534/4534/4534 4535/4535/4535
f 4535/4535/4535 4537/4537/4537 4536/4536/4536
f 4537/4537/4537 4538/4538/4538 4536/4536/4536
f 4539/4539/4539 4541/4541/4541 4540/4540/4540
f 4540/4540/4540 4542/4542/4542 4539/4539/4539
f 4543/4543/4543 4545/4545/4545 4544/4544/4544
f 4544/4544/4544 4546/4546/4546 4543/4543/4543
f 4547/4547/4547 4549/4549/4549 4548/4548/4548
f 4548/4548/4548 4550/4550/4550 4547/4547/4547
f 4551/4551/4551 4553/4553/4553 4552/4552/4552
f 4552/4552/4552 4554/4554/4554 4551/4551/4551
f 4555/4555/4555 4557/4557/4557 4556/4556/4556
f 4556/4556/4556 4558/4558/4558 4555/4555/4555
f 4559/4559/4559 4561/4561/4561 4560/4560/4560
f 4560/4560/4560 4562/4562/4562 4559/4559/4559
f 4562/4562/4562 4560/4560/4560 4563/4563/4563
f 4563/4563/4563 4564/4564/4564 4562/4562/4562
f 4565/4565/4565 4567/4567/4567 4566/4566/4566
f 4566/4566/4566 4568/4568/4568 4565/4565/4565
f 4568/4568/4568 4566/4566/4566 4569/4569/4569
f 4569/4569/4569 4570/4570/4570 4568/4568/4568
f 4571/4571/4571 4573/4573/4573 4572/4572/4572
f 4572/4572/4572 4574/4574/4574 4571/4571/4571
f 4574/4574/4574 4572/4572/4572 4575/4575/4575
f 4575/4575/4575 4576/4576/4576 4574/4574/4574
f 4577/4577/4577 4579/4579/4579 4578/4578/4578
f 4578/4578/4578 4580/4580/4580 4577/4577/4577
f 4580/4580/4580 4578/4578/4578 4581/4581/4581
f 4581/4581/4581 4582/4582/4582 4580/4580/4580
f 4583/4583/4583 4585/4585/4585 4584/4584/4584
f 4584/4584/4584 4586/4586/4586 4583/4583/4583
f 4586/4586/4586 4584/4584/4584 4587/4587/4587
f 4587/4587/4587 4588/4588/4588 4586/4586/4586
f 4589/4589/4589 4591/4591/4591 4590/4590/4590
f 4590/4590/4590 4592/4592/4592 4589/4589/4589
f 4592/4592/4592 4590/4590/4590 4593/4593/4593
f 4593/4593/4593 4594/4594/4594 4592/4592/4592
f 4595/4595/4595 4597/4597/4597 4596/4596/4596
f 4596/4596/4596 4598/4598/4598 4595/4595/4595
f 4598/4598/4598 4596/4596/4596 4599/4599/4599
f 4599/4599/4599 4600/4600/4600 4598/4598/4598
f 4601/4601/4601 4603/4603/4603 4602/4602/4602
f 4602/4602/4602 4604/4604/4604 4601/4601/4601
f 4605/4605/4605 4607/4607/4607 4606/4606/4606
f 4606/4606/4606 4608/4608/4608 4605/4605/4605
f 4609/4609/4609 4611/4611/4611 4610/4610/4610
f 4610/4610/4610 4612/4612/4612 4609/4609/4609
f 4613/4613/4613 4615/4615/4615 4614/4614/4614
f 4614/4614/4614 4616/4616/4616 4613/4613/4613
f 4617/4617/4617 4619/4619/4619 4618/4618/4618
f 4618/4618/4618 4620/4620/4620 4617/4617/4617
f 4621/4621/4621 4623/4623/4623 4622/4622/4622
f 4622/4622/4622 4624/4624/4624 4621/4621/4621
f 4625/4625/4625 4627/4627/4627 4626/4626/4626
f 4626/4626/4626 4628/4628/4628 4625/4625/4625
f 4629/4629/4629 4631/4631/4631 4630/4630/4630
f 4630/4630/4630 4632/4632/4632 4629/4629/4629
f 4633/4633/4633 4635/4635/4635 4634/4634/4634
f 4636/4636/4636 4635/4635/4635 4633/4633/4633
f 4633/4633/4633 4637/4637/4637 4636/4636/4636
f 4638/4638/4638 4636/4636/4636 4637/4637/4637
f 4637/4637/4637 4639/4639/4639 4638/4638/4638
f 4639/4639/4639 4640/4640/4640 4638/4638/4638
f 4641/4641/4641 4643/4643/4643 4642/4642/4642
f 4642/4642/4642 4644/4644/4644 4641/4641/4641
f 4645/4645/4645 4647/4647/4647 4646/4646/4646
f 4646/4646/4646 4648/4648/4648 4645/4645/4645
f 4649/4649/4649 4651/4651/4651 4650/4650/4650
f 4650/4650/4650 4652/4652/4652 4649/4649/4649
f 4653/4653/4653 4655/4655/4655 4654/4654/4654
f 4654/4654/4654 4656/4656/4656 4653/4653/4653
f 4657/4657/4657 4659/4659/4659 4658/4658/4658
f 4658/4658/4658 4660/4660/4660 4657/4657/4657
f 4661/4661/4661 4663/4663/4663 4662/4662/4662
f 4662/4662/4662 4664/4664/4664 4661/4661/4661
f 4665/4665/4665 4667/4667/4667 4666/4666/4666
f 4666/4666/4666 4668/4668/4668 4665/4665/4665
f 4669/4669/4669 4671/4671/4671 4670/4670/4670
f 4670/4670/4670 4672/4672/4672 4669/4669/4669
f 4673/4673/4673 4675/4675/4675 4674/4674/4674
f 4674/4674/4674 4676/4676/4676 4673/4673/4673
f 4677/4677/4677 4679/4679/4679 4678/4678/4678
f 4678/4678/4678 4680/4680/4680 4677/4677/4677
f 4681/4681/4681 4683/4683/4683 4682/4682/4682
f 4682/4682/4682 4684/4684/4684 4681/4681/4681
f 4684/4684/4684 4682/4682/4682 4685/4685/4685
f 4685/4685/4685 4686/4686/4686 4684/4684/4684
f 4687/4687/4687 4689/4689/4689 4688/4688/4688
f 4688/4688/4688 4690/4690/4690 4687/4687/4687
f 4690/4690/4690 4688/4688/4688 4691/4691/4691
f 4691/4691/4691 4692/4692/4692 4690/4690/4690
f 4693/4693/4693 4695/4695/4695 4694/4694/4694
f 4694/4694/4694 4696/4696/4696 4693/4693/4693
f 4696/4696/4696 4694/4694/4694 4697/4697/4697
f 4697/4697/4697 4698/4698/4698 4696/4696/4696
f 4699/4699/4699 4701/4701/4701 4700/4700/4700
f 4700/4700/4700 4702/4702/4702 4699/4699/4699
f 4702/4702/4702 4700/4700/4700 4703/4703/4703
f 4703/4703/4703 4704/4704/4704 4702/4702/4702
f 4705/4705/4705 4707/4707/4707 4706/4706/4706
f 4706/4706/4706 4708/4708/4708 4705/4705/4705
f 4708/4708/4708 4706/4706/4706 4709/4709/4709
f 4709/4709/4709 4710/4710/4710 4708/4708/4708
f 4711/4711/4711 4713/4713/4713 4712/4712/4712
f 4712/4712/4712 4714/4714/4714 4711/4711/4711
f 4714/4714/4714 4712/4712/4712 4715/4715/4715
f 4715/4715/4715 4716/4716/4716 4714/4714/4714
f 4717/4717/4717 4719/4719/4719 4718/4718/4718
f 4718/4718/4718 4720/4720/4720 4717/4717/4717
f 4720/4720/4720 4718/4718/4718 4721/4721/4721
f 4721/4721/4721 4722/4722/4722 4720/4720/4720
f 4723/4723/4723 4725/4725/4725 4724/4724/4724
f 4724/4724/4724 4726/4726/4726 4723/4723/4723
f 4727/4727/4727 4729/4729/4729 4728/4728/4728
f 4728/4728/4728 4730/4730/4730 4727/4727/4727
f 4731/4731/4731 4733/4733/4733 4732/4732/4732
f 4732/4732/4732 4734/4734/4734 4731/4731/4731
f 4735/4735/4735 4737/4737/4737 4736/4736/4736
f 4736/4736/4736 4738/4738/4738 4735/4735/4735
f 4739/4739/4739 4741/4741/4741 4740/4740/4740
f 4740/4740/4740 4742/4742/4742 4739/4739/4739
f 4743/4743/4743 4745/4745/4745 4744/4744/4744
f 4744/4744/4744 4746/4746/4746 4743/4743/4743
f 4747/4747/4747 4749/4749/4749 4748/4748/4748
f 4748/4748/4748 4750/4750/4750 4747/4747/4747
f 4751/4751/4751 4753/4753/4753 4752/4752/4752
f 4752/4752/4752 4754/4754/4754 4751/4751/4751
f 4755/4755/4755 4757/4757/4757 4756/4756/4756
f 4758/4758/4758 4757/4757/4757 4755/4755/4755
f 4755/4755/4755 4759/4759/4759 4758/4758/4758
f 4760/4760/4760 4758/4758/4758 4759/4759/4759
f 4759/4759/4759 4761/4761/4761 4760/4760/4760
f 4761/4761/4761 4762/4762/4762 4760/4760/4760
f 4763/4763/4763 4765/4765/4765 4764/4764/4764
f 4764/4764/4764 4766/4766/4766 4763/4763/4763
f 4767/4767/4767 4769/4769/4769 4768/4768/4768
f 4768/4768/4768 4770/4770/4770 4767/4767/4767
f 4771/4771/4771 4773/4773/4773 4772/4772/4772
f 4772/4772/4772 4774/4774/4774 4771/4771/4771
f 4775/4775/4775 4777/4777/4777 4776/4776/4776
f 4776/4776/4776 4778/4778/4778 4775/4775/4775
f 4779/4779/4779 4781/4781/4781 4780/4780/4780
f 4780/4780/4780 4782/4782/4782 4779/4779/4779
f 4783/4783/4783 4785/4785/4785 4784/4784/4784
f 4784/4784/4784 4786/4786/4786 4783/4783/4783
f 4787/4787/4787 4789/4789/4789 4788/4788/4788
f 4788/4788/4788 4790/4790/4790 4787/4787/4787
f 4787/4787/4787 4790/4790/4790 4791/4791/4791
f 4791/4791/4791 4793/4793/4793 4792/4792/4792
f 4792/4792/4792 4794/4794/4794 4791/4791/4791
f 4795/4795/4795 4797/4797/4797 4796/4796/4796
f 4796/4796/4796 4798/4798/4798 4795/4795/4795
f 4798/4798/4798 4800/4800/4800 4799/4799/4799
f 4799/4799/4799 4801/4801/4801 4798/4798/4798
f 4802/4802/4802 4804/4804/4804 4803/4803/4803
f 4803/4803/4803 4805/4805/4805 4802/4802/4802
f 4806/4806/4806 4808/4808/4808 4807/4807/4807
f 4806/4806/4806 4809/4809/4809 4808/4808/4808
f 4809/4809/4809 4810/4810/4810 4808/4808/4808
f 4811/4811/4811 4810/4810/4810 4809/4809/4809
f 4812/4812/4812 4810/4810/4810 4811/4811/4811
f 4810/4810/4810 4813/4813/4813 4808/4808/4808
f 4808/4808/4808 4813/4813/4813 4814/4814/4814
f 4814/4814/4814 4813/4813/4813 4815/4815/4815
f 4814/4814/4814 4815/4815/4815 4816/4816/4816
f 4817/4817/4817 4816/4816/4816 4815/4815/4815
f 4815/4815/4815 4818/4818/4818 4817/4817/4817
f 4818/4818/4818 4819/4819/4819 4817/4817/4817
f 4819/4819/4819 4820/4820/4820 4817/4817/4817
f 4821/4821/4821 4817/4817/4817 4820/4820/4820
f 4822/4822/4822 4821/4821/4821 4820/4820/4820
f 4823/4823/4823 4822/4822/4822 4820/4820/4820
f 4824/4824/4824 4823/4823/4823 4820/4820/4820
f 4820/4820/4820 4825/4825/4825 4824/4824/4824
f 4826/4826/4826 4822/4822/4822 4823/4823/4823
f 4827/4827/4827 4822/4822/4822 4826/4826/4826
f 4828/4828/4828 4830/4830/4830 4829/4829/4829
f 4829/4829/4829 4831/4831/4831 4828/4828/4828
f 4832/4832/4832 4834/4834/4834 4833/4833/4833
f 4833/4833/4833 4835/4835/4835 4832/4832/4832
f 4836/4836/4836 4838/4838/4838 4837/4837/4837
f 4837/4837/4837 4839/4839/4839 4836/4836/4836
f 4840/4840/4840 4842/4842/4842 4841/4841/4841
f 4841/4841/4841 4843/4843/4843 4840/4840/4840
f 4844/4844/4844 4846/4846/4846 4845/4845/4845
f 4845/4845/4845 4847/4847/4847 4844/4844/4844
f 4848/4848/4848 4850/4850/4850 4849/4849/4849
f 4849/4849/4849 4851/4851/4851 4848/4848/4848
f 4852/4852/4852 4854/4854/4854 4853/4853/4853
f 4853/4853/4853 4855/4855/4855 4852/4852/4852
f 4856/4856/4856 4858/4858/4858 4857/4857/4857
f 4857/4857/4857 4859/4859/4859 4856/4856/4856
f 4860/4860/4860 4862/4862/4862 4861/4861/4861
f 4861/4861/4861 4863/4863/4863 4860/4860/4860
f 4864/4864/4864 4866/4866/4866 4865/4865/4865
f 4865/4865/4865 4867/4867/4867 4864/4864/4864
f 4868/4868/4868 4870/4870/4870 4869/4869/4869
f 4869/4869/4869 4871/4871/4871 4868/4868/4868
f 4872/4872/4872 4874/4874/4874 4873/4873/4873
f 4873/4873/4873 4875/4875/4875 4872/4872/4872
f 4875/4875/4875 4877/4877/4877 4876/4876/4876
f 4876/4876/4876 4878/4878/4878 4875/4875/4875
f 4879/4879/4879 4881/4881/4881 4880/4880/4880
f 4880/4880/4880 4882/4882/4882 4879/4879/4879
f 4883/4883/4883 4885/4885/4885 4884/4884/4884
f 4884/4884/4884 4886/4886/4886 4883/4883/4883
f 4886/4886/4886 4887/4887/4887 4883/4883/4883
f 4888/4888/4888 4890/4890/4890 4889/4889/4889
f 4889/4889/4889 4891/4891/4891 4888/4888/4888
f 4892/4892/4892 4894/4894/4894 4893/4893/4893
f 4893/4893/4893 4895/4895/4895 4892/4892/4892
f 4896/4896/4896 4898/4898/4898 4897/4897/4897
f 4896/4896/4896 4899/4899/4899 4898/4898/4898
f 4899/4899/4899 4900/4900/4900 4898/4898/4898
f 4899/4899/4899 4901/4901/4901 4900/4900/4900
f 4899/4899/4899 4902/4902/4902 4901/4901/4901
f 4902/4902/4902 4903/4903/4903 4901/4901/4901
f 4901/4901/4901 4904/4904/4904 4900/4900/4900
f 4901/4901/4901 4905/4905/4905 4904/4904/4904
f 4906/4906/4906 4905/4905/4905 4901/4901/4901
f 4907/4907/4907 4905/4905/4905 4906/4906/4906
f 4908/4908/4908 4905/4905/4905 4907/4907/4907
f 4909/4909/4909 4905/4905/4905 4908/4908/4908
f 4910/4910/4910 4905/4905/4905 4909/4909/4909
f 4911/4911/4911 4910/4910/4910 4909/4909/4909
f 4909/4909/4909 4912/4912/4912 4911/4911/4911
f 4912/4912/4912 4913/4913/4913 4911/4911/4911
f 4911/4911/4911 4913/4913/4913 4914/4914/4914
f 4915/4915/4915 4914/4914/4914 4913/4913/4913
f 4916/4916/4916 4914/4914/4914 4915/4915/4915
f 4917/4917/4917 4916/4916/4916 4915/4915/4915
f 4918/4918/4918 4914/4914/4914 4916/4916/4916
f 4919/4919/4919 4914/4914/4914 4918/4918/4918
f 4920/4920/4920 4922/4922/4922 4921/4921/4921
f 4921/4921/4921 4923/4923/4923 4920/4920/4920
f 4924/4924/4924 4923/4923/4923 4921/4921/4921
f 4925/4925/4925 4927/4927/4927 4926/4926/4926
f 4926/4926/4926 4928/4928/4928 4925/4925/4925
f 4929/4929/4929 4931/4931/4931 4930/4930/4930
f 4930/4930/4930 4932/4932/4932 4929/4929/4929
f 4933/4933/4933 4935/4935/4935 4934/4934/4934
f 4934/4934/4934 4936/4936/4936 4933/4933/4933
f 4937/4937/4937 4939/4939/4939 4938/4938/4938
f 4939/4939/4939 4940/4940/4940 4938/4938/4938
f 4938/4938/4938 4940/4940/4940 4941/4941/4941
f 4941/4941/4941 4940/4940/4940 4942/4942/4942
f 4940/4940/4940 4943/4943/4943 4942/4942/4942
f 4942/4942/4942 4943/4943/4943 4944/4944/4944
f 4943/4943/4943 4945/4945/4945 4944/4944/4944
f 4945/4945/4945 4946/4946/4946 4944/4944/4944
f 4944/4944/4944 4946/4946/4946 4947/4947/4947
f 4947/4947/4947 4946/4946/4946 4948/4948/4948
f 4946/4946/4946 4949/4949/4949 4948/4948/4948
f 4948/4948/4948 4949/4949/4949 4950/4950/4950
f 4950/4950/4950 4949/4949/4949 4951/4951/4951
f 4950/4950/4950 4951/4951/4951 4952/4952/4952
f 4953/4953/4953 4938/4938/4938 4941/4941/4941
f 4954/4954/4954 4953/4953/4953 4941/4941/4941
f 4955/4955/4955 4953/4953/4953 4954/4954/4954
f 4956/4956/4956 4938/4938/4938 4953/4953/4953
f 4957/4957/4957 4956/4956/4956 4953/4953/4953
f 4952/4952/4952 4951/4951/4951 4958/4958/4958
f 4951/4951/4951 4959/4959/4959 4958/4958/4958
f 4960/4960/4960 4952/4952/4952 4958/4958/4958
f 4961/4961/4961 4952/4952/4952 4960/4960/4960
f 4959/4959/4959 4962/4962/4962 4958/4958/4958
f 4963/4963/4963 4958/4958/4958 4962/4962/4962
f 4964/4964/4964 4963/4963/4963 4962/4962/4962
f 4965/4965/4965 4962/4962/4962 4959/4959/4959
f 4966/4966/4966 4965/4965/4965 4959/4959/4959
f 4967/4967/4967 4969/4969/4969 4968/4968/4968
f 4968/4968/4968 4970/4970/4970 4967/4967/4967
f 4967/4967/4967 4970/4970/4970 4971/4971/4971
f 4971/4971/4971 4973/4973/4973 4972/4972/4972
f 4972/4972/4972 4973/4973/4973 4974/4974/4974
f 4974/4974/4974 4975/4975/4975 4972/4972/4972
f 4976/4976/4976 4978/4978/4978 4977/4977/4977
f 4977/4977/4977 4979/4979/4979 4976/4976/4976
f 4980/4980/4980 4982/4982/4982 4981/4981/4981
f 4981/4981/4981 4983/4983/4983 4980/4980/4980
f 4983/4983/4983 4984/4984/4984 4980/4980/4980
f 4985/4985/4985 4987/4987/4987 4986/4986/4986
f 4986/4986/4986 4988/4988/4988 4985/4985/4985
f 4989/4989/4989 4991/4991/4991 4990/4990/4990
f 4990/4990/4990 4992/4992/4992 4989/4989/4989
f 4993/4993/4993 4995/4995/4995 4994/4994/4994
f 4994/4994/4994 4996/4996/4996 4993/4993/4993
f 4997/4997/4997 4999/4999/4999 4998/4998/4998
f 4998/4998/4998 4999/4999/4999 5000/5000/5000
f 5001/5001/5001 5003/5003/5003 5002/5002/5002
f 5002/5002/5002 5004/5004/5004 5001/5001/5001
f 5005/5005/5005 5007/5007/5007 5006/5006/5006
f 5006/5006/5006 5008/5008/5008 5005/5005/5005
f 5009/5009/5009 5005/5005/5005 5010/5010/5010
f 5010/5010/5010 5011/5011/5011 5009/5009/5009
f 5012/5012/5012 5014/5014/5014 5013/5013/5013
f 5013/5013/5013 5015/5015/5015 5012/5012/5012
f 5016/5016/5016 5018/5018/5018 5017/5017/5017
f 5017/5017/5017 5019/5019/5019 5016/5016/5016
f 5020/5020/5020 5016/5016/5016 5019/5019/5019
f 5019/5019/5019 5021/5021/5021 5020/5020/5020
f 5022/5022/5022 5024/5024/5024 5023/5023/5023
f 5023/5023/5023 5025/5025/5025 5022/5022/5022
f 5026/5026/5026 5028/5028/5028 5027/5027/5027
f 5027/5027/5027 5029/5029/5029 5026/5026/5026
f 5030/5030/5030 5032/5032/5032 5031/5031/5031
f 5031/5031/5031 5033/5033/5033 5030/5030/5030
f 5034/5034/5034 5036/5036/5036 5035/5035/5035
f 5035/5035/5035 5037/5037/5037 5034/5034/5034
f 5038/5038/5038 5040/5040/5040 5039/5039/5039
f 5039/5039/5039 5041/5041/5041 5038/5038/5038
f 5042/5042/5042 5044/5044/5044 5043/5043/5043
f 5043/5043/5043 5045/5045/5045 5042/5042/5042
f 5046/5046/5046 5048/5048/5048 5047/5047/5047
f 5047/5047/5047 5049/5049/5049 5046/5046/5046
f 5050/5050/5050 5052/5052/5052 5051/5051/5051
f 5051/5051/5051 5053/5053/5053 5050/5050/5050
f 5054/5054/5054 5056/5056/5056 5055/5055/5055
f 5055/5055/5055 5057/5057/5057 5054/5054/5054
f 5058/5058/5058 5060/5060/5060 5059/5059/5059
f 5059/5059/5059 5061/5061/5061 5058/5058/5058
f 5062/5062/5062 5064/5064/5064 5063/5063/5063
f 5063/5063/5063 5065/5065/5065 5062/5062/5062
f 5066/5066/5066 5068/5068/5068 5067/5067/5067
f 5067/5067/5067 5069/5069/5069 5066/5066/5066
f 5070/5070/5070 5072/5072/5072 5071/5071/5071
f 5071/5071/5071 5073/5073/5073 5070/5070/5070
f 5074/5074/5074 5076/5076/5076 5075/5075/5075
f 5075/5075/5075 5077/5077/5077 5074/5074/5074
f 5078/5078/5078 5080/5080/5080 5079/5079/5079
f 5079/5079/5079 5081/5081/5081 5078/5078/5078
f 5082/5082/5082 5084/5084/5084 5083/5083/5083
f 5083/5083/5083 5085/5085/5085 5082/5082/5082
f 5086/5086/5086 5088/5088/5088 5087/5087/5087
f 5087/5087/5087 5089/5089/5089 5086/5086/5086
f 5090/5090/5090 5092/5092/5092 5091/5091/5091
f 5091/5091/5091 5093/5093/5093 5090/5090/5090
f 5094/5094/5094 5096/5096/5096 5095/5095/5095
f 5095/5095/5095 5097/5097/5097 5094/5094/5094
f 5098/5098/5098 5100/5100/5100 5099/5099/5099
f 5099/5099/5099 5101/5101/5101 5098/5098/5098
f 5102/5102/5102 5104/5104/5104 5103/5103/5103
f 5103/5103/5103 5105/5105/5105 5102/5102/5102
f 5106/5106/5106 5108/5108/5108 5107/5107/5107
f 5107/5107/5107 5109/5109/5109 5106/5106/5106
f 5110/5110/5110 5112/5112/5112 5111/5111/5111
f 5111/5111/5111 5113/5113/5113 5110/5110/5110
f 5114/5114/5114 5116/5116/5116 5115/5115/5115
f 5115/5115/5115 5117/5117/5117 5114/5114/5114
f 5118/5118/5118 5120/5120/5120 5119/5119/5119
f 5119/5119/5119 5121/5121/5121 5118/5118/5118
f 5122/5122/5122 5124/5124/5124 5123/5123/5123
f 5123/5123/5123 5125/5125/5125 5122/5122/5122
f 5126/5126/5126 5128/5128/5128 5127/5127/5127
f 5127/5127/5127 5129/5129/5129 5126/5126/5126
f 5130/5130/5130 5132/5132/5132 5131/5131/5131
f 5131/5131/5131 5133/5133/5133 5130/5130/5130
f 5134/5134/5134 5136/5136/5136 5135/5135/5135
f 5135/5135/5135 5137/5137/5137 5134/5134/5134
f 5138/5138/5138 5140/5140/5140 5139/5139/5139
f 5139/5139/5139 5141/5141/5141 5138/5138/5138
f 5142/5142/5142 5144/5144/5144 5143/5143/5143
f 5143/5143/5143 5145/5145/5145 5142/5142/5142
f 5146/5146/5146 5148/5148/5148 5147/5147/5147
f 5147/5147/5147 5149/5149/5149 5146/5146/5146
f 5150/5150/5150 5152/5152/5152 5151/5151/5151
f 5151/5151/5151 5153/5153/5153 5150/5150/5150
f 5154/5154/5154 5156/5156/5156 5155/5155/5155
f 5155/5155/5155 5157/5157/5157 5154/5154/5154
f 5158/5158/5158 5160/5160/5160 5159/5159/5159
f 5159/5159/5159 5161/5161/5161 5158/5158/5158
f 5162/5162/5162 5164/5164/5164 5163/5163/5163
f 5163/5163/5163 5165/5165/5165 5162/5162/5162
f 5166/5166/5166 5168/5168/5168 5167/5167/5167
f 5167/5167/5167 5169/5169/5169 5166/5166/5166
f 5170/5170/5170 5172/5172/5172 5171/5171/5171
f 5171/5171/5171 5173/5173/5173 5170/5170/5170
f 5174/5174/5174 5176/5176/5176 5175/5175/5175
f 5175/5175/5175 5177/5177/5177 5174/5174/5174
f 5178/5178/5178 5180/5180/5180 5179/5179/5179
f 5179/5179/5179 5181/5181/5181 5178/5178/5178
f 5182/5182/5182 5184/5184/5184 5183/5183/5183
f 5183/5183/5183 5185/5185/5185 5182/5182/5182
f 5186/5186/5186 5188/5188/5188 5187/5187/5187
f 5187/5187/5187 5189/5189/5189 5186/5186/5186
f 5189/5189/5189 5187/5187/5187 5190/5190/5190
f 5190/5190/5190 5191/5191/5191 5189/5189/5189
f 5192/5192/5192 5194/5194/5194 5193/5193/5193
f 5193/5193/5193 5195/5195/5195 5192/5192/5192
f 5195/5195/5195 5193/5193/5193 5196/5196/5196
f 5196/5196/5196 5197/5197/5197 5195/5195/5195
f 5198/5198/5198 5200/5200/5200 5199/5199/5199
f 5199/5199/5199 5201/5201/5201 5198/5198/5198
f 5201/5201/5201 5199/5199/5199 5202/5202/5202
f 5202/5202/5202 5203/5203/5203 5201/5201/5201
f 5204/5204/5204 5206/5206/5206 5205/5205/5205
f 5205/5205/5205 5207/5207/5207 5204/5204/5204
f 5207/5207/5207 5205/5205/5205 5208/5208/5208
f 5208/5208/5208 5209/5209/5209 5207/5207/5207
f 5210/5210/5210 5212/5212/5212 5211/5211/5211
f 5211/5211/5211 5213/5213/5213 5210/5210/5210
f 5213/5213/5213 5211/5211/5211 5214/5214/5214
f 5214/5214/5214 5215/5215/5215 5213/5213/5213
f 5216/5216/5216 5218/5218/5218 5217/5217/5217
f 5217/5217/5217 5219/5219/5219 5216/5216/5216
f 5219/5219/5219 5217/5217/5217 5220/5220/5220
f 5220/5220/5220 5221/5221/5221 5219/5219/5219
f 5222/5222/5222 5224/5224/5224 5223/5223/5223
f 5223/5223/5223 5225/5225/5225 5222/5222/5222
f 5226/5226/5226 5228/5228/5228 5227/5227/5227
f 5227/5227/5227 5229/5229/5229 5226/5226/5226
f 5230/5230/5230 5232/5232/5232 5231/5231/5231
f 5231/5231/5231 5233/5233/5233 5230/5230/5230
f 5234/5234/5234 5236/5236/5236 5235/5235/5235
f 5235/5235/5235 5237/5237/5237 5234/5234/5234
f 5238/5238/5238 5240/5240/5240 5239/5239/5239
f 5239/5239/5239 5241/5241/5241 5238/5238/5238
f 5242/5242/5242 5244/5244/5244 5243/5243/5243
f 5243/5243/5243 5245/5245/5245 5242/5242/5242
f 5246/5246/5246 5248/5248/5248 5247/5247/5247
f 5247/5247/5247 5249/5249/5249 5246/5246/5246
f 5250/5250/5250 5252/5252/5252 5251/5251/5251
f 5251/5251/5251 5253/5253/5253 5250/5250/5250
f 5254/5254/5254 5256/5256/5256 5255/5255/5255
f 5257/5257/5257 5256/5256/5256 5254/5254/5254
f 5254/5254/5254 5258/5258/5258 5257/5257/5257
f 5259/5259/5259 5257/5257/5257 5258/5258/5258
f 5258/5258/5258 5260/5260/5260 5259/5259/5259
f 5260/5260/5260 5261/5261/5261 5259/5259/5259
f 5262/5262/5262 5264/5264/5264 5263/5263/5263
f 5263/5263/5263 5265/5265/5265 5262/5262/5262
f 5266/5266/5266 5268/5268/5268 5267/5267/5267
f 5267/5267/5267 5269/5269/5269 5266/5266/5266
f 5270/5270/5270 5272/5272/5272 5271/5271/5271
f 5271/5271/5271 5273/5273/5273 5270/5270/5270
f 5274/5274/5274 5276/5276/5276 5275/5275/5275
f 5275/5275/5275 5277/5277/5277 5274/5274/5274
f 5278/5278/5278 5280/5280/5280 5279/5279/5279
f 5279/5279/5279 5281/5281/5281 5278/5278/5278
f 5282/5282/5282 5284/5284/5284 5283/5283/5283
f 5283/5283/5283 5285/5285/5285 5282/5282/5282
f 5285/5285/5285 5283/5283/5283 5286/5286/5286
f 5286/5286/5286 5287/5287/5287 5285/5285/5285
f 5288/5288/5288 5290/5290/5290 5289/5289/5289
f 5289/5289/5289 5291/5291/5291 5288/5288/5288
f 5291/5291/5291 5289/5289/5289 5292/5292/5292
f 5292/5292/5292 5293/5293/5293 5291/5291/5291
f 5294/5294/5294 5296/5296/5296 5295/5295/5295
f 5295/5295/5295 5297/5297/5297 5294/5294/5294
f 5297/5297/5297 5295/5295/5295 5298/5298/5298
f 5298/5298/5298 5299/5299/5299 5297/5297/5297
f 5300/5300/5300 5302/5302/5302 5301/5301/5301
f 5301/5301/5301 5303/5303/5303 5300/5300/5300
f 5303/5303/5303 5301/5301/5301 5304/5304/5304
f 5304/5304/5304 5305/5305/5305 5303/5303/5303
f 5306/5306/5306 5308/5308/5308 5307/5307/5307
f 5307/5307/5307 5309/5309/5309 5306/5306/5306
f 5309/5309/5309 5307/5307/5307 5310/5310/5310
f 5310/5310/5310 5311/5311/5311 5309/5309/5309
f 5312/5312/5312 5314/5314/5314 5313/5313/5313
f 5313/5313/5313 5315/5315/5315 5312/5312/5312
f 5315/5315/5315 5313/5313/5313 5316/5316/5316
f 5316/5316/5316 5317/5317/5317 5315/5315/5315
f 5318/5318/5318 5320/5320/5320 5319/5319/5319
f 5319/5319/5319 5321/5321/5321 5318/5318/5318
f 5322/5322/5322 5324/5324/5324 5323/5323/5323
f 5323/5323/5323 5325/5325/5325 5322/5322/5322
f 5326/5326/5326 5328/5328/5328 5327/5327/5327
f 5327/5327/5327 5329/5329/5329 5326/5326/5326
f 5330/5330/5330 5332/5332/5332 5331/5331/5331
f 5331/5331/5331 5333/5333/5333 5330/5330/5330
f 5334/5334/5334 5336/5336/5336 5335/5335/5335
f 5335/5335/5335 5337/5337/5337 5334/5334/5334
f 5338/5338/5338 5340/5340/5340 5339/5339/5339
f 5339/5339/5339 5341/5341/5341 5338/5338/5338
f 5342/5342/5342 5344/5344/5344 5343/5343/5343
f 5343/5343/5343 5345/5345/5345 5342/5342/5342
f 5346/5346/5346 5348/5348/5348 5347/5347/5347
f 5347/5347/5347 5349/5349/5349 5346/5346/5346
f 5350/5350/5350 5352/5352/5352 5351/5351/5351
f 5353/5353/5353 5352/5352/5352 5350/5350/5350
f 5350/5350/5350 5354/5354/5354 5353/5353/5353
f 5355/5355/5355 5353/5353/5353 5354/5354/5354
f 5354/5354/5354 5356/5356/5356 5355/5355/5355
f 5356/5356/5356 5357/5357/5357 5355/5355/5355
f 5358/5358/5358 5360/5360/5360 5359/5359/5359
f 5359/5359/5359 5361/5361/5361 5358/5358/5358
f 5362/5362/5362 5364/5364/5364 5363/5363/5363
f 5363/5363/5363 5365/5365/5365 5362/5362/5362
f 5366/5366/5366 5368/5368/5368 5367/5367/5367
f 5367/5367/5367 5369/5369/5369 5366/5366/5366
f 5370/5370/5370 5372/5372/5372 5371/5371/5371
f 5371/5371/5371 5373/5373/5373 5370/5370/5370
f 5374/5374/5374 5376/5376/5376 5375/5375/5375
f 5375/5375/5375 5377/5377/5377 5374/5374/5374
f 5378/5378/5378 5380/5380/5380 5379/5379/5379
f 5379/5379/5379 5381/5381/5381 5378/5378/5378
f 5381/5381/5381 5379/5379/5379 5382/5382/5382
f 5382/5382/5382 5383/5383/5383 5381/5381/5381
f 5384/5384/5384 5386/5386/5386 5385/5385/5385
f 5385/5385/5385 5387/5387/5387 5384/5384/5384
f 5387/5387/5387 5385/5385/5385 5388/5388/5388
f 5388/5388/5388 5389/5389/5389 5387/5387/5387
f 5390/5390/5390 5392/5392/5392 5391/5391/5391
f 5391/5391/5391 5393/5393/5393 5390/5390/5390
f 5393/5393/5393 5391/5391/5391 5394/5394/5394
f 5394/5394/5394 5395/5395/5395 5393/5393/5393
f 5396/5396/5396 5398/5398/5398 5397/5397/5397
f 5397/5397/5397 5399/5399/5399 5396/5396/5396
f 5399/5399/5399 5397/5397/5397 5400/5400/5400
f 5400/5400/5400 5401/5401/5401 5399/5399/5399
f 5402/5402/5402 5404/5404/5404 5403/5403/5403
f 5403/5403/5403 5405/5405/5405 5402/5402/5402
f 5405/5405/5405 5403/5403/5403 5406/5406/5406
f 5406/5406/5406 5407/5407/5407 5405/5405/5405
f 5408/5408/5408 5410/5410/5410 5409/5409/5409
f 5409/5409/5409 5411/5411/5411 5408/5408/5408
f 5411/5411/5411 5409/5409/5409 5412/5412/5412
f 5412/5412/5412 5413/5413/5413 5411/5411/5411
f 5414/5414/5414 5416/5416/5416 5415/5415/5415
f 5415/5415/5415 5417/5417/5417 5414/5414/5414
f 5418/5418/5418 5420/5420/5420 5419/5419/5419
f 5419/5419/5419 5421/5421/5421 5418/5418/5418
f 5422/5422/5422 5424/5424/5424 5423/5423/5423
f 5423/5423/5423 5425/5425/5425 5422/5422/5422
f 5426/5426/5426 5428/5428/5428 5427/5427/5427
f 5427/5427/5427 5429/5429/5429 5426/5426/5426
f 5430/5430/5430 5432/5432/5432 5431/5431/5431
f 5431/5431/5431 5433/5433/5433 5430/5430/5430
f 5434/5434/5434 5436/5436/5436 5435/5435/5435
f 5435/5435/5435 5437/5437/5437 5434/5434/5434
f 5438/5438/5438 5440/5440/5440 5439/5439/5439
f 5439/5439/5439 5441/5441/5441 5438/5438/5438
f 5442/5442/5442 5444/5444/5444 5443/5443/5443
f 5443/5443/5443 5445/5445/5445 5442/5442/5442
f 5446/5446/5446 5448/5448/5448 5447/5447/5447
f 5449/5449/5449 5448/5448/5448 5446/5446/5446
f 5446/5446/5446 5450/5450/5450 5449/5449/5449
f 5451/5451/5451 5449/5449/5449 5450/5450/5450
f 5450/5450/5450 5452/5452/5452 5451/5451/5451
f 5452/5452/5452 5453/5453/5453 5451/5451/5451
f 5454/5454/5454 5456/5456/5456 5455/5455/5455
f 5455/5455/5455 5457/5457/5457 5454/5454/5454
f 5458/5458/5458 5460/5460/5460 5459/5459/5459
f 5459/5459/5459 5461/5461/5461 5458/5458/5458
f 5462/5462/5462 5464/5464/5464 5463/5463/5463
f 5463/5463/5463 5465/5465/5465 5462/5462/5462
f 5466/5466/5466 5468/5468/5468 5467/5467/5467
f 5467/5467/5467 5469/5469/5469 5466/5466/5466
f 5470/5470/5470 5472/5472/5472 5471/5471/5471
f 5471/5471/5471 5473/5473/5473 5470/5470/5470
f 5474/5474/5474 5476/5476/5476 5475/5475/5475
f 5475/5475/5475 5477/5477/5477 5474/5474/5474
f 5477/5477/5477 5475/5475/5475 5478/5478/5478
f 5478/5478/5478 5479/5479/5479 5477/5477/5477
f 5480/5480/5480 5482/5482/5482 5481/5481/5481
f 5481/5481/5481 5483/5483/5483 5480/5480/5480
f 5483/5483/5483 5481/5481/5481 5484/5484/5484
f 5484/5484/5484 5485/5485/5485 5483/5483/5483
f 5486/5486/5486 5488/5488/5488 5487/5487/5487
f 5487/5487/5487 5489/5489/5489 5486/5486/5486
f 5489/5489/5489 5487/5487/5487 5490/5490/5490
f 5490/5490/5490 5491/5491/5491 5489/5489/5489
f 5492/5492/5492 5494/5494/5494 5493/5493/5493
f 5493/5493/5493 5495/5495/5495 5492/5492/5492
f 5495/5495/5495 5493/5493/5493 5496/5496/5496
f 5496/5496/5496 5497/5497/5497 5495/5495/5495
f 5498/5498/5498 5500/5500/5500 5499/5499/5499
f 5499/5499/5499 5501/5501/5501 5498/5498/5498
f 5501/5501/5501 5499/5499/5499 5502/5502/5502
f 5502/5502/5502 5503/5503/5503 5501/5501/5501
f 5504/5504/5504 5506/5506/5506 5505/5505/5505
f 5505/5505/5505 5507/5507/5507 5504/5504/5504
f 5507/5507/5507 5505/5505/5505 5508/5508/5508
f 5508/5508/5508 5509/5509/5509 5507/5507/5507
f 5510/5510/5510 5512/5512/5512 5511/5511/5511
f 5511/5511/5511 5513/5513/5513 5510/5510/5510
f 5514/5514/5514 5516/5516/5516 5515/5515/5515
f 5515/5515/5515 5517/5517/5517 5514/5514/5514
f 5518/5518/5518 5520/5520/5520 5519/5519/5519
f 5519/5519/5519 5521/5521/5521 5518/5518/5518
f 5522/5522/5522 5524/5524/5524 5523/5523/5523
f 5523/5523/5523 5525/5525/5525 5522/5522/5522
f 5526/5526/5526 5528/5528/5528 5527/5527/5527
f 5527/5527/5527 5529/5529/5529 5526/5526/5526
f 5530/5530/5530 5532/5532/5532 5531/5531/5531
f 5531/5531/5531 5533/5533/5533 5530/5530/5530
f 5534/5534/5534 5536/5536/5536 5535/5535/5535
f 5535/5535/5535 5537/5537/5537 5534/5534/5534
f 5538/5538/5538 5540/5540/5540 5539/5539/5539
f 5539/5539/5539 5541/5541/5541 5538/5538/5538
f 5542/5542/5542 5544/5544/5544 5543/5543/5543
f 5545/5545/5545 5544/5544/5544 5542/5542/5542
f 5542/5542/5542 5546/5546/5546 5545/5545/5545
f 5547/5547/5547 5545/5545/5545 5546/5546/5546
f 5546/5546/5546 5548/5548/5548 5547/5547/5547
f 5548/5548/5548 5549/5549/5549 5547/5547/5547
f 5550/5550/5550 5552/5552/5552 5551/5551/5551
f 5551/5551/5551 5553/5553/5553 5550/5550/5550
f 5554/5554/5554 5556/5556/5556 5555/5555/5555
f 5555/5555/5555 5557/5557/5557 5554/5554/5554
f 5558/5558/5558 5560/5560/5560 5559/5559/5559
f 5559/5559/5559 5561/5561/5561 5558/5558/5558
f 5562/5562/5562 5564/5564/5564 5563/5563/5563
f 5563/5563/5563 5565/5565/5565 5562/5562/5562
f 5566/5566/5566 5568/5568/5568 5567/5567/5567
f 5567/5567/5567 5569/5569/5569 5566/5566/5566
f 5570/5570/5570 5572/5572/5572 5571/5571/5571
f 5571/5571/5571 5573/5573/5573 5570/5570/5570
f 5574/5574/5574 5576/5576/5576 5575/5575/5575
f 5575/5575/5575 5577/5577/5577 5574/5574/5574
f 5578/5578/5578 5580/5580/5580 5579/5579/5579
f 5579/5579/5579 5581/5581/5581 5578/5578/5578
f 5582/5582/5582 5584/5584/5584 5583/5583/5583
f 5583/5583/5583 5585/5585/5585 5582/5582/5582
f 5586/5586/5586 5588/5588/5588 5587/5587/5587
f 5587/5587/5587 5589/5589/5589 5586/5586/5586
f 5590/5590/5590 5592/5592/5592 5591/5591/5591
f 5591/5591/5591 5593/5593/5593 5590/5590/5590
f 5594/5594/5594 5596/5596/5596 5595/5595/5595
f 5595/5595/5595 5597/5597/5597 5594/5594/5594
f 5598/5598/5598 5600/5600/5600 5599/5599/5599
f 5599/5599/5599 5601/5601/5601 5598/5598/5598
f 5602/5602/5602 5604/5604/5604 5603/5603/5603
f 5603/5603/5603 5605/5605/5605 5602/5602/5602
f 5606/5606/5606 5608/5608/5608 5607/5607/5607
f 5607/5607/5607 5609/5609/5609 5606/5606/5606
f 5610/5610/5610 5612/5612/5612 5611/5611/5611
f 5611/5611/5611 5613/5613/5613 5610/5610/5610
f 5614/5614/5614 5616/5616/5616 5615/5615/5615
f 5615/5615/5615 5617/5617/5617 5614/5614/5614
f 5618/5618/5618 5620/5620/5620 5619/5619/5619
f 5619/5619/5619 5621/5621/5621 5618/5618/5618
f 5622/5622/5622 5624/5624/5624 5623/5623/5623
f 5623/5623/5623 5625/5625/5625 5622/5622/5622
f 5626/5626/5626 5628/5628/5628 5627/5627/5627
f 5627/5627/5627 5629/5629/5629 5626/5626/5626
f 5626/5626/5626 5629/5629/5629 5630/5630/5630
f 5630/5630/5630 5631/5631/5631 5626/5626/5626
f 5632/5632/5632 5634/5634/5634 5633/5633/5633
f 5633/5633/5633 5635/5635/5635 5632/5632/5632
f 5636/5636/5636 5638/5638/5638 5637/5637/5637
f 5637/5637/5637 5639/5639/5639 5636/5636/5636
f 5640/5640/5640 5642/5642/5642 5641/5641/5641
f 5641/5641/5641 5643/5643/5643 5640/5640/5640
f 5644/5644/5644 5646/5646/5646 5645/5645/5645
f 5645/5645/5645 5647/5647/5647 5644/5644/5644
f 5648/5648/5648 5650/5650/5650 5649/5649/5649
f 5649/5649/5649 5651/5651/5651 5648/5648/5648
f 5652/5652/5652 5654/5654/5654 5653/5653/5653
f 5653/5653/5653 5655/5655/5655 5652/5652/5652
f 5656/5656/5656 5658/5658/5658 5657/5657/5657
f 5657/5657/5657 5659/5659/5659 5656/5656/5656
f 5660/5660/5660 5662/5662/5662 5661/5661/5661
f 5661/5661/5661 5663/5663/5663 5660/5660/5660
f 5664/5664/5664 5666/5666/5666 5665/5665/5665
f 5667/5667/5667 5664/5664/5664 5665/5665/5665
f 5665/5665/5665 5668/5668/5668 5667/5667/5667
f 5667/5667/5667 5668/5668/5668 5669/5669/5669
f 5669/5669/5669 5670/5670/5670 5667/5667/5667
f 5669/5669/5669 5671/5671/5671 5670/5670/5670
f 5672/5672/5672 5674/5674/5674 5673/5673/5673
f 5673/5673/5673 5675/5675/5675 5672/5672/5672
f 5676/5676/5676 5678/5678/5678 5677/5677/5677
f 5677/5677/5677 5679/5679/5679 5676/5676/5676
f 5680/5680/5680 5682/5682/5682 5681/5681/5681
f 5681/5681/5681 5683/5683/5683 5680/5680/5680
f 5684/5684/5684 5686/5686/5686 5685/5685/5685
f 5685/5685/5685 5687/5687/5687 5684/5684/5684
f 5688/5688/5688 5690/5690/5690 5689/5689/5689
f 5689/5689/5689 5691/5691/5691 5688/5688/5688
f 5692/5692/5692 5694/5694/5694 5693/5693/5693
f 5693/5693/5693 5695/5695/5695 5692/5692/5692
f 5695/5695/5695 5693/5693/5693 5696/5696/5696
f 5696/5696/5696 5697/5697/5697 5695/5695/5695
f 5698/5698/5698 5700/5700/5700 5699/5699/5699
f 5699/5699/5699 5701/5701/5701 5698/5698/5698
f 5701/5701/5701 5699/5699/5699 5702/5702/5702
f 5702/5702/5702 5703/5703/5703 5701/5701/5701
f 5704/5704/5704 5706/5706/5706 5705/5705/5705
f 5705/5705/5705 5707/5707/5707 5704/5704/5704
f 5707/5707/5707 5705/5705/5705 5708/5708/5708
f 5708/5708/5708 5709/5709/5709 5707/5707/5707
f 5710/5710/5710 5712/5712/5712 5711/5711/5711
f 5711/5711/5711 5713/5713/5713 5710/5710/5710
f 5713/5713/5713 5711/5711/5711 5714/5714/5714
f 5714/5714/5714 5715/5715/5715 5713/5713/5713
f 5716/5716/5716 5718/5718/5718 5717/5717/5717
f 5717/5717/5717 5719/5719/5719 5716/5716/5716
f 5719/5719/5719 5717/5717/5717 5720/5720/5720
f 5720/5720/5720 5721/5721/5721 5719/5719/5719
f 5722/5722/5722 5724/5724/5724 5723/5723/5723
f 5723/5723/5723 5725/5725/5725 5722/5722/5722
f 5725/5725/5725 5723/5723/5723 5726/5726/5726
f 5726/5726/5726 5727/5727/5727 5725/5725/5725
f 5728/5728/5728 5730/5730/5730 5729/5729/5729
f 5729/5729/5729 5731/5731/5731 5728/5728/5728
f 5732/5732/5732 5734/5734/5734 5733/5733/5733
f 5733/5733/5733 5735/5735/5735 5732/5732/5732
f 5736/5736/5736 5738/5738/5738 5737/5737/5737
f 5737/5737/5737 5739/5739/5739 5736/5736/5736
f 5740/5740/5740 5742/5742/5742 5741/5741/5741
f 5741/5741/5741 5743/5743/5743 5740/5740/5740
f 5744/5744/5744 5746/5746/5746 5745/5745/5745
f 5745/5745/5745 5747/5747/5747 5744/5744/5744
f 5748/5748/5748 5750/5750/5750 5749/5749/5749
f 5749/5749/5749 5751/5751/5751 5748/5748/5748
f 5752/5752/5752 5754/5754/5754 5753/5753/5753
f 5753/5753/5753 5755/5755/5755 5752/5752/5752
f 5756/5756/5756 5758/5758/5758 5757/5757/5757
f 5757/5757/5757 5759/5759/5759 5756/5756/5756
f 5760/5760/5760 5762/5762/5762 5761/5761/5761
f 5763/5763/5763 5762/5762/5762 5760/5760/5760
f 5760/5760/5760 5764/5764/5764 5763/5763/5763
f 5765/5765/5765 5763/5763/5763 5764/5764/5764
f 5764/5764/5764 5766/5766/5766 5765/5765/5765
f 5766/5766/5766 5767/5767/5767 5765/5765/5765
f 5768/5768/5768 5770/5770/5770 5769/5769/5769
f 5769/5769/5769 5771/5771/5771 5768/5768/5768
f 5772/5772/5772 5774/5774/5774 5773/5773/5773
f 5773/5773/5773 5775/5775/5775 5772/5772/5772
f 5776/5776/5776 5778/5778/5778 5777/5777/5777
f 5777/5777/5777 5779/5779/5779 5776/5776/5776
f 5780/5780/5780 5782/5782/5782 5781/5781/5781
f 5781/5781/5781 5783/5783/5783 5780/5780/5780
f 5784/5784/5784 5786/5786/5786 5785/5785/5785
f 5785/5785/5785 5787/5787/5787 5784/5784/5784
f 5788/5788/5788 5790/5790/5790 5789/5789/5789
f 5789/5789/5789 5791/5791/5791 5788/5788/5788
f 5791/5791/5791 5789/5789/5789 5792/5792/5792
f 5792/5792/5792 5793/5793/5793 5791/5791/5791
f 5794/5794/5794 5796/5796/5796 5795/5795/5795
f 5795/5795/5795 5797/5797/5797 5794/5794/5794
f 5797/5797/5797 5795/5795/5795 5798/5798/5798
f 5798/5798/5798 5799/5799/5799 5797/5797/5797
f 5800/5800/5800 5802/5802/5802 5801/5801/5801
f 5801/5801/5801 5803/5803/5803 5800/5800/5800
f 5803/5803/5803 5801/5801/5801 5804/5804/5804
f 5804/5804/5804 5805/5805/5805 5803/5803/5803
f 5806/5806/5806 5808/5808/5808 5807/5807/5807
f 5807/5807/5807 5809/5809/5809 5806/5806/5806
f 5809/5809/5809 5807/5807/5807 5810/5810/5810
f 5810/5810/5810 5811/5811/5811 5809/5809/5809
f 5812/5812/5812 5814/5814/5814 5813/5813/5813
f 5813/5813/5813 5815/5815/5815 5812/5812/5812
f 5815/5815/5815 5813/5813/5813 5816/5816/5816
f 5816/5816/5816 5817/5817/5817 5815/5815/5815
f 5818/5818/5818 5820/5820/5820 5819/5819/5819
f 5819/5819/5819 5821/5821/5821 5818/5818/5818
f 5821/5821/5821 5819/5819/5819 5822/5822/5822
f 5822/5822/5822 5823/5823/5823 5821/5821/5821
f 5824/5824/5824 5826/5826/5826 5825/5825/5825
f 5825/5825/5825 5827/5827/5827 5824/5824/5824
f 5828/5828/5828 5830/5830/5830 5829/5829/5829
f 5829/5829/5829 5831/5831/5831 5828/5828/5828
f 5832/5832/5832 5834/5834/5834 5833/5833/5833
f 5833/5833/5833 5835/5835/5835 5832/5832/5832
f 5836/5836/5836 5838/5838/5838 5837/5837/5837
f 5837/5837/5837 5839/5839/5839 5836/5836/5836
f 5840/5840/5840 5842/5842/5842 5841/5841/5841
f 5841/5841/5841 5843/5843/5843 5840/5840/5840
f 5844/5844/5844 5846/5846/5846 5845/5845/5845
f 5845/5845/5845 5847/5847/5847 5844/5844/5844
f 5848/5848/5848 5850/5850/5850 5849/5849/5849
f 5849/5849/5849 5851/5851/5851 5848/5848/5848
f 5852/5852/5852 5854/5854/5854 5853/5853/5853
f 5853/5853/5853 5855/5855/5855 5852/5852/5852
f 5856/5856/5856 5858/5858/5858 5857/5857/5857
f 5859/5859/5859 5858/5858/5858 5856/5856/5856
f 5856/5856/5856 5860/5860/5860 5859/5859/5859
f 5861/5861/5861 5859/5859/5859 5860/5860/5860
f 5860/5860/5860 5862/5862/5862 5861/5861/5861
f 5862/5862/5862 5863/5863/5863 5861/5861/5861
f 5864/5864/5864 5866/5866/5866 5865/5865/5865
f 5865/5865/5865 5867/5867/5867 5864/5864/5864
f 5868/5868/5868 5870/5870/5870 5869/5869/5869
f 5869/5869/5869 5871/5871/5871 5868/5868/5868
f 5872/5872/5872 5874/5874/5874 5873/5873/5873
f 5873/5873/5873 5875/5875/5875 5872/5872/5872
f 5876/5876/5876 5878/5878/5878 5877/5877/5877
f 5877/5877/5877 5879/5879/5879 5876/5876/5876
f 5880/5880/5880 5882/5882/5882 5881/5881/5881
f 5881/5881/5881 5883/5883/5883 5880/5880/5880
f 5884/5884/5884 5886/5886/5886 5885/5885/5885
f 5885/5885/5885 5887/5887/5887 5884/5884/5884
f 5888/5888/5888 5890/5890/5890 5889/5889/5889
f 5889/5889/5889 5891/5891/5891 5888/5888/5888
f 5892/5892/5892 5894/5894/5894 5893/5893/5893
f 5893/5893/5893 5895/5895/5895 5892/5892/5892
f 5896/5896/5896 5898/5898/5898 5897/5897/5897
f 5897/5897/5897 5899/5899/5899 5896/5896/5896
f 5900/5900/5900 5902/5902/5902 5901/5901/5901
f 5901/5901/5901 5903/5903/5903 5900/5900/5900
f 5904/5904/5904 5906/5906/5906 5905/5905/5905
f 5905/5905/5905 5907/5907/5907 5904/5904/5904
f 5908/5908/5908 5910/5910/5910 5909/5909/5909
f 5909/5909/5909 5911/5911/5911 5908/5908/5908
f 5912/5912/5912 5914/5914/5914 5913/5913/5913
f 5913/5913/5913 5915/5915/5915 5912/5912/5912
f 5916/5916/5916 5918/5918/5918 5917/5917/5917
f 5917/5917/5917 5919/5919/5919 5916/5916/5916
f 5919/5919/5919 5917/5917/5917 5920/5920/5920
f 5920/5920/5920 5921/5921/5921 5919/5919/5919
f 5922/5922/5922 5924/5924/5924 5923/5923/5923
f 5923/5923/5923 5925/5925/5925 5922/5922/5922
f 5925/5925/5925 5923/5923/5923 5926/5926/5926
f 5926/5926/5926 5927/5927/5927 5925/5925/5925
f 5928/5928/5928 5930/5930/5930 5929/5929/5929
f 5929/5929/5929 5931/5931/5931 5928/5928/5928
f 5931/5931/5931 5929/5929/5929 5932/5932/5932
f 5932/5932/5932 5933/5933/5933 5931/5931/5931
f 5934/5934/5934 5936/5936/5936 5935/5935/5935
f 5935/5935/5935 5937/5937/5937 5934/5934/5934
f 5937/5937/5937 5935/5935/5935 5938/5938/5938
f 5938/5938/5938 5939/5939/5939 5937/5937/5937
f 5940/5940/5940 5942/5942/5942 5941/5941/5941
f 5941/5941/5941 5943/5943/5943 5940/5940/5940
f 5943/5943/5943 5941/5941/5941 5944/5944/5944
f 5944/5944/5944 5945/5945/5945 5943/5943/5943
f 5946/5946/5946 5948/5948/5948 5947/5947/5947
f 5947/5947/5947 5949/5949/5949 5946/5946/5946
f 5949/5949/5949 5947/5947/5947 5950/5950/5950
f 5950/5950/5950 5951/5951/5951 5949/5949/5949
f 5952/5952/5952 5954/5954/5954 5953/5953/5953
f 5953/5953/5953 5955/5955/5955 5952/5952/5952
f 5956/5956/5956 5958/5958/5958 5957/5957/5957
f 5957/5957/5957 5959/5959/5959 5956/5956/5956
f 5960/5960/5960 5962/5962/5962 5961/5961/5961
f 5961/5961/5961 5963/5963/5963 5960/5960/5960
f 5964/5964/5964 5966/5966/5966 5965/5965/5965
f 5965/5965/5965 5967/5967/5967 5964/5964/5964
f 5968/5968/5968 5970/5970/5970 5969/5969/5969
f 5969/5969/5969 5971/5971/5971 5968/5968/5968
f 5972/5972/5972 5974/5974/5974 5973/5973/5973
f 5973/5973/5973 5975/5975/5975 5972/5972/5972
f 5976/5976/5976 5978/5978/5978 5977/5977/5977
f 5977/5977/5977 5979/5979/5979 5976/5976/5976
f 5980/5980/5980 5982/5982/5982 5981/5981/5981
f 5981/5981/5981 5983/5983/5983 5980/5980/5980
f 5984/5984/5984 5986/5986/5986 5985/5985/5985
f 5985/5985/5985 5987/5987/5987 5984/5984/5984
f 5988/5988/5988 5990/5990/5990 5989/5989/5989
f 5989/5989/5989 5991/5991/5991 5988/5988/5988
f 5992/5992/5992 5994/5994/5994 5993/5993/5993
f 5993/5993/5993 5995/5995/5995 5992/5992/5992
f 5996/5996/5996 5998/5998/5998 5997/5997/5997
f 5997/5997/5997 5999/5999/5999 5996/5996/5996
f 6000/6000/6000 6002/6002/6002 6001/6001/6001
f 6001/6001/6001 6003/6003/6003 6000/6000/6000
f 6004/6004/6004 6006/6006/6006 6005/6005/6005
f 6005/6005/6005 6007/6007/6007 6004/6004/6004
f 6008/6008/6008 6010/6010/6010 6009/6009/6009
f 6009/6009/6009 6011/6011/6011 6008/6008/6008
f 6012/6012/6012 6014/6014/6014 6013/6013/6013
f 6013/6013/6013 6015/6015/6015 6012/6012/6012
f 6016/6016/6016 6018/6018/6018 6017/6017/6017
f 6017/6017/6017 6019/6019/6019 6016/6016/6016
f 6020/6020/6020 6022/6022/6022 6021/6021/6021
f 6021/6021/6021 6023/6023/6023 6020/6020/6020
f 6024/6024/6024 6026/6026/6026 6025/6025/6025
f 6025/6025/6025 6027/6027/6027 6024/6024/6024
f 6028/6028/6028 6030/6030/6030 6029/6029/6029
f 6029/6029/6029 6031/6031/6031 6028/6028/6028
f 6032/6032/6032 6034/6034/6034 6033/6033/6033
f 6033/6033/6033 6035/6035/6035 6032/6032/6032
f 6036/6036/6036 6038/6038/6038 6037/6037/6037
f 6037/6037/6037 6039/6039/6039 6036/6036/6036
f 6040/6040/6040 6042/6042/6042 6041/6041/6041
f 6041/6041/6041 6043/6043/6043 6040/6040/6040
f 6044/6044/6044 6046/6046/6046 6045/6045/6045
f 6045/6045/6045 6047/6047/6047 6044/6044/6044
f 6048/6048/6048 6050/6050/6050 6049/6049/6049
f 6049/6049/6049 6051/6051/6051 6048/6048/6048
f 6052/6052/6052 6054/6054/6054 6053/6053/6053
f 6053/6053/6053 6055/6055/6055 6052/6052/6052
f 6056/6056/6056 6058/6058/6058 6057/6057/6057
f 6057/6057/6057 6059/6059/6059 6056/6056/6056
f 6060/6060/6060 6062/6062/6062 6061/6061/6061
f 6061/6061/6061 6063/6063/6063 6060/6060/6060
f 6064/6064/6064 6066/6066/6066 6065/6065/6065
f 6065/6065/6065 6067/6067/6067 6064/6064/6064
f 6068/6068/6068 6070/6070/6070 6069/6069/6069
f 6069/6069/6069 6071/6071/6071 6068/6068/6068
f 6072/6072/6072 6074/6074/6074 6073/6073/6073
f 6073/6073/6073 6075/6075/6075 6072/6072/6072
f 6076/6076/6076 6078/6078/6078 6077/6077/6077
f 6077/6077/6077 6079/6079/6079 6076/6076/6076
f 6080/6080/6080 6082/6082/6082 6081/6081/6081
f 6081/6081/6081 6083/6083/6083 6080/6080/6080
f 6084/6084/6084 6086/6086/6086 6085/6085/6085
f 6085/6085/6085 6087/6087/6087 6084/6084/6084
f 6088/6088/6088 6090/6090/6090 6089/6089/6089
f 6089/6089/6089 6091/6091/6091 6088/6088/6088
f 6092/6092/6092 6094/6094/6094 6093/6093/6093
f 6093/6093/6093 6095/6095/6095 6092/6092/6092
f 6096/6096/6096 6098/6098/6098 6097/6097/6097
f 6097/6097/6097 6099/6099/6099 6096/6096/6096
f 6100/6100/6100 6102/6102/6102 6101/6101/6101
f 6101/6101/6101 6103/6103/6103 6100/6100/6100
f 6104/6104/6104 6106/6106/6106 6105/6105/6105
f 6105/6105/6105 6107/6107/6107 6104/6104/6104
f 6108/6108/6108 6110/6110/6110 6109/6109/6109
f 6109/6109/6109 6111/6111/6111 6108/6108/6108
f 6112/6112/6112 6114/6114/6114 6113/6113/6113
f 6113/6113/6113 6115/6115/6115 6112/6112/6112
f 6112/6112/6112 6115/6115/6115 6116/6116/6116
f 6116/6116/6116 6117/6117/6117 6112/6112/6112
f 6118/6118/6118 6120/6120/6120 6119/6119/6119
f 6119/6119/6119 6121/6121/6121 6118/6118/6118
f 6121/6121/6121 6119/6119/6119 6122/6122/6122
f 6122/6122/6122 6123/6123/6123 6121/6121/6121
f 6124/6124/6124 6126/6126/6126 6125/6125/6125
f 6125/6125/6125 6127/6127/6127 6124/6124/6124
f 6127/6127/6127 6125/6125/6125 6128/6128/6128
f 6128/6128/6128 6129/6129/6129 6127/6127/6127
f 6130/6130/6130 6132/6132/6132 6131/6131/6131
f 6131/6131/6131 6133/6133/6133 6130/6130/6130
f 6133/6133/6133 6131/6131/6131 6134/6134/6134
f 6134/6134/6134 6135/6135/6135 6133/6133/6133
f 6136/6136/6136 6138/6138/6138 6137/6137/6137
f 6137/6137/6137 6139/6139/6139 6136/6136/6136
f 6139/6139/6139 6137/6137/6137 6140/6140/6140
f 6140/6140/6140 6141/6141/6141 6139/6139/6139
f 6142/6142/6142 6144/6144/6144 6143/6143/6143
f 6143/6143/6143 6145/6145/6145 6142/6142/6142
f 6145/6145/6145 6143/6143/6143 6146/6146/6146
f 6146/6146/6146 6147/6147/6147 6145/6145/6145
f 6148/6148/6148 6150/6150/6150 6149/6149/6149
f 6149/6149/6149 6151/6151/6151 6148/6148/6148
f 6151/6151/6151 6149/6149/6149 6152/6152/6152
f 6152/6152/6152 6153/6153/6153 6151/6151/6151
f 6154/6154/6154 6156/6156/6156 6155/6155/6155
f 6155/6155/6155 6157/6157/6157 6154/6154/6154
f 6157/6157/6157 6155/6155/6155 6158/6158/6158
f 6158/6158/6158 6159/6159/6159 6157/6157/6157
f 6160/6160/6160 6162/6162/6162 6161/6161/6161
f 6163/6163/6163 6162/6162/6162 6160/6160/6160
f 6160/6160/6160 6164/6164/6164 6163/6163/6163
f 6165/6165/6165 6163/6163/6163 6164/6164/6164
f 6164/6164/6164 6166/6166/6166 6165/6165/6165
f 6166/6166/6166 6167/6167/6167 6165/6165/6165
f 6168/6168/6168 6170/6170/6170 6169/6169/6169
f 6169/6169/6169 6171/6171/6171 6168/6168/6168
f 6172/6172/6172 6174/6174/6174 6173/6173/6173
f 6173/6173/6173 6175/6175/6175 6172/6172/6172
f 6176/6176/6176 6178/6178/6178 6177/6177/6177
f 6177/6177/6177 6179/6179/6179 6176/6176/6176
f 6180/6180/6180 6182/6182/6182 6181/6181/6181
f 6181/6181/6181 6183/6183/6183 6180/6180/6180
f 6184/6184/6184 6186/6186/6186 6185/6185/6185
f 6185/6185/6185 6187/6187/6187 6184/6184/6184
f 6188/6188/6188 6190/6190/6190 6189/6189/6189
f 6189/6189/6189 6191/6191/6191 6188/6188/6188
f 6192/6192/6192 6194/6194/6194 6193/6193/6193
f 6193/6193/6193 6195/6195/6195 6192/6192/6192
f 6196/6196/6196 6198/6198/6198 6197/6197/6197
f 6197/6197/6197 6199/6199/6199 6196/6196/6196
f 6200/6200/6200 6202/6202/6202 6201/6201/6201
f 6201/6201/6201 6203/6203/6203 6200/6200/6200
f 6204/6204/6204 6206/6206/6206 6205/6205/6205
f 6205/6205/6205 6207/6207/6207 6204/6204/6204
f 6208/6208/6208 6210/6210/6210 6209/6209/6209
f 6209/6209/6209 6211/6211/6211 6208/6208/6208
f 6212/6212/6212 6214/6214/6214 6213/6213/6213
f 6213/6213/6213 6215/6215/6215 6212/6212/6212
f 6216/6216/6216 6218/6218/6218 6217/6217/6217
f 6217/6217/6217 6219/6219/6219 6216/6216/6216
f 6220/6220/6220 6222/6222/6222 6221/6221/6221
f 6221/6221/6221 6223/6223/6223 6220/6220/6220
f 6224/6224/6224 6226/6226/6226 6225/6225/6225
f 6225/6225/6225 6227/6227/6227 6224/6224/6224
f 6228/6228/6228 6230/6230/6230 6229/6229/6229
f 6229/6229/6229 6231/6231/6231 6228/6228/6228
f 6232/6232/6232 6234/6234/6234 6233/6233/6233
f 6233/6233/6233 6235/6235/6235 6232/6232/6232
f 6236/6236/6236 6238/6238/6238 6237/6237/6237
f 6237/6237/6237 6239/6239/6239 6236/6236/6236
f 6240/6240/6240 6242/6242/6242 6241/6241/6241
f 6241/6241/6241 6243/6243/6243 6240/6240/6240
f 6244/6244/6244 6246/6246/6246 6245/6245/6245
f 6245/6245/6245 6247/6247/6247 6244/6244/6244
f 6248/6248/6248 6250/6250/6250 6249/6249/6249
f 6249/6249/6249 6251/6251/6251 6248/6248/6248
f 6252/6252/6252 6254/6254/6254 6253/6253/6253
f 6253/6253/6253 6255/6255/6255 6252/6252/6252
f 6256/6256/6256 6258/6258/6258 6257/6257/6257
f 6257/6257/6257 6259/6259/6259 6256/6256/6256
f 6260/6260/6260 6256/6256/6256 6259/6259/6259
f 6259/6259/6259 6261/6261/6261 6260/6260/6260
f 6262/6262/6262 6260/6260/6260 6261/6261/6261
f 6261/6261/6261 6263/6263/6263 6262/6262/6262
f 6264/6264/6264 6266/6266/6266 6265/6265/6265
f 6265/6265/6265 6267/6267/6267 6264/6264/6264
f 6268/6268/6268 6270/6270/6270 6269/6269/6269
f 6269/6269/6269 6271/6271/6271 6268/6268/6268
f 6272/6272/6272 6274/6274/6274 6273/6273/6273
f 6273/6273/6273 6275/6275/6275 6272/6272/6272
f 6276/6276/6276 6278/6278/6278 6277/6277/6277
f 6277/6277/6277 6279/6279/6279 6276/6276/6276
f 6280/6280/6280 6282/6282/6282 6281/6281/6281
f 6281/6281/6281 6283/6283/6283 6280/6280/6280
f 6284/6284/6284 6286/6286/6286 6285/6285/6285
f 6285/6285/6285 6287/6287/6287 6284/6284/6284
f 6288/6288/6288 6290/6290/6290 6289/6289/6289
f 6289/6289/6289 6291/6291/6291 6288/6288/6288
f 6292/6292/6292 6294/6294/6294 6293/6293/6293
f 6293/6293/6293 6295/6295/6295 6292/6292/6292
f 6296/6296/6296 6298/6298/6298 6297/6297/6297
f 6297/6297/6297 6299/6299/6299 6296/6296/6296
f 6300/6300/6300 6302/6302/6302 6301/6301/6301
f 6301/6301/6301 6303/6303/6303 6300/6300/6300
f 6304/6304/6304 6306/6306/6306 6305/6305/6305
f 6305/6305/6305 6307/6307/6307 6304/6304/6304
f 6308/6308/6308 6310/6310/6310 6309/6309/6309
f 6309/6309/6309 6311/6311/6311 6308/6308/6308
f 6312/6312/6312 6314/6314/6314 6313/6313/6313
f 6313/6313/6313 6315/6315/6315 6312/6312/6312
f 6316/6316/6316 6318/6318/6318 6317/6317/6317
f 6317/6317/6317 6319/6319/6319 6316/6316/6316
f 6320/6320/6320 6322/6322/6322 6321/6321/6321
f 6321/6321/6321 6323/6323/6323 6320/6320/6320
f 6324/6324/6324 6326/6326/6326 6325/6325/6325
f 6325/6325/6325 6327/6327/6327 6324/6324/6324
f 6328/6328/6328 6330/6330/6330 6329/6329/6329
f 6329/6329/6329 6331/6331/6331 6328/6328/6328
f 6332/6332/6332 6334/6334/6334 6333/6333/6333
f 6333/6333/6333 6335/6335/6335 6332/6332/6332
f 6336/6336/6336 6338/6338/6338 6337/6337/6337
f 6337/6337/6337 6339/6339/6339 6336/6336/6336
f 6340/6340/6340 6342/6342/6342 6341/6341/6341
f 6341/6341/6341 6343/6343/6343 6340/6340/6340
f 6344/6344/6344 6346/6346/6346 6345/6345/6345
f 6345/6345/6345 6347/6347/6347 6344/6344/6344
f 6348/6348/6348 6350/6350/6350 6349/6349/6349
f 6349/6349/6349 6351/6351/6351 6348/6348/6348
f 6352/6352/6352 6354/6354/6354 6353/6353/6353
f 6353/6353/6353 6355/6355/6355 6352/6352/6352
f 6356/6356/6356 6358/6358/6358 6357/6357/6357
f 6357/6357/6357 6359/6359/6359 6356/6356/6356
f 6360/6360/6360 6362/6362/6362 6361/6361/6361
f 6361/6361/6361 6363/6363/6363 6360/6360/6360
f 6364/6364/6364 6366/6366/6366 6365/6365/6365
f 6365/6365/6365 6367/6367/6367 6364/6364/6364
f 6368/6368/6368 6370/6370/6370 6369/6369/6369
f 6369/6369/6369 6371/6371/6371 6368/6368/6368
f 6372/6372/6372 6374/6374/6374 6373/6373/6373
f 6373/6373/6373 6375/6375/6375 6372/6372/6372
f 6376/6376/6376 6378/6378/6378 6377/6377/6377
f 6377/6377/6377 6379/6379/6379 6376/6376/6376
f 6380/6380/6380 6382/6382/6382 6381/6381/6381
f 6381/6381/6381 6383/6383/6383 6380/6380/6380
f 6384/6384/6384 6386/6386/6386 6385/6385/6385
f 6385/6385/6385 6387/6387/6387 6384/6384/6384
f 6388/6388/6388 6390/6390/6390 6389/6389/6389
f 6389/6389/6389 6391/6391/6391 6388/6388/6388
f 6392/6392/6392 6394/6394/6394 6393/6393/6393
f 6393/6393/6393 6395/6395/6395 6392/6392/6392
f 6396/6396/6396 6398/6398/6398 6397/6397/6397
f 6397/6397/6397 6399/6399/6399 6396/6396/6396
f 6400/6400/6400 6402/6402/6402 6401/6401/6401
f 6401/6401/6401 6403/6403/6403 6400/6400/6400
f 6404/6404/6404 6406/6406/6406 6405/6405/6405
f 6405/6405/6405 6407/6407/6407 6404/6404/6404
f 6408/6408/6408 6410/6410/6410 6409/6409/6409
f 6409/6409/6409 6411/6411/6411 6408/6408/6408
f 6412/6412/6412 6414/6414/6414 6413/6413/6413
f 6413/6413/6413 6415/6415/6415 6412/6412/6412
f 6416/6416/6416 6418/6418/6418 6417/6417/6417
f 6417/6417/6417 6419/6419/6419 6416/6416/6416
f 6420/6420/6420 6422/6422/6422 6421/6421/6421
f 6421/6421/6421 6423/6423/6423 6420/6420/6420
f 6424/6424/6424 6426/6426/6426 6425/6425/6425
f 6425/6425/6425 6427/6427/6427 6424/6424/6424
f 6428/6428/6428 6430/6430/6430 6429/6429/6429
f 6429/6429/6429 6431/6431/6431 6428/6428/6428
f 6432/6432/6432 6434/6434/6434 6433/6433/6433
f 6433/6433/6433 6435/6435/6435 6432/6432/6432
f 6436/6436/6436 6438/6438/6438 6437/6437/6437
f 6437/6437/6437 6439/6439/6439 6436/6436/6436
f 6440/6440/6440 6442/6442/6442 6441/6441/6441
f 6441/6441/6441 6443/6443/6443 6440/6440/6440
f 6444/6444/6444 6446/6446/6446 6445/6445/6445
f 6445/6445/6445 6447/6447/6447 6444/6444/6444
f 6448/6448/6448 6450/6450/6450 6449/6449/6449
f 6449/6449/6449 6451/6451/6451 6448/6448/6448
f 6452/6452/6452 6454/6454/6454 6453/6453/6453
f 6453/6453/6453 6455/6455/6455 6452/6452/6452
f 6456/6456/6456 6452/6452/6452 6455/6455/6455
f 6455/6455/6455 6457/6457/6457 6456/6456/6456
f 6458/6458/6458 6460/6460/6460 6459/6459/6459
f 6459/6459/6459 6461/6461/6461 6458/6458/6458
f 6462/6462/6462 6464/6464/6464 6463/6463/6463
f 6463/6463/6463 6465/6465/6465 6462/6462/6462
f 6466/6466/6466 6465/6465/6465 6463/6463/6463
f 6463/6463/6463 6467/6467/6467 6466/6466/6466
f 6468/6468/6468 6470/6470/6470 6469/6469/6469
f 6469/6469/6469 6471/6471/6471 6468/6468/6468
f 6472/6472/6472 6474/6474/6474 6473/6473/6473
f 6473/6473/6473 6475/6475/6475 6472/6472/6472
f 6476/6476/6476 6478/6478/6478 6477/6477/6477
f 6477/6477/6477 6479/6479/6479 6476/6476/6476
f 6480/6480/6480 6477/6477/6477 6481/6481/6481
f 6481/6481/6481 6482/6482/6482 6480/6480/6480
f 6481/6481/6481 6484/6484/6484 6483/6483/6483
f 6483/6483/6483 6485/6485/6485 6481/6481/6481
f 6486/6486/6486 6485/6485/6485 6483/6483/6483
f 6483/6483/6483 6487/6487/6487 6486/6486/6486
f 6488/6488/6488 6490/6490/6490 6489/6489/6489
f 6489/6489/6489 6491/6491/6491 6488/6488/6488
f 6492/6492/6492 6494/6494/6494 6493/6493/6493
f 6493/6493/6493 6495/6495/6495 6492/6492/6492
f 6496/6496/6496 6498/6498/6498 6497/6497/6497
f 6497/6497/6497 6499/6499/6499 6496/6496/6496
f 6500/6500/6500 6502/6502/6502 6501/6501/6501
f 6501/6501/6501 6503/6503/6503 6500/6500/6500
f 6504/6504/6504 6506/6506/6506 6505/6505/6505
f 6505/6505/6505 6507/6507/6507 6504/6504/6504
f 6508/6508/6508 6510/6510/6510 6509/6509/6509
f 6509/6509/6509 6511/6511/6511 6508/6508/6508
f 6512/6512/6512 6514/6514/6514 6513/6513/6513
f 6513/6513/6513 6515/6515/6515 6512/6512/6512
f 6516/6516/6516 6518/6518/6518 6517/6517/6517
f 6517/6517/6517 6519/6519/6519 6516/6516/6516
f 6520/6520/6520 6522/6522/6522 6521/6521/6521
f 6521/6521/6521 6523/6523/6523 6520/6520/6520
f 6524/6524/6524 6526/6526/6526 6525/6525/6525
f 6525/6525/6525 6527/6527/6527 6524/6524/6524
f 6528/6528/6528 6530/6530/6530 6529/6529/6529
f 6529/6529/6529 6531/6531/6531 6528/6528/6528
f 6532/6532/6532 6534/6534/6534 6533/6533/6533
f 6533/6533/6533 6535/6535/6535 6532/6532/6532
f 6536/6536/6536 6538/6538/6538 6537/6537/6537
f 6537/6537/6537 6539/6539/6539 6536/6536/6536
f 6540/6540/6540 6542/6542/6542 6541/6541/6541
f 6541/6541/6541 6543/6543/6543 6540/6540/6540
f 6544/6544/6544 6546/6546/6546 6545/6545/6545
f 6545/6545/6545 6547/6547/6547 6544/6544/6544
f 6548/6548/6548 6550/6550/6550 6549/6549/6549
f 6549/6549/6549 6551/6551/6551 6548/6548/6548
f 6552/6552/6552 6554/6554/6554 6553/6553/6553
f 6553/6553/6553 6555/6555/6555 6552/6552/6552
f 6556/6556/6556 6558/6558/6558 6557/6557/6557
f 6557/6557/6557 6559/6559/6559 6556/6556/6556
f 6560/6560/6560 6562/6562/6562 6561/6561/6561
f 6561/6561/6561 6563/6563/6563 6560/6560/6560
f 6564/6564/6564 6566/6566/6566 6565/6565/6565
f 6565/6565/6565 6567/6567/6567 6564/6564/6564
f 6568/6568/6568 6570/6570/6570 6569/6569/6569
f 6569/6569/6569 6571/6571/6571 6568/6568/6568
f 6572/6572/6572 6574/6574/6574 6573/6573/6573
f 6573/6573/6573 6575/6575/6575 6572/6572/6572
f 6576/6576/6576 6578/6578/6578 6577/6577/6577
f 6577/6577/6577 6579/6579/6579 6576/6576/6576
f 6580/6580/6580 6582/6582/6582 6581/6581/6581
f 6581/6581/6581 6583/6583/6583 6580/6580/6580
f 6584/6584/6584 6586/6586/6586 6585/6585/6585
f 6585/6585/6585 6587/6587/6587 6584/6584/6584
f 6588/6588/6588 6590/6590/6590 6589/6589/6589
f 6589/6589/6589 6591/6591/6591 6588/6588/6588
f 6592/6592/6592 6594/6594/6594 6593/6593/6593
f 6593/6593/6593 6595/6595/6595 6592/6592/6592
f 6596/6596/6596 6598/6598/6598 6597/6597/6597
f 6598/6598/6598 6599/6599/6599 6597/6597/6597
f 6597/6597/6597 6599/6599/6599 6600/6600/6600
f 6601/6601/6601 6600/6600/6600 6599/6599/6599
f 6602/6602/6602 6601/6601/6601 6599/6599/6599
f 6603/6603/6603 6605/6605/6605 6604/6604/6604
f 6604/6604/6604 6606/6606/6606 6603/6603/6603
f 6606/6606/6606 6607/6607/6607 6603/6603/6603
f 6606/6606/6606 6608/6608/6608 6607/6607/6607
f 6608/6608/6608 6606/6606/6606 6609/6609/6609
f 6610/6610/6610 6612/6612/6612 6611/6611/6611
f 6611/6611/6611 6613/6613/6613 6610/6610/6610
f 6614/6614/6614 6616/6616/6616 6615/6615/6615
f 6615/6615/6615 6617/6617/6617 6614/6614/6614
f 6618/6618/6618 6620/6620/6620 6619/6619/6619
f 6619/6619/6619 6621/6621/6621 6618/6618/6618
f 6621/6621/6621 6619/6619/6619 6622/6622/6622
f 6622/6622/6622 6623/6623/6623 6621/6621/6621
f 6624/6624/6624 6626/6626/6626 6625/6625/6625
f 6625/6625/6625 6627/6627/6627 6624/6624/6624
f 6627/6627/6627 6625/6625/6625 6628/6628/6628
f 6628/6628/6628 6629/6629/6629 6627/6627/6627
f 6630/6630/6630 6632/6632/6632 6631/6631/6631
f 6631/6631/6631 6633/6633/6633 6630/6630/6630
f 6633/6633/6633 6631/6631/6631 6634/6634/6634
f 6634/6634/6634 6635/6635/6635 6633/6633/6633
f 6636/6636/6636 6638/6638/6638 6637/6637/6637
f 6637/6637/6637 6639/6639/6639 6636/6636/6636
f 6639/6639/6639 6637/6637/6637 6640/6640/6640
f 6640/6640/6640 6641/6641/6641 6639/6639/6639
f 6642/6642/6642 6644/6644/6644 6643/6643/6643
f 6643/6643/6643 6645/6645/6645 6642/6642/6642
f 6645/6645/6645 6643/6643/6643 6646/6646/6646
f 6646/6646/6646 6647/6647/6647 6645/6645/6645
f 6648/6648/6648 6650/6650/6650 6649/6649/6649
f 6649/6649/6649 6651/6651/6651 6648/6648/6648
f 6651/6651/6651 6649/6649/6649 6652/6652/6652
f 6652/6652/6652 6653/6653/6653 6651/6651/6651
f 6654/6654/6654 6656/6656/6656 6655/6655/6655
f 6655/6655/6655 6657/6657/6657 6654/6654/6654
f 6657/6657/6657 6655/6655/6655 6658/6658/6658
f 6658/6658/6658 6659/6659/6659 6657/6657/6657
f 6660/6660/6660 6662/6662/6662 6661/6661/6661
f 6661/6661/6661 6663/6663/6663 6660/6660/6660
f 6663/6663/6663 6661/6661/6661 6664/6664/6664
f 6664/6664/6664 6665/6665/6665 6663/6663/6663
f 6666/6666/6666 6668/6668/6668 6667/6667/6667
f 6667/6667/6667 6669/6669/6669 6666/6666/6666
f 6669/6669/6669 6667/6667/6667 6670/6670/6670
f 6670/6670/6670 6671/6671/6671 6669/6669/6669
f 6672/6672/6672 6674/6674/6674 6673/6673/6673
f 6673/6673/6673 6675/6675/6675 6672/6672/6672
f 6675/6675/6675 6673/6673/6673 6676/6676/6676
f 6676/6676/6676 6677/6677/6677 6675/6675/6675
f 6678/6678/6678 6680/6680/6680 6679/6679/6679
f 6679/6679/6679 6681/6681/6681 6678/6678/6678
f 6681/6681/6681 6679/6679/6679 6682/6682/6682
f 6682/6682/6682 6683/6683/6683 6681/6681/6681
f 6684/6684/6684 6686/6686/6686 6685/6685/6685
f 6685/6685/6685 6687/6687/6687 6684/6684/6684
f 6687/6687/6687 6685/6685/6685 6688/6688/6688
f 6688/6688/6688 6689/6689/6689 6687/6687/6687
f 6690/6690/6690 6692/6692/6692 6691/6691/6691
f 6691/6691/6691 6693/6693/6693 6690/6690/6690
f 6693/6693/6693 6691/6691/6691 6694/6694/6694
f 6694/6694/6694 6695/6695/6695 6693/6693/6693
f 6696/6696/6696 6698/6698/6698 6697/6697/6697
f 6697/6697/6697 6699/6699/6699 6696/6696/6696
f 6699/6699/6699 6697/6697/6697 6700/6700/6700
f 6700/6700/6700 6701/6701/6701 6699/6699/6699
f 6702/6702/6702 6704/6704/6704 6703/6703/6703
f 6703/6703/6703 6705/6705/6705 6702/6702/6702
f 6705/6705/6705 6703/6703/6703 6706/6706/6706
f 6707/6707/6707 6709/6709/6709 6708/6708/6708
f 6708/6708/6708 6710/6710/6710 6707/6707/6707
f 6710/6710/6710 6708/6708/6708 6711/6711/6711
f 6712/6712/6712 6714/6714/6714 6713/6713/6713
f 6713/6713/6713 6715/6715/6715 6712/6712/6712
f 6715/6715/6715 6713/6713/6713 6716/6716/6716
f 6717/6717/6717 6719/6719/6719 6718/6718/6718
f 6718/6718/6718 6720/6720/6720 6717/6717/6717
f 6720/6720/6720 6718/6718/6718 6721/6721/6721
f 6721/6721/6721 6722/6722/6722 6720/6720/6720
f 6723/6723/6723 6725/6725/6725 6724/6724/6724
f 6724/6724/6724 6726/6726/6726 6723/6723/6723
f 6726/6726/6726 6724/6724/6724 6727/6727/6727
f 6728/6728/6728 6730/6730/6730 6729/6729/6729
f 6729/6729/6729 6731/6731/6731 6728/6728/6728
f 6731/6731/6731 6729/6729/6729 6732/6732/6732
f 6733/6733/6733 6735/6735/6735 6734/6734/6734
f 6734/6734/6734 6736/6736/6736 6733/6733/6733
f 6736/6736/6736 6734/6734/6734 6737/6737/6737
